/*--------------------------------*- C++ -*----------------------------------*\
| =========                 |                                                 |
| \\      /  F ield         | OpenFOAM: The Open Source CFD Toolbox           |
|  \\    /   O peration     | Version:  v2012                                 |
|   \\  /    A nd           | Website:  www.openfoam.com                      |
|    \\/     M anipulation  |                                                 |
\*---------------------------------------------------------------------------*/
FoamFile
{
    version     2.0;
    format      ascii;
    class       vectorField;
    location    "constant/polyMesh";
    object      points;
}
// * * * * * * * * * * * * * * * * * * * * * * * * * * * * * * * * * * * * * //


9261
(
(0 0 0)
(0.05000000000000001 0 0)
(0.1 0 0)
(0.15 0 0)
(0.2 0 0)
(0.25 0 0)
(0.3 0 0)
(0.3499999999999999 0 0)
(0.4000000000000001 0 0)
(0.45 0 0)
(0.5 0 0)
(0.55 0 0)
(0.6 0 0)
(0.65 0 0)
(0.6999999999999998 0 0)
(0.75 0 0)
(0.8000000000000002 0 0)
(0.85 0 0)
(0.9 0 0)
(0.9499999999999998 0 0)
(1 0 0)
(0 0.05000000000000001 0)
(0.05000000000000001 0.05000000000000001 0)
(0.1 0.05000000000000001 0)
(0.15 0.05000000000000001 0)
(0.2 0.05000000000000002 0)
(0.25 0.05000000000000001 0)
(0.3 0.05 0)
(0.35 0.05000000000000001 0)
(0.4000000000000001 0.05000000000000001 0)
(0.45 0.05000000000000001 0)
(0.5 0.05 0)
(0.55 0.05 0)
(0.6 0.05000000000000001 0)
(0.65 0.05000000000000001 0)
(0.7000000000000001 0.05000000000000001 0)
(0.75 0.05000000000000001 0)
(0.8000000000000002 0.05000000000000001 0)
(0.8500000000000001 0.05000000000000001 0)
(0.9 0.05000000000000001 0)
(0.9499999999999998 0.05000000000000001 0)
(1 0.05000000000000001 0)
(0 0.1 0)
(0.05000000000000001 0.1 0)
(0.1 0.1 0)
(0.15 0.1 0)
(0.2 0.09999999999999999 0)
(0.25 0.1 0)
(0.3 0.09999999999999999 0)
(0.3499999999999999 0.09999999999999999 0)
(0.4000000000000001 0.09999999999999999 0)
(0.4499999999999999 0.09999999999999999 0)
(0.5 0.09999999999999999 0)
(0.55 0.09999999999999999 0)
(0.6 0.09999999999999999 0)
(0.65 0.09999999999999999 0)
(0.6999999999999998 0.1 0)
(0.75 0.1 0)
(0.8000000000000002 0.1 0)
(0.85 0.1 0)
(0.9 0.1 0)
(0.9500000000000001 0.1 0)
(1 0.1 0)
(0 0.15 0)
(0.05000000000000001 0.15 0)
(0.1 0.15 0)
(0.15 0.15 0)
(0.2 0.15 0)
(0.25 0.15 0)
(0.3 0.15 0)
(0.35 0.15 0)
(0.4000000000000001 0.15 0)
(0.45 0.15 0)
(0.5 0.15 0)
(0.55 0.15 0)
(0.6 0.15 0)
(0.65 0.15 0)
(0.7000000000000001 0.15 0)
(0.75 0.15 0)
(0.8000000000000002 0.15 0)
(0.85 0.15 0)
(0.9 0.15 0)
(0.9500000000000001 0.15 0)
(1 0.15 0)
(0 0.2 0)
(0.05000000000000001 0.2 0)
(0.1 0.2 0)
(0.15 0.2 0)
(0.2 0.2 0)
(0.25 0.2 0)
(0.3 0.2 0)
(0.35 0.2 0)
(0.4000000000000001 0.2 0)
(0.4500000000000001 0.2 0)
(0.5 0.2 0)
(0.55 0.2 0)
(0.6 0.2 0)
(0.65 0.2 0)
(0.7000000000000001 0.2 0)
(0.7500000000000001 0.2 0)
(0.8000000000000002 0.2 0)
(0.8500000000000001 0.2 0)
(0.9000000000000002 0.2 0)
(0.9500000000000001 0.2 0)
(1 0.2 0)
(0 0.25 0)
(0.05000000000000001 0.25 0)
(0.1 0.25 0)
(0.15 0.25 0)
(0.2 0.25 0)
(0.25 0.25 0)
(0.3 0.25 0)
(0.3499999999999999 0.25 0)
(0.4000000000000001 0.25 0)
(0.45 0.25 0)
(0.5 0.25 0)
(0.55 0.25 0)
(0.6 0.25 0)
(0.65 0.25 0)
(0.6999999999999998 0.25 0)
(0.75 0.25 0)
(0.8000000000000002 0.25 0)
(0.85 0.25 0)
(0.9 0.25 0)
(0.9499999999999998 0.25 0)
(1 0.25 0)
(0 0.3 0)
(0.04999999999999999 0.3 0)
(0.1 0.3 0)
(0.15 0.3 0)
(0.2 0.3 0)
(0.25 0.2999999999999999 0)
(0.3 0.3 0)
(0.35 0.3 0)
(0.3999999999999999 0.3 0)
(0.45 0.3 0)
(0.5 0.3 0)
(0.55 0.3 0)
(0.6 0.3 0)
(0.65 0.3 0)
(0.7000000000000001 0.3 0)
(0.75 0.3 0)
(0.8000000000000002 0.3 0)
(0.85 0.3 0)
(0.9 0.3 0)
(0.9500000000000001 0.3 0)
(1 0.3 0)
(0 0.3499999999999999 0)
(0.05000000000000001 0.3499999999999999 0)
(0.09999999999999998 0.3499999999999999 0)
(0.15 0.3499999999999999 0)
(0.2 0.3499999999999999 0)
(0.25 0.3499999999999999 0)
(0.3 0.3499999999999999 0)
(0.35 0.3499999999999999 0)
(0.4 0.35 0)
(0.45 0.3499999999999999 0)
(0.5 0.35 0)
(0.5499999999999999 0.3499999999999999 0)
(0.6 0.3499999999999999 0)
(0.65 0.35 0)
(0.7000000000000001 0.35 0)
(0.75 0.3499999999999999 0)
(0.8000000000000002 0.35 0)
(0.85 0.35 0)
(0.9 0.3499999999999999 0)
(0.9500000000000001 0.35 0)
(1 0.3499999999999999 0)
(0 0.4000000000000001 0)
(0.05000000000000001 0.4000000000000001 0)
(0.09999999999999999 0.4000000000000001 0)
(0.15 0.4000000000000001 0)
(0.2 0.4000000000000001 0)
(0.25 0.4000000000000001 0)
(0.3 0.4 0)
(0.3499999999999999 0.4000000000000001 0)
(0.4000000000000001 0.4000000000000001 0)
(0.45 0.4000000000000001 0)
(0.5 0.4 0)
(0.55 0.4 0)
(0.6 0.4000000000000001 0)
(0.65 0.4 0)
(0.6999999999999998 0.4000000000000001 0)
(0.75 0.4000000000000001 0)
(0.8000000000000002 0.4000000000000001 0)
(0.85 0.4000000000000001 0)
(0.9 0.4000000000000001 0)
(0.9499999999999998 0.4000000000000001 0)
(1 0.4000000000000001 0)
(0 0.45 0)
(0.05000000000000001 0.45 0)
(0.09999999999999999 0.45 0)
(0.15 0.45 0)
(0.2 0.45 0)
(0.25 0.45 0)
(0.3 0.45 0)
(0.35 0.45 0)
(0.4 0.4500000000000001 0)
(0.45 0.45 0)
(0.5 0.45 0)
(0.55 0.45 0)
(0.6000000000000001 0.45 0)
(0.65 0.45 0)
(0.7000000000000001 0.45 0)
(0.75 0.45 0)
(0.7999999999999999 0.45 0)
(0.85 0.45 0)
(0.9 0.45 0)
(0.9499999999999998 0.45 0)
(1 0.45 0)
(0 0.5 0)
(0.05 0.5 0)
(0.09999999999999999 0.5 0)
(0.15 0.5 0)
(0.2 0.5 0)
(0.25 0.5 0)
(0.3 0.5 0)
(0.35 0.5 0)
(0.4 0.5 0)
(0.45 0.5 0)
(0.5 0.5 0)
(0.5499999999999999 0.5 0)
(0.6 0.5 0)
(0.65 0.5 0)
(0.7000000000000001 0.5 0)
(0.75 0.5 0)
(0.7999999999999999 0.5 0)
(0.85 0.5 0)
(0.9 0.5 0)
(0.9500000000000001 0.5 0)
(1 0.5 0)
(0 0.55 0)
(0.05 0.55 0)
(0.09999999999999999 0.55 0)
(0.15 0.55 0)
(0.2 0.5500000000000002 0)
(0.25 0.55 0)
(0.3 0.55 0)
(0.3499999999999999 0.5499999999999999 0)
(0.4 0.55 0)
(0.45 0.55 0)
(0.5 0.5499999999999999 0)
(0.55 0.55 0)
(0.6 0.55 0)
(0.65 0.5499999999999999 0)
(0.6999999999999998 0.55 0)
(0.75 0.55 0)
(0.7999999999999999 0.5499999999999999 0)
(0.85 0.55 0)
(0.9 0.55 0)
(0.9499999999999998 0.55 0)
(1 0.55 0)
(0 0.6 0)
(0.05000000000000001 0.6 0)
(0.1 0.6000000000000001 0)
(0.15 0.6 0)
(0.2 0.6000000000000001 0)
(0.25 0.5999999999999999 0)
(0.3 0.6 0)
(0.35 0.6 0)
(0.4000000000000001 0.6 0)
(0.45 0.6000000000000001 0)
(0.5 0.6 0)
(0.55 0.6 0)
(0.6 0.6 0)
(0.65 0.6 0)
(0.7000000000000001 0.6 0)
(0.75 0.6 0)
(0.8000000000000002 0.6 0)
(0.85 0.6 0)
(0.9 0.6 0)
(0.9499999999999998 0.6 0)
(1 0.6 0)
(0 0.65 0)
(0.05000000000000001 0.65 0)
(0.09999999999999999 0.65 0)
(0.15 0.65 0)
(0.2 0.6499999999999999 0)
(0.25 0.6500000000000001 0)
(0.3 0.65 0)
(0.3499999999999999 0.65 0)
(0.4000000000000001 0.65 0)
(0.45 0.65 0)
(0.5 0.65 0)
(0.5499999999999999 0.65 0)
(0.6 0.65 0)
(0.65 0.65 0)
(0.6999999999999998 0.65 0)
(0.75 0.65 0)
(0.8000000000000002 0.65 0)
(0.85 0.65 0)
(0.9 0.65 0)
(0.9499999999999998 0.65 0)
(1 0.65 0)
(0 0.6999999999999998 0)
(0.05 0.6999999999999998 0)
(0.09999999999999999 0.7000000000000001 0)
(0.15 0.6999999999999998 0)
(0.2 0.6999999999999998 0)
(0.25 0.6999999999999998 0)
(0.3 0.6999999999999998 0)
(0.3499999999999999 0.6999999999999998 0)
(0.4 0.7000000000000001 0)
(0.45 0.6999999999999998 0)
(0.5 0.7000000000000001 0)
(0.55 0.6999999999999998 0)
(0.6 0.6999999999999998 0)
(0.65 0.7000000000000001 0)
(0.6999999999999998 0.7000000000000001 0)
(0.75 0.6999999999999998 0)
(0.7999999999999999 0.7000000000000001 0)
(0.85 0.7000000000000001 0)
(0.9 0.6999999999999998 0)
(0.9500000000000001 0.7000000000000001 0)
(1 0.6999999999999998 0)
(0 0.75 0)
(0.05000000000000001 0.75 0)
(0.1 0.75 0)
(0.15 0.75 0)
(0.2 0.75 0)
(0.25 0.75 0)
(0.3 0.75 0)
(0.3499999999999999 0.75 0)
(0.4000000000000001 0.75 0)
(0.45 0.75 0)
(0.5 0.75 0)
(0.55 0.75 0)
(0.6 0.75 0)
(0.65 0.75 0)
(0.6999999999999998 0.75 0)
(0.75 0.75 0)
(0.8000000000000002 0.75 0)
(0.85 0.75 0)
(0.9 0.75 0)
(0.9499999999999998 0.75 0)
(1 0.75 0)
(0 0.8000000000000002 0)
(0.05000000000000001 0.8000000000000002 0)
(0.1 0.8000000000000002 0)
(0.15 0.8000000000000002 0)
(0.2 0.8000000000000003 0)
(0.25 0.8000000000000002 0)
(0.3 0.7999999999999999 0)
(0.3499999999999999 0.8000000000000002 0)
(0.4000000000000001 0.8000000000000002 0)
(0.45 0.8000000000000002 0)
(0.5 0.7999999999999999 0)
(0.5499999999999999 0.7999999999999999 0)
(0.6 0.8000000000000002 0)
(0.65 0.7999999999999999 0)
(0.6999999999999998 0.8000000000000002 0)
(0.75 0.8000000000000002 0)
(0.8000000000000002 0.8000000000000002 0)
(0.85 0.8000000000000002 0)
(0.9 0.8000000000000002 0)
(0.9499999999999998 0.8000000000000002 0)
(1 0.8000000000000002 0)
(0 0.85 0)
(0.05000000000000001 0.85 0)
(0.1 0.85 0)
(0.15 0.85 0)
(0.2 0.8500000000000001 0)
(0.25 0.85 0)
(0.3 0.85 0)
(0.3499999999999999 0.85 0)
(0.4000000000000001 0.85 0)
(0.45 0.85 0)
(0.5 0.85 0)
(0.55 0.85 0)
(0.6 0.85 0)
(0.65 0.85 0)
(0.6999999999999998 0.85 0)
(0.75 0.85 0)
(0.8000000000000002 0.8500000000000001 0)
(0.85 0.85 0)
(0.9 0.85 0)
(0.9500000000000001 0.8500000000000001 0)
(1 0.85 0)
(0 0.9 0)
(0.05000000000000001 0.8999999999999999 0)
(0.1 0.9 0)
(0.15 0.9 0)
(0.2 0.9 0)
(0.25 0.9 0)
(0.3 0.9 0)
(0.35 0.9 0)
(0.4000000000000001 0.9 0)
(0.45 0.9 0)
(0.5 0.9 0)
(0.55 0.8999999999999999 0)
(0.6 0.9 0)
(0.65 0.9 0)
(0.7000000000000001 0.9 0)
(0.75 0.9 0)
(0.8000000000000002 0.9000000000000002 0)
(0.85 0.9000000000000002 0)
(0.9 0.9 0)
(0.9499999999999998 0.9 0)
(1 0.9 0)
(0 0.9499999999999998 0)
(0.05000000000000001 0.9500000000000001 0)
(0.1 0.9499999999999998 0)
(0.15 0.9500000000000001 0)
(0.2 0.9499999999999998 0)
(0.25 0.9499999999999998 0)
(0.3 0.9499999999999998 0)
(0.35 0.9499999999999998 0)
(0.4000000000000001 0.9499999999999998 0)
(0.45 0.9499999999999998 0)
(0.5 0.9500000000000001 0)
(0.55 0.9499999999999998 0)
(0.6 0.9499999999999998 0)
(0.6499999999999999 0.9500000000000001 0)
(0.7000000000000001 0.9500000000000001 0)
(0.75 0.9499999999999998 0)
(0.8000000000000002 0.9500000000000001 0)
(0.8500000000000001 0.9500000000000001 0)
(0.9 0.9499999999999998 0)
(0.9500000000000001 0.9499999999999998 0)
(1 0.9499999999999998 0)
(0 1 0)
(0.05000000000000001 1 0)
(0.1 1 0)
(0.15 1 0)
(0.2 1 0)
(0.25 1 0)
(0.3 1 0)
(0.3499999999999999 1 0)
(0.4000000000000001 1 0)
(0.45 1 0)
(0.5 1 0)
(0.55 1 0)
(0.6 1 0)
(0.65 1 0)
(0.6999999999999998 1 0)
(0.75 1 0)
(0.8000000000000002 1 0)
(0.85 1 0)
(0.9 1 0)
(0.9499999999999998 1 0)
(1 1 0)
(0 0 0.05000000000000001)
(0.05000000000000001 0 0.05000000000000001)
(0.1 0 0.05000000000000001)
(0.15 0 0.05000000000000001)
(0.2 0 0.05000000000000001)
(0.25 0 0.05000000000000001)
(0.3 0 0.05000000000000001)
(0.35 0 0.05000000000000001)
(0.4000000000000001 0 0.05000000000000001)
(0.45 0 0.05)
(0.5 0 0.05)
(0.55 0 0.05000000000000001)
(0.6 0 0.05000000000000001)
(0.65 0 0.05000000000000001)
(0.6999999999999998 0 0.05)
(0.75 0 0.05000000000000001)
(0.8000000000000002 0 0.05000000000000001)
(0.8500000000000001 0 0.05000000000000001)
(0.8999999999999999 0 0.05000000000000001)
(0.9500000000000001 0 0.05000000000000001)
(1 0 0.05000000000000001)
(0 0.05000000000000001 0.05000000000000001)
(0.05000000000000002 0.05000000000000001 0.05)
(0.1 0.05000000000000002 0.05000000000000002)
(0.15 0.05000000000000001 0.05)
(0.2 0.05000000000000002 0.05000000000000002)
(0.25 0.05000000000000001 0.05)
(0.3 0.05 0.05000000000000001)
(0.3500000000000001 0.05000000000000001 0.05000000000000001)
(0.4000000000000001 0.05000000000000001 0.05000000000000001)
(0.45 0.05000000000000002 0.05000000000000001)
(0.5 0.05 0.05)
(0.5500000000000002 0.05000000000000001 0.05000000000000001)
(0.6 0.05000000000000001 0.05000000000000001)
(0.65 0.05000000000000001 0.05)
(0.7000000000000001 0.05000000000000001 0.05000000000000001)
(0.7500000000000001 0.05000000000000002 0.05)
(0.8000000000000002 0.05000000000000001 0.05000000000000001)
(0.8500000000000001 0.05000000000000001 0.05000000000000001)
(0.9 0.05000000000000001 0.05000000000000002)
(0.9499999999999998 0.05000000000000001 0.05000000000000001)
(1 0.05000000000000001 0.05000000000000001)
(0 0.1 0.05000000000000001)
(0.05000000000000001 0.1 0.05000000000000002)
(0.1 0.1 0.05000000000000002)
(0.15 0.1 0.05000000000000002)
(0.2 0.1 0.05000000000000001)
(0.25 0.09999999999999999 0.05000000000000001)
(0.3 0.09999999999999999 0.05000000000000001)
(0.3499999999999999 0.1 0.05000000000000001)
(0.4000000000000001 0.1 0.05)
(0.45 0.1 0.05000000000000001)
(0.5 0.09999999999999999 0.05000000000000001)
(0.55 0.1 0.05000000000000001)
(0.6000000000000001 0.09999999999999999 0.05000000000000001)
(0.65 0.1 0.05000000000000001)
(0.6999999999999998 0.1 0.05000000000000001)
(0.7500000000000001 0.1 0.05000000000000001)
(0.8000000000000002 0.1 0.05000000000000001)
(0.85 0.1 0.05000000000000002)
(0.8999999999999999 0.1 0.05000000000000001)
(0.9500000000000001 0.1 0.05000000000000001)
(1 0.1 0.05000000000000001)
(0 0.15 0.05000000000000001)
(0.05000000000000001 0.15 0.05)
(0.1 0.15 0.05000000000000002)
(0.15 0.15 0.04999999999999999)
(0.2 0.15 0.05000000000000001)
(0.25 0.15 0.05)
(0.3 0.15 0.05000000000000001)
(0.35 0.15 0.05)
(0.4000000000000001 0.15 0.05000000000000001)
(0.4500000000000001 0.15 0.05000000000000001)
(0.5 0.15 0.05000000000000001)
(0.5500000000000002 0.15 0.05)
(0.6 0.15 0.05000000000000001)
(0.65 0.15 0.05)
(0.6999999999999998 0.15 0.05)
(0.75 0.15 0.05)
(0.8000000000000002 0.15 0.05000000000000001)
(0.8500000000000001 0.15 0.05)
(0.9 0.15 0.05000000000000001)
(0.9500000000000001 0.15 0.05000000000000001)
(1 0.15 0.05000000000000001)
(0 0.2 0.05000000000000001)
(0.05000000000000002 0.2 0.05000000000000002)
(0.1 0.2 0.05000000000000001)
(0.15 0.2 0.05000000000000001)
(0.2 0.2 0.05000000000000001)
(0.25 0.2 0.05000000000000001)
(0.3 0.2 0.05000000000000001)
(0.35 0.2 0.05000000000000001)
(0.4000000000000001 0.2 0.05000000000000001)
(0.45 0.2 0.05000000000000001)
(0.5 0.2 0.05000000000000001)
(0.5500000000000002 0.2 0.05000000000000001)
(0.6 0.2 0.05000000000000001)
(0.65 0.2 0.05000000000000001)
(0.6999999999999998 0.2 0.05)
(0.75 0.2 0.05000000000000001)
(0.8000000000000002 0.2 0.05000000000000001)
(0.8500000000000001 0.2 0.05000000000000002)
(0.9000000000000002 0.2 0.05000000000000001)
(0.9500000000000001 0.2 0.05000000000000001)
(1 0.2 0.05000000000000001)
(0 0.25 0.05000000000000001)
(0.05000000000000002 0.25 0.05000000000000001)
(0.1 0.25 0.05000000000000002)
(0.15 0.2500000000000001 0.05)
(0.2 0.25 0.05000000000000001)
(0.25 0.25 0.05000000000000001)
(0.3 0.25 0.05000000000000001)
(0.35 0.2500000000000001 0.05000000000000001)
(0.4000000000000001 0.25 0.05000000000000002)
(0.4500000000000001 0.25 0.05000000000000001)
(0.5 0.25 0.05000000000000001)
(0.5500000000000002 0.2500000000000001 0.05000000000000001)
(0.6 0.25 0.05000000000000001)
(0.65 0.25 0.05)
(0.6999999999999998 0.25 0.05000000000000001)
(0.75 0.2500000000000001 0.05000000000000001)
(0.8000000000000002 0.25 0.05000000000000001)
(0.8500000000000001 0.25 0.05000000000000001)
(0.8999999999999999 0.25 0.05000000000000001)
(0.9499999999999998 0.25 0.05000000000000001)
(1 0.25 0.05000000000000001)
(0 0.3 0.04999999999999999)
(0.05000000000000001 0.3 0.05000000000000001)
(0.1 0.3 0.05000000000000001)
(0.15 0.3 0.05000000000000001)
(0.2 0.3 0.05000000000000001)
(0.25 0.3 0.05000000000000001)
(0.3 0.3 0.05000000000000001)
(0.3499999999999999 0.3 0.05000000000000001)
(0.3999999999999999 0.3 0.05000000000000001)
(0.45 0.3 0.05000000000000001)
(0.5 0.3 0.05)
(0.55 0.3 0.05000000000000001)
(0.6 0.3 0.05000000000000001)
(0.65 0.3 0.05000000000000001)
(0.6999999999999998 0.3 0.05)
(0.75 0.3 0.05)
(0.8000000000000002 0.3 0.05)
(0.85 0.3 0.05000000000000001)
(0.8999999999999999 0.3 0.05000000000000001)
(0.9499999999999998 0.3 0.05000000000000001)
(1 0.3 0.04999999999999999)
(0 0.35 0.05000000000000001)
(0.05000000000000001 0.3499999999999999 0.05000000000000001)
(0.1 0.35 0.05000000000000001)
(0.15 0.3499999999999999 0.05)
(0.2 0.3499999999999999 0.05000000000000001)
(0.25 0.35 0.05000000000000001)
(0.3 0.3499999999999999 0.05000000000000001)
(0.35 0.3500000000000001 0.05)
(0.4 0.35 0.05000000000000002)
(0.45 0.3499999999999999 0.05000000000000001)
(0.5 0.35 0.05000000000000001)
(0.5500000000000002 0.35 0.05000000000000001)
(0.6 0.3499999999999999 0.05000000000000001)
(0.6500000000000001 0.3500000000000001 0.05000000000000001)
(0.7000000000000001 0.35 0.05000000000000001)
(0.7500000000000001 0.35 0.05000000000000001)
(0.8000000000000002 0.3499999999999999 0.05000000000000001)
(0.85 0.35 0.05000000000000001)
(0.9 0.35 0.05000000000000002)
(0.9500000000000001 0.3499999999999999 0.05000000000000001)
(1 0.35 0.05000000000000001)
(0 0.4000000000000001 0.05000000000000001)
(0.05000000000000001 0.4000000000000001 0.05000000000000001)
(0.09999999999999999 0.4000000000000001 0.05)
(0.15 0.4000000000000001 0.05000000000000001)
(0.2 0.4000000000000001 0.05000000000000001)
(0.25 0.4 0.05000000000000001)
(0.3 0.4 0.05000000000000001)
(0.3499999999999999 0.4000000000000001 0.05000000000000001)
(0.4000000000000001 0.4000000000000001 0.05000000000000001)
(0.45 0.4000000000000001 0.05000000000000002)
(0.5 0.4 0.05000000000000001)
(0.55 0.4000000000000001 0.05000000000000001)
(0.6 0.4000000000000001 0.05000000000000001)
(0.65 0.4 0.05000000000000001)
(0.6999999999999998 0.4000000000000001 0.05000000000000001)
(0.75 0.4000000000000001 0.05000000000000002)
(0.8000000000000002 0.4000000000000001 0.05000000000000001)
(0.85 0.4000000000000001 0.05000000000000001)
(0.8999999999999999 0.4000000000000001 0.05000000000000001)
(0.9500000000000001 0.4000000000000001 0.05000000000000001)
(1 0.4000000000000001 0.05000000000000001)
(0 0.45 0.05)
(0.05000000000000001 0.45 0.05000000000000001)
(0.1 0.45 0.05000000000000001)
(0.15 0.4500000000000001 0.05000000000000001)
(0.2 0.45 0.05000000000000001)
(0.25 0.45 0.05000000000000001)
(0.3 0.45 0.05000000000000001)
(0.35 0.45 0.05000000000000001)
(0.4000000000000001 0.45 0.05000000000000002)
(0.45 0.45 0.05)
(0.5 0.45 0.05000000000000001)
(0.5500000000000002 0.45 0.05)
(0.6 0.45 0.05000000000000001)
(0.65 0.45 0.05)
(0.6999999999999998 0.4500000000000001 0.05000000000000001)
(0.7500000000000001 0.4500000000000001 0.05000000000000001)
(0.7999999999999999 0.45 0.05)
(0.85 0.45 0.05000000000000001)
(0.8999999999999999 0.45 0.05000000000000001)
(0.9500000000000002 0.45 0.05000000000000001)
(1 0.45 0.05)
(0 0.5 0.05)
(0.05 0.5 0.05)
(0.09999999999999999 0.4999999999999999 0.05)
(0.15 0.5000000000000001 0.05)
(0.2 0.5 0.05000000000000001)
(0.25 0.5 0.05)
(0.3 0.5 0.05)
(0.3499999999999999 0.5000000000000001 0.05000000000000001)
(0.4 0.5 0.05000000000000001)
(0.45 0.5 0.05000000000000001)
(0.5 0.5 0.05000000000000001)
(0.5500000000000002 0.5000000000000001 0.05000000000000002)
(0.6 0.4999999999999999 0.05000000000000001)
(0.65 0.5 0.05)
(0.6999999999999998 0.5 0.05)
(0.75 0.5000000000000001 0.05000000000000002)
(0.7999999999999999 0.5 0.05000000000000001)
(0.85 0.5 0.05000000000000001)
(0.9 0.5 0.05)
(0.9500000000000001 0.5 0.05)
(1 0.5 0.05)
(0 0.55 0.05000000000000001)
(0.05000000000000001 0.5499999999999999 0.05000000000000002)
(0.1 0.5499999999999999 0.05)
(0.15 0.55 0.05000000000000001)
(0.2 0.5500000000000002 0.05000000000000001)
(0.25 0.55 0.05000000000000002)
(0.3 0.55 0.05)
(0.35 0.5500000000000002 0.05000000000000001)
(0.4 0.5499999999999999 0.05000000000000001)
(0.45 0.55 0.05)
(0.5 0.5499999999999999 0.05000000000000002)
(0.5500000000000002 0.5500000000000002 0.05)
(0.6 0.55 0.05000000000000001)
(0.65 0.5500000000000002 0.05000000000000001)
(0.6999999999999998 0.55 0.05000000000000001)
(0.75 0.55 0.05000000000000001)
(0.7999999999999999 0.5500000000000002 0.05000000000000001)
(0.85 0.55 0.05000000000000001)
(0.9 0.55 0.05000000000000001)
(0.9500000000000001 0.5499999999999999 0.05000000000000001)
(1 0.55 0.05000000000000001)
(0 0.6 0.05000000000000001)
(0.05000000000000001 0.6 0.05000000000000001)
(0.1 0.6 0.05000000000000001)
(0.15 0.6 0.05000000000000001)
(0.2 0.6 0.05)
(0.25 0.6 0.05)
(0.3 0.5999999999999999 0.05)
(0.35 0.6 0.05)
(0.4000000000000001 0.6 0.05)
(0.45 0.6000000000000001 0.05000000000000001)
(0.5 0.6 0.05000000000000001)
(0.5499999999999999 0.6000000000000001 0.05000000000000001)
(0.6 0.6 0.05000000000000001)
(0.65 0.6 0.05000000000000001)
(0.6999999999999998 0.5999999999999999 0.05000000000000001)
(0.75 0.6 0.05000000000000001)
(0.8000000000000002 0.6 0.05000000000000001)
(0.85 0.6 0.05000000000000001)
(0.8999999999999999 0.6 0.05000000000000001)
(0.9500000000000001 0.6 0.05000000000000001)
(1 0.6 0.05000000000000001)
(0 0.65 0.05000000000000001)
(0.05000000000000001 0.65 0.05000000000000002)
(0.1 0.65 0.05000000000000001)
(0.15 0.65 0.05000000000000001)
(0.2 0.65 0.05000000000000001)
(0.25 0.65 0.05000000000000002)
(0.3 0.65 0.05)
(0.35 0.65 0.05000000000000001)
(0.4000000000000001 0.65 0.05000000000000001)
(0.45 0.6500000000000002 0.05000000000000001)
(0.5 0.65 0.05000000000000001)
(0.5500000000000002 0.65 0.05000000000000001)
(0.6 0.65 0.05000000000000001)
(0.6500000000000002 0.65 0.05000000000000001)
(0.6999999999999998 0.65 0.05000000000000001)
(0.75 0.65 0.05000000000000001)
(0.8000000000000002 0.65 0.05000000000000001)
(0.85 0.65 0.05000000000000001)
(0.9 0.65 0.05000000000000001)
(0.9499999999999998 0.65 0.05000000000000001)
(1 0.65 0.05000000000000001)
(0 0.6999999999999998 0.05)
(0.05 0.6999999999999998 0.05000000000000001)
(0.09999999999999999 0.6999999999999998 0.05)
(0.15 0.6999999999999998 0.05000000000000001)
(0.2 0.6999999999999998 0.05000000000000001)
(0.25 0.7000000000000001 0.05)
(0.3 0.6999999999999998 0.05000000000000001)
(0.3499999999999999 0.7000000000000001 0.05000000000000001)
(0.4 0.7000000000000001 0.05)
(0.45 0.6999999999999998 0.05)
(0.5 0.7000000000000001 0.05)
(0.55 0.6999999999999998 0.05)
(0.6 0.6999999999999998 0.05000000000000001)
(0.65 0.7000000000000001 0.05000000000000001)
(0.6999999999999998 0.6999999999999998 0.05000000000000001)
(0.75 0.7000000000000001 0.05)
(0.7999999999999999 0.6999999999999998 0.05000000000000001)
(0.85 0.6999999999999998 0.05)
(0.8999999999999999 0.6999999999999998 0.05000000000000001)
(0.9499999999999998 0.6999999999999998 0.05)
(1 0.6999999999999998 0.05)
(0 0.75 0.05000000000000001)
(0.05000000000000001 0.7500000000000001 0.05000000000000001)
(0.1 0.75 0.05000000000000001)
(0.15 0.75 0.05000000000000001)
(0.2 0.7500000000000001 0.05000000000000001)
(0.25 0.75 0.05000000000000002)
(0.3 0.75 0.05000000000000001)
(0.35 0.75 0.05000000000000002)
(0.4000000000000001 0.75 0.05000000000000001)
(0.45 0.7500000000000001 0.05000000000000001)
(0.5 0.75 0.05)
(0.5500000000000002 0.75 0.05000000000000002)
(0.6 0.75 0.05000000000000001)
(0.65 0.75 0.05000000000000001)
(0.6999999999999998 0.75 0.05)
(0.75 0.75 0.05000000000000001)
(0.8000000000000002 0.7500000000000001 0.05000000000000001)
(0.85 0.75 0.05000000000000001)
(0.9 0.75 0.05000000000000001)
(0.9499999999999998 0.75 0.05000000000000001)
(1 0.75 0.05000000000000001)
(0 0.8000000000000002 0.05000000000000001)
(0.05000000000000001 0.8000000000000002 0.05000000000000001)
(0.1 0.8000000000000002 0.05000000000000001)
(0.15 0.8000000000000002 0.05000000000000001)
(0.2 0.8000000000000003 0.05000000000000001)
(0.25 0.7999999999999999 0.05)
(0.3 0.7999999999999999 0.05000000000000001)
(0.3499999999999999 0.8000000000000002 0.05000000000000001)
(0.4000000000000001 0.8000000000000002 0.05000000000000001)
(0.45 0.8000000000000002 0.05000000000000001)
(0.5 0.7999999999999999 0.05000000000000001)
(0.5499999999999999 0.8000000000000002 0.05000000000000001)
(0.6 0.8000000000000002 0.05000000000000001)
(0.65 0.7999999999999999 0.05000000000000001)
(0.6999999999999998 0.8000000000000002 0.05000000000000001)
(0.75 0.8000000000000002 0.05000000000000001)
(0.8000000000000002 0.8000000000000002 0.05000000000000001)
(0.8500000000000001 0.8000000000000002 0.05000000000000001)
(0.8999999999999999 0.8000000000000002 0.05000000000000001)
(0.9499999999999998 0.8000000000000002 0.05000000000000001)
(1 0.8000000000000002 0.05000000000000001)
(0 0.8500000000000001 0.05000000000000001)
(0.05000000000000001 0.8500000000000001 0.05000000000000001)
(0.1 0.8500000000000001 0.05000000000000002)
(0.15 0.85 0.05000000000000001)
(0.2 0.85 0.05000000000000002)
(0.25 0.8500000000000002 0.05000000000000001)
(0.3 0.85 0.05000000000000001)
(0.3499999999999999 0.85 0.05000000000000001)
(0.4000000000000001 0.85 0.05000000000000001)
(0.45 0.8500000000000001 0.05000000000000002)
(0.5 0.85 0.05)
(0.5500000000000002 0.85 0.05000000000000001)
(0.6 0.85 0.05000000000000001)
(0.65 0.85 0.05000000000000001)
(0.6999999999999998 0.85 0.05000000000000001)
(0.7500000000000001 0.8500000000000001 0.05000000000000001)
(0.8000000000000002 0.8500000000000001 0.05000000000000001)
(0.85 0.85 0.05)
(0.9 0.8500000000000001 0.05000000000000002)
(0.9500000000000001 0.8500000000000001 0.05000000000000001)
(1 0.8500000000000001 0.05000000000000001)
(0 0.8999999999999999 0.05000000000000001)
(0.05000000000000001 0.9 0.05000000000000002)
(0.1 0.8999999999999999 0.05000000000000001)
(0.15 0.9 0.05000000000000001)
(0.2 0.9 0.05000000000000001)
(0.25 0.9 0.05000000000000001)
(0.3 0.9 0.05000000000000001)
(0.3499999999999999 0.9 0.05000000000000001)
(0.4000000000000001 0.9 0.05000000000000001)
(0.45 0.9 0.05000000000000001)
(0.5 0.9 0.05)
(0.5500000000000002 0.9 0.05000000000000001)
(0.6 0.8999999999999999 0.05000000000000001)
(0.65 0.9 0.05000000000000001)
(0.6999999999999998 0.8999999999999999 0.05)
(0.75 0.8999999999999999 0.05000000000000001)
(0.8000000000000002 0.9 0.05000000000000001)
(0.8500000000000001 0.9000000000000002 0.05000000000000002)
(0.9 0.8999999999999999 0.05000000000000001)
(0.9499999999999998 0.9 0.05000000000000001)
(1 0.8999999999999999 0.05000000000000001)
(0 0.9500000000000001 0.05000000000000001)
(0.05000000000000001 0.9500000000000001 0.05000000000000001)
(0.1 0.9499999999999998 0.05000000000000001)
(0.15 0.9500000000000001 0.05)
(0.2 0.9500000000000002 0.05000000000000001)
(0.25 0.9499999999999998 0.05)
(0.3 0.9500000000000001 0.05)
(0.3499999999999999 0.9499999999999998 0.05000000000000001)
(0.4000000000000001 0.9499999999999998 0.05000000000000001)
(0.45 0.9499999999999998 0.05000000000000001)
(0.5 0.9499999999999998 0.05)
(0.5500000000000002 0.9499999999999998 0.05000000000000001)
(0.6000000000000001 0.9499999999999998 0.05000000000000001)
(0.65 0.9500000000000001 0.05000000000000001)
(0.6999999999999998 0.9499999999999998 0.04999999999999999)
(0.75 0.9499999999999998 0.05)
(0.8000000000000002 0.9500000000000001 0.05000000000000001)
(0.8500000000000001 0.9500000000000001 0.05000000000000001)
(0.9 0.9500000000000001 0.05000000000000001)
(0.9500000000000001 0.9500000000000001 0.05000000000000001)
(1 0.9500000000000001 0.05000000000000001)
(0 1 0.05000000000000001)
(0.05000000000000001 1 0.05000000000000001)
(0.1 0.9999999999999999 0.05000000000000001)
(0.15 1 0.05000000000000001)
(0.2 1 0.05000000000000001)
(0.25 1 0.05000000000000001)
(0.3 1 0.05)
(0.35 1 0.05000000000000001)
(0.4000000000000001 1 0.05000000000000001)
(0.45 1 0.05000000000000001)
(0.5 1 0.05)
(0.55 1 0.05000000000000001)
(0.6 0.9999999999999999 0.05000000000000001)
(0.65 1 0.05000000000000001)
(0.6999999999999998 1 0.05)
(0.75 1 0.05000000000000001)
(0.8000000000000002 1 0.05000000000000001)
(0.8500000000000001 1 0.05000000000000001)
(0.8999999999999999 1 0.05000000000000001)
(0.9500000000000001 1 0.05000000000000001)
(1 1 0.05000000000000001)
(0 0 0.1)
(0.05000000000000001 0 0.1)
(0.1 0 0.1)
(0.15 0 0.1)
(0.2 0 0.1)
(0.25 0 0.1)
(0.3 0 0.1)
(0.3499999999999999 0 0.09999999999999998)
(0.4000000000000001 0 0.09999999999999998)
(0.45 0 0.09999999999999998)
(0.5 0 0.09999999999999999)
(0.55 0 0.09999999999999999)
(0.6 0 0.09999999999999999)
(0.65 0 0.09999999999999999)
(0.6999999999999998 0 0.09999999999999999)
(0.75 0 0.1)
(0.8000000000000002 0 0.1)
(0.85 0 0.1)
(0.9 0 0.1)
(0.9499999999999998 0 0.1)
(1 0 0.1)
(0 0.05000000000000001 0.1)
(0.05000000000000001 0.05000000000000001 0.09999999999999998)
(0.1 0.05000000000000002 0.1)
(0.15 0.05000000000000002 0.09999999999999999)
(0.2 0.05 0.1)
(0.25 0.05000000000000001 0.09999999999999999)
(0.3 0.05000000000000001 0.1)
(0.3499999999999999 0.05000000000000001 0.09999999999999999)
(0.4000000000000001 0.05000000000000001 0.1)
(0.45 0.05000000000000001 0.09999999999999999)
(0.5 0.05000000000000001 0.09999999999999999)
(0.55 0.05 0.09999999999999999)
(0.6000000000000001 0.05000000000000001 0.09999999999999999)
(0.65 0.05000000000000001 0.09999999999999999)
(0.7000000000000001 0.05000000000000001 0.1)
(0.7500000000000001 0.05000000000000002 0.09999999999999998)
(0.8000000000000002 0.05000000000000002 0.1)
(0.85 0.05000000000000001 0.09999999999999999)
(0.9 0.05000000000000001 0.1)
(0.9499999999999997 0.05000000000000001 0.09999999999999998)
(1 0.05000000000000001 0.1)
(0 0.1 0.1)
(0.05000000000000002 0.1 0.1)
(0.1 0.1 0.1)
(0.15 0.1 0.1)
(0.2 0.09999999999999999 0.1)
(0.25 0.1 0.1)
(0.3 0.09999999999999999 0.09999999999999998)
(0.35 0.09999999999999999 0.1)
(0.4000000000000001 0.09999999999999999 0.1)
(0.4499999999999999 0.1 0.09999999999999999)
(0.5 0.1 0.1)
(0.55 0.1 0.1)
(0.6000000000000001 0.09999999999999999 0.1)
(0.6499999999999999 0.09999999999999999 0.1)
(0.7000000000000001 0.1 0.09999999999999999)
(0.75 0.1 0.09999999999999999)
(0.8000000000000002 0.1 0.09999999999999999)
(0.85 0.1 0.1)
(0.9 0.1 0.1)
(0.9500000000000001 0.1 0.1)
(1 0.1 0.1)
(0 0.15 0.1)
(0.05000000000000001 0.15 0.09999999999999998)
(0.1 0.15 0.1)
(0.15 0.15 0.09999999999999998)
(0.2 0.15 0.1)
(0.25 0.15 0.09999999999999999)
(0.3 0.15 0.1)
(0.35 0.15 0.09999999999999998)
(0.4000000000000001 0.15 0.1)
(0.45 0.15 0.09999999999999999)
(0.5 0.15 0.1)
(0.5499999999999999 0.15 0.09999999999999999)
(0.6 0.15 0.09999999999999999)
(0.65 0.15 0.09999999999999998)
(0.7000000000000001 0.15 0.09999999999999999)
(0.75 0.15 0.09999999999999999)
(0.8000000000000002 0.15 0.09999999999999999)
(0.8500000000000001 0.15 0.09999999999999999)
(0.9 0.15 0.1)
(0.9499999999999998 0.15 0.09999999999999999)
(1 0.15 0.1)
(0 0.2 0.1)
(0.05000000000000001 0.2 0.1)
(0.09999999999999999 0.2 0.1)
(0.15 0.2 0.09999999999999999)
(0.2 0.2 0.1)
(0.25 0.2 0.1)
(0.3 0.2 0.1)
(0.35 0.2 0.1)
(0.4000000000000001 0.2 0.1)
(0.45 0.2 0.1)
(0.5 0.2 0.1)
(0.55 0.2 0.1)
(0.6000000000000001 0.2 0.09999999999999999)
(0.65 0.2 0.1)
(0.7000000000000001 0.2 0.09999999999999999)
(0.7500000000000001 0.2 0.1)
(0.8000000000000002 0.2 0.09999999999999999)
(0.8500000000000001 0.2 0.1)
(0.9000000000000002 0.2 0.1)
(0.9500000000000001 0.2 0.1)
(1 0.2 0.1)
(0 0.25 0.1)
(0.05000000000000001 0.25 0.09999999999999998)
(0.1 0.25 0.1)
(0.15 0.25 0.09999999999999999)
(0.2 0.25 0.1)
(0.25 0.25 0.09999999999999999)
(0.3 0.2500000000000001 0.1)
(0.3499999999999999 0.25 0.09999999999999998)
(0.4000000000000001 0.25 0.09999999999999999)
(0.45 0.25 0.09999999999999999)
(0.5 0.25 0.1)
(0.55 0.25 0.09999999999999999)
(0.6 0.25 0.09999999999999999)
(0.65 0.25 0.09999999999999999)
(0.7000000000000001 0.2500000000000001 0.1)
(0.7500000000000001 0.25 0.09999999999999999)
(0.8000000000000002 0.25 0.09999999999999999)
(0.85 0.25 0.09999999999999999)
(0.9 0.25 0.1)
(0.9500000000000001 0.25 0.1)
(1 0.25 0.1)
(0 0.3 0.09999999999999999)
(0.05000000000000001 0.3 0.1)
(0.1 0.3 0.09999999999999999)
(0.15 0.3 0.09999999999999999)
(0.2 0.3 0.1)
(0.2500000000000001 0.3 0.1)
(0.3 0.3 0.1)
(0.35 0.3 0.1)
(0.4000000000000001 0.3 0.1)
(0.45 0.2999999999999999 0.09999999999999999)
(0.5 0.3 0.09999999999999999)
(0.55 0.3 0.1)
(0.6 0.3 0.1)
(0.65 0.3 0.1)
(0.7000000000000001 0.3 0.1)
(0.75 0.3 0.09999999999999999)
(0.8000000000000003 0.3 0.1)
(0.85 0.3 0.1)
(0.9 0.3 0.1)
(0.9500000000000001 0.3 0.1)
(1 0.3 0.09999999999999999)
(0 0.3499999999999999 0.09999999999999998)
(0.05000000000000001 0.3499999999999999 0.09999999999999999)
(0.1 0.3499999999999999 0.09999999999999999)
(0.15 0.3499999999999999 0.09999999999999998)
(0.2 0.3499999999999999 0.1)
(0.25 0.3499999999999999 0.09999999999999999)
(0.3 0.3499999999999999 0.1)
(0.3499999999999999 0.3499999999999999 0.09999999999999999)
(0.4 0.3499999999999999 0.1)
(0.45 0.3499999999999999 0.09999999999999998)
(0.5 0.3499999999999999 0.09999999999999999)
(0.5499999999999999 0.35 0.09999999999999999)
(0.6000000000000001 0.3499999999999999 0.1)
(0.65 0.3499999999999999 0.09999999999999999)
(0.6999999999999998 0.3499999999999999 0.09999999999999999)
(0.75 0.3499999999999999 0.09999999999999999)
(0.7999999999999999 0.35 0.1)
(0.8499999999999998 0.3499999999999999 0.09999999999999999)
(0.9 0.3499999999999999 0.09999999999999999)
(0.9500000000000001 0.3499999999999999 0.1)
(1 0.3499999999999999 0.09999999999999998)
(0 0.4000000000000001 0.09999999999999998)
(0.05000000000000001 0.4000000000000001 0.1)
(0.09999999999999999 0.4000000000000001 0.1)
(0.15 0.4000000000000001 0.09999999999999999)
(0.2 0.4 0.09999999999999998)
(0.25 0.4 0.09999999999999999)
(0.3 0.4 0.1)
(0.35 0.4 0.1)
(0.4000000000000001 0.4 0.09999999999999999)
(0.45 0.4000000000000001 0.1)
(0.5 0.4 0.09999999999999999)
(0.5499999999999999 0.4 0.09999999999999999)
(0.6 0.4000000000000001 0.09999999999999999)
(0.65 0.4000000000000001 0.1)
(0.6999999999999998 0.4000000000000001 0.09999999999999998)
(0.75 0.4000000000000001 0.09999999999999998)
(0.8000000000000002 0.4000000000000001 0.1)
(0.85 0.4000000000000001 0.1)
(0.9 0.4000000000000001 0.1)
(0.9499999999999998 0.4000000000000001 0.1)
(1 0.4000000000000001 0.09999999999999998)
(0 0.45 0.09999999999999998)
(0.05000000000000002 0.45 0.09999999999999999)
(0.1 0.4499999999999999 0.1)
(0.15 0.45 0.09999999999999999)
(0.2 0.45 0.1)
(0.25 0.45 0.09999999999999999)
(0.3 0.4499999999999999 0.09999999999999999)
(0.35 0.45 0.09999999999999998)
(0.4000000000000001 0.45 0.1)
(0.45 0.45 0.09999999999999999)
(0.5 0.45 0.09999999999999999)
(0.5499999999999999 0.45 0.09999999999999998)
(0.6 0.45 0.1)
(0.65 0.45 0.09999999999999999)
(0.6999999999999998 0.45 0.09999999999999999)
(0.75 0.45 0.09999999999999999)
(0.7999999999999999 0.45 0.09999999999999998)
(0.8499999999999998 0.45 0.1)
(0.9 0.45 0.09999999999999999)
(0.9499999999999998 0.45 0.1)
(1 0.45 0.09999999999999998)
(0 0.5 0.09999999999999999)
(0.05000000000000001 0.5 0.09999999999999999)
(0.1 0.5 0.09999999999999999)
(0.15 0.5 0.09999999999999999)
(0.2 0.5 0.1)
(0.25 0.5 0.1)
(0.3 0.5 0.09999999999999999)
(0.35 0.5 0.09999999999999999)
(0.4 0.5 0.09999999999999999)
(0.45 0.5 0.09999999999999999)
(0.5 0.5 0.1)
(0.5499999999999999 0.5 0.1)
(0.6 0.5 0.09999999999999999)
(0.65 0.5 0.09999999999999999)
(0.7000000000000001 0.5000000000000001 0.09999999999999999)
(0.75 0.5 0.09999999999999999)
(0.8000000000000002 0.5 0.1)
(0.85 0.4999999999999999 0.09999999999999999)
(0.9000000000000002 0.5 0.09999999999999999)
(0.9500000000000001 0.5 0.09999999999999999)
(1 0.5 0.09999999999999999)
(0 0.55 0.09999999999999999)
(0.05 0.55 0.1)
(0.1 0.5500000000000002 0.09999999999999999)
(0.15 0.5500000000000002 0.1)
(0.2 0.5500000000000002 0.1)
(0.25 0.55 0.1)
(0.3 0.55 0.1)
(0.35 0.55 0.09999999999999999)
(0.4 0.5499999999999999 0.09999999999999999)
(0.45 0.55 0.09999999999999998)
(0.5 0.5500000000000002 0.1)
(0.55 0.5500000000000002 0.09999999999999999)
(0.6 0.5499999999999999 0.09999999999999999)
(0.65 0.5500000000000002 0.1)
(0.6999999999999998 0.55 0.09999999999999999)
(0.75 0.55 0.09999999999999999)
(0.8000000000000002 0.5499999999999999 0.1)
(0.85 0.5500000000000002 0.1)
(0.9 0.5500000000000002 0.1)
(0.9499999999999998 0.55 0.1)
(1 0.55 0.09999999999999999)
(0 0.6 0.09999999999999999)
(0.05000000000000001 0.6 0.09999999999999999)
(0.09999999999999999 0.6 0.1)
(0.15 0.5999999999999999 0.09999999999999999)
(0.2 0.6 0.09999999999999999)
(0.25 0.5999999999999999 0.09999999999999998)
(0.3 0.6 0.09999999999999999)
(0.35 0.6 0.1)
(0.4000000000000001 0.6 0.09999999999999998)
(0.45 0.5999999999999999 0.1)
(0.5 0.6 0.1)
(0.5499999999999999 0.5999999999999999 0.09999999999999998)
(0.6 0.5999999999999999 0.09999999999999999)
(0.65 0.6 0.1)
(0.7000000000000001 0.6 0.09999999999999999)
(0.75 0.6 0.09999999999999999)
(0.8000000000000002 0.6 0.1)
(0.85 0.5999999999999999 0.1)
(0.9 0.6 0.1)
(0.9499999999999998 0.6 0.09999999999999999)
(1 0.6 0.09999999999999999)
(0 0.65 0.09999999999999999)
(0.05000000000000001 0.65 0.1)
(0.1 0.6499999999999999 0.1)
(0.15 0.65 0.1)
(0.2 0.65 0.1)
(0.25 0.6500000000000001 0.1)
(0.3 0.6500000000000001 0.1)
(0.3499999999999999 0.65 0.1)
(0.4000000000000001 0.65 0.1)
(0.45 0.65 0.09999999999999999)
(0.5 0.65 0.09999999999999999)
(0.5499999999999999 0.65 0.09999999999999999)
(0.6000000000000001 0.65 0.1)
(0.6500000000000001 0.6500000000000002 0.1)
(0.7000000000000001 0.6500000000000002 0.1)
(0.75 0.6500000000000001 0.09999999999999999)
(0.8000000000000003 0.65 0.1)
(0.85 0.65 0.09999999999999999)
(0.9 0.65 0.1)
(0.9499999999999998 0.65 0.1)
(1 0.65 0.09999999999999999)
(0 0.6999999999999998 0.09999999999999999)
(0.05000000000000001 0.6999999999999998 0.09999999999999999)
(0.1 0.6999999999999998 0.1)
(0.15 0.6999999999999998 0.09999999999999999)
(0.2 0.7000000000000001 0.09999999999999999)
(0.2500000000000001 0.7000000000000001 0.1)
(0.3 0.6999999999999998 0.1)
(0.35 0.6999999999999998 0.1)
(0.4000000000000001 0.7000000000000001 0.09999999999999999)
(0.45 0.7000000000000001 0.1)
(0.5 0.6999999999999998 0.09999999999999999)
(0.5499999999999999 0.6999999999999998 0.09999999999999998)
(0.6 0.6999999999999998 0.09999999999999999)
(0.6500000000000001 0.7000000000000001 0.1)
(0.6999999999999998 0.6999999999999998 0.09999999999999999)
(0.7500000000000001 0.6999999999999998 0.1)
(0.8000000000000002 0.7000000000000001 0.09999999999999999)
(0.85 0.7000000000000001 0.1)
(0.9000000000000002 0.6999999999999998 0.1)
(0.9500000000000001 0.7000000000000001 0.09999999999999999)
(1 0.6999999999999998 0.09999999999999999)
(0 0.75 0.1)
(0.05000000000000001 0.75 0.1)
(0.1 0.75 0.1)
(0.15 0.75 0.1)
(0.2 0.7500000000000001 0.1)
(0.25 0.75 0.1)
(0.3 0.7500000000000001 0.09999999999999999)
(0.35 0.7500000000000001 0.1)
(0.4000000000000001 0.75 0.1)
(0.45 0.75 0.1)
(0.5 0.75 0.1)
(0.55 0.75 0.1)
(0.6 0.75 0.1)
(0.65 0.75 0.1)
(0.7000000000000001 0.7500000000000001 0.1)
(0.7500000000000001 0.75 0.1)
(0.8000000000000002 0.7500000000000001 0.09999999999999999)
(0.85 0.75 0.09999999999999999)
(0.9 0.7500000000000001 0.09999999999999999)
(0.9500000000000001 0.75 0.1)
(1 0.75 0.1)
(0 0.8000000000000002 0.1)
(0.05000000000000001 0.8000000000000002 0.1)
(0.09999999999999999 0.8000000000000002 0.09999999999999999)
(0.15 0.8000000000000002 0.1)
(0.2 0.8000000000000002 0.1)
(0.25 0.8000000000000002 0.09999999999999999)
(0.3 0.8000000000000002 0.09999999999999999)
(0.35 0.8000000000000002 0.1)
(0.4000000000000001 0.8000000000000002 0.1)
(0.45 0.8000000000000002 0.1)
(0.5 0.8000000000000002 0.1)
(0.5499999999999999 0.8000000000000002 0.09999999999999999)
(0.6 0.8000000000000002 0.1)
(0.65 0.8000000000000002 0.1)
(0.7000000000000001 0.8000000000000002 0.09999999999999999)
(0.75 0.8000000000000002 0.09999999999999999)
(0.8000000000000002 0.8000000000000002 0.09999999999999999)
(0.8500000000000001 0.8000000000000002 0.1)
(0.9 0.8000000000000002 0.1)
(0.9499999999999998 0.8000000000000002 0.1)
(1 0.8000000000000002 0.1)
(0 0.85 0.1)
(0.05000000000000002 0.8500000000000001 0.1)
(0.1 0.85 0.1)
(0.15 0.85 0.1)
(0.2 0.8500000000000001 0.1)
(0.25 0.85 0.1)
(0.3 0.85 0.1)
(0.3499999999999999 0.85 0.09999999999999999)
(0.4000000000000001 0.85 0.1)
(0.45 0.85 0.1)
(0.5 0.85 0.09999999999999999)
(0.55 0.85 0.1)
(0.6000000000000001 0.85 0.1)
(0.6500000000000001 0.85 0.09999999999999999)
(0.7000000000000001 0.85 0.09999999999999999)
(0.75 0.85 0.1)
(0.8000000000000003 0.8500000000000001 0.1)
(0.8500000000000001 0.85 0.09999999999999999)
(0.9 0.85 0.1)
(0.9500000000000001 0.8500000000000001 0.1)
(1 0.85 0.1)
(0 0.9 0.1)
(0.05000000000000001 0.9 0.1)
(0.1 0.9 0.1)
(0.15 0.9 0.1)
(0.2 0.9 0.09999999999999999)
(0.25 0.9 0.1)
(0.3 0.9 0.1)
(0.3499999999999999 0.9 0.1)
(0.4000000000000001 0.9 0.1)
(0.45 0.9 0.1)
(0.5 0.9 0.09999999999999999)
(0.55 0.8999999999999999 0.09999999999999999)
(0.6 0.9 0.1)
(0.65 0.9 0.1)
(0.7000000000000001 0.9 0.1)
(0.75 0.8999999999999999 0.09999999999999999)
(0.8000000000000002 0.9 0.1)
(0.85 0.9 0.1)
(0.9 0.8999999999999999 0.1)
(0.9499999999999998 0.8999999999999999 0.1)
(1 0.9 0.1)
(0 0.9499999999999998 0.1)
(0.05000000000000001 0.9500000000000001 0.09999999999999999)
(0.1 0.9499999999999998 0.1)
(0.15 0.9500000000000001 0.1)
(0.2 0.9499999999999998 0.1)
(0.25 0.9500000000000001 0.1)
(0.3 0.9499999999999998 0.09999999999999999)
(0.3499999999999999 0.9500000000000001 0.1)
(0.4000000000000001 0.9499999999999998 0.1)
(0.45 0.9499999999999998 0.1)
(0.5 0.9500000000000001 0.09999999999999999)
(0.55 0.9499999999999998 0.1)
(0.6 0.9499999999999998 0.1)
(0.6499999999999999 0.9500000000000001 0.1)
(0.7000000000000001 0.9500000000000001 0.1)
(0.7500000000000001 0.9499999999999998 0.09999999999999999)
(0.8000000000000002 0.9500000000000001 0.1)
(0.85 0.9500000000000001 0.09999999999999999)
(0.9 0.9499999999999998 0.1)
(0.9500000000000001 0.9500000000000001 0.1)
(1 0.9499999999999998 0.1)
(0 1 0.1)
(0.05000000000000001 1 0.1)
(0.1 1 0.1)
(0.15 1 0.1)
(0.2 1 0.1)
(0.25 1 0.1)
(0.3 1 0.09999999999999999)
(0.3499999999999999 1 0.09999999999999999)
(0.4000000000000001 1 0.09999999999999999)
(0.45 1 0.09999999999999999)
(0.5 1 0.09999999999999999)
(0.55 1 0.09999999999999999)
(0.6 1 0.1)
(0.65 1 0.09999999999999999)
(0.6999999999999998 1 0.09999999999999999)
(0.75 1 0.1)
(0.8000000000000002 1 0.1)
(0.85 0.9999999999999999 0.1)
(0.9 1 0.1)
(0.9499999999999998 1 0.1)
(1 1 0.1)
(0 0 0.15)
(0.05000000000000001 0 0.15)
(0.1 0 0.15)
(0.15 0 0.15)
(0.2 0 0.15)
(0.25 0 0.15)
(0.3 0 0.15)
(0.3499999999999999 0 0.15)
(0.4 0 0.15)
(0.45 0 0.15)
(0.5 0 0.15)
(0.55 0 0.15)
(0.6 0 0.15)
(0.65 0 0.15)
(0.6999999999999998 0 0.15)
(0.75 0 0.15)
(0.8000000000000002 0 0.15)
(0.85 0 0.15)
(0.9 0 0.15)
(0.9499999999999998 0 0.15)
(1 0 0.15)
(0 0.05000000000000001 0.15)
(0.05000000000000002 0.05000000000000001 0.15)
(0.1 0.05000000000000002 0.15)
(0.15 0.05000000000000001 0.15)
(0.2 0.05000000000000001 0.15)
(0.25 0.05000000000000001 0.15)
(0.3 0.05 0.15)
(0.35 0.05000000000000001 0.15)
(0.4000000000000001 0.05000000000000001 0.15)
(0.45 0.05000000000000002 0.15)
(0.5 0.05000000000000001 0.15)
(0.55 0.05000000000000001 0.15)
(0.6 0.05 0.15)
(0.65 0.05000000000000001 0.15)
(0.7000000000000001 0.05000000000000001 0.15)
(0.7500000000000001 0.05000000000000001 0.15)
(0.8000000000000002 0.05000000000000001 0.15)
(0.8500000000000001 0.05000000000000001 0.15)
(0.9 0.05000000000000001 0.15)
(0.9500000000000001 0.05 0.15)
(1 0.05000000000000001 0.15)
(0 0.1 0.15)
(0.05000000000000002 0.1 0.15)
(0.1 0.1 0.15)
(0.15 0.1 0.15)
(0.2 0.09999999999999999 0.15)
(0.2500000000000001 0.1 0.15)
(0.3 0.09999999999999999 0.15)
(0.3499999999999999 0.09999999999999999 0.15)
(0.4 0.09999999999999999 0.15)
(0.45 0.1 0.15)
(0.5 0.1 0.15)
(0.55 0.1 0.15)
(0.6000000000000001 0.09999999999999999 0.15)
(0.65 0.09999999999999999 0.15)
(0.6999999999999998 0.1 0.15)
(0.75 0.1 0.15)
(0.8000000000000003 0.1 0.15)
(0.8500000000000001 0.1 0.15)
(0.9 0.1 0.15)
(0.9500000000000001 0.09999999999999999 0.15)
(1 0.1 0.15)
(0 0.15 0.15)
(0.05000000000000001 0.15 0.15)
(0.1 0.15 0.15)
(0.15 0.15 0.15)
(0.2 0.15 0.15)
(0.25 0.15 0.15)
(0.3 0.15 0.15)
(0.35 0.15 0.15)
(0.4 0.15 0.15)
(0.45 0.15 0.15)
(0.5 0.15 0.15)
(0.55 0.15 0.15)
(0.6 0.15 0.15)
(0.65 0.15 0.15)
(0.7000000000000001 0.15 0.15)
(0.75 0.15 0.15)
(0.8000000000000002 0.15 0.15)
(0.85 0.15 0.15)
(0.8999999999999999 0.15 0.15)
(0.9500000000000002 0.15 0.15)
(1 0.15 0.15)
(0 0.2 0.15)
(0.05000000000000001 0.2 0.15)
(0.1 0.2 0.15)
(0.15 0.2 0.15)
(0.2 0.2 0.15)
(0.25 0.2 0.15)
(0.3000000000000001 0.2 0.15)
(0.35 0.2 0.15)
(0.4000000000000001 0.2 0.15)
(0.4500000000000001 0.2 0.15)
(0.5 0.2 0.15)
(0.55 0.2 0.15)
(0.6000000000000001 0.2 0.15)
(0.65 0.2 0.15)
(0.7000000000000001 0.2 0.15)
(0.7499999999999999 0.2 0.15)
(0.8000000000000002 0.2 0.15)
(0.85 0.2 0.15)
(0.9 0.2 0.15)
(0.9500000000000001 0.2 0.15)
(1 0.2 0.15)
(0 0.25 0.15)
(0.05000000000000001 0.2500000000000001 0.15)
(0.1 0.25 0.15)
(0.15 0.25 0.15)
(0.2 0.25 0.15)
(0.25 0.25 0.15)
(0.3 0.25 0.15)
(0.3499999999999999 0.25 0.15)
(0.4 0.25 0.15)
(0.45 0.25 0.15)
(0.5 0.25 0.15)
(0.55 0.25 0.15)
(0.6 0.25 0.15)
(0.65 0.25 0.15)
(0.6999999999999998 0.25 0.15)
(0.75 0.25 0.15)
(0.8000000000000002 0.25 0.15)
(0.8500000000000001 0.25 0.15)
(0.9 0.25 0.15)
(0.9500000000000001 0.25 0.15)
(1 0.25 0.15)
(0 0.3 0.15)
(0.05000000000000001 0.3 0.15)
(0.1 0.3 0.15)
(0.15 0.3 0.15)
(0.2 0.3 0.15)
(0.25 0.2999999999999999 0.15)
(0.3 0.3 0.15)
(0.35 0.3 0.15)
(0.4000000000000001 0.3 0.15)
(0.45 0.3 0.15)
(0.5 0.3 0.15)
(0.55 0.3 0.15)
(0.6 0.3 0.15)
(0.65 0.3 0.15)
(0.7000000000000001 0.2999999999999999 0.15)
(0.75 0.3 0.15)
(0.8000000000000002 0.3 0.15)
(0.85 0.3 0.15)
(0.9 0.3 0.15)
(0.9500000000000001 0.3 0.15)
(1 0.3 0.15)
(0 0.3499999999999999 0.15)
(0.05000000000000001 0.3499999999999999 0.15)
(0.09999999999999999 0.3499999999999999 0.15)
(0.15 0.35 0.15)
(0.2 0.3499999999999999 0.15)
(0.25 0.3499999999999999 0.15)
(0.3 0.35 0.15)
(0.35 0.35 0.15)
(0.4 0.35 0.15)
(0.45 0.3499999999999999 0.15)
(0.5 0.35 0.15)
(0.5499999999999999 0.3499999999999999 0.15)
(0.6 0.3499999999999999 0.15)
(0.65 0.35 0.15)
(0.7000000000000001 0.35 0.15)
(0.75 0.35 0.15)
(0.8000000000000002 0.35 0.15)
(0.8499999999999998 0.35 0.15)
(0.9 0.3499999999999999 0.15)
(0.9500000000000001 0.35 0.15)
(1 0.3499999999999999 0.15)
(0 0.4000000000000001 0.15)
(0.05000000000000001 0.4000000000000001 0.15)
(0.09999999999999999 0.4000000000000001 0.15)
(0.15 0.4000000000000001 0.15)
(0.2 0.4 0.15)
(0.25 0.4 0.15)
(0.3 0.4 0.15)
(0.3499999999999999 0.4000000000000001 0.15)
(0.4000000000000001 0.4000000000000001 0.15)
(0.45 0.4000000000000001 0.15)
(0.4999999999999999 0.4000000000000001 0.15)
(0.55 0.4 0.15)
(0.6 0.4 0.15)
(0.65 0.4 0.15)
(0.6999999999999998 0.4000000000000001 0.15)
(0.75 0.4000000000000001 0.15)
(0.8000000000000002 0.4000000000000001 0.15)
(0.85 0.4000000000000001 0.15)
(0.8999999999999999 0.4000000000000001 0.15)
(0.9499999999999998 0.4000000000000001 0.15)
(0.9999999999999999 0.4000000000000001 0.15)
(0 0.45 0.15)
(0.05000000000000001 0.45 0.15)
(0.1 0.45 0.15)
(0.15 0.45 0.15)
(0.2 0.45 0.15)
(0.25 0.45 0.15)
(0.3 0.45 0.15)
(0.35 0.45 0.15)
(0.4000000000000001 0.45 0.15)
(0.45 0.45 0.15)
(0.5 0.4500000000000001 0.15)
(0.55 0.45 0.15)
(0.6 0.45 0.15)
(0.65 0.45 0.15)
(0.7000000000000001 0.45 0.15)
(0.75 0.45 0.15)
(0.8000000000000002 0.45 0.15)
(0.85 0.4500000000000001 0.15)
(0.9 0.45 0.15)
(0.9499999999999998 0.45 0.15)
(1 0.45 0.15)
(0 0.5 0.15)
(0.05000000000000001 0.5 0.15)
(0.09999999999999999 0.5 0.15)
(0.15 0.5 0.15)
(0.2 0.5 0.15)
(0.25 0.5 0.15)
(0.3 0.5 0.15)
(0.35 0.5 0.15)
(0.4 0.5 0.15)
(0.45 0.5 0.15)
(0.5 0.5 0.15)
(0.5499999999999999 0.5 0.15)
(0.6000000000000001 0.5 0.15)
(0.65 0.5 0.15)
(0.7000000000000001 0.4999999999999999 0.15)
(0.75 0.5 0.15)
(0.8000000000000002 0.5 0.15)
(0.85 0.5 0.15)
(0.9 0.5 0.15)
(0.9500000000000001 0.5 0.15)
(1 0.5 0.15)
(0 0.55 0.15)
(0.05000000000000001 0.5500000000000002 0.15)
(0.1 0.55 0.15)
(0.15 0.55 0.15)
(0.2 0.5500000000000002 0.15)
(0.25 0.5499999999999999 0.15)
(0.3 0.55 0.15)
(0.3499999999999999 0.5499999999999999 0.15)
(0.4 0.55 0.15)
(0.45 0.55 0.15)
(0.5 0.5499999999999999 0.15)
(0.5500000000000002 0.5500000000000002 0.15)
(0.6 0.55 0.15)
(0.65 0.5499999999999999 0.15)
(0.6999999999999998 0.55 0.15)
(0.75 0.55 0.15)
(0.7999999999999999 0.5499999999999999 0.15)
(0.8499999999999998 0.55 0.15)
(0.9 0.55 0.15)
(0.9500000000000001 0.55 0.15)
(1 0.55 0.15)
(0 0.6 0.15)
(0.05000000000000002 0.6 0.15)
(0.1 0.6 0.15)
(0.15 0.6000000000000001 0.15)
(0.2 0.6000000000000001 0.15)
(0.25 0.5999999999999999 0.15)
(0.3 0.5999999999999999 0.15)
(0.35 0.6 0.15)
(0.4000000000000001 0.6000000000000001 0.15)
(0.45 0.6000000000000001 0.15)
(0.5 0.6 0.15)
(0.55 0.6 0.15)
(0.6000000000000001 0.6 0.15)
(0.65 0.6 0.15)
(0.7000000000000001 0.5999999999999999 0.15)
(0.75 0.6 0.15)
(0.8000000000000003 0.6 0.15)
(0.85 0.6 0.15)
(0.9 0.6 0.15)
(0.9500000000000001 0.6 0.15)
(1 0.6 0.15)
(0 0.65 0.15)
(0.05000000000000002 0.65 0.15)
(0.1 0.65 0.15)
(0.15 0.65 0.15)
(0.2 0.65 0.15)
(0.25 0.6500000000000001 0.15)
(0.3 0.65 0.15)
(0.35 0.65 0.15)
(0.4000000000000001 0.65 0.15)
(0.45 0.65 0.15)
(0.5 0.65 0.15)
(0.5499999999999999 0.65 0.15)
(0.6 0.65 0.15)
(0.65 0.65 0.15)
(0.7000000000000001 0.65 0.15)
(0.75 0.65 0.15)
(0.8000000000000002 0.65 0.15)
(0.85 0.65 0.15)
(0.9 0.65 0.15)
(0.9499999999999998 0.65 0.15)
(1 0.65 0.15)
(0 0.6999999999999998 0.15)
(0.05 0.6999999999999998 0.15)
(0.09999999999999999 0.7000000000000001 0.15)
(0.15 0.7000000000000001 0.15)
(0.2 0.6999999999999998 0.15)
(0.25 0.7000000000000001 0.15)
(0.3 0.6999999999999998 0.15)
(0.3499999999999999 0.7000000000000001 0.15)
(0.4 0.7000000000000001 0.15)
(0.45 0.6999999999999998 0.15)
(0.5 0.7000000000000001 0.15)
(0.55 0.6999999999999998 0.15)
(0.6 0.6999999999999998 0.15)
(0.65 0.7000000000000001 0.15)
(0.6999999999999998 0.7000000000000001 0.15)
(0.75 0.7000000000000001 0.15)
(0.7999999999999999 0.7000000000000001 0.15)
(0.85 0.7000000000000001 0.15)
(0.9 0.6999999999999998 0.15)
(0.9500000000000001 0.7000000000000001 0.15)
(1 0.6999999999999998 0.15)
(0 0.75 0.15)
(0.05000000000000001 0.7500000000000001 0.15)
(0.09999999999999999 0.75 0.15)
(0.15 0.75 0.15)
(0.2 0.75 0.15)
(0.25 0.75 0.15)
(0.3 0.75 0.15)
(0.35 0.75 0.15)
(0.4 0.75 0.15)
(0.45 0.75 0.15)
(0.5000000000000001 0.75 0.15)
(0.55 0.75 0.15)
(0.6 0.75 0.15)
(0.65 0.75 0.15)
(0.7000000000000001 0.75 0.15)
(0.75 0.75 0.15)
(0.7999999999999999 0.75 0.15)
(0.85 0.75 0.15)
(0.9 0.75 0.15)
(0.9500000000000001 0.7500000000000001 0.15)
(1 0.75 0.15)
(0 0.8000000000000002 0.15)
(0.05000000000000001 0.8000000000000002 0.15)
(0.1 0.8000000000000003 0.15)
(0.15 0.8000000000000002 0.15)
(0.2 0.7999999999999999 0.15)
(0.25 0.7999999999999999 0.15)
(0.3 0.8000000000000002 0.15)
(0.3499999999999999 0.8000000000000002 0.15)
(0.4000000000000001 0.8000000000000002 0.15)
(0.4500000000000001 0.8000000000000002 0.15)
(0.5 0.8000000000000002 0.15)
(0.5499999999999999 0.8000000000000002 0.15)
(0.6 0.7999999999999999 0.15)
(0.65 0.7999999999999999 0.15)
(0.6999999999999998 0.8000000000000002 0.15)
(0.7499999999999999 0.8000000000000002 0.15)
(0.7999999999999999 0.8000000000000002 0.15)
(0.85 0.8000000000000002 0.15)
(0.9 0.8000000000000002 0.15)
(0.9499999999999998 0.7999999999999999 0.15)
(1 0.8000000000000002 0.15)
(0 0.85 0.15)
(0.05000000000000002 0.85 0.15)
(0.1 0.85 0.15)
(0.15 0.8500000000000001 0.15)
(0.2 0.8500000000000001 0.15)
(0.2500000000000001 0.8500000000000001 0.15)
(0.3 0.85 0.15)
(0.3499999999999999 0.85 0.15)
(0.4 0.85 0.15)
(0.45 0.85 0.15)
(0.5000000000000001 0.85 0.15)
(0.55 0.85 0.15)
(0.6 0.85 0.15)
(0.65 0.8499999999999998 0.15)
(0.7000000000000001 0.85 0.15)
(0.75 0.8500000000000001 0.15)
(0.8000000000000002 0.8500000000000001 0.15)
(0.85 0.8500000000000001 0.15)
(0.9 0.85 0.15)
(0.9499999999999998 0.8500000000000001 0.15)
(1 0.85 0.15)
(0 0.9 0.15)
(0.05000000000000001 0.9 0.15)
(0.1 0.9 0.15)
(0.15 0.9 0.1499999999999999)
(0.2 0.8999999999999999 0.15)
(0.25 0.9 0.15)
(0.3 0.9 0.15)
(0.35 0.9 0.15)
(0.4 0.9 0.15)
(0.45 0.9 0.15)
(0.5 0.9000000000000002 0.15)
(0.55 0.8999999999999999 0.15)
(0.6 0.9 0.15)
(0.65 0.9 0.15)
(0.7000000000000001 0.9 0.15)
(0.75 0.9 0.15)
(0.8000000000000002 0.9000000000000002 0.15)
(0.85 0.9 0.15)
(0.9 0.9 0.15)
(0.9499999999999998 0.9 0.15)
(1 0.9 0.15)
(0 0.9499999999999998 0.15)
(0.05000000000000001 0.9500000000000001 0.15)
(0.1 0.9499999999999998 0.15)
(0.15 0.9500000000000001 0.15)
(0.2 0.9499999999999998 0.15)
(0.2500000000000001 0.9500000000000001 0.15)
(0.3 0.9500000000000001 0.15)
(0.35 0.9499999999999998 0.15)
(0.4 0.9499999999999998 0.15)
(0.45 0.9500000000000001 0.15)
(0.5 0.9500000000000001 0.15)
(0.55 0.9500000000000001 0.15)
(0.6000000000000001 0.9499999999999998 0.15)
(0.65 0.9500000000000001 0.15)
(0.7000000000000001 0.9500000000000002 0.15)
(0.75 0.9500000000000001 0.15)
(0.8000000000000002 0.9499999999999998 0.15)
(0.8500000000000001 0.9499999999999998 0.15)
(0.9 0.9499999999999998 0.15)
(0.9499999999999998 0.9499999999999997 0.15)
(1 0.9499999999999998 0.15)
(0 1 0.15)
(0.05000000000000001 1 0.15)
(0.1 1 0.15)
(0.15 1 0.15)
(0.2 1 0.15)
(0.25 1 0.15)
(0.3 1 0.15)
(0.3499999999999999 1 0.15)
(0.4 1 0.15)
(0.45 1 0.15)
(0.5 1 0.15)
(0.55 1 0.15)
(0.6 1 0.15)
(0.65 1 0.15)
(0.6999999999999998 0.9999999999999999 0.15)
(0.75 1 0.15)
(0.8000000000000002 1 0.15)
(0.85 1 0.15)
(0.9 1 0.15)
(0.9499999999999998 1 0.15)
(1 1 0.15)
(0 0 0.2)
(0.05000000000000002 0 0.2)
(0.1 0 0.2)
(0.15 0 0.2)
(0.2 0 0.2)
(0.25 0 0.2)
(0.3 0 0.2)
(0.3499999999999999 0 0.2)
(0.4000000000000001 0 0.2)
(0.45 0 0.2)
(0.5 0 0.2)
(0.55 0 0.2)
(0.6000000000000001 0 0.2)
(0.6499999999999999 0 0.2)
(0.6999999999999998 0 0.2)
(0.75 0 0.2)
(0.8000000000000003 0 0.2)
(0.8500000000000001 0 0.2)
(0.9 0 0.2)
(0.9499999999999998 0 0.2)
(1 0 0.2)
(0 0.05000000000000002 0.2)
(0.05000000000000002 0.05000000000000002 0.2)
(0.1 0.05000000000000002 0.2)
(0.15 0.05000000000000001 0.2)
(0.2 0.05 0.2)
(0.25 0.05000000000000001 0.2)
(0.3 0.05000000000000001 0.2)
(0.3499999999999999 0.05000000000000001 0.2)
(0.4000000000000001 0.05000000000000001 0.2)
(0.45 0.05000000000000001 0.2)
(0.5 0.05000000000000001 0.2)
(0.55 0.05000000000000001 0.2)
(0.6 0.05000000000000001 0.2)
(0.65 0.05000000000000001 0.2)
(0.6999999999999998 0.05000000000000001 0.2)
(0.75 0.05000000000000001 0.2)
(0.8000000000000003 0.05000000000000002 0.2)
(0.8500000000000001 0.05000000000000001 0.2)
(0.9 0.05000000000000001 0.2)
(0.9499999999999998 0.05000000000000002 0.2)
(1 0.05000000000000002 0.2)
(0 0.1 0.2)
(0.05000000000000002 0.1 0.2)
(0.09999999999999999 0.09999999999999998 0.2)
(0.15 0.09999999999999999 0.2)
(0.2 0.1 0.2)
(0.25 0.1 0.2)
(0.3 0.09999999999999999 0.2)
(0.3499999999999999 0.1 0.2)
(0.4000000000000001 0.1 0.2)
(0.45 0.09999999999999999 0.2)
(0.5 0.1 0.2)
(0.55 0.1 0.2)
(0.6000000000000001 0.1 0.2)
(0.65 0.09999999999999999 0.2)
(0.6999999999999998 0.1 0.2)
(0.7500000000000001 0.1 0.2)
(0.8000000000000003 0.1 0.2)
(0.85 0.09999999999999999 0.2)
(0.9 0.1 0.2)
(0.9500000000000001 0.1 0.2)
(1 0.1 0.2)
(0 0.15 0.2)
(0.05000000000000001 0.15 0.2)
(0.09999999999999999 0.15 0.2)
(0.15 0.15 0.2)
(0.2 0.15 0.2)
(0.25 0.15 0.2)
(0.3000000000000001 0.15 0.2)
(0.3499999999999999 0.15 0.2)
(0.4 0.15 0.2)
(0.45 0.15 0.2)
(0.5 0.15 0.2)
(0.55 0.15 0.2)
(0.6000000000000001 0.15 0.2)
(0.65 0.15 0.2)
(0.6999999999999998 0.15 0.2)
(0.75 0.15 0.2)
(0.7999999999999999 0.15 0.2)
(0.85 0.15 0.2)
(0.9 0.15 0.2)
(0.9500000000000001 0.15 0.2)
(1 0.15 0.2)
(0 0.2 0.2)
(0.05 0.2 0.2)
(0.1 0.2 0.2)
(0.15 0.2 0.2)
(0.2 0.2 0.2)
(0.25 0.2 0.2)
(0.3 0.2 0.2)
(0.3499999999999999 0.2 0.2)
(0.4000000000000001 0.2 0.2)
(0.45 0.2 0.2)
(0.5 0.2 0.2)
(0.5500000000000002 0.2 0.2)
(0.6000000000000001 0.2 0.2)
(0.6499999999999999 0.2 0.2)
(0.6999999999999998 0.2 0.2)
(0.75 0.2 0.2)
(0.8000000000000002 0.2 0.2)
(0.8500000000000001 0.2 0.2)
(0.9 0.2 0.2)
(0.9499999999999998 0.2 0.2)
(1 0.2 0.2)
(0 0.25 0.2)
(0.05000000000000001 0.25 0.2)
(0.1 0.2500000000000001 0.2)
(0.15 0.2500000000000001 0.2)
(0.2 0.25 0.2)
(0.25 0.25 0.2)
(0.3 0.2500000000000001 0.2)
(0.3499999999999999 0.25 0.2)
(0.4000000000000001 0.25 0.2)
(0.45 0.25 0.2)
(0.5 0.25 0.2)
(0.55 0.25 0.2)
(0.6 0.25 0.2)
(0.65 0.25 0.2)
(0.6999999999999998 0.25 0.2)
(0.75 0.25 0.2)
(0.8000000000000003 0.25 0.2)
(0.8500000000000001 0.25 0.2)
(0.9 0.2500000000000001 0.2)
(0.9499999999999998 0.25 0.2)
(1 0.25 0.2)
(0 0.3 0.2)
(0.05000000000000001 0.3 0.2)
(0.1 0.3 0.2)
(0.15 0.3 0.2)
(0.2 0.3 0.2)
(0.25 0.3 0.2)
(0.3 0.3 0.2)
(0.3499999999999999 0.3 0.2)
(0.4000000000000001 0.3 0.2)
(0.45 0.3 0.2)
(0.5 0.3 0.2)
(0.55 0.3 0.2)
(0.6 0.3 0.2)
(0.65 0.3 0.2)
(0.7000000000000001 0.3 0.2)
(0.75 0.3 0.2)
(0.8000000000000002 0.3 0.2)
(0.85 0.3 0.2)
(0.9 0.3 0.2)
(0.9500000000000001 0.3 0.2)
(1 0.3 0.2)
(0 0.3499999999999999 0.2)
(0.05000000000000001 0.3499999999999999 0.2)
(0.09999999999999999 0.3499999999999999 0.2)
(0.15 0.3499999999999999 0.2)
(0.2 0.3499999999999999 0.2)
(0.25 0.3499999999999999 0.2)
(0.3 0.3499999999999999 0.2)
(0.3499999999999999 0.3499999999999999 0.2)
(0.4000000000000001 0.35 0.2)
(0.45 0.3499999999999999 0.2)
(0.5 0.35 0.2)
(0.5499999999999999 0.35 0.2)
(0.6000000000000001 0.35 0.2)
(0.65 0.3499999999999999 0.2)
(0.7000000000000001 0.35 0.2)
(0.75 0.3499999999999999 0.2)
(0.7999999999999999 0.35 0.2)
(0.85 0.3499999999999999 0.2)
(0.9 0.3499999999999999 0.2)
(0.9500000000000001 0.3499999999999999 0.2)
(1 0.3499999999999999 0.2)
(0 0.4000000000000001 0.2)
(0.05000000000000001 0.4000000000000001 0.2)
(0.09999999999999999 0.4000000000000001 0.2)
(0.15 0.4000000000000001 0.2)
(0.2 0.4000000000000001 0.2)
(0.25 0.4000000000000001 0.2)
(0.3 0.4000000000000001 0.2)
(0.35 0.4000000000000001 0.2)
(0.4000000000000001 0.4000000000000001 0.2)
(0.45 0.4000000000000001 0.2)
(0.5 0.4000000000000001 0.2)
(0.55 0.4000000000000001 0.2)
(0.6 0.4000000000000001 0.2)
(0.6500000000000001 0.4 0.2)
(0.7000000000000002 0.4000000000000001 0.2)
(0.75 0.4000000000000001 0.2)
(0.8000000000000002 0.4000000000000001 0.2)
(0.85 0.4000000000000001 0.2)
(0.8999999999999999 0.4000000000000001 0.2)
(0.9499999999999998 0.4000000000000001 0.2)
(1 0.4000000000000001 0.2)
(0 0.45 0.2)
(0.05000000000000001 0.45 0.2)
(0.09999999999999998 0.45 0.2)
(0.15 0.45 0.2)
(0.2 0.45 0.2)
(0.25 0.45 0.2)
(0.3 0.45 0.2)
(0.35 0.45 0.2)
(0.4000000000000001 0.45 0.2)
(0.45 0.45 0.2)
(0.5 0.45 0.2)
(0.55 0.45 0.2)
(0.6000000000000001 0.45 0.2)
(0.6499999999999999 0.45 0.2)
(0.6999999999999998 0.45 0.2)
(0.75 0.45 0.2)
(0.8000000000000002 0.4500000000000001 0.2)
(0.85 0.45 0.2)
(0.9 0.45 0.2)
(0.9499999999999998 0.45 0.2)
(1 0.45 0.2)
(0 0.5 0.2)
(0.05000000000000001 0.5 0.2)
(0.1 0.5000000000000001 0.2)
(0.15 0.5000000000000001 0.2)
(0.2 0.4999999999999999 0.2)
(0.25 0.5 0.2)
(0.3 0.5 0.2)
(0.3499999999999999 0.5 0.2)
(0.4000000000000001 0.5 0.2)
(0.45 0.5 0.2)
(0.5 0.5 0.2)
(0.5499999999999999 0.5 0.2)
(0.6000000000000001 0.5 0.2)
(0.6499999999999999 0.5 0.2)
(0.6999999999999998 0.5 0.2)
(0.75 0.5 0.2)
(0.8000000000000002 0.5 0.2)
(0.85 0.5 0.2)
(0.9 0.5000000000000001 0.2)
(0.9500000000000001 0.5 0.2)
(1 0.5 0.2)
(0 0.55 0.2)
(0.05000000000000001 0.5500000000000002 0.2)
(0.1 0.55 0.2)
(0.15 0.55 0.2)
(0.2 0.55 0.2)
(0.25 0.55 0.2)
(0.3 0.55 0.2)
(0.3499999999999999 0.5499999999999999 0.2)
(0.4000000000000001 0.55 0.2)
(0.45 0.55 0.2)
(0.5 0.5499999999999999 0.2)
(0.55 0.55 0.2)
(0.6000000000000001 0.55 0.2)
(0.6499999999999999 0.5499999999999999 0.2)
(0.6999999999999998 0.55 0.2)
(0.75 0.5500000000000002 0.2)
(0.8000000000000003 0.5500000000000002 0.2)
(0.8500000000000001 0.55 0.2)
(0.9 0.55 0.2)
(0.9499999999999998 0.55 0.2)
(1 0.55 0.2)
(0 0.6000000000000001 0.2)
(0.05000000000000002 0.6000000000000001 0.2)
(0.1 0.6000000000000001 0.2)
(0.15 0.6000000000000001 0.2)
(0.2 0.6000000000000001 0.2)
(0.25 0.6000000000000001 0.2)
(0.3 0.6 0.2)
(0.3499999999999999 0.6000000000000001 0.2)
(0.4000000000000001 0.6 0.2)
(0.45 0.6000000000000001 0.2)
(0.5 0.6000000000000001 0.2)
(0.55 0.6000000000000001 0.2)
(0.6000000000000001 0.6 0.2)
(0.65 0.6000000000000001 0.2)
(0.6999999999999998 0.6 0.2)
(0.75 0.6000000000000001 0.2)
(0.8000000000000003 0.6 0.2)
(0.85 0.6000000000000001 0.2)
(0.9 0.6000000000000001 0.2)
(0.9499999999999998 0.6 0.2)
(1 0.6000000000000001 0.2)
(0 0.6499999999999999 0.2)
(0.05 0.65 0.2)
(0.09999999999999999 0.65 0.2)
(0.15 0.65 0.2)
(0.2 0.65 0.2)
(0.25 0.65 0.2)
(0.3 0.65 0.2)
(0.3499999999999999 0.65 0.2)
(0.4000000000000001 0.65 0.2)
(0.45 0.65 0.2)
(0.5 0.6499999999999999 0.2)
(0.5499999999999999 0.6499999999999999 0.2)
(0.6000000000000001 0.6500000000000001 0.2)
(0.65 0.6500000000000001 0.2)
(0.6999999999999998 0.65 0.2)
(0.75 0.65 0.2)
(0.7999999999999999 0.65 0.2)
(0.8500000000000001 0.65 0.2)
(0.9 0.6499999999999999 0.2)
(0.9500000000000001 0.65 0.2)
(1 0.6499999999999999 0.2)
(0 0.6999999999999998 0.2)
(0.05 0.6999999999999998 0.2)
(0.09999999999999999 0.7000000000000001 0.2)
(0.15 0.6999999999999998 0.2)
(0.2 0.6999999999999998 0.2)
(0.25 0.6999999999999998 0.2)
(0.3 0.7000000000000001 0.2)
(0.3499999999999999 0.6999999999999998 0.2)
(0.4000000000000001 0.7000000000000001 0.2)
(0.45 0.6999999999999998 0.2)
(0.5 0.7000000000000001 0.2)
(0.5500000000000002 0.7000000000000001 0.2)
(0.6 0.7000000000000001 0.2)
(0.6499999999999999 0.6999999999999998 0.2)
(0.7000000000000001 0.7000000000000002 0.2)
(0.75 0.6999999999999998 0.2)
(0.7999999999999999 0.7000000000000001 0.2)
(0.85 0.7000000000000001 0.2)
(0.9 0.6999999999999998 0.2)
(0.9500000000000001 0.6999999999999998 0.2)
(1 0.6999999999999998 0.2)
(0 0.75 0.2)
(0.05000000000000001 0.7500000000000001 0.2)
(0.1 0.75 0.2)
(0.15 0.75 0.2)
(0.2 0.75 0.2)
(0.25 0.7500000000000001 0.2)
(0.3 0.75 0.2)
(0.3499999999999999 0.75 0.2)
(0.4000000000000001 0.75 0.2)
(0.45 0.75 0.2)
(0.5 0.7500000000000001 0.2)
(0.55 0.75 0.2)
(0.6 0.75 0.2)
(0.65 0.75 0.2)
(0.6999999999999998 0.75 0.2)
(0.75 0.75 0.2)
(0.8000000000000002 0.7500000000000001 0.2)
(0.85 0.75 0.2)
(0.9 0.75 0.2)
(0.9499999999999998 0.7500000000000001 0.2)
(1 0.75 0.2)
(0 0.8000000000000003 0.2)
(0.05000000000000001 0.8000000000000003 0.2)
(0.1 0.8000000000000003 0.2)
(0.15 0.8000000000000002 0.2)
(0.2 0.8000000000000002 0.2)
(0.2500000000000001 0.8000000000000002 0.2)
(0.3 0.8000000000000002 0.2)
(0.3499999999999999 0.8000000000000002 0.2)
(0.4000000000000001 0.8000000000000002 0.2)
(0.45 0.8000000000000002 0.2)
(0.4999999999999999 0.8000000000000002 0.2)
(0.55 0.8000000000000002 0.2)
(0.6 0.8000000000000002 0.2)
(0.6499999999999999 0.7999999999999999 0.2)
(0.6999999999999998 0.8000000000000002 0.2)
(0.75 0.8000000000000003 0.2)
(0.8000000000000002 0.8000000000000003 0.2)
(0.8500000000000001 0.8000000000000002 0.2)
(0.9 0.8000000000000002 0.2)
(0.9500000000000001 0.8000000000000003 0.2)
(1 0.8000000000000003 0.2)
(0 0.8500000000000001 0.2)
(0.05000000000000002 0.85 0.2)
(0.09999999999999999 0.85 0.2)
(0.15 0.8500000000000001 0.2)
(0.2 0.8500000000000001 0.2)
(0.25 0.85 0.2)
(0.3 0.85 0.2)
(0.3499999999999999 0.85 0.2)
(0.4000000000000001 0.85 0.2)
(0.45 0.85 0.2)
(0.5 0.85 0.2)
(0.55 0.85 0.2)
(0.6000000000000001 0.8500000000000001 0.2)
(0.6499999999999999 0.85 0.2)
(0.6999999999999998 0.8499999999999998 0.2)
(0.75 0.85 0.2)
(0.8000000000000003 0.8500000000000001 0.2)
(0.85 0.85 0.2)
(0.9 0.85 0.2)
(0.9500000000000001 0.8500000000000001 0.2)
(1 0.8500000000000001 0.2)
(0 0.9 0.2)
(0.05000000000000001 0.9 0.2)
(0.09999999999999999 0.9 0.2)
(0.15 0.9 0.2)
(0.2 0.9 0.2)
(0.25 0.9 0.2)
(0.3 0.8999999999999999 0.2)
(0.3499999999999999 0.9 0.2)
(0.4000000000000001 0.9000000000000002 0.2)
(0.45 0.9 0.2)
(0.5 0.9000000000000002 0.2)
(0.55 0.9 0.2)
(0.6000000000000001 0.9 0.2)
(0.6499999999999999 0.9 0.2)
(0.6999999999999998 0.9 0.2)
(0.75 0.9 0.2)
(0.7999999999999999 0.9000000000000002 0.2)
(0.85 0.9 0.2)
(0.9 0.8999999999999999 0.2)
(0.9500000000000001 0.9 0.2)
(1 0.9 0.2)
(0 0.9499999999999998 0.2)
(0.05000000000000002 0.9500000000000001 0.2)
(0.1 0.9499999999999998 0.2)
(0.15 0.9500000000000001 0.2)
(0.2 0.9499999999999998 0.2)
(0.25 0.9500000000000001 0.2)
(0.3 0.9500000000000001 0.2)
(0.3499999999999999 0.9499999999999998 0.2)
(0.4000000000000001 0.9499999999999998 0.2)
(0.45 0.9499999999999998 0.2)
(0.5 0.9500000000000001 0.2)
(0.5500000000000002 0.9499999999999998 0.2)
(0.6000000000000001 0.9499999999999998 0.2)
(0.65 0.9500000000000001 0.2)
(0.6999999999999998 0.9500000000000001 0.2)
(0.75 0.9500000000000001 0.2)
(0.8000000000000003 0.9500000000000001 0.2)
(0.8500000000000001 0.9500000000000001 0.2)
(0.9 0.9499999999999998 0.2)
(0.9500000000000001 0.9499999999999998 0.2)
(1 0.9499999999999998 0.2)
(0 1 0.2)
(0.05000000000000002 1 0.2)
(0.1 1 0.2)
(0.15 1 0.2)
(0.2 0.9999999999999999 0.2)
(0.25 1 0.2)
(0.3 1 0.2)
(0.3499999999999999 1 0.2)
(0.4000000000000001 1 0.2)
(0.45 1 0.2)
(0.5 1 0.2)
(0.55 1 0.2)
(0.6000000000000001 1 0.2)
(0.6499999999999999 1 0.2)
(0.6999999999999998 1 0.2)
(0.75 1 0.2)
(0.8000000000000003 1 0.2)
(0.8500000000000001 1 0.2)
(0.9 1 0.2)
(0.9499999999999998 1 0.2)
(1 1 0.2)
(0 0 0.25)
(0.05000000000000001 0 0.25)
(0.1 0 0.25)
(0.15 0 0.25)
(0.2 0 0.25)
(0.25 0 0.25)
(0.3 0 0.25)
(0.3499999999999999 0 0.25)
(0.4000000000000001 0 0.25)
(0.45 0 0.25)
(0.5 0 0.25)
(0.55 0 0.25)
(0.6 0 0.25)
(0.65 0 0.25)
(0.6999999999999998 0 0.25)
(0.75 0 0.25)
(0.8000000000000002 0 0.25)
(0.85 0 0.25)
(0.9 0 0.25)
(0.9499999999999998 0 0.25)
(1 0 0.25)
(0 0.05000000000000001 0.25)
(0.05000000000000001 0.05000000000000001 0.25)
(0.1 0.05000000000000001 0.25)
(0.15 0.05000000000000001 0.25)
(0.2 0.05000000000000001 0.25)
(0.25 0.05000000000000002 0.25)
(0.3 0.05000000000000001 0.2500000000000001)
(0.3500000000000001 0.05000000000000001 0.2500000000000001)
(0.4000000000000001 0.05000000000000001 0.25)
(0.45 0.05000000000000002 0.25)
(0.5 0.05000000000000001 0.2500000000000001)
(0.55 0.05000000000000001 0.25)
(0.6 0.05000000000000001 0.25)
(0.65 0.05000000000000001 0.2500000000000001)
(0.7000000000000001 0.05000000000000001 0.2500000000000001)
(0.75 0.05000000000000002 0.2500000000000001)
(0.8000000000000002 0.05000000000000001 0.25)
(0.85 0.05000000000000001 0.25)
(0.9 0.05000000000000001 0.2500000000000001)
(0.9500000000000001 0.05000000000000001 0.25)
(1 0.05000000000000001 0.25)
(0 0.1 0.25)
(0.05000000000000001 0.1 0.25)
(0.1 0.1 0.2499999999999999)
(0.15 0.1 0.2500000000000001)
(0.2 0.1 0.2500000000000001)
(0.25 0.1 0.25)
(0.3 0.09999999999999998 0.25)
(0.3499999999999999 0.1 0.25)
(0.4000000000000001 0.1 0.2500000000000001)
(0.45 0.1 0.25)
(0.5 0.1 0.25)
(0.55 0.1 0.25)
(0.6000000000000001 0.09999999999999999 0.2500000000000001)
(0.65 0.09999999999999999 0.2500000000000001)
(0.7000000000000001 0.1 0.25)
(0.7500000000000003 0.1 0.2500000000000001)
(0.8000000000000002 0.1 0.25)
(0.85 0.1 0.2500000000000001)
(0.9 0.09999999999999999 0.25)
(0.9500000000000001 0.1 0.25)
(1 0.1 0.25)
(0 0.15 0.25)
(0.05000000000000001 0.15 0.25)
(0.09999999999999999 0.15 0.25)
(0.15 0.15 0.25)
(0.2 0.15 0.25)
(0.25 0.15 0.25)
(0.3 0.15 0.25)
(0.35 0.15 0.25)
(0.4 0.15 0.25)
(0.45 0.15 0.25)
(0.5 0.15 0.25)
(0.55 0.15 0.25)
(0.6 0.15 0.25)
(0.65 0.15 0.25)
(0.7000000000000001 0.15 0.25)
(0.75 0.15 0.25)
(0.7999999999999999 0.15 0.25)
(0.85 0.15 0.25)
(0.9 0.15 0.2500000000000001)
(0.9500000000000001 0.15 0.25)
(1 0.15 0.25)
(0 0.2 0.25)
(0.05000000000000001 0.2 0.25)
(0.1 0.2 0.2500000000000001)
(0.15 0.2 0.25)
(0.2 0.2 0.2500000000000001)
(0.25 0.2 0.25)
(0.3 0.2 0.2500000000000001)
(0.35 0.2 0.25)
(0.4000000000000001 0.2 0.25)
(0.45 0.2 0.2499999999999999)
(0.5 0.2 0.25)
(0.55 0.2 0.2499999999999999)
(0.6 0.2 0.25)
(0.65 0.2 0.25)
(0.7000000000000001 0.2 0.2500000000000001)
(0.75 0.2 0.25)
(0.8000000000000002 0.2 0.25)
(0.85 0.2 0.25)
(0.9000000000000002 0.2 0.2500000000000001)
(0.9500000000000001 0.2 0.25)
(1 0.2 0.25)
(0 0.25 0.25)
(0.05000000000000002 0.25 0.25)
(0.1 0.25 0.25)
(0.15 0.25 0.25)
(0.2 0.25 0.2499999999999999)
(0.25 0.25 0.25)
(0.3 0.25 0.25)
(0.3499999999999999 0.25 0.25)
(0.4000000000000001 0.25 0.25)
(0.4500000000000001 0.25 0.25)
(0.5 0.25 0.25)
(0.55 0.25 0.25)
(0.5999999999999999 0.25 0.25)
(0.6500000000000001 0.25 0.25)
(0.6999999999999998 0.25 0.25)
(0.75 0.25 0.25)
(0.8000000000000002 0.25 0.25)
(0.8499999999999998 0.25 0.25)
(0.9000000000000002 0.25 0.25)
(0.9499999999999998 0.25 0.25)
(1 0.25 0.25)
(0 0.3 0.25)
(0.05000000000000001 0.3 0.2500000000000001)
(0.1 0.3 0.25)
(0.15 0.3 0.25)
(0.2 0.3 0.25)
(0.25 0.3 0.25)
(0.3 0.3 0.25)
(0.35 0.3 0.25)
(0.4000000000000001 0.3 0.2500000000000001)
(0.45 0.3 0.25)
(0.5 0.3 0.25)
(0.55 0.3 0.25)
(0.6 0.3 0.2500000000000001)
(0.65 0.3 0.25)
(0.7000000000000001 0.3 0.25)
(0.75 0.3 0.25)
(0.8000000000000002 0.3 0.2500000000000001)
(0.85 0.3 0.25)
(0.9 0.3 0.25)
(0.9500000000000002 0.3 0.2500000000000001)
(1 0.3 0.25)
(0 0.3499999999999999 0.25)
(0.05000000000000002 0.35 0.2500000000000001)
(0.09999999999999998 0.3499999999999999 0.25)
(0.15 0.3499999999999999 0.2500000000000001)
(0.2 0.3499999999999999 0.25)
(0.25 0.3499999999999999 0.25)
(0.3 0.35 0.25)
(0.35 0.35 0.25)
(0.4000000000000001 0.3499999999999999 0.2500000000000001)
(0.45 0.3499999999999999 0.25)
(0.5 0.3499999999999999 0.25)
(0.5499999999999999 0.3499999999999999 0.25)
(0.6 0.3499999999999999 0.25)
(0.65 0.35 0.2500000000000001)
(0.7000000000000001 0.35 0.25)
(0.75 0.3499999999999999 0.2500000000000001)
(0.8000000000000002 0.3499999999999999 0.25)
(0.8499999999999998 0.35 0.2500000000000001)
(0.9 0.3499999999999999 0.25)
(0.9500000000000001 0.35 0.25)
(1 0.3499999999999999 0.25)
(0 0.4000000000000001 0.25)
(0.05000000000000001 0.4000000000000001 0.25)
(0.09999999999999999 0.4000000000000001 0.25)
(0.15 0.4000000000000001 0.25)
(0.2 0.4000000000000001 0.25)
(0.25 0.4000000000000001 0.25)
(0.3 0.4000000000000001 0.25)
(0.3499999999999999 0.4000000000000001 0.25)
(0.4000000000000001 0.4000000000000001 0.25)
(0.45 0.4000000000000001 0.25)
(0.5 0.4000000000000001 0.25)
(0.55 0.4000000000000001 0.2500000000000001)
(0.6 0.4000000000000001 0.25)
(0.65 0.4 0.2500000000000001)
(0.6999999999999998 0.4000000000000001 0.25)
(0.75 0.4000000000000001 0.25)
(0.8000000000000002 0.4000000000000001 0.25)
(0.85 0.4000000000000001 0.25)
(0.9 0.4000000000000001 0.25)
(0.9500000000000001 0.4000000000000001 0.25)
(1 0.4000000000000001 0.25)
(0 0.45 0.25)
(0.05000000000000002 0.45 0.25)
(0.09999999999999999 0.45 0.25)
(0.15 0.45 0.25)
(0.2 0.45 0.2499999999999999)
(0.25 0.45 0.25)
(0.3 0.45 0.25)
(0.3499999999999999 0.4499999999999999 0.25)
(0.4000000000000001 0.45 0.2500000000000001)
(0.45 0.45 0.25)
(0.5 0.4500000000000001 0.25)
(0.5500000000000002 0.45 0.2500000000000001)
(0.6000000000000001 0.45 0.2500000000000001)
(0.65 0.45 0.25)
(0.7000000000000001 0.45 0.25)
(0.75 0.45 0.25)
(0.7999999999999999 0.45 0.25)
(0.8499999999999998 0.4499999999999999 0.25)
(0.9 0.45 0.25)
(0.9499999999999998 0.45 0.25)
(1 0.45 0.25)
(0 0.5 0.25)
(0.05000000000000001 0.5 0.2500000000000001)
(0.09999999999999999 0.5 0.25)
(0.15 0.5 0.25)
(0.2 0.5 0.25)
(0.25 0.5 0.25)
(0.3 0.5 0.2500000000000001)
(0.35 0.5 0.25)
(0.4 0.5 0.25)
(0.4500000000000001 0.5 0.25)
(0.5 0.5 0.25)
(0.5499999999999999 0.5 0.25)
(0.6 0.5 0.25)
(0.65 0.5 0.25)
(0.7000000000000001 0.5 0.25)
(0.75 0.5 0.25)
(0.7999999999999999 0.5 0.25)
(0.8499999999999998 0.5 0.25)
(0.9000000000000002 0.5 0.25)
(0.9500000000000001 0.5 0.25)
(1 0.5 0.25)
(0 0.55 0.25)
(0.05000000000000001 0.55 0.25)
(0.09999999999999999 0.55 0.25)
(0.15 0.55 0.25)
(0.2 0.5499999999999999 0.2499999999999999)
(0.25 0.55 0.25)
(0.3 0.55 0.25)
(0.35 0.5499999999999999 0.25)
(0.4 0.55 0.2500000000000001)
(0.45 0.55 0.2500000000000001)
(0.5 0.5500000000000002 0.25)
(0.55 0.5499999999999999 0.2500000000000001)
(0.6 0.55 0.2500000000000001)
(0.65 0.5499999999999999 0.25)
(0.6999999999999998 0.55 0.25)
(0.75 0.55 0.25)
(0.7999999999999999 0.5499999999999999 0.25)
(0.85 0.55 0.25)
(0.9 0.55 0.25)
(0.9499999999999998 0.55 0.25)
(1 0.55 0.25)
(0 0.6 0.25)
(0.05000000000000001 0.6 0.25)
(0.1 0.6 0.25)
(0.15 0.6 0.25)
(0.2 0.6 0.25)
(0.25 0.6 0.25)
(0.3 0.6 0.2500000000000001)
(0.3499999999999999 0.6 0.25)
(0.4000000000000001 0.6000000000000001 0.2500000000000001)
(0.45 0.6000000000000001 0.2500000000000001)
(0.5 0.6 0.25)
(0.55 0.6 0.2500000000000001)
(0.6 0.6 0.2500000000000001)
(0.65 0.6 0.2500000000000001)
(0.6999999999999998 0.5999999999999999 0.25)
(0.75 0.6 0.2500000000000001)
(0.8000000000000002 0.6 0.2500000000000001)
(0.85 0.6 0.25)
(0.9 0.6 0.25)
(0.9500000000000001 0.6 0.25)
(1 0.6 0.25)
(0 0.65 0.25)
(0.05000000000000001 0.65 0.2500000000000001)
(0.09999999999999999 0.65 0.25)
(0.15 0.65 0.25)
(0.2 0.6499999999999999 0.25)
(0.25 0.65 0.25)
(0.3 0.6500000000000001 0.25)
(0.3499999999999999 0.65 0.25)
(0.4 0.6499999999999999 0.2500000000000001)
(0.45 0.65 0.25)
(0.5 0.65 0.25)
(0.5499999999999999 0.65 0.25)
(0.6 0.65 0.25)
(0.65 0.65 0.25)
(0.7000000000000001 0.65 0.25)
(0.75 0.65 0.25)
(0.7999999999999999 0.65 0.25)
(0.85 0.65 0.25)
(0.9 0.65 0.25)
(0.9499999999999998 0.6499999999999999 0.25)
(1 0.65 0.25)
(0 0.6999999999999998 0.25)
(0.05000000000000001 0.7000000000000001 0.2500000000000001)
(0.1 0.7000000000000001 0.25)
(0.15 0.6999999999999998 0.25)
(0.2 0.6999999999999998 0.2500000000000001)
(0.25 0.6999999999999998 0.25)
(0.3 0.6999999999999998 0.25)
(0.3499999999999999 0.7000000000000001 0.2500000000000001)
(0.4 0.6999999999999998 0.25)
(0.45 0.7000000000000001 0.25)
(0.5 0.6999999999999998 0.25)
(0.55 0.6999999999999998 0.25)
(0.6 0.6999999999999998 0.25)
(0.65 0.7000000000000001 0.25)
(0.6999999999999998 0.7000000000000001 0.25)
(0.75 0.6999999999999998 0.25)
(0.7999999999999999 0.6999999999999998 0.2500000000000001)
(0.85 0.7000000000000001 0.25)
(0.9 0.6999999999999998 0.25)
(0.9500000000000001 0.7000000000000001 0.2500000000000001)
(1 0.6999999999999998 0.25)
(0 0.75 0.25)
(0.05000000000000002 0.75 0.25)
(0.1 0.75 0.25)
(0.15 0.75 0.25)
(0.2 0.7500000000000001 0.25)
(0.25 0.75 0.25)
(0.3 0.75 0.25)
(0.3499999999999999 0.75 0.25)
(0.4000000000000001 0.75 0.25)
(0.45 0.75 0.25)
(0.5 0.75 0.25)
(0.55 0.75 0.25)
(0.5999999999999999 0.75 0.25)
(0.6500000000000001 0.75 0.25)
(0.6999999999999998 0.75 0.25)
(0.75 0.75 0.25)
(0.8000000000000002 0.75 0.25)
(0.85 0.75 0.25)
(0.9 0.7500000000000001 0.25)
(0.9499999999999998 0.75 0.25)
(1 0.75 0.25)
(0 0.8000000000000002 0.25)
(0.05000000000000001 0.8000000000000002 0.25)
(0.1 0.8000000000000002 0.2500000000000001)
(0.15 0.8000000000000002 0.25)
(0.2 0.8000000000000002 0.25)
(0.25 0.8000000000000002 0.25)
(0.3 0.8000000000000002 0.2500000000000001)
(0.3499999999999999 0.8000000000000002 0.25)
(0.4000000000000001 0.8000000000000002 0.2500000000000001)
(0.45 0.8000000000000002 0.25)
(0.5 0.8000000000000002 0.25)
(0.5499999999999999 0.7999999999999999 0.2499999999999999)
(0.6 0.8000000000000002 0.25)
(0.65 0.7999999999999999 0.25)
(0.6999999999999998 0.7999999999999999 0.2500000000000001)
(0.75 0.8000000000000002 0.25)
(0.8000000000000002 0.8000000000000002 0.2500000000000001)
(0.85 0.8000000000000002 0.25)
(0.9 0.7999999999999999 0.2500000000000001)
(0.9499999999999998 0.8000000000000002 0.25)
(1 0.8000000000000002 0.25)
(0 0.85 0.25)
(0.05000000000000001 0.8500000000000001 0.25)
(0.1 0.85 0.2500000000000001)
(0.15 0.8500000000000001 0.25)
(0.2 0.85 0.25)
(0.25 0.85 0.25)
(0.3 0.85 0.25)
(0.3499999999999999 0.85 0.25)
(0.4000000000000001 0.85 0.25)
(0.45 0.85 0.25)
(0.5 0.8499999999999998 0.25)
(0.55 0.85 0.25)
(0.6 0.85 0.25)
(0.65 0.85 0.2500000000000001)
(0.6999999999999998 0.85 0.25)
(0.75 0.85 0.25)
(0.8000000000000002 0.85 0.25)
(0.85 0.85 0.25)
(0.9 0.85 0.2500000000000001)
(0.9499999999999998 0.85 0.25)
(1 0.85 0.25)
(0 0.9 0.25)
(0.05000000000000001 0.9 0.25)
(0.1 0.9 0.25)
(0.15 0.8999999999999999 0.2500000000000001)
(0.2 0.9 0.2500000000000001)
(0.25 0.9 0.25)
(0.3 0.9 0.25)
(0.3499999999999999 0.9 0.25)
(0.4000000000000001 0.9 0.25)
(0.45 0.9 0.25)
(0.5 0.9000000000000002 0.25)
(0.55 0.8999999999999999 0.25)
(0.6 0.9 0.25)
(0.65 0.9 0.25)
(0.6999999999999998 0.9 0.25)
(0.7500000000000001 0.9 0.2500000000000001)
(0.7999999999999999 0.9 0.25)
(0.85 0.9 0.2500000000000001)
(0.9 0.9 0.25)
(0.9499999999999998 0.9 0.25)
(1 0.9 0.25)
(0 0.9499999999999998 0.25)
(0.05000000000000001 0.9500000000000001 0.25)
(0.1 0.9499999999999998 0.25)
(0.15 0.9500000000000001 0.25)
(0.2 0.9499999999999998 0.25)
(0.25 0.9499999999999998 0.25)
(0.3 0.9500000000000001 0.2500000000000001)
(0.35 0.9499999999999998 0.25)
(0.4000000000000001 0.9500000000000001 0.25)
(0.45 0.9499999999999998 0.25)
(0.5 0.9499999999999998 0.25)
(0.5499999999999999 0.9499999999999998 0.25)
(0.6 0.9499999999999998 0.25)
(0.6499999999999999 0.9499999999999998 0.2500000000000001)
(0.7000000000000001 0.9500000000000001 0.2500000000000001)
(0.75 0.9499999999999998 0.25)
(0.8000000000000002 0.9500000000000001 0.25)
(0.85 0.9500000000000001 0.25)
(0.9 0.9499999999999998 0.25)
(0.9500000000000001 0.9500000000000001 0.25)
(1 0.9499999999999998 0.25)
(0 1 0.25)
(0.05000000000000001 1 0.25)
(0.1 1 0.25)
(0.15 1 0.25)
(0.2 1 0.25)
(0.25 1 0.25)
(0.3 1 0.25)
(0.3499999999999999 1 0.25)
(0.4000000000000001 1 0.25)
(0.45 1 0.25)
(0.5 1 0.25)
(0.55 1 0.25)
(0.6 1 0.25)
(0.65 1 0.25)
(0.6999999999999998 1 0.25)
(0.75 1 0.25)
(0.8000000000000002 1 0.25)
(0.85 1 0.25)
(0.9 1 0.25)
(0.9499999999999998 1 0.25)
(1 1 0.25)
(0 0 0.3)
(0.05 0 0.3)
(0.09999999999999999 0 0.3)
(0.15 0 0.3)
(0.2 0 0.3)
(0.25 0 0.3)
(0.3 0 0.3)
(0.35 0 0.3)
(0.4 0 0.3)
(0.45 0 0.3)
(0.5 0 0.3)
(0.55 0 0.3)
(0.6 0 0.3)
(0.65 0 0.3)
(0.6999999999999998 0 0.3)
(0.75 0 0.3)
(0.7999999999999999 0 0.3)
(0.85 0 0.3)
(0.9 0 0.3)
(0.9499999999999998 0 0.3)
(1 0 0.3)
(0 0.05 0.3)
(0.05 0.05 0.3)
(0.09999999999999999 0.05000000000000001 0.3)
(0.15 0.05 0.3)
(0.2 0.05 0.3)
(0.25 0.05000000000000001 0.3)
(0.3 0.05 0.3)
(0.35 0.05000000000000001 0.3)
(0.4 0.05 0.3)
(0.45 0.05000000000000001 0.3)
(0.5 0.05 0.2999999999999999)
(0.55 0.05 0.3)
(0.6 0.05 0.3)
(0.65 0.05000000000000001 0.3)
(0.7000000000000001 0.05000000000000001 0.3)
(0.75 0.05000000000000001 0.3)
(0.8000000000000002 0.05000000000000001 0.3)
(0.85 0.05 0.3)
(0.8999999999999999 0.05000000000000001 0.3)
(0.9499999999999998 0.05 0.3)
(1 0.05 0.3)
(0 0.09999999999999999 0.3)
(0.05000000000000001 0.09999999999999999 0.3)
(0.1 0.09999999999999999 0.3)
(0.15 0.09999999999999998 0.2999999999999999)
(0.2 0.09999999999999999 0.3)
(0.2500000000000001 0.1 0.3)
(0.3 0.1 0.3)
(0.3499999999999999 0.1 0.3)
(0.4000000000000001 0.09999999999999999 0.3)
(0.45 0.1 0.3)
(0.5 0.09999999999999999 0.3)
(0.55 0.09999999999999999 0.3)
(0.6 0.09999999999999999 0.3)
(0.65 0.1 0.3)
(0.6999999999999998 0.1 0.3)
(0.75 0.1 0.3)
(0.8000000000000002 0.1 0.3)
(0.85 0.09999999999999999 0.3)
(0.9 0.1 0.3)
(0.9500000000000001 0.09999999999999999 0.3)
(1 0.09999999999999999 0.3)
(0 0.15 0.3)
(0.05 0.15 0.3)
(0.09999999999999999 0.15 0.2999999999999999)
(0.15 0.15 0.3)
(0.2 0.15 0.3)
(0.25 0.15 0.3)
(0.3 0.15 0.3)
(0.3499999999999999 0.15 0.3)
(0.4 0.15 0.3)
(0.45 0.15 0.3)
(0.5 0.15 0.3)
(0.55 0.15 0.3)
(0.6 0.15 0.3)
(0.65 0.15 0.3)
(0.6999999999999998 0.15 0.3)
(0.75 0.15 0.3)
(0.8000000000000002 0.15 0.3)
(0.85 0.15 0.3)
(0.9 0.15 0.2999999999999999)
(0.9500000000000001 0.15 0.3)
(1 0.15 0.3)
(0 0.2 0.3)
(0.05000000000000001 0.2 0.3)
(0.09999999999999999 0.2 0.3)
(0.15 0.2 0.3)
(0.2 0.2 0.3)
(0.25 0.2 0.3)
(0.3 0.2 0.3)
(0.35 0.2 0.3)
(0.4000000000000001 0.2 0.3)
(0.45 0.2 0.3)
(0.5 0.2 0.3)
(0.55 0.2 0.3)
(0.6 0.2 0.3)
(0.65 0.2 0.3)
(0.7000000000000001 0.2 0.3)
(0.75 0.2 0.3)
(0.8000000000000002 0.2 0.3)
(0.85 0.2 0.3)
(0.9000000000000002 0.2 0.3)
(0.9500000000000001 0.2 0.3)
(1 0.2 0.3)
(0 0.25 0.3)
(0.05000000000000001 0.25 0.3)
(0.1 0.2500000000000001 0.3)
(0.15 0.25 0.3)
(0.2 0.2500000000000001 0.3)
(0.25 0.25 0.3)
(0.3 0.25 0.3)
(0.3499999999999999 0.25 0.3)
(0.4000000000000001 0.25 0.3)
(0.4500000000000001 0.25 0.3)
(0.5 0.25 0.3)
(0.55 0.25 0.3)
(0.6 0.25 0.3)
(0.65 0.25 0.3)
(0.6999999999999998 0.25 0.3)
(0.75 0.2500000000000001 0.3)
(0.8000000000000002 0.2500000000000001 0.3)
(0.8499999999999998 0.25 0.3)
(0.9000000000000002 0.25 0.3)
(0.9500000000000001 0.25 0.3)
(1 0.25 0.3)
(0 0.3 0.3)
(0.05000000000000001 0.3 0.3)
(0.1 0.3 0.3)
(0.15 0.3 0.3)
(0.2 0.3 0.3)
(0.25 0.3 0.3)
(0.3 0.3 0.3)
(0.35 0.3 0.3)
(0.4000000000000001 0.3 0.3)
(0.45 0.3 0.3)
(0.5 0.3 0.3)
(0.55 0.3 0.3)
(0.6 0.3 0.3)
(0.6500000000000001 0.3 0.3)
(0.7000000000000001 0.3 0.3)
(0.75 0.3 0.3)
(0.8000000000000002 0.3 0.3)
(0.85 0.3 0.3)
(0.9 0.3 0.3)
(0.9500000000000002 0.3 0.3)
(1 0.3 0.3)
(0 0.35 0.3)
(0.05000000000000001 0.3499999999999999 0.3)
(0.09999999999999999 0.3499999999999999 0.3)
(0.15 0.3499999999999999 0.3)
(0.2 0.3499999999999999 0.3)
(0.25 0.35 0.3)
(0.3 0.3499999999999999 0.3)
(0.3499999999999999 0.3499999999999999 0.3)
(0.4 0.35 0.3)
(0.45 0.3499999999999999 0.3)
(0.5 0.35 0.3)
(0.5499999999999999 0.3499999999999999 0.3)
(0.6 0.3499999999999999 0.3)
(0.65 0.3499999999999999 0.3)
(0.6999999999999998 0.3499999999999999 0.3)
(0.75 0.3499999999999999 0.3)
(0.8000000000000002 0.35 0.3)
(0.8500000000000001 0.35 0.3)
(0.9 0.3499999999999999 0.3)
(0.9500000000000001 0.35 0.3)
(1 0.35 0.3)
(0 0.4 0.3)
(0.05 0.4 0.3)
(0.09999999999999999 0.4000000000000001 0.3)
(0.15 0.4 0.3)
(0.2 0.4000000000000001 0.3)
(0.25 0.4000000000000001 0.3)
(0.3 0.4000000000000001 0.3)
(0.3499999999999999 0.4000000000000001 0.3)
(0.4 0.4 0.3)
(0.45 0.4 0.3)
(0.5 0.4 0.3)
(0.5500000000000002 0.4 0.3)
(0.6 0.4 0.3)
(0.65 0.4000000000000001 0.3)
(0.6999999999999998 0.4000000000000001 0.3)
(0.75 0.4000000000000001 0.3)
(0.8000000000000002 0.4000000000000001 0.3)
(0.85 0.4 0.3)
(0.8999999999999999 0.4 0.3)
(0.9499999999999998 0.4 0.3)
(1 0.4 0.3)
(0 0.45 0.3)
(0.05 0.45 0.3)
(0.09999999999999999 0.45 0.3)
(0.15 0.45 0.3)
(0.2 0.45 0.3)
(0.2500000000000001 0.45 0.3)
(0.3 0.45 0.3)
(0.35 0.45 0.3)
(0.4 0.45 0.3)
(0.45 0.45 0.3)
(0.5 0.45 0.3)
(0.55 0.45 0.3)
(0.6 0.45 0.3)
(0.65 0.45 0.3)
(0.6999999999999998 0.45 0.3)
(0.75 0.4500000000000001 0.3)
(0.8000000000000002 0.4500000000000001 0.3)
(0.8499999999999998 0.45 0.3)
(0.9 0.45 0.3)
(0.9499999999999998 0.45 0.3)
(1 0.45 0.3)
(0 0.5 0.3)
(0.05 0.5 0.2999999999999999)
(0.09999999999999999 0.5 0.3)
(0.15 0.5 0.3)
(0.2 0.5 0.3)
(0.25 0.5 0.2999999999999999)
(0.3 0.5 0.3)
(0.35 0.5 0.3)
(0.4 0.5 0.2999999999999999)
(0.45 0.5 0.3)
(0.5 0.5 0.2999999999999999)
(0.5499999999999999 0.5 0.3)
(0.6 0.5 0.2999999999999999)
(0.65 0.4999999999999999 0.3)
(0.7000000000000001 0.5 0.3)
(0.75 0.5000000000000001 0.3)
(0.7999999999999999 0.5 0.3)
(0.8499999999999998 0.5 0.3)
(0.9 0.5 0.3)
(0.9500000000000001 0.5 0.3)
(1 0.5 0.3)
(0 0.55 0.3)
(0.05 0.55 0.2999999999999999)
(0.09999999999999999 0.55 0.3)
(0.15 0.55 0.3)
(0.2 0.55 0.3)
(0.2500000000000001 0.55 0.3)
(0.3 0.5499999999999999 0.3)
(0.3499999999999999 0.5499999999999999 0.3)
(0.4 0.55 0.3)
(0.45 0.55 0.3)
(0.5 0.5499999999999999 0.3)
(0.55 0.55 0.3)
(0.6 0.55 0.3)
(0.65 0.5499999999999999 0.3)
(0.6999999999999998 0.55 0.3)
(0.75 0.55 0.3)
(0.8000000000000002 0.55 0.3)
(0.85 0.55 0.3)
(0.8999999999999999 0.55 0.3)
(0.9499999999999998 0.55 0.3)
(1 0.55 0.3)
(0 0.6 0.3)
(0.05000000000000001 0.6 0.3)
(0.1 0.6 0.3)
(0.15 0.6 0.3)
(0.2 0.6 0.3)
(0.25 0.6 0.3)
(0.3 0.6 0.3)
(0.3499999999999999 0.6 0.3)
(0.4000000000000001 0.6000000000000001 0.3000000000000001)
(0.45 0.6 0.3)
(0.5 0.6000000000000001 0.3)
(0.5499999999999999 0.6 0.3)
(0.6 0.6 0.3)
(0.65 0.6 0.3)
(0.6999999999999998 0.6 0.3)
(0.7500000000000001 0.6 0.3)
(0.8000000000000002 0.6 0.3)
(0.8500000000000001 0.6 0.3)
(0.9 0.6000000000000001 0.3)
(0.9500000000000001 0.6 0.3)
(1 0.6 0.3)
(0 0.65 0.3)
(0.05000000000000001 0.6499999999999999 0.3)
(0.09999999999999999 0.65 0.3)
(0.15 0.65 0.3)
(0.2 0.6499999999999999 0.3)
(0.25 0.65 0.3)
(0.3 0.65 0.3)
(0.3499999999999999 0.6499999999999999 0.3)
(0.4 0.6499999999999999 0.3)
(0.45 0.65 0.3)
(0.5 0.6499999999999999 0.3)
(0.5499999999999999 0.65 0.3)
(0.6 0.65 0.3)
(0.65 0.6499999999999999 0.3)
(0.6999999999999998 0.65 0.3)
(0.75 0.65 0.3)
(0.7999999999999999 0.65 0.3)
(0.85 0.65 0.3)
(0.9 0.65 0.3)
(0.9499999999999998 0.6499999999999999 0.3)
(1 0.65 0.3)
(0 0.6999999999999998 0.3)
(0.05 0.6999999999999998 0.3)
(0.09999999999999999 0.6999999999999998 0.3)
(0.15 0.6999999999999998 0.3)
(0.2 0.6999999999999998 0.3)
(0.25 0.6999999999999998 0.3)
(0.3 0.6999999999999998 0.3)
(0.3499999999999999 0.6999999999999998 0.3)
(0.4 0.7000000000000001 0.3)
(0.45 0.6999999999999998 0.3)
(0.5 0.7000000000000001 0.3)
(0.55 0.6999999999999998 0.3)
(0.6 0.7000000000000001 0.3)
(0.65 0.7000000000000001 0.3)
(0.6999999999999998 0.7000000000000001 0.3)
(0.75 0.6999999999999998 0.3)
(0.8000000000000002 0.7000000000000001 0.3)
(0.85 0.7000000000000001 0.3)
(0.9 0.6999999999999998 0.3000000000000001)
(0.9500000000000002 0.7000000000000001 0.3)
(1 0.6999999999999998 0.3)
(0 0.75 0.3)
(0.05000000000000001 0.75 0.3)
(0.1 0.75 0.3)
(0.15 0.75 0.3)
(0.2 0.7499999999999999 0.3)
(0.25 0.75 0.3)
(0.3 0.75 0.3)
(0.35 0.7499999999999999 0.3)
(0.4000000000000001 0.75 0.3)
(0.45 0.7500000000000001 0.3)
(0.5 0.75 0.3)
(0.55 0.75 0.3)
(0.6000000000000001 0.75 0.3)
(0.65 0.75 0.3)
(0.6999999999999998 0.75 0.3)
(0.75 0.75 0.3)
(0.8000000000000002 0.7500000000000001 0.3)
(0.85 0.7499999999999999 0.3)
(0.9 0.75 0.3)
(0.9500000000000001 0.75 0.3)
(1 0.75 0.3)
(0 0.7999999999999999 0.3)
(0.05000000000000001 0.7999999999999999 0.3)
(0.1 0.8000000000000002 0.3)
(0.15 0.8000000000000002 0.3)
(0.2 0.8000000000000002 0.3)
(0.2500000000000001 0.8000000000000002 0.3)
(0.3 0.8000000000000002 0.3)
(0.3499999999999999 0.8000000000000002 0.3)
(0.4000000000000001 0.8000000000000002 0.3)
(0.45 0.8000000000000002 0.3)
(0.5000000000000001 0.7999999999999999 0.3)
(0.5499999999999999 0.7999999999999999 0.3)
(0.6 0.8000000000000002 0.3)
(0.65 0.7999999999999999 0.3)
(0.6999999999999998 0.8000000000000002 0.3)
(0.7500000000000001 0.8000000000000003 0.3)
(0.8000000000000002 0.8000000000000003 0.3)
(0.8500000000000001 0.8000000000000002 0.3)
(0.9 0.7999999999999999 0.3)
(0.9499999999999998 0.7999999999999999 0.3)
(1 0.7999999999999999 0.3)
(0 0.85 0.3)
(0.05 0.85 0.3)
(0.09999999999999999 0.85 0.3)
(0.15 0.85 0.3)
(0.2 0.85 0.3)
(0.25 0.85 0.3)
(0.3 0.85 0.3)
(0.3499999999999999 0.85 0.3)
(0.4 0.85 0.3)
(0.45 0.85 0.3)
(0.5 0.8499999999999998 0.3)
(0.55 0.85 0.3)
(0.6 0.85 0.3)
(0.65 0.85 0.3)
(0.6999999999999998 0.85 0.3)
(0.75 0.85 0.3)
(0.8000000000000002 0.85 0.3)
(0.85 0.8500000000000001 0.3)
(0.9 0.8500000000000001 0.3)
(0.9499999999999998 0.8500000000000001 0.3)
(1 0.85 0.3)
(0 0.9 0.3)
(0.05000000000000001 0.9 0.3)
(0.1 0.9 0.3)
(0.15 0.8999999999999999 0.2999999999999999)
(0.2 0.8999999999999999 0.3)
(0.25 0.9 0.3)
(0.3 0.9 0.3)
(0.35 0.9 0.3)
(0.4 0.9 0.3)
(0.45 0.9 0.3)
(0.5 0.9 0.3)
(0.55 0.8999999999999999 0.3)
(0.6 0.9 0.3)
(0.65 0.9 0.3)
(0.7000000000000001 0.9 0.3)
(0.75 0.9000000000000002 0.3)
(0.8000000000000002 0.9000000000000002 0.3)
(0.8500000000000001 0.9 0.3)
(0.9 0.9 0.3)
(0.9499999999999998 0.9 0.3)
(1 0.9 0.3)
(0 0.9499999999999998 0.3)
(0.05 0.9500000000000001 0.3)
(0.09999999999999999 0.9499999999999998 0.3)
(0.15 0.9500000000000001 0.3)
(0.2 0.9499999999999998 0.3)
(0.25 0.9499999999999998 0.3)
(0.3 0.9500000000000001 0.3)
(0.35 0.9499999999999998 0.3)
(0.4 0.9500000000000001 0.3)
(0.45 0.9499999999999998 0.3)
(0.5 0.9500000000000001 0.3)
(0.55 0.9499999999999998 0.3)
(0.6 0.9500000000000001 0.3)
(0.65 0.9500000000000001 0.3)
(0.7000000000000001 0.9500000000000002 0.3000000000000001)
(0.75 0.9499999999999998 0.3)
(0.8000000000000002 0.9500000000000001 0.3)
(0.85 0.9499999999999998 0.3)
(0.9 0.9499999999999998 0.3)
(0.9499999999999998 0.9499999999999998 0.3)
(1 0.9499999999999998 0.3)
(0 1 0.3)
(0.05 1 0.3)
(0.09999999999999999 1 0.3)
(0.15 1 0.3)
(0.2 1 0.3)
(0.25 1 0.3)
(0.3 1 0.3)
(0.35 1 0.3)
(0.4 1 0.3)
(0.45 1 0.3)
(0.5 1 0.3)
(0.55 1 0.3)
(0.6 1 0.3)
(0.65 1 0.3)
(0.6999999999999998 1 0.3)
(0.75 1 0.3)
(0.7999999999999999 1 0.3)
(0.85 1 0.3)
(0.9 1 0.3)
(0.9499999999999998 1 0.3)
(1 1 0.3)
(0 0 0.3499999999999999)
(0.05000000000000001 0 0.35)
(0.09999999999999998 0 0.3499999999999999)
(0.15 0 0.35)
(0.2 0 0.35)
(0.25 0 0.3499999999999999)
(0.3 0 0.35)
(0.3499999999999999 0 0.35)
(0.4000000000000001 0 0.3499999999999999)
(0.45 0 0.35)
(0.5 0 0.35)
(0.55 0 0.3499999999999999)
(0.6 0 0.35)
(0.65 0 0.3499999999999999)
(0.6999999999999998 0 0.3499999999999999)
(0.75 0 0.3499999999999999)
(0.8000000000000002 0 0.3499999999999999)
(0.85 0 0.3499999999999999)
(0.9 0 0.35)
(0.9499999999999998 0 0.35)
(1 0 0.3499999999999999)
(0 0.05000000000000001 0.35)
(0.05000000000000001 0.05000000000000001 0.3500000000000001)
(0.1 0.05000000000000001 0.3499999999999999)
(0.15 0.05000000000000001 0.35)
(0.2 0.05000000000000001 0.35)
(0.25 0.05000000000000001 0.3500000000000001)
(0.3 0.05000000000000001 0.35)
(0.3500000000000001 0.05000000000000001 0.3499999999999999)
(0.4000000000000001 0.05 0.3499999999999999)
(0.45 0.05000000000000001 0.3500000000000001)
(0.5 0.05 0.35)
(0.55 0.05 0.35)
(0.6 0.05 0.3499999999999999)
(0.6500000000000001 0.05000000000000001 0.35)
(0.6999999999999998 0.05000000000000001 0.35)
(0.75 0.05000000000000002 0.35)
(0.8000000000000002 0.05000000000000001 0.35)
(0.85 0.05000000000000001 0.35)
(0.9 0.05000000000000001 0.3499999999999999)
(0.9499999999999998 0.05000000000000001 0.3499999999999999)
(1 0.05000000000000001 0.35)
(0 0.09999999999999998 0.3499999999999999)
(0.05000000000000001 0.1 0.3499999999999999)
(0.1 0.1 0.35)
(0.15 0.09999999999999999 0.3499999999999999)
(0.2 0.1 0.3499999999999999)
(0.25 0.09999999999999999 0.3499999999999999)
(0.3 0.1 0.3499999999999999)
(0.3499999999999999 0.09999999999999999 0.35)
(0.4000000000000001 0.09999999999999998 0.3499999999999999)
(0.4499999999999999 0.09999999999999998 0.3499999999999999)
(0.4999999999999999 0.09999999999999998 0.3499999999999999)
(0.55 0.09999999999999999 0.35)
(0.6 0.09999999999999999 0.3499999999999999)
(0.6499999999999999 0.09999999999999998 0.35)
(0.6999999999999998 0.1 0.3499999999999999)
(0.75 0.1 0.35)
(0.8000000000000002 0.1 0.3499999999999999)
(0.85 0.09999999999999999 0.3499999999999999)
(0.9 0.1 0.3499999999999999)
(0.9500000000000001 0.1 0.3499999999999999)
(1 0.09999999999999998 0.3499999999999999)
(0 0.15 0.35)
(0.05000000000000001 0.15 0.3499999999999999)
(0.09999999999999998 0.15 0.3499999999999999)
(0.15 0.15 0.3499999999999999)
(0.2 0.15 0.35)
(0.25 0.15 0.3499999999999999)
(0.3 0.15 0.35)
(0.3499999999999999 0.15 0.3499999999999999)
(0.4000000000000001 0.15 0.35)
(0.45 0.15 0.3499999999999999)
(0.5 0.15 0.35)
(0.55 0.15 0.35)
(0.6 0.15 0.3499999999999999)
(0.65 0.15 0.35)
(0.7000000000000001 0.15 0.35)
(0.75 0.15 0.3499999999999999)
(0.8000000000000002 0.15 0.3499999999999999)
(0.8499999999999998 0.15 0.35)
(0.9 0.15 0.35)
(0.9500000000000001 0.15 0.35)
(1 0.15 0.35)
(0 0.2 0.35)
(0.05000000000000001 0.2 0.3499999999999999)
(0.1 0.2 0.35)
(0.15 0.2 0.3499999999999999)
(0.2 0.2 0.35)
(0.25 0.2 0.3499999999999999)
(0.3 0.2 0.3499999999999999)
(0.3499999999999999 0.2 0.35)
(0.4000000000000001 0.2 0.35)
(0.4500000000000001 0.2 0.35)
(0.5 0.2 0.3499999999999999)
(0.55 0.2 0.35)
(0.6000000000000001 0.2 0.35)
(0.65 0.2 0.35)
(0.6999999999999998 0.2 0.3499999999999999)
(0.75 0.2 0.35)
(0.8000000000000002 0.2 0.3499999999999999)
(0.85 0.2 0.3499999999999999)
(0.9000000000000002 0.2 0.35)
(0.9500000000000001 0.2 0.3499999999999999)
(1 0.2 0.35)
(0 0.25 0.3499999999999999)
(0.05000000000000001 0.25 0.3500000000000001)
(0.09999999999999999 0.25 0.3499999999999999)
(0.15 0.25 0.35)
(0.2 0.25 0.3499999999999999)
(0.25 0.25 0.3499999999999999)
(0.3 0.25 0.3499999999999999)
(0.3499999999999999 0.25 0.3499999999999999)
(0.4 0.25 0.35)
(0.45 0.25 0.3499999999999999)
(0.5 0.25 0.3499999999999999)
(0.55 0.25 0.35)
(0.6 0.25 0.3499999999999999)
(0.6500000000000001 0.25 0.3499999999999999)
(0.6999999999999998 0.25 0.35)
(0.75 0.25 0.35)
(0.8000000000000002 0.25 0.35)
(0.8499999999999998 0.25 0.35)
(0.9 0.25 0.35)
(0.9499999999999998 0.25 0.3499999999999999)
(1 0.25 0.3499999999999999)
(0 0.3 0.35)
(0.05000000000000001 0.3 0.3499999999999999)
(0.09999999999999998 0.3 0.3499999999999999)
(0.15 0.3 0.35)
(0.2 0.3 0.35)
(0.25 0.3 0.35)
(0.3 0.3 0.35)
(0.35 0.3 0.3499999999999999)
(0.4000000000000001 0.3 0.35)
(0.45 0.3 0.3499999999999999)
(0.5 0.3 0.3499999999999999)
(0.55 0.3 0.3499999999999999)
(0.6 0.3 0.35)
(0.6500000000000001 0.3 0.35)
(0.7000000000000002 0.3 0.35)
(0.75 0.3 0.3500000000000001)
(0.8000000000000002 0.3 0.35)
(0.85 0.3 0.3499999999999999)
(0.9 0.3 0.3499999999999999)
(0.9500000000000001 0.3 0.3499999999999999)
(1 0.3 0.35)
(0 0.3499999999999999 0.35)
(0.05000000000000001 0.35 0.35)
(0.09999999999999999 0.3499999999999999 0.35)
(0.15 0.3499999999999999 0.3499999999999999)
(0.2 0.3499999999999999 0.3499999999999999)
(0.25 0.3499999999999999 0.35)
(0.3 0.3499999999999999 0.35)
(0.3499999999999999 0.3499999999999999 0.3499999999999999)
(0.4 0.3499999999999999 0.3499999999999999)
(0.45 0.3499999999999999 0.35)
(0.5 0.35 0.35)
(0.5499999999999999 0.3499999999999999 0.35)
(0.6 0.3499999999999999 0.3499999999999999)
(0.6500000000000001 0.35 0.35)
(0.7000000000000001 0.3499999999999999 0.35)
(0.75 0.35 0.3499999999999999)
(0.8000000000000002 0.35 0.35)
(0.8499999999999998 0.35 0.3499999999999999)
(0.9 0.3499999999999999 0.3500000000000001)
(0.9500000000000002 0.3500000000000001 0.35)
(1 0.3499999999999999 0.35)
(0 0.4000000000000001 0.3499999999999999)
(0.05 0.4000000000000001 0.3499999999999999)
(0.09999999999999998 0.4000000000000001 0.3499999999999999)
(0.15 0.4000000000000001 0.3499999999999999)
(0.2 0.4000000000000001 0.3499999999999999)
(0.25 0.4000000000000001 0.35)
(0.3 0.4000000000000001 0.35)
(0.3499999999999999 0.4000000000000001 0.35)
(0.4 0.4000000000000001 0.35)
(0.45 0.4 0.3499999999999999)
(0.5 0.4 0.3499999999999999)
(0.55 0.4 0.3499999999999999)
(0.6 0.4 0.3499999999999999)
(0.65 0.4 0.3499999999999999)
(0.6999999999999998 0.4000000000000001 0.35)
(0.75 0.4000000000000001 0.3499999999999999)
(0.8000000000000002 0.4000000000000001 0.35)
(0.85 0.4000000000000001 0.3499999999999999)
(0.9 0.4000000000000001 0.35)
(0.9499999999999998 0.4000000000000001 0.3499999999999999)
(1 0.4000000000000001 0.3499999999999999)
(0 0.45 0.35)
(0.05000000000000001 0.45 0.3499999999999999)
(0.09999999999999999 0.45 0.35)
(0.15 0.45 0.35)
(0.2 0.45 0.3499999999999999)
(0.25 0.45 0.35)
(0.3 0.45 0.3499999999999999)
(0.3499999999999999 0.45 0.3499999999999999)
(0.4 0.45 0.3499999999999999)
(0.45 0.45 0.35)
(0.5 0.45 0.3499999999999999)
(0.55 0.45 0.35)
(0.6000000000000001 0.45 0.3499999999999999)
(0.65 0.45 0.3499999999999999)
(0.6999999999999998 0.45 0.3499999999999999)
(0.7500000000000001 0.4500000000000001 0.35)
(0.7999999999999999 0.45 0.35)
(0.8499999999999998 0.45 0.3499999999999999)
(0.9 0.45 0.35)
(0.9499999999999998 0.45 0.35)
(1 0.45 0.35)
(0 0.5 0.35)
(0.05 0.5 0.35)
(0.09999999999999998 0.4999999999999999 0.3499999999999999)
(0.15 0.5 0.3499999999999999)
(0.2 0.5 0.35)
(0.25 0.5 0.3499999999999999)
(0.3 0.5 0.3499999999999999)
(0.3499999999999999 0.5 0.35)
(0.4 0.5 0.3499999999999999)
(0.45 0.5 0.3499999999999999)
(0.5 0.5 0.35)
(0.5499999999999999 0.5 0.3499999999999999)
(0.6 0.4999999999999999 0.3499999999999999)
(0.65 0.5 0.35)
(0.6999999999999998 0.5 0.3499999999999999)
(0.75 0.5 0.3499999999999999)
(0.8000000000000002 0.5 0.3499999999999999)
(0.8499999999999998 0.4999999999999999 0.35)
(0.9 0.5 0.35)
(0.9500000000000001 0.5 0.35)
(1 0.5 0.35)
(0 0.55 0.3499999999999999)
(0.05000000000000001 0.5500000000000002 0.3499999999999999)
(0.09999999999999999 0.55 0.35)
(0.15 0.55 0.3499999999999999)
(0.2 0.5500000000000002 0.3499999999999999)
(0.25 0.55 0.3499999999999999)
(0.3 0.55 0.3499999999999999)
(0.3499999999999999 0.5499999999999999 0.3499999999999999)
(0.4 0.55 0.3499999999999999)
(0.45 0.55 0.3499999999999999)
(0.5 0.5499999999999999 0.3499999999999999)
(0.55 0.55 0.35)
(0.6000000000000001 0.55 0.3499999999999999)
(0.65 0.5500000000000002 0.35)
(0.6999999999999998 0.55 0.3499999999999999)
(0.75 0.55 0.3499999999999999)
(0.7999999999999999 0.5499999999999999 0.3499999999999999)
(0.85 0.55 0.3499999999999999)
(0.8999999999999999 0.55 0.3500000000000001)
(0.9499999999999998 0.5499999999999999 0.3499999999999999)
(1 0.55 0.3499999999999999)
(0 0.6 0.35)
(0.05000000000000001 0.6 0.3499999999999999)
(0.1 0.6 0.35)
(0.15 0.6000000000000001 0.3499999999999999)
(0.2 0.6 0.35)
(0.25 0.6 0.35)
(0.3 0.6 0.35)
(0.3499999999999999 0.6 0.35)
(0.4000000000000001 0.6000000000000001 0.3499999999999999)
(0.45 0.6 0.3499999999999999)
(0.5 0.6 0.3499999999999999)
(0.55 0.6 0.3499999999999999)
(0.6 0.6 0.35)
(0.6499999999999999 0.6 0.3499999999999999)
(0.6999999999999998 0.6 0.3499999999999999)
(0.75 0.6 0.35)
(0.7999999999999999 0.6 0.35)
(0.85 0.6 0.35)
(0.9 0.6 0.35)
(0.9499999999999998 0.5999999999999999 0.3499999999999999)
(1 0.6 0.35)
(0 0.65 0.3499999999999999)
(0.05000000000000001 0.65 0.35)
(0.09999999999999998 0.6499999999999999 0.3499999999999999)
(0.15 0.65 0.35)
(0.2 0.65 0.3499999999999999)
(0.2500000000000001 0.6500000000000001 0.3499999999999999)
(0.3 0.6500000000000001 0.3499999999999999)
(0.3499999999999999 0.6500000000000001 0.3499999999999999)
(0.4 0.65 0.35)
(0.45 0.65 0.3499999999999999)
(0.5000000000000001 0.65 0.35)
(0.5499999999999999 0.65 0.3499999999999999)
(0.6 0.65 0.35)
(0.6500000000000001 0.6500000000000001 0.3499999999999999)
(0.6999999999999998 0.65 0.3499999999999999)
(0.75 0.6500000000000001 0.35)
(0.8000000000000002 0.65 0.35)
(0.85 0.65 0.35)
(0.8999999999999999 0.65 0.35)
(0.9500000000000001 0.65 0.35)
(1 0.65 0.3499999999999999)
(0 0.6999999999999998 0.3499999999999999)
(0.05000000000000001 0.7000000000000001 0.3499999999999999)
(0.09999999999999998 0.6999999999999998 0.3499999999999999)
(0.15 0.7000000000000001 0.35)
(0.2 0.6999999999999998 0.35)
(0.25 0.7000000000000001 0.3499999999999999)
(0.3 0.6999999999999998 0.35)
(0.3499999999999999 0.6999999999999998 0.3499999999999999)
(0.4 0.6999999999999998 0.3499999999999999)
(0.45 0.6999999999999998 0.3499999999999999)
(0.5 0.7000000000000001 0.3499999999999999)
(0.55 0.6999999999999998 0.3499999999999999)
(0.6 0.6999999999999998 0.35)
(0.65 0.7000000000000001 0.3499999999999999)
(0.6999999999999998 0.6999999999999998 0.3499999999999999)
(0.75 0.7000000000000001 0.35)
(0.8000000000000002 0.7000000000000001 0.3499999999999999)
(0.85 0.7000000000000001 0.35)
(0.9 0.6999999999999998 0.35)
(0.9500000000000001 0.7000000000000001 0.35)
(1 0.6999999999999998 0.3499999999999999)
(0 0.75 0.3499999999999999)
(0.05000000000000001 0.75 0.35)
(0.09999999999999999 0.75 0.35)
(0.15 0.75 0.35)
(0.2 0.75 0.3499999999999999)
(0.25 0.75 0.3499999999999999)
(0.3 0.7500000000000001 0.35)
(0.3499999999999999 0.75 0.35)
(0.4 0.75 0.3499999999999999)
(0.45 0.75 0.35)
(0.5 0.75 0.3499999999999999)
(0.55 0.75 0.3499999999999999)
(0.6 0.75 0.35)
(0.6500000000000001 0.75 0.35)
(0.6999999999999998 0.7499999999999999 0.35)
(0.75 0.75 0.3499999999999999)
(0.7999999999999999 0.7499999999999999 0.3499999999999999)
(0.85 0.75 0.3499999999999999)
(0.9 0.75 0.35)
(0.9499999999999998 0.75 0.35)
(1 0.75 0.3499999999999999)
(0 0.8000000000000002 0.3499999999999999)
(0.05000000000000001 0.8000000000000002 0.3499999999999999)
(0.09999999999999999 0.8000000000000002 0.3499999999999999)
(0.15 0.8000000000000002 0.3499999999999999)
(0.2 0.8000000000000002 0.3499999999999999)
(0.25 0.8000000000000002 0.3499999999999999)
(0.3 0.8000000000000002 0.3499999999999999)
(0.35 0.8000000000000002 0.35)
(0.4 0.8000000000000002 0.35)
(0.45 0.8000000000000002 0.3499999999999999)
(0.5 0.7999999999999999 0.35)
(0.5499999999999999 0.7999999999999999 0.3499999999999999)
(0.6000000000000001 0.7999999999999999 0.35)
(0.65 0.7999999999999999 0.35)
(0.6999999999999998 0.8000000000000002 0.3499999999999999)
(0.75 0.8000000000000002 0.35)
(0.7999999999999999 0.8000000000000002 0.3499999999999999)
(0.8500000000000001 0.8000000000000002 0.35)
(0.9 0.8000000000000002 0.35)
(0.9500000000000002 0.8000000000000002 0.3499999999999999)
(1 0.8000000000000002 0.3499999999999999)
(0 0.85 0.3499999999999999)
(0.05000000000000001 0.85 0.3499999999999999)
(0.09999999999999998 0.85 0.3499999999999999)
(0.15 0.85 0.35)
(0.2 0.85 0.3499999999999999)
(0.25 0.85 0.35)
(0.3 0.85 0.35)
(0.3499999999999999 0.85 0.35)
(0.4000000000000001 0.85 0.3499999999999999)
(0.45 0.85 0.3499999999999999)
(0.5 0.8499999999999998 0.3499999999999999)
(0.55 0.8499999999999998 0.3499999999999999)
(0.6 0.85 0.3499999999999999)
(0.65 0.85 0.3499999999999999)
(0.6999999999999998 0.85 0.35)
(0.75 0.85 0.35)
(0.8000000000000002 0.85 0.3499999999999999)
(0.85 0.8499999999999998 0.3499999999999999)
(0.9 0.85 0.35)
(0.9499999999999998 0.8499999999999998 0.3499999999999999)
(1 0.85 0.3499999999999999)
(0 0.9 0.35)
(0.05000000000000001 0.9 0.35)
(0.1 0.9 0.3499999999999999)
(0.15 0.9 0.3499999999999999)
(0.2 0.9 0.35)
(0.25 0.9 0.35)
(0.3 0.9 0.3499999999999999)
(0.35 0.9 0.35)
(0.4000000000000001 0.9 0.35)
(0.45 0.9 0.3499999999999999)
(0.5 0.9 0.3499999999999999)
(0.55 0.9 0.35)
(0.6 0.9 0.3499999999999999)
(0.65 0.9 0.3499999999999999)
(0.6999999999999998 0.8999999999999999 0.3499999999999999)
(0.75 0.9 0.35)
(0.8000000000000002 0.9000000000000002 0.35)
(0.85 0.9 0.3499999999999999)
(0.9 0.9 0.3499999999999999)
(0.9499999999999998 0.9 0.3499999999999999)
(1 0.9 0.35)
(0 0.9499999999999998 0.35)
(0.05000000000000001 0.9500000000000001 0.3499999999999999)
(0.1 0.9499999999999998 0.35)
(0.15 0.9499999999999998 0.3499999999999999)
(0.2 0.9499999999999998 0.3499999999999999)
(0.25 0.9499999999999998 0.35)
(0.3 0.9500000000000001 0.3499999999999999)
(0.35 0.9500000000000001 0.35)
(0.4000000000000001 0.9499999999999998 0.3499999999999999)
(0.45 0.9499999999999998 0.3499999999999999)
(0.5 0.9500000000000001 0.35)
(0.55 0.9499999999999998 0.3499999999999999)
(0.6 0.9499999999999998 0.35)
(0.65 0.9499999999999998 0.35)
(0.6999999999999998 0.9500000000000001 0.3499999999999999)
(0.75 0.9499999999999998 0.35)
(0.8000000000000002 0.9500000000000001 0.3499999999999999)
(0.85 0.9499999999999998 0.3499999999999999)
(0.9 0.9499999999999998 0.35)
(0.9499999999999998 0.9499999999999998 0.35)
(1 0.9499999999999998 0.35)
(0 1 0.3499999999999999)
(0.05000000000000001 1 0.35)
(0.09999999999999998 0.9999999999999999 0.3499999999999999)
(0.15 1 0.3499999999999999)
(0.2 1 0.3499999999999999)
(0.25 1 0.3499999999999999)
(0.3 1 0.35)
(0.3499999999999999 1 0.3499999999999999)
(0.4000000000000001 1 0.35)
(0.45 1 0.3499999999999999)
(0.5 1 0.35)
(0.55 1 0.3499999999999999)
(0.6 0.9999999999999999 0.3499999999999999)
(0.65 1 0.35)
(0.6999999999999998 1 0.35)
(0.75 1 0.3499999999999999)
(0.8000000000000002 1 0.35)
(0.85 0.9999999999999999 0.35)
(0.9 1 0.35)
(0.9499999999999998 1 0.35)
(1 1 0.3499999999999999)
(0 0 0.4000000000000001)
(0.05000000000000001 0 0.4000000000000001)
(0.09999999999999999 0 0.4000000000000001)
(0.15 0 0.4000000000000001)
(0.2 0 0.4000000000000001)
(0.25 0 0.4000000000000001)
(0.3 0 0.4000000000000001)
(0.3499999999999999 0 0.4)
(0.4000000000000001 0 0.4000000000000001)
(0.45 0 0.4000000000000001)
(0.5 0 0.4)
(0.55 0 0.4)
(0.6 0 0.4000000000000001)
(0.65 0 0.4000000000000001)
(0.7000000000000001 0 0.4)
(0.75 0 0.4000000000000001)
(0.8000000000000002 0 0.4000000000000001)
(0.8500000000000001 0 0.4000000000000001)
(0.9 0 0.4000000000000001)
(0.9499999999999998 0 0.4000000000000001)
(1 0 0.4000000000000001)
(0 0.05000000000000001 0.4000000000000001)
(0.05000000000000001 0.05000000000000001 0.3999999999999999)
(0.1 0.05000000000000001 0.4000000000000001)
(0.15 0.05000000000000001 0.4)
(0.2 0.05000000000000001 0.4000000000000001)
(0.25 0.05000000000000001 0.3999999999999999)
(0.3 0.05 0.4000000000000001)
(0.35 0.05 0.4)
(0.4000000000000001 0.05000000000000001 0.4000000000000001)
(0.45 0.05 0.4)
(0.5 0.05 0.4)
(0.55 0.05000000000000001 0.4)
(0.6 0.05000000000000001 0.4000000000000001)
(0.65 0.05000000000000001 0.4)
(0.7000000000000001 0.05000000000000001 0.4)
(0.75 0.05000000000000001 0.4)
(0.8000000000000002 0.05000000000000001 0.4000000000000001)
(0.8500000000000001 0.05000000000000001 0.4)
(0.9 0.05000000000000001 0.4000000000000001)
(0.9499999999999998 0.05000000000000001 0.4000000000000001)
(1 0.05000000000000001 0.4000000000000001)
(0 0.09999999999999998 0.4000000000000001)
(0.05 0.09999999999999999 0.4000000000000001)
(0.09999999999999999 0.09999999999999999 0.4000000000000001)
(0.15 0.1 0.4000000000000001)
(0.2 0.09999999999999999 0.4000000000000001)
(0.25 0.09999999999999999 0.4000000000000001)
(0.3 0.09999999999999999 0.4000000000000001)
(0.3499999999999999 0.09999999999999999 0.4)
(0.4 0.09999999999999999 0.4)
(0.45 0.09999999999999999 0.4)
(0.5 0.09999999999999999 0.4)
(0.55 0.09999999999999999 0.4)
(0.6 0.09999999999999998 0.4000000000000001)
(0.65 0.1 0.4000000000000001)
(0.6999999999999998 0.09999999999999998 0.4)
(0.75 0.1 0.4)
(0.7999999999999999 0.1 0.4)
(0.85 0.09999999999999999 0.4000000000000001)
(0.9 0.1 0.4000000000000001)
(0.9500000000000001 0.09999999999999999 0.4000000000000001)
(1 0.09999999999999998 0.4000000000000001)
(0 0.15 0.4000000000000001)
(0.05000000000000001 0.15 0.4)
(0.1 0.15 0.4000000000000001)
(0.15 0.15 0.3999999999999999)
(0.2 0.15 0.4000000000000001)
(0.25 0.15 0.4)
(0.3 0.15 0.4000000000000001)
(0.35 0.15 0.3999999999999999)
(0.4000000000000001 0.15 0.4000000000000001)
(0.45 0.15 0.4)
(0.5 0.15 0.4000000000000001)
(0.55 0.15 0.4)
(0.6 0.15 0.4000000000000001)
(0.65 0.15 0.3999999999999999)
(0.7000000000000001 0.15 0.4)
(0.75 0.15 0.4)
(0.8000000000000002 0.15 0.4000000000000001)
(0.8500000000000001 0.15 0.4)
(0.9 0.15 0.4000000000000001)
(0.9500000000000001 0.15 0.4000000000000001)
(1 0.15 0.4000000000000001)
(0 0.2 0.4000000000000001)
(0.05000000000000001 0.2 0.4000000000000001)
(0.1 0.2 0.4000000000000001)
(0.15 0.2 0.4000000000000001)
(0.2 0.2 0.4000000000000001)
(0.25 0.2 0.4000000000000001)
(0.3 0.2 0.4000000000000001)
(0.35 0.2 0.4000000000000001)
(0.4000000000000001 0.2 0.4000000000000001)
(0.45 0.2 0.4000000000000001)
(0.5 0.2 0.4000000000000001)
(0.55 0.2 0.4000000000000001)
(0.6 0.2 0.4000000000000001)
(0.65 0.2 0.4000000000000001)
(0.7000000000000001 0.2 0.4000000000000001)
(0.7499999999999999 0.2 0.4)
(0.8000000000000002 0.2 0.4)
(0.85 0.2 0.4000000000000001)
(0.9000000000000002 0.2 0.4000000000000001)
(0.9500000000000001 0.2 0.4000000000000001)
(1 0.2 0.4000000000000001)
(0 0.25 0.4000000000000001)
(0.05000000000000001 0.25 0.3999999999999999)
(0.1 0.25 0.4000000000000001)
(0.15 0.25 0.4)
(0.2 0.25 0.4000000000000001)
(0.25 0.25 0.4)
(0.3 0.25 0.4000000000000001)
(0.3499999999999999 0.25 0.4)
(0.4000000000000001 0.25 0.4000000000000001)
(0.45 0.25 0.4)
(0.5 0.25 0.4000000000000001)
(0.55 0.25 0.4)
(0.6 0.25 0.4000000000000001)
(0.65 0.25 0.4)
(0.6999999999999998 0.25 0.4000000000000001)
(0.75 0.25 0.4)
(0.8000000000000002 0.25 0.4000000000000001)
(0.85 0.25 0.4)
(0.9 0.2500000000000001 0.4000000000000001)
(0.9499999999999998 0.25 0.4000000000000001)
(1 0.25 0.4000000000000001)
(0 0.3 0.3999999999999999)
(0.04999999999999999 0.3 0.3999999999999999)
(0.1 0.3 0.4000000000000001)
(0.15 0.3 0.4000000000000001)
(0.2 0.3 0.4000000000000001)
(0.25 0.3 0.4000000000000001)
(0.3 0.3 0.4000000000000001)
(0.35 0.3 0.4000000000000001)
(0.4000000000000001 0.3 0.4000000000000001)
(0.45 0.3 0.4000000000000001)
(0.5 0.3 0.4000000000000001)
(0.55 0.3000000000000001 0.4000000000000001)
(0.6 0.3 0.4000000000000001)
(0.65 0.3 0.4000000000000001)
(0.7000000000000001 0.3 0.4000000000000001)
(0.75 0.3 0.4)
(0.8000000000000002 0.3 0.4000000000000001)
(0.85 0.3 0.4000000000000001)
(0.8999999999999999 0.3 0.4000000000000001)
(0.9500000000000001 0.3 0.4000000000000001)
(1 0.3 0.3999999999999999)
(0 0.3499999999999999 0.4)
(0.05000000000000001 0.3499999999999999 0.4)
(0.09999999999999999 0.3499999999999999 0.4)
(0.15 0.3499999999999999 0.4)
(0.2 0.35 0.4000000000000001)
(0.25 0.3499999999999999 0.4)
(0.3 0.35 0.4000000000000001)
(0.35 0.35 0.4)
(0.4000000000000001 0.3499999999999999 0.4000000000000001)
(0.45 0.3499999999999999 0.4)
(0.5 0.3499999999999999 0.4000000000000001)
(0.5499999999999999 0.3499999999999999 0.4)
(0.6 0.3499999999999999 0.4000000000000001)
(0.65 0.35 0.4)
(0.7000000000000001 0.35 0.4000000000000001)
(0.75 0.3499999999999999 0.4)
(0.8000000000000002 0.35 0.4000000000000001)
(0.8499999999999998 0.35 0.4)
(0.9 0.35 0.4)
(0.9500000000000001 0.3499999999999999 0.4)
(1 0.3499999999999999 0.4)
(0 0.4000000000000001 0.4000000000000001)
(0.05000000000000001 0.4000000000000001 0.4000000000000001)
(0.09999999999999998 0.4000000000000001 0.4)
(0.15 0.4000000000000001 0.4000000000000001)
(0.2 0.4000000000000001 0.4000000000000001)
(0.25 0.4000000000000001 0.4000000000000001)
(0.3 0.4 0.4000000000000001)
(0.35 0.4000000000000001 0.4000000000000001)
(0.4000000000000001 0.4000000000000001 0.4000000000000001)
(0.45 0.4 0.4000000000000001)
(0.5 0.4 0.4000000000000001)
(0.55 0.4 0.4000000000000001)
(0.6 0.4000000000000001 0.4000000000000001)
(0.65 0.4000000000000001 0.4000000000000001)
(0.7000000000000001 0.4000000000000001 0.4000000000000001)
(0.75 0.4000000000000001 0.4000000000000001)
(0.8000000000000002 0.4000000000000001 0.4000000000000001)
(0.85 0.4000000000000001 0.4000000000000001)
(0.9 0.4000000000000001 0.4000000000000001)
(0.9499999999999998 0.4000000000000001 0.4000000000000001)
(1 0.4000000000000001 0.4000000000000001)
(0 0.45 0.4000000000000001)
(0.05000000000000001 0.45 0.4)
(0.09999999999999999 0.45 0.4)
(0.15 0.45 0.4)
(0.2 0.45 0.4000000000000001)
(0.25 0.45 0.4)
(0.3 0.45 0.4000000000000001)
(0.35 0.45 0.4)
(0.4 0.45 0.4000000000000001)
(0.45 0.45 0.4)
(0.5 0.45 0.4000000000000001)
(0.55 0.45 0.4)
(0.6 0.45 0.4000000000000001)
(0.65 0.45 0.4)
(0.7000000000000001 0.45 0.4)
(0.75 0.45 0.4)
(0.7999999999999999 0.45 0.3999999999999999)
(0.85 0.4499999999999999 0.4)
(0.9 0.45 0.4000000000000001)
(0.9499999999999998 0.45 0.4000000000000001)
(1 0.45 0.4000000000000001)
(0 0.5 0.4)
(0.05 0.5 0.4)
(0.09999999999999999 0.5 0.4)
(0.15 0.5 0.4000000000000001)
(0.2 0.5 0.4000000000000001)
(0.25 0.5 0.4000000000000001)
(0.3 0.5 0.4)
(0.35 0.5 0.4000000000000001)
(0.4 0.5 0.4000000000000001)
(0.4500000000000001 0.5 0.4000000000000001)
(0.5 0.5 0.4000000000000001)
(0.5499999999999999 0.5 0.4000000000000001)
(0.6 0.5 0.4000000000000001)
(0.65 0.5 0.4)
(0.7000000000000001 0.5 0.4)
(0.75 0.5 0.4)
(0.7999999999999999 0.5 0.4000000000000001)
(0.85 0.5 0.4)
(0.9000000000000002 0.5000000000000001 0.4000000000000001)
(0.9500000000000001 0.5 0.4)
(1 0.5 0.4)
(0 0.55 0.4)
(0.05000000000000001 0.55 0.4000000000000001)
(0.09999999999999999 0.55 0.4000000000000001)
(0.15 0.55 0.4000000000000001)
(0.2 0.5500000000000002 0.4000000000000001)
(0.25 0.55 0.4000000000000001)
(0.3 0.55 0.4000000000000001)
(0.3499999999999999 0.5499999999999999 0.4)
(0.4 0.55 0.4000000000000001)
(0.45 0.55 0.4)
(0.5 0.5499999999999999 0.4000000000000001)
(0.55 0.55 0.4)
(0.6 0.55 0.4000000000000001)
(0.65 0.5499999999999999 0.4)
(0.6999999999999998 0.55 0.4000000000000001)
(0.75 0.55 0.4)
(0.7999999999999999 0.5499999999999999 0.4000000000000001)
(0.85 0.55 0.4)
(0.9 0.55 0.4000000000000001)
(0.9500000000000001 0.5500000000000002 0.4000000000000001)
(1 0.55 0.4)
(0 0.6 0.4000000000000001)
(0.05 0.6 0.4000000000000001)
(0.09999999999999999 0.6 0.4000000000000001)
(0.15 0.6 0.4000000000000001)
(0.2 0.6 0.4)
(0.25 0.5999999999999999 0.4)
(0.3 0.6 0.4)
(0.35 0.6 0.4000000000000001)
(0.4 0.6 0.4)
(0.45 0.6 0.4000000000000001)
(0.5 0.6000000000000001 0.4000000000000001)
(0.55 0.6000000000000001 0.4000000000000001)
(0.6 0.6 0.4000000000000001)
(0.65 0.6000000000000001 0.4000000000000001)
(0.7000000000000001 0.6 0.4000000000000001)
(0.75 0.6 0.4000000000000001)
(0.7999999999999999 0.6 0.4000000000000001)
(0.85 0.6 0.4000000000000001)
(0.9 0.6 0.4000000000000001)
(0.9499999999999998 0.6 0.4000000000000001)
(1 0.6 0.4000000000000001)
(0 0.65 0.4000000000000001)
(0.05 0.65 0.4000000000000001)
(0.1 0.65 0.4000000000000001)
(0.15 0.6499999999999999 0.4000000000000001)
(0.2 0.65 0.4000000000000001)
(0.25 0.65 0.4000000000000001)
(0.3 0.6500000000000001 0.4000000000000001)
(0.3499999999999999 0.65 0.4000000000000001)
(0.4000000000000001 0.65 0.4000000000000001)
(0.45 0.65 0.4)
(0.5 0.6499999999999999 0.3999999999999999)
(0.5499999999999999 0.65 0.4)
(0.6 0.6500000000000001 0.4000000000000001)
(0.65 0.65 0.4)
(0.7000000000000001 0.65 0.4000000000000001)
(0.75 0.65 0.4)
(0.8000000000000002 0.65 0.4000000000000001)
(0.85 0.65 0.4)
(0.9 0.65 0.4000000000000001)
(0.9500000000000001 0.6500000000000001 0.4000000000000001)
(1 0.65 0.4000000000000001)
(0 0.7000000000000001 0.4)
(0.05000000000000001 0.6999999999999998 0.4)
(0.09999999999999998 0.7000000000000001 0.4000000000000001)
(0.15 0.6999999999999998 0.4000000000000001)
(0.2 0.7000000000000001 0.4000000000000001)
(0.25 0.6999999999999998 0.4000000000000001)
(0.3 0.7000000000000001 0.4000000000000001)
(0.35 0.7000000000000001 0.4000000000000001)
(0.4000000000000001 0.6999999999999998 0.4000000000000001)
(0.45 0.6999999999999998 0.4000000000000001)
(0.5 0.7000000000000001 0.4)
(0.55 0.6999999999999998 0.4000000000000001)
(0.6 0.6999999999999998 0.4000000000000001)
(0.65 0.7000000000000001 0.4000000000000001)
(0.6999999999999998 0.7000000000000001 0.4000000000000001)
(0.75 0.6999999999999998 0.4000000000000001)
(0.8000000000000002 0.7000000000000001 0.4000000000000001)
(0.85 0.7000000000000001 0.4000000000000001)
(0.9000000000000002 0.7000000000000001 0.4000000000000001)
(0.9500000000000001 0.7000000000000001 0.4)
(1 0.7000000000000001 0.4)
(0 0.75 0.4000000000000001)
(0.05000000000000001 0.75 0.4000000000000001)
(0.09999999999999999 0.75 0.4)
(0.15 0.75 0.4000000000000001)
(0.2 0.75 0.4000000000000001)
(0.25 0.75 0.4000000000000001)
(0.3 0.75 0.4000000000000001)
(0.3499999999999999 0.75 0.4)
(0.4000000000000001 0.75 0.4000000000000001)
(0.45 0.75 0.4000000000000001)
(0.5 0.75 0.4000000000000001)
(0.55 0.75 0.4000000000000001)
(0.6 0.75 0.4000000000000001)
(0.65 0.75 0.4000000000000001)
(0.7000000000000001 0.75 0.4000000000000001)
(0.75 0.75 0.4000000000000001)
(0.8000000000000002 0.75 0.4000000000000001)
(0.85 0.75 0.4000000000000001)
(0.9 0.7500000000000001 0.4000000000000001)
(0.9499999999999998 0.75 0.4000000000000001)
(1 0.75 0.4000000000000001)
(0 0.8000000000000002 0.4000000000000001)
(0.05000000000000001 0.8000000000000002 0.4000000000000001)
(0.1 0.8000000000000002 0.4000000000000001)
(0.15 0.8000000000000002 0.4000000000000001)
(0.2 0.8000000000000002 0.4000000000000001)
(0.25 0.8000000000000002 0.4)
(0.3 0.8000000000000002 0.4)
(0.3499999999999999 0.7999999999999999 0.4000000000000001)
(0.4000000000000001 0.8000000000000002 0.4000000000000001)
(0.45 0.7999999999999999 0.4000000000000001)
(0.5 0.7999999999999999 0.4000000000000001)
(0.5499999999999999 0.7999999999999999 0.4)
(0.6 0.8000000000000002 0.4000000000000001)
(0.65 0.8000000000000002 0.4000000000000001)
(0.6999999999999998 0.8000000000000002 0.4000000000000001)
(0.75 0.8000000000000002 0.4000000000000001)
(0.8000000000000002 0.8000000000000002 0.4000000000000001)
(0.85 0.8000000000000002 0.4000000000000001)
(0.9 0.8000000000000002 0.4000000000000001)
(0.9499999999999998 0.8000000000000002 0.4000000000000001)
(1 0.8000000000000002 0.4000000000000001)
(0 0.8500000000000001 0.4000000000000001)
(0.05000000000000001 0.85 0.4000000000000001)
(0.09999999999999999 0.85 0.4000000000000001)
(0.15 0.8500000000000001 0.4000000000000001)
(0.2 0.85 0.4)
(0.25 0.85 0.4000000000000001)
(0.3 0.85 0.4000000000000001)
(0.3499999999999999 0.85 0.4000000000000001)
(0.4000000000000001 0.85 0.4000000000000001)
(0.45 0.85 0.4000000000000001)
(0.5 0.85 0.4000000000000001)
(0.55 0.8500000000000001 0.4000000000000001)
(0.6000000000000001 0.85 0.4)
(0.65 0.85 0.4)
(0.6999999999999998 0.85 0.4)
(0.75 0.8499999999999998 0.4000000000000001)
(0.8000000000000002 0.8500000000000001 0.4000000000000001)
(0.8500000000000001 0.85 0.4)
(0.9 0.85 0.4000000000000001)
(0.9499999999999998 0.8500000000000001 0.4000000000000001)
(1 0.8500000000000001 0.4000000000000001)
(0 0.9 0.4000000000000001)
(0.05000000000000001 0.9 0.4000000000000001)
(0.1 0.9 0.4000000000000001)
(0.15 0.9 0.4000000000000001)
(0.2 0.9000000000000002 0.4000000000000001)
(0.25 0.9 0.4000000000000001)
(0.3 0.9 0.4000000000000001)
(0.35 0.9 0.4000000000000001)
(0.4000000000000001 0.9 0.4000000000000001)
(0.45 0.9 0.4000000000000001)
(0.5 0.9 0.4000000000000001)
(0.55 0.8999999999999999 0.4000000000000001)
(0.6000000000000001 0.9 0.4000000000000001)
(0.65 0.9 0.4000000000000001)
(0.7000000000000001 0.9000000000000002 0.4000000000000001)
(0.75 0.9000000000000002 0.4000000000000001)
(0.8000000000000002 0.9000000000000002 0.4000000000000001)
(0.85 0.9 0.4000000000000001)
(0.9 0.8999999999999999 0.4000000000000001)
(0.9499999999999998 0.9 0.4000000000000001)
(1 0.9 0.4000000000000001)
(0 0.9499999999999998 0.4000000000000001)
(0.05000000000000001 0.9499999999999998 0.4000000000000001)
(0.1 0.9499999999999998 0.4000000000000001)
(0.15 0.9499999999999998 0.4)
(0.2 0.9500000000000002 0.4000000000000001)
(0.25 0.9499999999999998 0.4)
(0.3 0.9500000000000001 0.4)
(0.35 0.9499999999999998 0.4000000000000001)
(0.4000000000000001 0.9499999999999998 0.4000000000000001)
(0.45 0.9499999999999998 0.4000000000000001)
(0.5 0.9499999999999998 0.4)
(0.55 0.9500000000000001 0.4000000000000001)
(0.6 0.9499999999999998 0.4000000000000001)
(0.65 0.9500000000000001 0.4000000000000001)
(0.7000000000000001 0.9500000000000001 0.4000000000000001)
(0.75 0.9499999999999998 0.4)
(0.8000000000000002 0.9500000000000001 0.4000000000000001)
(0.85 0.9499999999999998 0.4)
(0.9 0.9499999999999998 0.4000000000000001)
(0.9500000000000001 0.9499999999999998 0.4000000000000001)
(1 0.9499999999999998 0.4000000000000001)
(0 1 0.4000000000000001)
(0.05000000000000001 1 0.4000000000000001)
(0.09999999999999999 1 0.4000000000000001)
(0.15 1 0.4000000000000001)
(0.2 1 0.4000000000000001)
(0.25 1 0.4000000000000001)
(0.3 1 0.4)
(0.3499999999999999 1 0.4000000000000001)
(0.4000000000000001 1 0.4000000000000001)
(0.45 1 0.4000000000000001)
(0.5 1 0.4)
(0.55 1 0.4)
(0.6 1 0.4000000000000001)
(0.65 1 0.4)
(0.7000000000000001 1 0.4000000000000001)
(0.75 1 0.4000000000000001)
(0.8000000000000002 1 0.4000000000000001)
(0.8500000000000001 1 0.4000000000000001)
(0.9 1 0.4000000000000001)
(0.9499999999999998 1 0.4000000000000001)
(1 1 0.4000000000000001)
(0 0 0.45)
(0.05000000000000001 0 0.45)
(0.1 0 0.45)
(0.15 0 0.4500000000000001)
(0.2 0 0.4500000000000001)
(0.25 0 0.45)
(0.3 0 0.45)
(0.3499999999999999 0 0.4500000000000001)
(0.4000000000000001 0 0.45)
(0.45 0 0.4500000000000001)
(0.5 0 0.45)
(0.55 0 0.45)
(0.6000000000000001 0 0.45)
(0.6500000000000001 0 0.45)
(0.6999999999999998 0 0.45)
(0.75 0 0.45)
(0.8000000000000002 0 0.45)
(0.85 0 0.45)
(0.9 0 0.45)
(0.9499999999999998 0 0.45)
(1 0 0.45)
(0 0.05000000000000001 0.45)
(0.05000000000000002 0.05000000000000002 0.45)
(0.1 0.05000000000000001 0.4500000000000001)
(0.15 0.05000000000000002 0.45)
(0.2 0.05000000000000002 0.45)
(0.25 0.05000000000000001 0.45)
(0.3 0.05000000000000001 0.45)
(0.35 0.05000000000000001 0.4500000000000001)
(0.4000000000000001 0.05000000000000001 0.4500000000000001)
(0.45 0.05000000000000001 0.45)
(0.5 0.05000000000000001 0.45)
(0.5500000000000002 0.05000000000000001 0.45)
(0.6000000000000001 0.05000000000000001 0.45)
(0.6500000000000001 0.05000000000000001 0.4500000000000001)
(0.7000000000000001 0.05000000000000001 0.45)
(0.7500000000000001 0.05000000000000002 0.45)
(0.8000000000000002 0.05000000000000001 0.45)
(0.85 0.05000000000000001 0.45)
(0.9 0.05000000000000001 0.45)
(0.9500000000000001 0.05000000000000001 0.45)
(0.9999999999999999 0.05000000000000001 0.45)
(0 0.1 0.45)
(0.05000000000000001 0.1 0.4500000000000001)
(0.1 0.1 0.45)
(0.15 0.1 0.45)
(0.2 0.1 0.45)
(0.25 0.1 0.45)
(0.3 0.1 0.45)
(0.3499999999999999 0.09999999999999999 0.45)
(0.4000000000000001 0.1 0.4499999999999999)
(0.45 0.1 0.45)
(0.5 0.09999999999999998 0.45)
(0.55 0.09999999999999999 0.45)
(0.6 0.09999999999999999 0.45)
(0.65 0.1 0.45)
(0.6999999999999998 0.09999999999999999 0.45)
(0.75 0.1 0.45)
(0.8000000000000002 0.1 0.45)
(0.85 0.1 0.45)
(0.9 0.1 0.45)
(0.9500000000000001 0.1 0.45)
(1 0.1 0.45)
(0 0.15 0.4500000000000001)
(0.05000000000000002 0.15 0.45)
(0.1 0.15 0.45)
(0.15 0.15 0.45)
(0.2 0.15 0.4500000000000001)
(0.25 0.15 0.45)
(0.3 0.15 0.45)
(0.35 0.15 0.4500000000000001)
(0.4000000000000001 0.15 0.45)
(0.45 0.15 0.4500000000000001)
(0.5 0.15 0.45)
(0.55 0.15 0.45)
(0.6000000000000001 0.15 0.45)
(0.65 0.15 0.4500000000000001)
(0.7000000000000001 0.15 0.45)
(0.75 0.15 0.45)
(0.8000000000000002 0.15 0.4500000000000001)
(0.85 0.15 0.45)
(0.9 0.15 0.45)
(0.9500000000000001 0.15 0.45)
(1 0.15 0.4500000000000001)
(0 0.2 0.4500000000000001)
(0.05000000000000001 0.2 0.45)
(0.09999999999999999 0.2 0.45)
(0.15 0.2 0.4500000000000001)
(0.2 0.2 0.4500000000000001)
(0.25 0.2 0.4500000000000001)
(0.3 0.2 0.45)
(0.35 0.2 0.45)
(0.4000000000000001 0.2 0.4500000000000001)
(0.45 0.2 0.4500000000000001)
(0.5 0.2 0.45)
(0.55 0.2 0.45)
(0.6000000000000001 0.2 0.4500000000000001)
(0.65 0.2 0.45)
(0.7000000000000001 0.2 0.45)
(0.75 0.2 0.4500000000000001)
(0.8000000000000002 0.2 0.45)
(0.8500000000000001 0.2 0.4500000000000001)
(0.9000000000000002 0.2 0.45)
(0.9500000000000001 0.2 0.45)
(1 0.2 0.4500000000000001)
(0 0.25 0.45)
(0.05000000000000002 0.25 0.45)
(0.1 0.25 0.45)
(0.15 0.25 0.45)
(0.2 0.25 0.4500000000000001)
(0.25 0.25 0.45)
(0.3 0.25 0.45)
(0.3499999999999999 0.25 0.4500000000000001)
(0.4000000000000001 0.25 0.45)
(0.45 0.25 0.45)
(0.5 0.25 0.45)
(0.55 0.25 0.4499999999999999)
(0.6000000000000001 0.25 0.4500000000000001)
(0.65 0.25 0.4500000000000001)
(0.6999999999999998 0.25 0.45)
(0.75 0.25 0.45)
(0.8000000000000002 0.25 0.45)
(0.8499999999999998 0.25 0.45)
(0.9000000000000002 0.2500000000000001 0.45)
(0.9499999999999998 0.25 0.45)
(1 0.25 0.45)
(0 0.3 0.45)
(0.05000000000000001 0.3 0.45)
(0.1 0.3 0.4500000000000001)
(0.15 0.3 0.45)
(0.2 0.3 0.45)
(0.2500000000000001 0.3 0.4500000000000001)
(0.3 0.3 0.45)
(0.35 0.3 0.45)
(0.4000000000000001 0.3 0.45)
(0.45 0.3 0.4500000000000001)
(0.5 0.3 0.4500000000000001)
(0.55 0.3 0.45)
(0.6 0.3 0.45)
(0.65 0.3 0.45)
(0.7000000000000001 0.3 0.45)
(0.75 0.3 0.45)
(0.8000000000000002 0.3 0.45)
(0.85 0.3 0.45)
(0.9 0.3 0.45)
(0.9500000000000001 0.3 0.45)
(1 0.3 0.45)
(0 0.3499999999999999 0.4500000000000001)
(0.05000000000000002 0.3499999999999999 0.45)
(0.09999999999999999 0.3499999999999999 0.45)
(0.15 0.3499999999999999 0.4500000000000001)
(0.2 0.35 0.4500000000000001)
(0.25 0.35 0.45)
(0.3 0.3499999999999999 0.45)
(0.35 0.3499999999999999 0.4500000000000001)
(0.4000000000000001 0.35 0.45)
(0.45 0.3499999999999999 0.4500000000000001)
(0.5 0.3499999999999999 0.45)
(0.5499999999999999 0.3499999999999999 0.45)
(0.6 0.3499999999999999 0.45)
(0.65 0.35 0.4499999999999999)
(0.7000000000000001 0.3499999999999999 0.45)
(0.75 0.35 0.45)
(0.8000000000000002 0.35 0.45)
(0.8499999999999998 0.35 0.45)
(0.9 0.35 0.45)
(0.9500000000000001 0.35 0.45)
(1 0.3499999999999999 0.4500000000000001)
(0 0.4000000000000001 0.45)
(0.05000000000000001 0.4000000000000001 0.45)
(0.09999999999999999 0.4000000000000001 0.4499999999999999)
(0.15 0.4000000000000001 0.45)
(0.2 0.4000000000000001 0.45)
(0.25 0.4000000000000001 0.45)
(0.3 0.4000000000000001 0.45)
(0.3499999999999999 0.4000000000000001 0.45)
(0.4000000000000001 0.4000000000000001 0.4500000000000001)
(0.45 0.4000000000000001 0.45)
(0.4999999999999999 0.4 0.4500000000000001)
(0.55 0.4 0.45)
(0.6 0.4000000000000001 0.4500000000000001)
(0.65 0.4000000000000001 0.45)
(0.6999999999999998 0.4000000000000001 0.45)
(0.75 0.4000000000000001 0.45)
(0.8000000000000002 0.4000000000000001 0.45)
(0.8499999999999998 0.4000000000000001 0.45)
(0.9 0.4000000000000001 0.4500000000000001)
(0.9499999999999998 0.4000000000000001 0.45)
(1 0.4000000000000001 0.45)
(0 0.45 0.4500000000000001)
(0.05000000000000002 0.45 0.45)
(0.09999999999999999 0.45 0.45)
(0.15 0.45 0.4500000000000001)
(0.2 0.45 0.45)
(0.25 0.45 0.45)
(0.3 0.45 0.4500000000000001)
(0.35 0.45 0.4500000000000001)
(0.4000000000000001 0.4500000000000001 0.45)
(0.45 0.45 0.45)
(0.5 0.45 0.45)
(0.5500000000000002 0.45 0.45)
(0.6000000000000001 0.4500000000000002 0.45)
(0.6500000000000001 0.4500000000000001 0.4500000000000001)
(0.6999999999999998 0.45 0.4500000000000001)
(0.75 0.4500000000000001 0.45)
(0.7999999999999999 0.45 0.45)
(0.85 0.45 0.45)
(0.9 0.45 0.4500000000000001)
(0.9499999999999998 0.45 0.45)
(1 0.45 0.4500000000000001)
(0 0.5 0.45)
(0.05000000000000001 0.5 0.45)
(0.09999999999999999 0.5 0.45)
(0.15 0.5 0.45)
(0.2 0.5 0.4499999999999999)
(0.25 0.5 0.45)
(0.3 0.5 0.45)
(0.35 0.5 0.45)
(0.4 0.5 0.4500000000000001)
(0.45 0.5 0.45)
(0.5 0.5 0.45)
(0.5499999999999999 0.5 0.45)
(0.6 0.5 0.45)
(0.65 0.5 0.45)
(0.7000000000000001 0.5 0.45)
(0.75 0.5 0.45)
(0.7999999999999999 0.5 0.45)
(0.85 0.4999999999999999 0.45)
(0.9 0.5000000000000001 0.45)
(0.9500000000000001 0.5 0.45)
(1 0.5 0.45)
(0 0.55 0.45)
(0.05000000000000001 0.5500000000000002 0.45)
(0.1 0.5500000000000002 0.4500000000000001)
(0.15 0.55 0.45)
(0.2 0.5500000000000002 0.45)
(0.25 0.55 0.4499999999999999)
(0.3 0.55 0.45)
(0.3499999999999999 0.55 0.45)
(0.4000000000000001 0.55 0.45)
(0.45 0.5500000000000002 0.45)
(0.5 0.5499999999999999 0.45)
(0.5500000000000002 0.5500000000000002 0.45)
(0.6 0.55 0.45)
(0.65 0.5500000000000002 0.45)
(0.6999999999999998 0.5499999999999999 0.45)
(0.75 0.55 0.45)
(0.7999999999999999 0.5499999999999999 0.45)
(0.85 0.55 0.45)
(0.9 0.55 0.45)
(0.9499999999999998 0.55 0.45)
(1 0.55 0.45)
(0 0.6000000000000001 0.45)
(0.05000000000000001 0.6000000000000001 0.45)
(0.09999999999999999 0.6 0.4499999999999999)
(0.15 0.6000000000000001 0.45)
(0.2 0.6 0.45)
(0.25 0.6 0.45)
(0.3 0.6 0.45)
(0.35 0.6000000000000001 0.45)
(0.4000000000000001 0.6 0.4500000000000001)
(0.45 0.6000000000000001 0.45)
(0.5 0.6000000000000001 0.45)
(0.55 0.6 0.45)
(0.6 0.6 0.4500000000000001)
(0.65 0.6000000000000001 0.45)
(0.7000000000000001 0.6 0.4500000000000001)
(0.75 0.6000000000000001 0.4500000000000001)
(0.8000000000000002 0.6 0.45)
(0.8499999999999998 0.6 0.45)
(0.9 0.6 0.45)
(0.9499999999999998 0.6 0.45)
(1 0.6000000000000001 0.45)
(0 0.6500000000000001 0.45)
(0.05000000000000001 0.65 0.4500000000000001)
(0.1 0.65 0.45)
(0.15 0.65 0.4500000000000001)
(0.2 0.65 0.45)
(0.25 0.6500000000000002 0.45)
(0.3 0.6500000000000001 0.45)
(0.3499999999999999 0.6499999999999999 0.4499999999999999)
(0.4000000000000001 0.65 0.45)
(0.45 0.6500000000000002 0.4500000000000001)
(0.5 0.65 0.45)
(0.5499999999999999 0.65 0.45)
(0.6000000000000001 0.6500000000000001 0.45)
(0.65 0.6499999999999999 0.4499999999999999)
(0.6999999999999998 0.65 0.45)
(0.75 0.6500000000000002 0.4500000000000001)
(0.8000000000000002 0.65 0.45)
(0.85 0.65 0.4500000000000001)
(0.9 0.65 0.45)
(0.9499999999999998 0.65 0.45)
(1 0.6500000000000001 0.45)
(0 0.6999999999999998 0.45)
(0.05000000000000001 0.6999999999999998 0.45)
(0.09999999999999998 0.7000000000000001 0.45)
(0.15 0.6999999999999998 0.4500000000000001)
(0.2 0.7000000000000001 0.45)
(0.25 0.7000000000000001 0.45)
(0.3 0.6999999999999998 0.45)
(0.3499999999999999 0.6999999999999998 0.45)
(0.4000000000000001 0.7000000000000001 0.4500000000000001)
(0.45 0.6999999999999998 0.45)
(0.5 0.7000000000000001 0.45)
(0.55 0.6999999999999998 0.45)
(0.6000000000000001 0.6999999999999998 0.4500000000000001)
(0.65 0.7000000000000001 0.45)
(0.6999999999999998 0.7000000000000001 0.45)
(0.75 0.7000000000000001 0.45)
(0.8000000000000002 0.7000000000000001 0.45)
(0.85 0.7000000000000001 0.45)
(0.9000000000000002 0.7000000000000001 0.4500000000000001)
(0.9500000000000001 0.7000000000000001 0.45)
(1 0.6999999999999998 0.45)
(0 0.75 0.45)
(0.05000000000000001 0.75 0.45)
(0.1 0.75 0.45)
(0.15 0.75 0.45)
(0.2 0.75 0.4500000000000001)
(0.25 0.75 0.45)
(0.3 0.7500000000000001 0.45)
(0.35 0.75 0.4500000000000001)
(0.4000000000000001 0.75 0.45)
(0.45 0.75 0.45)
(0.5 0.75 0.45)
(0.55 0.75 0.45)
(0.6 0.75 0.4500000000000001)
(0.65 0.7500000000000001 0.4500000000000001)
(0.6999999999999998 0.7500000000000001 0.45)
(0.75 0.75 0.4500000000000001)
(0.7999999999999999 0.75 0.45)
(0.85 0.75 0.45)
(0.9 0.75 0.45)
(0.9499999999999998 0.75 0.45)
(1 0.75 0.45)
(0 0.8000000000000002 0.45)
(0.05000000000000001 0.8000000000000002 0.45)
(0.09999999999999999 0.8000000000000002 0.45)
(0.15 0.7999999999999999 0.45)
(0.2 0.8000000000000002 0.45)
(0.25 0.8000000000000002 0.45)
(0.3 0.8000000000000002 0.45)
(0.3499999999999999 0.8000000000000002 0.45)
(0.4000000000000001 0.8000000000000002 0.45)
(0.45 0.8000000000000002 0.45)
(0.5 0.7999999999999999 0.45)
(0.5499999999999999 0.7999999999999999 0.45)
(0.6 0.8000000000000002 0.45)
(0.65 0.8000000000000002 0.45)
(0.6999999999999998 0.8000000000000002 0.45)
(0.75 0.8000000000000002 0.45)
(0.7999999999999999 0.8000000000000002 0.45)
(0.85 0.7999999999999999 0.45)
(0.9 0.8000000000000002 0.45)
(0.9499999999999998 0.8000000000000002 0.45)
(1 0.8000000000000002 0.45)
(0 0.85 0.45)
(0.05000000000000001 0.85 0.45)
(0.1 0.85 0.45)
(0.15 0.8500000000000001 0.45)
(0.2 0.85 0.45)
(0.25 0.85 0.45)
(0.3 0.85 0.45)
(0.3499999999999999 0.85 0.45)
(0.4000000000000001 0.85 0.45)
(0.45 0.85 0.45)
(0.5 0.85 0.45)
(0.55 0.8500000000000001 0.45)
(0.6 0.85 0.45)
(0.65 0.85 0.45)
(0.6999999999999998 0.85 0.45)
(0.75 0.85 0.45)
(0.8000000000000002 0.85 0.45)
(0.85 0.85 0.45)
(0.9 0.85 0.45)
(0.9499999999999998 0.85 0.4499999999999999)
(1 0.85 0.45)
(0 0.9 0.45)
(0.05000000000000001 0.9 0.45)
(0.1 0.9 0.45)
(0.15 0.9 0.45)
(0.2 0.9 0.4500000000000001)
(0.25 0.9 0.45)
(0.3 0.9 0.45)
(0.35 0.9 0.4500000000000001)
(0.4000000000000001 0.9 0.4500000000000001)
(0.45 0.9 0.45)
(0.5 0.9000000000000002 0.45)
(0.5500000000000002 0.9 0.45)
(0.6 0.9 0.4500000000000001)
(0.65 0.9000000000000002 0.45)
(0.7000000000000001 0.9 0.45)
(0.75 0.9000000000000002 0.45)
(0.8000000000000002 0.9 0.45)
(0.85 0.9 0.45)
(0.9 0.9 0.45)
(0.9499999999999998 0.9 0.45)
(1 0.9 0.45)
(0 0.9499999999999998 0.45)
(0.05000000000000001 0.9500000000000001 0.4500000000000001)
(0.1 0.9499999999999998 0.45)
(0.15 0.9500000000000001 0.45)
(0.2 0.9499999999999998 0.45)
(0.25 0.9499999999999998 0.45)
(0.3 0.9500000000000001 0.45)
(0.35 0.9500000000000001 0.45)
(0.4000000000000001 0.9500000000000002 0.45)
(0.45 0.9499999999999998 0.4500000000000001)
(0.5 0.9500000000000001 0.45)
(0.5500000000000002 0.9499999999999998 0.45)
(0.6000000000000001 0.9500000000000001 0.4500000000000001)
(0.65 0.9500000000000001 0.45)
(0.7000000000000001 0.9500000000000001 0.45)
(0.75 0.9499999999999998 0.45)
(0.8000000000000002 0.9499999999999998 0.45)
(0.85 0.9499999999999998 0.45)
(0.9 0.9499999999999998 0.45)
(0.9499999999999998 0.9499999999999997 0.45)
(1 0.9499999999999998 0.45)
(0 1 0.45)
(0.05000000000000001 1 0.45)
(0.1 1 0.45)
(0.15 1 0.45)
(0.2 1 0.45)
(0.25 1 0.45)
(0.3 1 0.45)
(0.3499999999999999 1 0.45)
(0.4000000000000001 1 0.45)
(0.45 1 0.4500000000000001)
(0.5 1 0.45)
(0.55 1 0.45)
(0.6000000000000001 1 0.45)
(0.6500000000000001 1 0.4500000000000001)
(0.6999999999999998 1 0.45)
(0.75 1 0.4500000000000001)
(0.8000000000000002 1 0.45)
(0.85 0.9999999999999999 0.45)
(0.9 1 0.45)
(0.9499999999999998 1 0.45)
(1 1 0.45)
(0 0 0.5)
(0.05000000000000001 0 0.5)
(0.1 0 0.5)
(0.15 0 0.5)
(0.2 0 0.5)
(0.25 0 0.5)
(0.3 0 0.5)
(0.3499999999999999 0 0.5)
(0.4000000000000001 0 0.5)
(0.45 0 0.5)
(0.5 0 0.5)
(0.55 0 0.5)
(0.6 0 0.5)
(0.65 0 0.5)
(0.6999999999999998 0 0.5)
(0.75 0 0.5)
(0.8000000000000002 0 0.5)
(0.85 0 0.5)
(0.9 0 0.5)
(0.9499999999999998 0 0.5)
(1 0 0.5)
(0 0.05000000000000001 0.5)
(0.05000000000000001 0.05000000000000001 0.4999999999999999)
(0.1 0.05000000000000001 0.5)
(0.15 0.05000000000000001 0.5)
(0.2 0.05000000000000001 0.4999999999999999)
(0.25 0.05000000000000001 0.5)
(0.3 0.05 0.5000000000000001)
(0.3500000000000001 0.05000000000000001 0.5000000000000001)
(0.4000000000000001 0.05000000000000001 0.4999999999999999)
(0.45 0.05 0.5)
(0.5 0.05 0.5)
(0.55 0.05 0.5)
(0.6 0.05000000000000001 0.4999999999999999)
(0.65 0.05000000000000001 0.5000000000000001)
(0.7000000000000001 0.05000000000000001 0.5000000000000001)
(0.75 0.05000000000000002 0.5)
(0.8000000000000002 0.05000000000000001 0.5)
(0.8500000000000001 0.05000000000000001 0.5)
(0.9 0.05000000000000001 0.4999999999999999)
(0.9499999999999998 0.05000000000000001 0.4999999999999999)
(1 0.05000000000000001 0.5)
(0 0.1 0.5)
(0.05000000000000001 0.1 0.5)
(0.1 0.1 0.4999999999999999)
(0.15 0.1 0.5000000000000001)
(0.2 0.1 0.5)
(0.25 0.1 0.5)
(0.3 0.09999999999999999 0.4999999999999999)
(0.3499999999999999 0.09999999999999998 0.5)
(0.4000000000000001 0.09999999999999999 0.5)
(0.4499999999999999 0.09999999999999998 0.5)
(0.5 0.09999999999999999 0.5)
(0.55 0.09999999999999999 0.5)
(0.6 0.09999999999999999 0.5)
(0.65 0.09999999999999999 0.5)
(0.6999999999999998 0.1 0.4999999999999999)
(0.75 0.1 0.5000000000000001)
(0.8000000000000002 0.1 0.5000000000000001)
(0.85 0.1 0.5000000000000001)
(0.9 0.1 0.4999999999999999)
(0.9500000000000001 0.1 0.5)
(1 0.1 0.5)
(0 0.15 0.5)
(0.05000000000000001 0.15 0.5)
(0.1 0.15 0.5)
(0.15 0.15 0.5)
(0.2 0.15 0.5)
(0.25 0.15 0.5)
(0.3 0.15 0.4999999999999999)
(0.35 0.15 0.5000000000000001)
(0.4000000000000001 0.15 0.4999999999999999)
(0.45 0.15 0.5)
(0.5 0.15 0.5)
(0.55 0.15 0.4999999999999999)
(0.6 0.15 0.4999999999999999)
(0.65 0.15 0.5)
(0.7000000000000001 0.15 0.4999999999999999)
(0.75 0.15 0.5)
(0.8000000000000002 0.15 0.5)
(0.85 0.15 0.5)
(0.9 0.15 0.5000000000000001)
(0.9500000000000001 0.15 0.5)
(1 0.15 0.5)
(0 0.2 0.5)
(0.05000000000000001 0.2 0.4999999999999999)
(0.1 0.2 0.5000000000000001)
(0.15 0.2 0.5)
(0.2 0.2 0.5000000000000001)
(0.25 0.2 0.5)
(0.3 0.2 0.5)
(0.35 0.2 0.4999999999999999)
(0.4000000000000001 0.2 0.5)
(0.4500000000000001 0.2 0.4999999999999999)
(0.5 0.2 0.5)
(0.55 0.2 0.4999999999999999)
(0.6 0.2 0.5000000000000001)
(0.65 0.2 0.4999999999999999)
(0.7000000000000001 0.2 0.5000000000000001)
(0.7500000000000001 0.2 0.5)
(0.8000000000000002 0.2 0.5000000000000001)
(0.8500000000000001 0.2 0.5)
(0.9000000000000002 0.2 0.5000000000000001)
(0.9500000000000001 0.2 0.5)
(1 0.2 0.5)
(0 0.25 0.5)
(0.05000000000000001 0.25 0.5)
(0.1 0.25 0.5)
(0.15 0.25 0.5)
(0.2 0.25 0.5)
(0.25 0.25 0.5)
(0.3 0.25 0.5)
(0.3499999999999999 0.25 0.5)
(0.4000000000000001 0.25 0.5)
(0.45 0.25 0.5)
(0.5 0.25 0.5)
(0.55 0.25 0.5)
(0.6 0.25 0.5)
(0.65 0.25 0.5)
(0.6999999999999998 0.25 0.5)
(0.75 0.25 0.5)
(0.8000000000000002 0.25 0.5)
(0.85 0.25 0.5)
(0.9 0.25 0.5)
(0.9499999999999998 0.25 0.5)
(1 0.25 0.5)
(0 0.3 0.5)
(0.04999999999999999 0.3 0.5000000000000001)
(0.09999999999999998 0.3 0.4999999999999999)
(0.15 0.3 0.4999999999999999)
(0.2 0.3 0.5)
(0.25 0.2999999999999999 0.5)
(0.3 0.3 0.5)
(0.35 0.3 0.5)
(0.3999999999999999 0.3 0.5)
(0.45 0.3 0.5)
(0.5 0.3 0.5)
(0.55 0.3 0.5)
(0.6 0.3 0.5000000000000001)
(0.65 0.3 0.5)
(0.7000000000000001 0.3 0.5)
(0.75 0.3 0.5)
(0.8000000000000002 0.3 0.5000000000000001)
(0.85 0.3 0.5)
(0.8999999999999999 0.3 0.4999999999999999)
(0.9500000000000001 0.3 0.5000000000000001)
(1 0.3 0.5)
(0 0.3499999999999999 0.5)
(0.05000000000000001 0.35 0.5000000000000001)
(0.09999999999999998 0.3499999999999999 0.5)
(0.15 0.3499999999999999 0.5000000000000001)
(0.2 0.35 0.4999999999999999)
(0.25 0.3499999999999999 0.5)
(0.3 0.3499999999999999 0.5)
(0.35 0.35 0.5)
(0.4 0.3499999999999999 0.5000000000000001)
(0.45 0.3499999999999999 0.5)
(0.5 0.35 0.5)
(0.5499999999999999 0.3499999999999999 0.5)
(0.6 0.3499999999999999 0.5)
(0.65 0.35 0.5000000000000001)
(0.7000000000000001 0.3499999999999999 0.5)
(0.75 0.3499999999999999 0.5000000000000001)
(0.8000000000000002 0.35 0.4999999999999999)
(0.85 0.3499999999999999 0.5000000000000001)
(0.9 0.3499999999999999 0.5)
(0.9500000000000001 0.35 0.5000000000000001)
(1 0.3499999999999999 0.5)
(0 0.4000000000000001 0.5)
(0.05000000000000001 0.4000000000000001 0.4999999999999999)
(0.09999999999999998 0.4000000000000001 0.5)
(0.15 0.4000000000000001 0.4999999999999999)
(0.2 0.4000000000000001 0.5)
(0.25 0.4000000000000001 0.5)
(0.3 0.4 0.5)
(0.3499999999999999 0.4 0.5)
(0.4000000000000001 0.4000000000000001 0.5)
(0.45 0.4000000000000001 0.5)
(0.5 0.4 0.5)
(0.55 0.4 0.5000000000000001)
(0.6 0.4000000000000001 0.5)
(0.65 0.4 0.5000000000000001)
(0.6999999999999998 0.4000000000000001 0.5)
(0.75 0.4000000000000001 0.4999999999999999)
(0.8000000000000002 0.4000000000000001 0.5)
(0.85 0.4000000000000001 0.4999999999999999)
(0.9 0.4000000000000001 0.5)
(0.9499999999999998 0.4000000000000001 0.5)
(1 0.4000000000000001 0.5)
(0 0.45 0.5)
(0.05000000000000001 0.45 0.5)
(0.09999999999999999 0.45 0.5)
(0.15 0.4500000000000001 0.5)
(0.2 0.4500000000000001 0.4999999999999999)
(0.25 0.45 0.5)
(0.3 0.45 0.4999999999999999)
(0.35 0.45 0.5)
(0.4 0.45 0.5000000000000001)
(0.45 0.4500000000000001 0.5000000000000001)
(0.5 0.4500000000000001 0.5)
(0.55 0.45 0.5000000000000001)
(0.6000000000000001 0.45 0.5000000000000001)
(0.65 0.45 0.5)
(0.7000000000000001 0.45 0.5)
(0.75 0.45 0.5)
(0.7999999999999999 0.45 0.4999999999999999)
(0.85 0.45 0.4999999999999999)
(0.9 0.45 0.5)
(0.9499999999999998 0.45 0.5)
(1 0.45 0.5)
(0 0.5 0.5)
(0.05 0.5 0.5)
(0.09999999999999999 0.5 0.5)
(0.15 0.5 0.5)
(0.2 0.5 0.5)
(0.25 0.5 0.5)
(0.3 0.5 0.5)
(0.35 0.5 0.5)
(0.4 0.5 0.5)
(0.45 0.5 0.5)
(0.5 0.5 0.5)
(0.5499999999999999 0.5 0.5)
(0.6 0.5 0.5)
(0.65 0.5 0.5)
(0.7000000000000001 0.5 0.5)
(0.75 0.5 0.5)
(0.7999999999999999 0.5 0.5)
(0.85 0.5 0.5)
(0.9 0.5 0.5)
(0.9500000000000001 0.5 0.5)
(1 0.5 0.5)
(0 0.55 0.5)
(0.05 0.55 0.4999999999999999)
(0.09999999999999999 0.55 0.5)
(0.15 0.55 0.5)
(0.2 0.5500000000000002 0.4999999999999999)
(0.25 0.55 0.5)
(0.3 0.55 0.5)
(0.3499999999999999 0.5499999999999999 0.5)
(0.4 0.55 0.5000000000000001)
(0.45 0.55 0.5000000000000001)
(0.5 0.5499999999999999 0.5)
(0.55 0.55 0.5000000000000001)
(0.6 0.55 0.5000000000000001)
(0.65 0.5499999999999999 0.4999999999999999)
(0.6999999999999998 0.55 0.5)
(0.75 0.55 0.5)
(0.7999999999999999 0.5499999999999999 0.4999999999999999)
(0.85 0.55 0.4999999999999999)
(0.9 0.55 0.5)
(0.9499999999999998 0.55 0.4999999999999999)
(1 0.55 0.5)
(0 0.6 0.5)
(0.05000000000000001 0.6 0.4999999999999999)
(0.1 0.6000000000000001 0.5)
(0.15 0.6000000000000001 0.5)
(0.2 0.6 0.5000000000000001)
(0.25 0.5999999999999999 0.5)
(0.3 0.6 0.5)
(0.35 0.6 0.5)
(0.4000000000000001 0.6 0.5000000000000001)
(0.45 0.6000000000000001 0.5000000000000001)
(0.5 0.6 0.5)
(0.55 0.6 0.5000000000000001)
(0.6 0.5999999999999999 0.5)
(0.65 0.6 0.5000000000000001)
(0.7000000000000001 0.6 0.5)
(0.75 0.6 0.5000000000000001)
(0.8000000000000002 0.6 0.5000000000000001)
(0.85 0.6 0.5)
(0.9 0.6 0.5)
(0.9499999999999998 0.5999999999999999 0.5)
(1 0.6 0.5)
(0 0.65 0.5)
(0.05000000000000001 0.6499999999999999 0.5)
(0.1 0.65 0.5)
(0.15 0.6499999999999999 0.5)
(0.2 0.65 0.4999999999999999)
(0.25 0.6500000000000001 0.5)
(0.3 0.65 0.4999999999999999)
(0.3499999999999999 0.65 0.5)
(0.4000000000000001 0.65 0.5000000000000001)
(0.45 0.65 0.5)
(0.5 0.65 0.5)
(0.5499999999999999 0.65 0.4999999999999999)
(0.6 0.6500000000000001 0.5)
(0.65 0.65 0.5)
(0.6999999999999998 0.65 0.5)
(0.75 0.65 0.4999999999999999)
(0.8000000000000002 0.6499999999999999 0.4999999999999999)
(0.85 0.65 0.5)
(0.9 0.65 0.5)
(0.9499999999999998 0.65 0.4999999999999999)
(1 0.65 0.5)
(0 0.6999999999999998 0.5)
(0.05 0.7000000000000001 0.5000000000000001)
(0.09999999999999999 0.6999999999999998 0.4999999999999999)
(0.15 0.6999999999999998 0.5)
(0.2 0.7000000000000001 0.5000000000000001)
(0.25 0.6999999999999998 0.5)
(0.3 0.6999999999999998 0.4999999999999999)
(0.3499999999999999 0.7000000000000001 0.5)
(0.4 0.6999999999999998 0.5)
(0.45 0.6999999999999998 0.5)
(0.5 0.7000000000000001 0.5)
(0.55 0.6999999999999998 0.4999999999999999)
(0.6 0.6999999999999998 0.5)
(0.65 0.7000000000000001 0.5)
(0.6999999999999998 0.6999999999999998 0.4999999999999999)
(0.75 0.6999999999999998 0.5)
(0.7999999999999999 0.7000000000000001 0.5000000000000001)
(0.85 0.6999999999999998 0.4999999999999999)
(0.9 0.6999999999999998 0.4999999999999999)
(0.9500000000000001 0.7000000000000001 0.5000000000000001)
(1 0.6999999999999998 0.5)
(0 0.75 0.5)
(0.05000000000000001 0.75 0.5)
(0.1 0.75 0.5)
(0.15 0.75 0.5)
(0.2 0.7500000000000001 0.5)
(0.25 0.75 0.5)
(0.3 0.75 0.5)
(0.3499999999999999 0.75 0.5)
(0.4000000000000001 0.75 0.5)
(0.45 0.75 0.5)
(0.5 0.75 0.5)
(0.55 0.75 0.5)
(0.6 0.75 0.5)
(0.65 0.75 0.5)
(0.6999999999999998 0.75 0.5)
(0.75 0.75 0.5)
(0.8000000000000002 0.75 0.5)
(0.85 0.75 0.5)
(0.9 0.75 0.5)
(0.9499999999999998 0.75 0.5)
(1 0.75 0.5)
(0 0.8000000000000002 0.5)
(0.05000000000000001 0.8000000000000002 0.5)
(0.1 0.8000000000000002 0.5000000000000001)
(0.15 0.8000000000000002 0.5)
(0.2 0.8000000000000002 0.5000000000000001)
(0.25 0.8000000000000002 0.5)
(0.3 0.8000000000000002 0.5000000000000001)
(0.3499999999999999 0.7999999999999999 0.4999999999999999)
(0.4000000000000001 0.8000000000000002 0.5000000000000001)
(0.45 0.7999999999999999 0.4999999999999999)
(0.5 0.7999999999999999 0.5)
(0.5499999999999999 0.7999999999999999 0.4999999999999999)
(0.6 0.8000000000000002 0.5)
(0.6499999999999999 0.7999999999999999 0.4999999999999999)
(0.6999999999999998 0.8000000000000002 0.5000000000000001)
(0.75 0.8000000000000002 0.5)
(0.8000000000000002 0.8000000000000002 0.5000000000000001)
(0.85 0.8000000000000002 0.5)
(0.9 0.8000000000000002 0.5000000000000001)
(0.9499999999999998 0.8000000000000002 0.5)
(1 0.8000000000000002 0.5)
(0 0.85 0.5)
(0.05000000000000001 0.85 0.5)
(0.1 0.85 0.5000000000000001)
(0.15 0.8500000000000001 0.5)
(0.2 0.8500000000000001 0.5)
(0.25 0.85 0.5)
(0.3 0.85 0.5)
(0.3499999999999999 0.85 0.5)
(0.4000000000000001 0.85 0.5)
(0.45 0.85 0.5)
(0.5 0.8499999999999998 0.5)
(0.55 0.85 0.4999999999999999)
(0.6 0.85 0.5)
(0.65 0.85 0.5000000000000001)
(0.6999999999999998 0.85 0.5)
(0.75 0.85 0.4999999999999999)
(0.8000000000000002 0.85 0.5)
(0.85 0.8500000000000001 0.5000000000000001)
(0.9 0.85 0.5000000000000001)
(0.9500000000000001 0.8500000000000001 0.5)
(1 0.85 0.5)
(0 0.9 0.5)
(0.05000000000000001 0.9 0.4999999999999999)
(0.1 0.9 0.4999999999999999)
(0.15 0.9 0.5000000000000001)
(0.2 0.9000000000000002 0.5000000000000001)
(0.25 0.9 0.5)
(0.3 0.9 0.4999999999999999)
(0.35 0.9 0.5)
(0.4000000000000001 0.9 0.5)
(0.45 0.9 0.5)
(0.5 0.9000000000000002 0.5)
(0.55 0.8999999999999999 0.5)
(0.6000000000000001 0.8999999999999999 0.5)
(0.65 0.9 0.5)
(0.7000000000000001 0.9 0.4999999999999999)
(0.75 0.9 0.5000000000000001)
(0.8000000000000002 0.9000000000000002 0.5000000000000001)
(0.85 0.9000000000000002 0.5000000000000001)
(0.9 0.9 0.4999999999999999)
(0.9499999999999998 0.9 0.4999999999999999)
(1 0.9 0.5)
(0 0.9499999999999998 0.5)
(0.05000000000000001 0.9499999999999998 0.4999999999999999)
(0.1 0.9500000000000001 0.5)
(0.15 0.9500000000000001 0.5)
(0.2 0.9499999999999998 0.5)
(0.25 0.9499999999999998 0.5)
(0.3 0.9500000000000001 0.5000000000000001)
(0.35 0.9499999999999998 0.5)
(0.4000000000000001 0.9499999999999998 0.5)
(0.45 0.9499999999999998 0.5)
(0.5 0.9500000000000001 0.5)
(0.55 0.9499999999999997 0.4999999999999999)
(0.6 0.9499999999999998 0.4999999999999999)
(0.6499999999999999 0.9499999999999998 0.5000000000000001)
(0.7000000000000001 0.9500000000000001 0.5000000000000001)
(0.75 0.9499999999999998 0.5)
(0.8000000000000002 0.9499999999999998 0.4999999999999999)
(0.8500000000000001 0.9500000000000001 0.5)
(0.8999999999999999 0.9499999999999998 0.5)
(0.9500000000000001 0.9499999999999998 0.4999999999999999)
(1 0.9499999999999998 0.5)
(0 1 0.5)
(0.05000000000000001 1 0.5)
(0.1 1 0.5)
(0.15 1 0.5)
(0.2 1 0.5)
(0.25 1 0.5)
(0.3 1 0.5)
(0.3499999999999999 1 0.5)
(0.4000000000000001 1 0.5)
(0.45 1 0.5)
(0.5 1 0.5)
(0.55 1 0.5)
(0.6 1 0.5)
(0.65 1 0.5)
(0.6999999999999998 1 0.5)
(0.75 1 0.5)
(0.8000000000000002 1 0.5)
(0.85 1 0.5)
(0.9 1 0.5)
(0.9499999999999998 1 0.5)
(1 1 0.5)
(0 0 0.55)
(0.05000000000000001 0 0.55)
(0.1 0 0.55)
(0.15 0 0.55)
(0.2 0 0.55)
(0.25 0 0.55)
(0.3 0 0.55)
(0.3499999999999999 0 0.5499999999999999)
(0.4000000000000001 0 0.55)
(0.45 0 0.55)
(0.5 0 0.5499999999999999)
(0.55 0 0.55)
(0.6 0 0.55)
(0.65 0 0.5499999999999999)
(0.6999999999999998 0 0.55)
(0.75 0 0.55)
(0.8000000000000002 0 0.5499999999999999)
(0.85 0 0.55)
(0.9 0 0.55)
(0.9499999999999998 0 0.55)
(1 0 0.55)
(0 0.05000000000000001 0.55)
(0.05000000000000001 0.05000000000000001 0.5499999999999999)
(0.1 0.05000000000000001 0.55)
(0.15 0.05000000000000001 0.55)
(0.2 0.05000000000000001 0.5500000000000002)
(0.25 0.05000000000000001 0.55)
(0.3 0.05 0.5499999999999999)
(0.35 0.05000000000000001 0.5500000000000002)
(0.4000000000000001 0.05 0.5499999999999999)
(0.45 0.05 0.55)
(0.5 0.05 0.5499999999999999)
(0.55 0.05 0.55)
(0.6 0.05000000000000001 0.5499999999999999)
(0.6500000000000001 0.05000000000000001 0.5500000000000002)
(0.7000000000000001 0.05000000000000001 0.5499999999999999)
(0.75 0.05000000000000002 0.55)
(0.8000000000000002 0.05000000000000001 0.55)
(0.85 0.05000000000000001 0.55)
(0.8999999999999999 0.05000000000000001 0.5499999999999999)
(0.9499999999999998 0.05000000000000001 0.5499999999999999)
(1 0.05000000000000001 0.55)
(0 0.1 0.55)
(0.05000000000000001 0.1 0.55)
(0.1 0.1 0.5500000000000002)
(0.15 0.1 0.5500000000000002)
(0.2 0.1 0.5499999999999999)
(0.25 0.1 0.5500000000000002)
(0.3 0.1 0.55)
(0.3499999999999999 0.1 0.55)
(0.4000000000000001 0.09999999999999999 0.55)
(0.45 0.09999999999999999 0.5500000000000002)
(0.5 0.09999999999999999 0.5500000000000002)
(0.55 0.09999999999999999 0.5500000000000002)
(0.6000000000000001 0.09999999999999999 0.55)
(0.65 0.1 0.55)
(0.6999999999999998 0.1 0.5500000000000002)
(0.75 0.1 0.5500000000000002)
(0.8000000000000002 0.1 0.55)
(0.85 0.1 0.5500000000000002)
(0.9 0.1 0.5500000000000002)
(0.9500000000000001 0.1 0.55)
(1 0.1 0.55)
(0 0.15 0.55)
(0.05000000000000001 0.15 0.55)
(0.1 0.15 0.55)
(0.15 0.15 0.5499999999999999)
(0.2 0.15 0.55)
(0.25 0.15 0.5499999999999999)
(0.3 0.15 0.55)
(0.3499999999999999 0.15 0.55)
(0.4000000000000001 0.15 0.55)
(0.45 0.15 0.55)
(0.5 0.15 0.5500000000000002)
(0.55 0.15 0.55)
(0.6 0.15 0.55)
(0.65 0.15 0.5499999999999999)
(0.6999999999999998 0.15 0.55)
(0.75 0.15 0.5500000000000002)
(0.8000000000000002 0.15 0.55)
(0.85 0.15 0.5499999999999999)
(0.9 0.15 0.5500000000000002)
(0.9500000000000001 0.15 0.5500000000000002)
(1 0.15 0.55)
(0 0.2 0.55)
(0.05000000000000001 0.2 0.5500000000000002)
(0.1 0.2 0.55)
(0.15 0.2 0.55)
(0.2 0.2 0.5500000000000002)
(0.25 0.2 0.5500000000000002)
(0.3 0.2 0.5499999999999999)
(0.35 0.2 0.5499999999999999)
(0.4000000000000001 0.2 0.55)
(0.4500000000000001 0.2 0.55)
(0.5 0.2 0.5499999999999999)
(0.55 0.2 0.55)
(0.6000000000000001 0.2 0.5500000000000002)
(0.65 0.2 0.5499999999999999)
(0.7000000000000001 0.2 0.55)
(0.7500000000000001 0.2 0.5500000000000002)
(0.8000000000000002 0.2 0.5500000000000002)
(0.8500000000000001 0.2 0.55)
(0.9000000000000002 0.2 0.55)
(0.9500000000000001 0.2 0.55)
(1 0.2 0.55)
(0 0.25 0.55)
(0.05000000000000001 0.25 0.55)
(0.1 0.25 0.55)
(0.15 0.25 0.5499999999999999)
(0.2 0.25 0.5500000000000002)
(0.25 0.25 0.5499999999999999)
(0.3 0.25 0.55)
(0.3499999999999999 0.25 0.5499999999999999)
(0.4000000000000001 0.25 0.55)
(0.45 0.25 0.55)
(0.5 0.25 0.5500000000000002)
(0.55 0.25 0.55)
(0.6 0.25 0.55)
(0.65 0.25 0.55)
(0.6999999999999998 0.25 0.55)
(0.75 0.25 0.5499999999999999)
(0.8000000000000002 0.25 0.5500000000000002)
(0.85 0.25 0.5500000000000002)
(0.9 0.25 0.55)
(0.9499999999999998 0.25 0.55)
(1 0.25 0.55)
(0 0.3 0.55)
(0.05000000000000001 0.3 0.5499999999999999)
(0.1 0.3 0.55)
(0.15 0.3 0.55)
(0.2 0.3 0.5499999999999999)
(0.25 0.3 0.55)
(0.3 0.3 0.5499999999999999)
(0.3499999999999999 0.3 0.5499999999999999)
(0.4000000000000001 0.3 0.5499999999999999)
(0.45 0.3 0.5500000000000002)
(0.5 0.3 0.5499999999999999)
(0.55 0.3 0.55)
(0.6 0.3 0.5500000000000002)
(0.65 0.3 0.55)
(0.7000000000000001 0.3 0.5499999999999999)
(0.75 0.3 0.55)
(0.8000000000000002 0.3 0.55)
(0.85 0.3 0.55)
(0.9 0.3 0.55)
(0.9500000000000001 0.2999999999999999 0.55)
(1 0.3 0.55)
(0 0.3499999999999999 0.5499999999999999)
(0.05000000000000002 0.3499999999999999 0.5500000000000002)
(0.1 0.35 0.5499999999999999)
(0.15 0.3499999999999999 0.55)
(0.2 0.35 0.5499999999999999)
(0.25 0.3499999999999999 0.5499999999999999)
(0.3 0.3499999999999999 0.5499999999999999)
(0.35 0.3499999999999999 0.5499999999999999)
(0.4000000000000001 0.3499999999999999 0.55)
(0.45 0.35 0.5499999999999999)
(0.5 0.35 0.5499999999999999)
(0.5499999999999999 0.3499999999999999 0.5499999999999999)
(0.6 0.3499999999999999 0.5499999999999999)
(0.65 0.35 0.55)
(0.7000000000000001 0.3499999999999999 0.5499999999999999)
(0.75 0.3499999999999999 0.5499999999999999)
(0.8000000000000002 0.35 0.5499999999999999)
(0.85 0.35 0.5499999999999999)
(0.9 0.35 0.55)
(0.9500000000000001 0.35 0.5500000000000002)
(1 0.3499999999999999 0.5499999999999999)
(0 0.4000000000000001 0.55)
(0.05000000000000001 0.4 0.5499999999999999)
(0.09999999999999999 0.4000000000000001 0.5499999999999999)
(0.15 0.4000000000000001 0.55)
(0.2 0.4000000000000001 0.5500000000000002)
(0.25 0.4000000000000001 0.55)
(0.3 0.4 0.5500000000000002)
(0.3499999999999999 0.4000000000000001 0.55)
(0.4000000000000001 0.4 0.5500000000000002)
(0.45 0.4 0.55)
(0.5 0.4 0.5500000000000002)
(0.55 0.4 0.55)
(0.6 0.4000000000000001 0.5500000000000002)
(0.65 0.4000000000000001 0.55)
(0.6999999999999998 0.4000000000000001 0.55)
(0.75 0.4000000000000001 0.55)
(0.8000000000000002 0.4000000000000001 0.5500000000000002)
(0.85 0.4000000000000001 0.55)
(0.9 0.4000000000000001 0.55)
(0.9499999999999998 0.4000000000000001 0.5500000000000002)
(1 0.4000000000000001 0.55)
(0 0.45 0.55)
(0.05000000000000001 0.45 0.55)
(0.09999999999999999 0.45 0.5500000000000002)
(0.15 0.45 0.55)
(0.2 0.45 0.55)
(0.25 0.45 0.5500000000000002)
(0.3 0.45 0.5500000000000002)
(0.35 0.45 0.5499999999999999)
(0.4 0.45 0.55)
(0.45 0.45 0.5500000000000002)
(0.5 0.45 0.5500000000000002)
(0.55 0.45 0.5500000000000002)
(0.6000000000000001 0.45 0.55)
(0.65 0.45 0.55)
(0.7000000000000001 0.45 0.55)
(0.7500000000000001 0.4500000000000001 0.55)
(0.7999999999999999 0.45 0.5499999999999999)
(0.85 0.45 0.55)
(0.9 0.45 0.5500000000000002)
(0.9499999999999998 0.45 0.55)
(1 0.45 0.55)
(0 0.5 0.5499999999999999)
(0.05 0.5 0.5499999999999999)
(0.09999999999999999 0.5 0.5500000000000002)
(0.15 0.5 0.5500000000000002)
(0.2 0.5 0.5499999999999999)
(0.25 0.5 0.5500000000000002)
(0.3 0.5 0.5499999999999999)
(0.35 0.5 0.5499999999999999)
(0.4 0.5 0.5500000000000002)
(0.45 0.5 0.5500000000000002)
(0.5 0.5 0.5499999999999999)
(0.5499999999999999 0.5 0.5500000000000002)
(0.6 0.5 0.5500000000000002)
(0.65 0.5 0.5499999999999999)
(0.7000000000000001 0.5 0.5499999999999999)
(0.75 0.5 0.5500000000000002)
(0.7999999999999999 0.5 0.5499999999999999)
(0.85 0.4999999999999999 0.55)
(0.9 0.5 0.5500000000000002)
(0.9500000000000001 0.5 0.5499999999999999)
(1 0.5 0.5499999999999999)
(0 0.55 0.55)
(0.05 0.55 0.55)
(0.09999999999999999 0.55 0.5500000000000002)
(0.15 0.55 0.55)
(0.2 0.5500000000000002 0.55)
(0.25 0.55 0.5499999999999999)
(0.3 0.55 0.55)
(0.3499999999999999 0.5499999999999999 0.5499999999999999)
(0.4 0.55 0.55)
(0.45 0.55 0.5500000000000002)
(0.5 0.5499999999999999 0.5500000000000002)
(0.55 0.55 0.55)
(0.6 0.55 0.55)
(0.65 0.5499999999999999 0.55)
(0.6999999999999998 0.5500000000000002 0.55)
(0.75 0.55 0.5499999999999999)
(0.7999999999999999 0.5499999999999999 0.55)
(0.85 0.55 0.55)
(0.9 0.55 0.5500000000000002)
(0.9499999999999998 0.55 0.55)
(1 0.55 0.55)
(0 0.6 0.55)
(0.05000000000000001 0.6 0.5499999999999999)
(0.1 0.6000000000000001 0.5499999999999999)
(0.15 0.6 0.55)
(0.2 0.6 0.5500000000000002)
(0.25 0.6 0.55)
(0.3 0.5999999999999999 0.5499999999999999)
(0.3499999999999999 0.6000000000000001 0.5499999999999999)
(0.4000000000000001 0.6 0.5500000000000002)
(0.45 0.6000000000000001 0.55)
(0.5 0.6 0.5500000000000002)
(0.55 0.6 0.55)
(0.6 0.5999999999999999 0.5500000000000002)
(0.65 0.6 0.5499999999999999)
(0.6999999999999998 0.6 0.55)
(0.75 0.6 0.55)
(0.8000000000000002 0.6 0.5500000000000002)
(0.85 0.6 0.55)
(0.9 0.6 0.5499999999999999)
(0.9499999999999998 0.5999999999999999 0.55)
(1 0.6 0.55)
(0 0.65 0.5499999999999999)
(0.05000000000000001 0.65 0.5500000000000002)
(0.1 0.65 0.5499999999999999)
(0.15 0.65 0.5499999999999999)
(0.2 0.65 0.5499999999999999)
(0.25 0.6500000000000001 0.5499999999999999)
(0.3 0.6500000000000001 0.55)
(0.3499999999999999 0.65 0.55)
(0.4000000000000001 0.65 0.5499999999999999)
(0.45 0.65 0.5499999999999999)
(0.5 0.65 0.5499999999999999)
(0.5499999999999999 0.6499999999999999 0.5499999999999999)
(0.6 0.65 0.55)
(0.6499999999999999 0.65 0.5499999999999999)
(0.7000000000000001 0.6500000000000001 0.5499999999999999)
(0.75 0.65 0.5499999999999999)
(0.8000000000000002 0.6499999999999999 0.5499999999999999)
(0.85 0.65 0.55)
(0.9 0.65 0.55)
(0.9499999999999998 0.65 0.5500000000000002)
(1 0.65 0.5499999999999999)
(0 0.6999999999999998 0.55)
(0.05000000000000001 0.6999999999999998 0.55)
(0.1 0.7000000000000001 0.55)
(0.15 0.6999999999999998 0.55)
(0.2 0.7000000000000001 0.55)
(0.25 0.6999999999999998 0.5499999999999999)
(0.3 0.6999999999999998 0.5499999999999999)
(0.3499999999999999 0.6999999999999998 0.55)
(0.4000000000000001 0.6999999999999998 0.5499999999999999)
(0.45 0.7000000000000001 0.55)
(0.5 0.7000000000000001 0.5499999999999999)
(0.55 0.6999999999999998 0.55)
(0.6 0.6999999999999998 0.5499999999999999)
(0.6500000000000001 0.7000000000000001 0.55)
(0.6999999999999998 0.6999999999999998 0.5499999999999999)
(0.75 0.6999999999999998 0.5499999999999999)
(0.8000000000000002 0.7000000000000001 0.55)
(0.85 0.7000000000000001 0.55)
(0.9 0.6999999999999998 0.55)
(0.9500000000000001 0.7000000000000001 0.55)
(1 0.6999999999999998 0.55)
(0 0.75 0.55)
(0.05000000000000001 0.75 0.55)
(0.1 0.75 0.55)
(0.15 0.75 0.5499999999999999)
(0.2 0.75 0.5500000000000002)
(0.25 0.75 0.5499999999999999)
(0.3 0.75 0.55)
(0.3499999999999999 0.75 0.5499999999999999)
(0.4000000000000001 0.75 0.55)
(0.45 0.75 0.5500000000000002)
(0.5 0.75 0.5500000000000002)
(0.55 0.75 0.5499999999999999)
(0.6 0.75 0.55)
(0.65 0.75 0.55)
(0.7000000000000001 0.7499999999999999 0.55)
(0.75 0.75 0.5499999999999999)
(0.8000000000000002 0.7500000000000001 0.5500000000000002)
(0.85 0.75 0.5499999999999999)
(0.9 0.75 0.55)
(0.9499999999999998 0.75 0.55)
(1 0.75 0.55)
(0 0.8000000000000002 0.5499999999999999)
(0.05000000000000001 0.7999999999999999 0.5500000000000002)
(0.1 0.8000000000000002 0.55)
(0.15 0.8000000000000002 0.55)
(0.2 0.8000000000000002 0.5500000000000002)
(0.25 0.8000000000000002 0.5500000000000002)
(0.3 0.8000000000000002 0.55)
(0.3499999999999999 0.8000000000000002 0.5499999999999999)
(0.4000000000000001 0.7999999999999999 0.55)
(0.45 0.7999999999999999 0.55)
(0.5 0.7999999999999999 0.5499999999999999)
(0.5499999999999999 0.7999999999999999 0.55)
(0.6 0.8000000000000002 0.5500000000000002)
(0.65 0.8000000000000002 0.5499999999999999)
(0.6999999999999998 0.8000000000000002 0.55)
(0.75 0.8000000000000002 0.5500000000000002)
(0.8000000000000002 0.8000000000000002 0.5500000000000002)
(0.85 0.8000000000000002 0.55)
(0.9 0.8000000000000002 0.55)
(0.9499999999999998 0.8000000000000002 0.55)
(1 0.8000000000000002 0.5499999999999999)
(0 0.85 0.55)
(0.05000000000000001 0.85 0.55)
(0.1 0.85 0.5500000000000002)
(0.15 0.85 0.5499999999999999)
(0.2 0.8500000000000001 0.55)
(0.25 0.85 0.55)
(0.3 0.85 0.55)
(0.3499999999999999 0.85 0.5499999999999999)
(0.4000000000000001 0.85 0.55)
(0.45 0.85 0.55)
(0.5 0.85 0.5500000000000002)
(0.55 0.85 0.55)
(0.6 0.85 0.55)
(0.65 0.85 0.55)
(0.6999999999999998 0.85 0.55)
(0.75 0.85 0.55)
(0.8000000000000002 0.85 0.55)
(0.85 0.8499999999999998 0.55)
(0.9 0.85 0.55)
(0.9499999999999998 0.8500000000000001 0.55)
(1 0.85 0.55)
(0 0.9 0.55)
(0.05000000000000001 0.9 0.55)
(0.1 0.9 0.5500000000000002)
(0.15 0.9 0.5500000000000002)
(0.2 0.9 0.55)
(0.25 0.9 0.55)
(0.3 0.9 0.55)
(0.35 0.9 0.55)
(0.4000000000000001 0.8999999999999999 0.5499999999999999)
(0.45 0.9 0.5500000000000002)
(0.5 0.9 0.5500000000000002)
(0.55 0.8999999999999999 0.5500000000000002)
(0.6 0.8999999999999999 0.5499999999999999)
(0.65 0.9 0.5499999999999999)
(0.7000000000000001 0.9 0.55)
(0.75 0.9000000000000002 0.55)
(0.8000000000000002 0.9 0.55)
(0.85 0.9 0.5500000000000002)
(0.9 0.9 0.5500000000000002)
(0.9499999999999998 0.9 0.55)
(1 0.9 0.55)
(0 0.9499999999999998 0.55)
(0.05000000000000001 0.9500000000000001 0.5499999999999999)
(0.1 0.9499999999999998 0.55)
(0.15 0.9500000000000001 0.5500000000000002)
(0.2 0.9499999999999998 0.5500000000000002)
(0.25 0.9499999999999998 0.55)
(0.3 0.9500000000000001 0.55)
(0.35 0.9499999999999998 0.55)
(0.4000000000000001 0.9499999999999998 0.5500000000000002)
(0.45 0.9499999999999998 0.5500000000000002)
(0.5 0.9499999999999998 0.5499999999999999)
(0.5500000000000002 0.9499999999999998 0.5500000000000002)
(0.6 0.9499999999999998 0.5500000000000002)
(0.65 0.9500000000000001 0.5500000000000002)
(0.7000000000000001 0.9500000000000001 0.55)
(0.75 0.9499999999999998 0.55)
(0.8000000000000002 0.9500000000000001 0.55)
(0.85 0.9500000000000001 0.55)
(0.9 0.9499999999999998 0.55)
(0.9499999999999998 0.9499999999999997 0.5499999999999999)
(1 0.9499999999999998 0.55)
(0 1 0.55)
(0.05000000000000001 1 0.55)
(0.1 1 0.55)
(0.15 1 0.55)
(0.2 1 0.5500000000000002)
(0.25 1 0.55)
(0.3 1 0.55)
(0.3499999999999999 1 0.5499999999999999)
(0.4000000000000001 1 0.55)
(0.45 1 0.55)
(0.5 1 0.5499999999999999)
(0.55 1 0.55)
(0.6 1 0.55)
(0.65 1 0.5499999999999999)
(0.6999999999999998 1 0.55)
(0.75 1 0.55)
(0.8000000000000002 1 0.5499999999999999)
(0.85 0.9999999999999999 0.55)
(0.9 1 0.55)
(0.9499999999999998 1 0.55)
(1 1 0.55)
(0 0 0.6)
(0.05000000000000001 0 0.6)
(0.09999999999999999 0 0.6000000000000001)
(0.15 0 0.6)
(0.2 0 0.6)
(0.25 0 0.6)
(0.3 0 0.6)
(0.3499999999999999 0 0.6)
(0.4000000000000001 0 0.6)
(0.45 0 0.6000000000000001)
(0.5 0 0.6)
(0.55 0 0.6)
(0.6 0 0.6)
(0.65 0 0.6)
(0.6999999999999998 0 0.6)
(0.75 0 0.5999999999999999)
(0.8000000000000002 0 0.6)
(0.8500000000000001 0 0.6)
(0.9 0 0.6000000000000001)
(0.9499999999999998 0 0.6)
(1 0 0.6)
(0 0.05000000000000001 0.6)
(0.05000000000000001 0.05000000000000001 0.6)
(0.1 0.05000000000000001 0.6)
(0.15 0.05000000000000001 0.6)
(0.2 0.05000000000000002 0.6)
(0.25 0.05000000000000001 0.6)
(0.3 0.05000000000000001 0.6)
(0.35 0.05000000000000001 0.6)
(0.4000000000000001 0.05000000000000001 0.6)
(0.45 0.05000000000000001 0.6)
(0.5 0.05 0.5999999999999999)
(0.55 0.05 0.6)
(0.6 0.05000000000000001 0.6)
(0.65 0.05000000000000001 0.6)
(0.7000000000000001 0.05000000000000001 0.6)
(0.75 0.05000000000000001 0.6)
(0.8000000000000002 0.05000000000000001 0.6)
(0.8500000000000001 0.05000000000000001 0.6)
(0.9 0.05000000000000001 0.6)
(0.9499999999999998 0.05000000000000001 0.6)
(1 0.05000000000000001 0.6)
(0 0.09999999999999999 0.6000000000000001)
(0.05000000000000001 0.1 0.6)
(0.1 0.1 0.6)
(0.15 0.09999999999999999 0.5999999999999999)
(0.2 0.09999999999999999 0.6)
(0.25 0.1 0.6)
(0.3 0.1 0.6)
(0.3499999999999999 0.09999999999999999 0.6)
(0.4000000000000001 0.09999999999999999 0.6)
(0.4499999999999999 0.09999999999999999 0.5999999999999999)
(0.5 0.09999999999999999 0.6000000000000001)
(0.55 0.09999999999999999 0.6)
(0.6000000000000001 0.09999999999999999 0.6000000000000001)
(0.65 0.1 0.6)
(0.6999999999999998 0.1 0.6)
(0.75 0.1 0.6)
(0.8000000000000002 0.1 0.6)
(0.85 0.1 0.6)
(0.8999999999999999 0.1 0.6)
(0.9500000000000001 0.1 0.6000000000000001)
(1 0.09999999999999999 0.6000000000000001)
(0 0.15 0.6)
(0.05000000000000001 0.15 0.6)
(0.1 0.15 0.6)
(0.15 0.15 0.6)
(0.2 0.15 0.6000000000000001)
(0.25 0.15 0.6)
(0.3 0.15 0.6)
(0.35 0.15 0.6)
(0.4000000000000001 0.15 0.6)
(0.45 0.15 0.6)
(0.5 0.15 0.6)
(0.55 0.15 0.6)
(0.6000000000000001 0.15 0.6)
(0.65 0.15 0.6)
(0.7000000000000001 0.15 0.6)
(0.75 0.15 0.6)
(0.8000000000000002 0.15 0.6)
(0.8500000000000001 0.15 0.6)
(0.9 0.15 0.6)
(0.9500000000000001 0.15 0.6)
(1 0.15 0.6)
(0 0.2 0.6)
(0.05000000000000001 0.2 0.6)
(0.1 0.2 0.6000000000000001)
(0.15 0.2 0.6000000000000001)
(0.2 0.2 0.6000000000000001)
(0.25 0.2 0.6000000000000001)
(0.3 0.2 0.6000000000000001)
(0.35 0.2 0.6)
(0.4000000000000001 0.2 0.6000000000000001)
(0.45 0.2 0.6)
(0.5 0.2 0.6)
(0.55 0.2 0.6)
(0.6000000000000001 0.2 0.6)
(0.65 0.2 0.6)
(0.7000000000000001 0.2 0.6)
(0.75 0.2 0.6)
(0.8000000000000002 0.2 0.6000000000000001)
(0.85 0.2 0.6000000000000001)
(0.9000000000000002 0.2 0.6000000000000001)
(0.9500000000000001 0.2 0.6)
(1 0.2 0.6)
(0 0.25 0.6)
(0.05000000000000001 0.25 0.6)
(0.1 0.25 0.6)
(0.15 0.25 0.6)
(0.2 0.25 0.6)
(0.25 0.25 0.6)
(0.3 0.25 0.6)
(0.3499999999999999 0.25 0.6)
(0.4000000000000001 0.25 0.6)
(0.4500000000000001 0.25 0.6000000000000001)
(0.5 0.25 0.6)
(0.55 0.25 0.6)
(0.6 0.2500000000000001 0.6)
(0.6500000000000001 0.25 0.6)
(0.6999999999999998 0.25 0.6)
(0.75 0.25 0.6)
(0.8000000000000002 0.25 0.6)
(0.85 0.25 0.6)
(0.9000000000000002 0.2500000000000001 0.6)
(0.9499999999999998 0.25 0.6)
(1 0.25 0.6)
(0 0.3 0.6)
(0.05000000000000001 0.3 0.6)
(0.1 0.3 0.6)
(0.15 0.3 0.6)
(0.2 0.3 0.6)
(0.25 0.3 0.6)
(0.3 0.3 0.6000000000000001)
(0.35 0.3 0.5999999999999999)
(0.4000000000000001 0.3 0.6)
(0.45 0.3 0.6)
(0.5 0.3 0.6)
(0.55 0.3 0.5999999999999999)
(0.6 0.3 0.6)
(0.65 0.3 0.5999999999999999)
(0.7000000000000001 0.3 0.6)
(0.75 0.3 0.6)
(0.8000000000000002 0.3 0.6000000000000001)
(0.85 0.3 0.6)
(0.9 0.3 0.6)
(0.9500000000000001 0.3 0.6000000000000001)
(1 0.3 0.6)
(0 0.3499999999999999 0.6)
(0.05000000000000001 0.3499999999999999 0.6)
(0.09999999999999999 0.3499999999999999 0.6)
(0.15 0.3499999999999999 0.6)
(0.2 0.35 0.6)
(0.25 0.3499999999999999 0.6)
(0.3 0.3499999999999999 0.6)
(0.35 0.3499999999999999 0.6)
(0.4000000000000001 0.35 0.6)
(0.45 0.3499999999999999 0.6)
(0.5 0.35 0.6)
(0.5499999999999999 0.3499999999999999 0.6)
(0.6000000000000001 0.3499999999999999 0.6)
(0.6499999999999999 0.35 0.6)
(0.7000000000000001 0.35 0.6)
(0.75 0.3499999999999999 0.6)
(0.8000000000000002 0.35 0.6)
(0.8500000000000001 0.35 0.6)
(0.9 0.35 0.6)
(0.9500000000000001 0.3499999999999999 0.6)
(1 0.3499999999999999 0.6)
(0 0.4000000000000001 0.6)
(0.05000000000000001 0.4000000000000001 0.6)
(0.09999999999999999 0.4000000000000001 0.6)
(0.15 0.4000000000000001 0.6)
(0.2 0.4000000000000001 0.6000000000000001)
(0.25 0.4000000000000001 0.6)
(0.3 0.4000000000000001 0.6)
(0.3499999999999999 0.4000000000000001 0.6)
(0.4000000000000001 0.4000000000000001 0.6)
(0.45 0.4 0.6)
(0.5 0.4 0.6)
(0.55 0.4 0.6)
(0.6 0.4000000000000001 0.6)
(0.65 0.4000000000000001 0.6)
(0.6999999999999998 0.4000000000000001 0.6)
(0.75 0.4000000000000001 0.6)
(0.8000000000000002 0.4000000000000001 0.6)
(0.85 0.4000000000000001 0.6)
(0.9 0.4000000000000001 0.6000000000000001)
(0.9499999999999998 0.4000000000000001 0.6)
(1 0.4000000000000001 0.6)
(0 0.45 0.6000000000000001)
(0.05000000000000001 0.45 0.6)
(0.09999999999999999 0.45 0.5999999999999998)
(0.15 0.45 0.6)
(0.2 0.45 0.6)
(0.25 0.45 0.6000000000000001)
(0.3 0.45 0.6)
(0.35 0.45 0.6000000000000001)
(0.4 0.45 0.6000000000000001)
(0.45 0.45 0.6)
(0.5 0.45 0.6000000000000001)
(0.55 0.45 0.6000000000000001)
(0.6000000000000001 0.45 0.6000000000000001)
(0.65 0.45 0.6000000000000001)
(0.7000000000000001 0.4500000000000001 0.6000000000000001)
(0.75 0.4500000000000001 0.6000000000000001)
(0.7999999999999999 0.45 0.6)
(0.8499999999999998 0.4499999999999999 0.6)
(0.9 0.45 0.5999999999999999)
(0.9499999999999998 0.45 0.6)
(1 0.45 0.6000000000000001)
(0 0.5 0.6)
(0.05 0.5 0.5999999999999999)
(0.09999999999999999 0.5 0.6000000000000001)
(0.15 0.5 0.6)
(0.2 0.5 0.6)
(0.25 0.5 0.6)
(0.3 0.5 0.6)
(0.35 0.5 0.6)
(0.4 0.5 0.6)
(0.4500000000000001 0.5 0.6000000000000001)
(0.5 0.5 0.5999999999999999)
(0.5499999999999999 0.5 0.6)
(0.6 0.5 0.6)
(0.65 0.5 0.6)
(0.7000000000000001 0.5 0.6)
(0.75 0.5 0.5999999999999999)
(0.7999999999999999 0.5 0.6)
(0.85 0.5 0.6)
(0.9000000000000002 0.5000000000000001 0.6000000000000001)
(0.9500000000000001 0.5 0.6)
(1 0.5 0.6)
(0 0.55 0.6)
(0.05 0.55 0.5999999999999999)
(0.09999999999999999 0.55 0.6)
(0.15 0.55 0.6)
(0.2 0.5500000000000002 0.6000000000000001)
(0.25 0.55 0.6)
(0.3 0.55 0.6)
(0.3499999999999999 0.5499999999999999 0.6)
(0.4 0.55 0.6)
(0.45 0.55 0.6000000000000001)
(0.5 0.5499999999999999 0.6)
(0.55 0.55 0.6)
(0.6 0.55 0.6)
(0.65 0.5499999999999999 0.6)
(0.6999999999999998 0.55 0.6)
(0.75 0.55 0.5999999999999999)
(0.7999999999999999 0.5500000000000002 0.6)
(0.85 0.5500000000000002 0.6)
(0.9 0.55 0.6000000000000001)
(0.9499999999999998 0.5499999999999999 0.6)
(1 0.55 0.6)
(0 0.6 0.6)
(0.05000000000000001 0.6 0.6)
(0.1 0.6000000000000001 0.6)
(0.15 0.6000000000000001 0.6)
(0.2 0.6 0.6000000000000001)
(0.25 0.6 0.6)
(0.3 0.6 0.6)
(0.35 0.6000000000000001 0.6)
(0.4000000000000001 0.6 0.6)
(0.45 0.6 0.6)
(0.5 0.6 0.6)
(0.55 0.6 0.6)
(0.6 0.6 0.6)
(0.65 0.6000000000000001 0.6)
(0.7000000000000001 0.6 0.6)
(0.75 0.6 0.6)
(0.8000000000000002 0.6 0.6)
(0.85 0.6000000000000001 0.6)
(0.9 0.6000000000000001 0.6000000000000001)
(0.9499999999999998 0.6 0.6)
(1 0.6 0.6)
(0 0.65 0.6)
(0.05000000000000001 0.6499999999999999 0.6)
(0.1 0.65 0.6)
(0.15 0.6499999999999999 0.6)
(0.2 0.65 0.6)
(0.25 0.65 0.6)
(0.3 0.65 0.6)
(0.35 0.65 0.6)
(0.4000000000000001 0.65 0.6)
(0.45 0.65 0.6)
(0.5 0.65 0.6)
(0.5499999999999999 0.65 0.6)
(0.6000000000000001 0.65 0.6)
(0.65 0.65 0.6)
(0.7000000000000001 0.65 0.6)
(0.75 0.65 0.6)
(0.8000000000000002 0.65 0.6)
(0.85 0.65 0.6)
(0.9 0.65 0.6)
(0.9500000000000001 0.65 0.6)
(1 0.65 0.6)
(0 0.6999999999999998 0.6)
(0.05000000000000001 0.6999999999999998 0.6)
(0.1 0.7000000000000001 0.6000000000000001)
(0.15 0.6999999999999998 0.6)
(0.2 0.7000000000000001 0.6)
(0.25 0.6999999999999998 0.6)
(0.3 0.6999999999999998 0.6)
(0.3499999999999999 0.6999999999999998 0.6)
(0.4000000000000001 0.7000000000000001 0.6)
(0.45 0.6999999999999998 0.6000000000000001)
(0.5 0.7000000000000001 0.6)
(0.55 0.6999999999999998 0.6)
(0.6 0.6999999999999998 0.6)
(0.6499999999999999 0.7000000000000001 0.6)
(0.6999999999999998 0.7000000000000001 0.6)
(0.75 0.6999999999999998 0.5999999999999999)
(0.7999999999999999 0.7000000000000001 0.6)
(0.8500000000000001 0.7000000000000001 0.6)
(0.9 0.7000000000000001 0.6000000000000002)
(0.9500000000000001 0.7000000000000001 0.6000000000000001)
(1 0.6999999999999998 0.6)
(0 0.75 0.6)
(0.05000000000000001 0.75 0.6)
(0.1 0.75 0.6)
(0.15 0.75 0.6)
(0.2 0.75 0.6)
(0.25 0.75 0.6)
(0.3 0.75 0.6)
(0.3499999999999999 0.75 0.6)
(0.4000000000000001 0.75 0.6)
(0.45 0.75 0.6000000000000001)
(0.5 0.75 0.6)
(0.55 0.75 0.6)
(0.6 0.75 0.6)
(0.65 0.75 0.6)
(0.6999999999999998 0.75 0.6)
(0.75 0.75 0.6)
(0.8000000000000002 0.75 0.6000000000000001)
(0.85 0.75 0.6)
(0.9 0.75 0.6)
(0.9499999999999998 0.75 0.6)
(1 0.75 0.6)
(0 0.8000000000000002 0.6)
(0.05000000000000001 0.8000000000000002 0.6)
(0.1 0.8000000000000002 0.6000000000000001)
(0.15 0.8000000000000002 0.6000000000000001)
(0.2 0.8000000000000002 0.6000000000000001)
(0.25 0.8000000000000002 0.6)
(0.3 0.8000000000000002 0.6)
(0.3499999999999999 0.8000000000000002 0.6)
(0.4000000000000001 0.8000000000000002 0.6)
(0.45 0.8000000000000002 0.6)
(0.5 0.7999999999999999 0.6)
(0.5499999999999999 0.7999999999999999 0.6)
(0.6 0.8000000000000002 0.6)
(0.65 0.8000000000000002 0.6)
(0.6999999999999998 0.8000000000000002 0.6000000000000001)
(0.75 0.8000000000000002 0.6000000000000001)
(0.8000000000000002 0.8000000000000002 0.6000000000000001)
(0.85 0.8000000000000002 0.6000000000000001)
(0.9 0.8000000000000002 0.6000000000000001)
(0.9499999999999998 0.8000000000000002 0.6)
(1 0.8000000000000002 0.6)
(0 0.8500000000000001 0.6)
(0.05000000000000001 0.85 0.6)
(0.09999999999999999 0.85 0.5999999999999998)
(0.15 0.8500000000000001 0.6)
(0.2 0.85 0.6)
(0.25 0.85 0.6)
(0.3 0.85 0.6)
(0.35 0.85 0.6)
(0.4000000000000001 0.85 0.6)
(0.45 0.85 0.6)
(0.5 0.85 0.6)
(0.55 0.8500000000000001 0.6)
(0.6000000000000001 0.85 0.6)
(0.65 0.8500000000000001 0.6)
(0.7000000000000001 0.85 0.6)
(0.75 0.8499999999999998 0.5999999999999998)
(0.8000000000000002 0.85 0.6)
(0.8500000000000001 0.8500000000000001 0.6)
(0.9 0.85 0.6)
(0.9499999999999998 0.8500000000000001 0.6)
(1 0.8500000000000001 0.6)
(0 0.9 0.6)
(0.05000000000000001 0.9 0.6)
(0.09999999999999999 0.9 0.6)
(0.15 0.9 0.6)
(0.2 0.9 0.6000000000000001)
(0.25 0.9 0.6)
(0.3 0.9 0.6)
(0.35 0.9 0.6)
(0.4000000000000001 0.9 0.6)
(0.45 0.9 0.6)
(0.5 0.9 0.6)
(0.5500000000000002 0.8999999999999999 0.6)
(0.6000000000000001 0.8999999999999999 0.6)
(0.65 0.9 0.6)
(0.7000000000000001 0.9 0.6)
(0.75 0.9000000000000002 0.6)
(0.8000000000000002 0.9 0.6)
(0.85 0.9 0.5999999999999999)
(0.9 0.9 0.6000000000000001)
(0.9499999999999998 0.9 0.6)
(1 0.9 0.6)
(0 0.9499999999999998 0.6)
(0.05000000000000001 0.9500000000000001 0.6000000000000001)
(0.1 0.9499999999999998 0.6000000000000001)
(0.15 0.9499999999999998 0.6)
(0.2 0.9499999999999998 0.6)
(0.25 0.9499999999999998 0.6)
(0.3 0.9500000000000001 0.6)
(0.35 0.9499999999999998 0.6)
(0.4000000000000001 0.9499999999999998 0.6)
(0.45 0.9499999999999998 0.6)
(0.5 0.9499999999999998 0.6)
(0.55 0.9499999999999998 0.6)
(0.6 0.9499999999999998 0.6)
(0.65 0.9500000000000001 0.6)
(0.7000000000000001 0.9500000000000001 0.6)
(0.75 0.9499999999999998 0.6)
(0.8000000000000002 0.9500000000000001 0.6)
(0.8500000000000001 0.9499999999999998 0.6)
(0.9 0.9499999999999998 0.6000000000000001)
(0.9500000000000001 0.9500000000000001 0.6)
(1 0.9499999999999998 0.6)
(0 1 0.6)
(0.05000000000000001 1 0.6)
(0.09999999999999999 1 0.6000000000000001)
(0.15 1 0.6)
(0.2 1 0.6)
(0.25 1 0.6)
(0.3 1 0.6)
(0.3499999999999999 1 0.6)
(0.4000000000000001 1 0.6)
(0.45 1 0.6000000000000001)
(0.5 1 0.6)
(0.55 1 0.6)
(0.6 1 0.6)
(0.65 1 0.6)
(0.6999999999999998 1 0.6)
(0.75 1 0.5999999999999999)
(0.8000000000000002 1 0.6)
(0.8500000000000001 1 0.6)
(0.9 1 0.6000000000000001)
(0.9499999999999998 1 0.6)
(1 1 0.6)
(0 0 0.65)
(0.05000000000000001 0 0.65)
(0.09999999999999999 0 0.65)
(0.15 0 0.65)
(0.2 0 0.65)
(0.25 0 0.65)
(0.3 0 0.65)
(0.3499999999999999 0 0.65)
(0.4000000000000001 0 0.65)
(0.45 0 0.65)
(0.5 0 0.65)
(0.55 0 0.65)
(0.6 0 0.65)
(0.65 0 0.65)
(0.6999999999999998 0 0.65)
(0.75 0 0.6500000000000001)
(0.8000000000000002 0 0.6499999999999999)
(0.85 0 0.65)
(0.9 0 0.65)
(0.9499999999999998 0 0.65)
(1 0 0.65)
(0 0.05000000000000001 0.65)
(0.05000000000000001 0.05000000000000001 0.65)
(0.1 0.05000000000000001 0.65)
(0.15 0.05000000000000001 0.65)
(0.2 0.05 0.65)
(0.25 0.05000000000000002 0.65)
(0.3 0.05000000000000001 0.65)
(0.35 0.05000000000000001 0.65)
(0.4000000000000001 0.05000000000000001 0.65)
(0.45 0.05000000000000001 0.6500000000000001)
(0.5 0.05 0.65)
(0.55 0.05000000000000001 0.6500000000000001)
(0.6 0.05 0.65)
(0.65 0.05000000000000001 0.65)
(0.7000000000000001 0.05000000000000001 0.65)
(0.75 0.05000000000000001 0.65)
(0.8000000000000002 0.05000000000000001 0.6499999999999999)
(0.85 0.05000000000000001 0.65)
(0.9 0.05000000000000001 0.65)
(0.9499999999999998 0.05000000000000001 0.65)
(1 0.05000000000000001 0.65)
(0 0.09999999999999999 0.65)
(0.05000000000000001 0.1 0.65)
(0.1 0.1 0.65)
(0.15 0.1 0.65)
(0.2 0.1 0.65)
(0.25 0.1 0.6500000000000001)
(0.3 0.1 0.6500000000000001)
(0.3499999999999999 0.1 0.65)
(0.4000000000000001 0.1 0.65)
(0.45 0.09999999999999999 0.65)
(0.5 0.09999999999999999 0.65)
(0.55 0.09999999999999999 0.6499999999999999)
(0.6000000000000001 0.09999999999999999 0.65)
(0.65 0.1 0.6500000000000001)
(0.6999999999999998 0.1 0.6500000000000001)
(0.7500000000000001 0.1 0.6500000000000001)
(0.8000000000000002 0.1 0.65)
(0.85 0.1 0.65)
(0.8999999999999999 0.1 0.65)
(0.9500000000000001 0.1 0.65)
(1 0.09999999999999999 0.65)
(0 0.15 0.65)
(0.05000000000000001 0.15 0.65)
(0.1 0.15 0.65)
(0.15 0.15 0.65)
(0.2 0.15 0.6500000000000002)
(0.25 0.15 0.65)
(0.3 0.15 0.65)
(0.3499999999999999 0.15 0.65)
(0.4000000000000001 0.15 0.65)
(0.45 0.15 0.6500000000000002)
(0.5 0.15 0.6500000000000001)
(0.55 0.15 0.65)
(0.6 0.15 0.65)
(0.65 0.15 0.65)
(0.6999999999999998 0.15 0.65)
(0.75 0.15 0.6500000000000001)
(0.8000000000000002 0.15 0.65)
(0.85 0.15 0.65)
(0.9 0.15 0.65)
(0.9500000000000001 0.15 0.65)
(1 0.15 0.65)
(0 0.2 0.65)
(0.05000000000000001 0.2 0.65)
(0.1 0.2 0.65)
(0.15 0.2 0.6500000000000001)
(0.2 0.2 0.6500000000000001)
(0.25 0.2 0.65)
(0.3 0.2 0.65)
(0.35 0.2 0.65)
(0.4000000000000001 0.2 0.6500000000000001)
(0.4500000000000001 0.2 0.65)
(0.5 0.2 0.65)
(0.55 0.2 0.65)
(0.6000000000000001 0.2 0.65)
(0.65 0.2 0.65)
(0.7000000000000001 0.2 0.6499999999999999)
(0.75 0.2 0.6499999999999999)
(0.8000000000000002 0.2 0.65)
(0.85 0.2 0.65)
(0.9000000000000002 0.2 0.65)
(0.9500000000000001 0.2 0.65)
(1 0.2 0.65)
(0 0.25 0.65)
(0.05000000000000001 0.25 0.65)
(0.1 0.25 0.6500000000000001)
(0.15 0.25 0.65)
(0.2 0.25 0.65)
(0.25 0.25 0.65)
(0.3 0.25 0.65)
(0.3499999999999999 0.25 0.65)
(0.4000000000000001 0.25 0.65)
(0.45 0.25 0.65)
(0.5 0.25 0.65)
(0.55 0.25 0.65)
(0.6 0.25 0.65)
(0.65 0.25 0.65)
(0.6999999999999998 0.25 0.65)
(0.75 0.25 0.65)
(0.8000000000000002 0.25 0.6499999999999998)
(0.85 0.25 0.65)
(0.8999999999999999 0.2500000000000001 0.65)
(0.9499999999999998 0.25 0.6499999999999999)
(1 0.25 0.65)
(0 0.3 0.65)
(0.05000000000000001 0.3 0.65)
(0.1 0.3 0.6500000000000001)
(0.15 0.3 0.65)
(0.2 0.3 0.65)
(0.25 0.3 0.65)
(0.3 0.3 0.65)
(0.3499999999999999 0.3 0.6499999999999999)
(0.4000000000000001 0.3 0.65)
(0.45 0.3 0.6500000000000001)
(0.5 0.3 0.65)
(0.55 0.3 0.65)
(0.6 0.3 0.65)
(0.65 0.3 0.6499999999999999)
(0.7000000000000001 0.3 0.65)
(0.75 0.3 0.65)
(0.8000000000000002 0.3 0.65)
(0.85 0.3 0.65)
(0.8999999999999999 0.3 0.65)
(0.9500000000000001 0.3 0.65)
(1 0.3 0.65)
(0 0.3499999999999999 0.65)
(0.05000000000000001 0.3499999999999999 0.65)
(0.09999999999999999 0.3499999999999999 0.65)
(0.15 0.3499999999999999 0.65)
(0.2 0.3499999999999999 0.65)
(0.25 0.3499999999999999 0.65)
(0.3 0.3499999999999999 0.65)
(0.35 0.3499999999999999 0.65)
(0.4 0.3499999999999999 0.65)
(0.45 0.3499999999999999 0.65)
(0.5 0.35 0.65)
(0.5499999999999999 0.3499999999999999 0.6499999999999999)
(0.6 0.3499999999999999 0.65)
(0.65 0.35 0.65)
(0.7000000000000001 0.3499999999999999 0.65)
(0.75 0.3499999999999999 0.6500000000000001)
(0.8000000000000002 0.3499999999999999 0.65)
(0.85 0.3499999999999999 0.65)
(0.9 0.3499999999999999 0.65)
(0.9500000000000001 0.35 0.65)
(1 0.3499999999999999 0.65)
(0 0.4000000000000001 0.65)
(0.05 0.4000000000000001 0.65)
(0.09999999999999999 0.4000000000000001 0.65)
(0.15 0.4000000000000001 0.6499999999999999)
(0.2 0.4000000000000001 0.6500000000000001)
(0.25 0.4000000000000001 0.65)
(0.3 0.4000000000000001 0.65)
(0.3499999999999999 0.4000000000000001 0.65)
(0.4 0.4000000000000001 0.65)
(0.45 0.4 0.65)
(0.5 0.4 0.65)
(0.55 0.4 0.65)
(0.6 0.4 0.65)
(0.65 0.4 0.65)
(0.6999999999999998 0.4000000000000001 0.65)
(0.75 0.4000000000000001 0.65)
(0.8000000000000002 0.4000000000000001 0.65)
(0.85 0.4000000000000001 0.65)
(0.9 0.4000000000000001 0.65)
(0.9499999999999998 0.4000000000000001 0.65)
(1 0.4000000000000001 0.65)
(0 0.45 0.65)
(0.05 0.45 0.6500000000000001)
(0.09999999999999999 0.45 0.65)
(0.15 0.45 0.6500000000000002)
(0.2 0.45 0.65)
(0.25 0.45 0.6500000000000001)
(0.3 0.45 0.6500000000000001)
(0.3499999999999999 0.45 0.65)
(0.4 0.45 0.6500000000000001)
(0.45 0.45 0.6500000000000002)
(0.5 0.45 0.65)
(0.55 0.45 0.65)
(0.6000000000000001 0.45 0.65)
(0.65 0.45 0.65)
(0.6999999999999998 0.45 0.65)
(0.7500000000000001 0.45 0.6500000000000001)
(0.7999999999999999 0.45 0.65)
(0.85 0.45 0.65)
(0.9 0.45 0.65)
(0.9499999999999998 0.45 0.65)
(1 0.45 0.65)
(0 0.5 0.65)
(0.05 0.5 0.65)
(0.09999999999999999 0.5 0.65)
(0.15 0.5 0.65)
(0.2 0.5 0.65)
(0.25 0.5 0.65)
(0.3 0.5 0.65)
(0.35 0.5 0.65)
(0.4 0.5 0.65)
(0.4500000000000001 0.5 0.65)
(0.5 0.5 0.6500000000000001)
(0.5499999999999999 0.5 0.65)
(0.6000000000000001 0.4999999999999999 0.65)
(0.65 0.5 0.65)
(0.7000000000000001 0.5 0.65)
(0.75 0.5 0.6500000000000001)
(0.7999999999999999 0.5 0.6499999999999999)
(0.85 0.5 0.65)
(0.9000000000000002 0.5000000000000001 0.65)
(0.9500000000000001 0.5 0.65)
(1 0.5 0.65)
(0 0.55 0.65)
(0.05000000000000001 0.5500000000000002 0.6500000000000001)
(0.09999999999999999 0.55 0.65)
(0.15 0.55 0.6499999999999999)
(0.2 0.5500000000000002 0.65)
(0.25 0.55 0.65)
(0.3 0.55 0.65)
(0.3499999999999999 0.5499999999999999 0.6499999999999999)
(0.4 0.55 0.65)
(0.45 0.55 0.6500000000000001)
(0.5 0.5499999999999999 0.65)
(0.55 0.55 0.6499999999999999)
(0.6 0.55 0.65)
(0.65 0.5499999999999999 0.6499999999999999)
(0.6999999999999998 0.5499999999999999 0.65)
(0.75 0.55 0.65)
(0.7999999999999999 0.5499999999999999 0.6499999999999999)
(0.85 0.55 0.6500000000000001)
(0.9 0.55 0.65)
(0.9499999999999998 0.55 0.65)
(1 0.55 0.65)
(0 0.6 0.65)
(0.05000000000000001 0.6 0.65)
(0.1 0.6 0.65)
(0.15 0.6 0.6499999999999999)
(0.2 0.6 0.6500000000000001)
(0.25 0.6 0.65)
(0.3 0.6 0.65)
(0.3499999999999999 0.6 0.65)
(0.4000000000000001 0.6 0.65)
(0.45 0.6000000000000001 0.65)
(0.5 0.6 0.65)
(0.55 0.6000000000000001 0.65)
(0.6 0.6 0.65)
(0.6499999999999999 0.6 0.65)
(0.6999999999999998 0.6 0.65)
(0.75 0.6 0.65)
(0.8000000000000002 0.6 0.65)
(0.8500000000000001 0.6 0.65)
(0.9 0.6 0.65)
(0.9499999999999998 0.6 0.6500000000000001)
(1 0.6 0.65)
(0 0.65 0.65)
(0.05000000000000001 0.65 0.6499999999999999)
(0.1 0.65 0.65)
(0.15 0.6499999999999999 0.65)
(0.2 0.65 0.65)
(0.25 0.65 0.65)
(0.3 0.65 0.6499999999999999)
(0.3499999999999999 0.65 0.65)
(0.4000000000000001 0.6499999999999999 0.65)
(0.45 0.65 0.65)
(0.5 0.65 0.65)
(0.5499999999999999 0.65 0.6499999999999999)
(0.6 0.65 0.65)
(0.65 0.65 0.65)
(0.6999999999999998 0.65 0.6499999999999999)
(0.75 0.65 0.6500000000000001)
(0.8000000000000002 0.65 0.65)
(0.85 0.65 0.65)
(0.9 0.65 0.6500000000000001)
(0.9500000000000001 0.65 0.65)
(1 0.65 0.65)
(0 0.6999999999999998 0.65)
(0.05000000000000001 0.6999999999999998 0.65)
(0.09999999999999999 0.7000000000000001 0.6500000000000001)
(0.15 0.6999999999999998 0.6499999999999999)
(0.2 0.6999999999999998 0.6499999999999999)
(0.25 0.6999999999999998 0.65)
(0.3 0.6999999999999998 0.65)
(0.3499999999999999 0.6999999999999998 0.65)
(0.4 0.6999999999999998 0.65)
(0.45 0.7000000000000001 0.6500000000000001)
(0.5 0.7000000000000001 0.65)
(0.55 0.6999999999999998 0.65)
(0.6 0.6999999999999998 0.65)
(0.6499999999999999 0.6999999999999998 0.65)
(0.6999999999999998 0.6999999999999998 0.65)
(0.75 0.6999999999999998 0.65)
(0.7999999999999999 0.6999999999999998 0.6499999999999998)
(0.85 0.6999999999999998 0.6499999999999999)
(0.9 0.6999999999999998 0.65)
(0.9500000000000001 0.6999999999999998 0.65)
(1 0.6999999999999998 0.65)
(0 0.75 0.65)
(0.05000000000000001 0.75 0.65)
(0.09999999999999999 0.7500000000000001 0.6500000000000001)
(0.15 0.75 0.6500000000000001)
(0.2 0.75 0.6499999999999999)
(0.25 0.75 0.65)
(0.3 0.75 0.65)
(0.3499999999999999 0.75 0.6500000000000001)
(0.4 0.75 0.65)
(0.45 0.75 0.6500000000000002)
(0.5 0.75 0.65)
(0.55 0.75 0.6499999999999999)
(0.6 0.75 0.65)
(0.6500000000000001 0.75 0.6500000000000001)
(0.6999999999999998 0.7499999999999999 0.65)
(0.75 0.75 0.65)
(0.7999999999999999 0.7499999999999999 0.65)
(0.85 0.75 0.65)
(0.9 0.75 0.65)
(0.9499999999999998 0.75 0.65)
(1 0.75 0.65)
(0 0.8000000000000002 0.65)
(0.05 0.8000000000000002 0.65)
(0.09999999999999999 0.8000000000000002 0.65)
(0.15 0.8000000000000002 0.65)
(0.2 0.8000000000000002 0.6500000000000002)
(0.25 0.8000000000000002 0.65)
(0.3 0.8000000000000002 0.6499999999999999)
(0.3499999999999999 0.8000000000000002 0.65)
(0.4 0.8000000000000002 0.65)
(0.45 0.8000000000000002 0.65)
(0.5 0.7999999999999999 0.65)
(0.5499999999999999 0.7999999999999999 0.65)
(0.6 0.7999999999999999 0.65)
(0.6499999999999999 0.7999999999999999 0.65)
(0.6999999999999998 0.8000000000000002 0.65)
(0.75 0.8000000000000002 0.65)
(0.7999999999999999 0.8000000000000002 0.6499999999999999)
(0.85 0.8000000000000002 0.6500000000000001)
(0.9 0.8000000000000002 0.65)
(0.9499999999999998 0.8000000000000002 0.65)
(1 0.8000000000000002 0.65)
(0 0.85 0.65)
(0.05000000000000001 0.85 0.65)
(0.1 0.85 0.65)
(0.15 0.85 0.65)
(0.2 0.85 0.6500000000000001)
(0.25 0.85 0.65)
(0.3 0.85 0.65)
(0.3499999999999999 0.85 0.65)
(0.4000000000000001 0.85 0.65)
(0.45 0.85 0.6500000000000002)
(0.5 0.85 0.65)
(0.55 0.8500000000000001 0.65)
(0.6 0.85 0.65)
(0.65 0.8500000000000001 0.65)
(0.6999999999999998 0.85 0.65)
(0.75 0.8500000000000001 0.6500000000000001)
(0.8000000000000002 0.85 0.65)
(0.85 0.85 0.65)
(0.9 0.85 0.65)
(0.9499999999999998 0.85 0.65)
(1 0.85 0.65)
(0 0.9 0.65)
(0.05000000000000001 0.9 0.65)
(0.1 0.9 0.65)
(0.15 0.9 0.65)
(0.2 0.9 0.65)
(0.25 0.9 0.65)
(0.3 0.9 0.65)
(0.35 0.9 0.65)
(0.4000000000000001 0.9 0.65)
(0.45 0.9 0.65)
(0.5 0.9 0.65)
(0.55 0.9 0.65)
(0.6000000000000001 0.9 0.65)
(0.65 0.9 0.6500000000000001)
(0.6999999999999998 0.8999999999999999 0.65)
(0.75 0.9 0.6500000000000001)
(0.8000000000000002 0.9 0.6499999999999999)
(0.85 0.9 0.65)
(0.9 0.8999999999999999 0.65)
(0.9499999999999998 0.9 0.65)
(1 0.9 0.65)
(0 0.9499999999999998 0.6499999999999999)
(0.05000000000000001 0.9500000000000001 0.6499999999999999)
(0.1 0.9499999999999998 0.65)
(0.15 0.9499999999999998 0.6499999999999999)
(0.2 0.9499999999999998 0.65)
(0.25 0.9499999999999998 0.6499999999999999)
(0.3 0.9500000000000001 0.65)
(0.35 0.9499999999999998 0.65)
(0.4000000000000001 0.9500000000000001 0.6500000000000002)
(0.45 0.9499999999999998 0.65)
(0.5 0.9500000000000001 0.6499999999999999)
(0.55 0.9499999999999998 0.65)
(0.6000000000000001 0.9499999999999998 0.6500000000000001)
(0.65 0.9499999999999998 0.65)
(0.6999999999999998 0.9500000000000001 0.65)
(0.75 0.9499999999999998 0.65)
(0.8000000000000002 0.9500000000000001 0.65)
(0.85 0.9499999999999998 0.6499999999999999)
(0.8999999999999999 0.9499999999999998 0.6499999999999999)
(0.9499999999999998 0.9499999999999998 0.6499999999999999)
(1 0.9499999999999998 0.6499999999999999)
(0 1 0.65)
(0.05000000000000001 1 0.65)
(0.09999999999999999 1 0.65)
(0.15 1 0.65)
(0.2 1 0.65)
(0.25 1 0.65)
(0.3 1 0.65)
(0.3499999999999999 1 0.65)
(0.4000000000000001 1 0.65)
(0.45 1 0.65)
(0.5 1 0.65)
(0.55 1 0.65)
(0.6 0.9999999999999999 0.65)
(0.65 1 0.65)
(0.6999999999999998 1 0.65)
(0.75 1 0.6500000000000001)
(0.8000000000000002 1 0.6499999999999999)
(0.85 1 0.65)
(0.9 1 0.65)
(0.9499999999999998 1 0.65)
(1 1 0.65)
(0 0 0.6999999999999998)
(0.05000000000000001 0 0.7000000000000001)
(0.09999999999999999 0 0.6999999999999998)
(0.15 0 0.7000000000000001)
(0.2 0 0.7000000000000001)
(0.25 0 0.6999999999999998)
(0.3 0 0.7000000000000001)
(0.3499999999999999 0 0.7000000000000001)
(0.4000000000000001 0 0.6999999999999998)
(0.45 0 0.7000000000000001)
(0.5 0 0.7000000000000001)
(0.55 0 0.6999999999999998)
(0.6 0 0.7000000000000001)
(0.65 0 0.6999999999999998)
(0.6999999999999998 0 0.6999999999999998)
(0.75 0 0.6999999999999998)
(0.8000000000000002 0 0.6999999999999998)
(0.85 0 0.6999999999999998)
(0.9 0 0.7000000000000001)
(0.9499999999999998 0 0.7000000000000001)
(1 0 0.6999999999999998)
(0 0.05000000000000001 0.7000000000000001)
(0.05000000000000001 0.05000000000000001 0.7000000000000001)
(0.1 0.05000000000000001 0.6999999999999998)
(0.15 0.05000000000000001 0.7000000000000001)
(0.2 0.05 0.7000000000000001)
(0.25 0.05 0.7000000000000001)
(0.3 0.05 0.7000000000000001)
(0.35 0.05000000000000001 0.6999999999999998)
(0.4000000000000001 0.05000000000000001 0.6999999999999998)
(0.45 0.05000000000000001 0.7000000000000001)
(0.5 0.05 0.7000000000000001)
(0.55 0.05 0.7000000000000001)
(0.6 0.05 0.6999999999999998)
(0.65 0.05000000000000001 0.6999999999999998)
(0.7000000000000001 0.05000000000000001 0.7000000000000001)
(0.75 0.05000000000000001 0.7000000000000001)
(0.8000000000000002 0.05000000000000001 0.6999999999999998)
(0.85 0.05000000000000001 0.7000000000000001)
(0.9 0.05000000000000001 0.6999999999999998)
(0.9499999999999998 0.05000000000000001 0.6999999999999997)
(1 0.05000000000000001 0.7000000000000001)
(0 0.09999999999999999 0.6999999999999998)
(0.05000000000000001 0.1 0.6999999999999998)
(0.1 0.1 0.7000000000000001)
(0.15 0.1 0.6999999999999998)
(0.2 0.1 0.6999999999999998)
(0.2500000000000001 0.1 0.7000000000000001)
(0.3 0.09999999999999999 0.6999999999999998)
(0.3499999999999999 0.1 0.7000000000000001)
(0.4000000000000001 0.09999999999999999 0.6999999999999998)
(0.45 0.1 0.6999999999999998)
(0.5 0.09999999999999999 0.7000000000000001)
(0.55 0.09999999999999999 0.6999999999999998)
(0.6000000000000001 0.09999999999999999 0.6999999999999998)
(0.65 0.1 0.7000000000000001)
(0.6999999999999998 0.1 0.6999999999999998)
(0.75 0.1 0.7000000000000002)
(0.8000000000000002 0.09999999999999999 0.6999999999999998)
(0.8500000000000001 0.1 0.6999999999999998)
(0.9 0.1 0.7000000000000001)
(0.9500000000000001 0.1 0.6999999999999998)
(1 0.09999999999999999 0.6999999999999998)
(0 0.15 0.7000000000000001)
(0.05000000000000001 0.15 0.6999999999999998)
(0.1 0.15 0.6999999999999998)
(0.15 0.15 0.6999999999999998)
(0.2 0.15 0.7000000000000001)
(0.25 0.15 0.6999999999999998)
(0.3 0.15 0.7000000000000001)
(0.3499999999999999 0.15 0.6999999999999998)
(0.4000000000000001 0.15 0.7000000000000001)
(0.45 0.15 0.6999999999999998)
(0.5 0.15 0.7000000000000002)
(0.55 0.15 0.7000000000000001)
(0.6 0.15 0.6999999999999998)
(0.6499999999999999 0.15 0.7000000000000001)
(0.6999999999999998 0.15 0.7000000000000001)
(0.75 0.15 0.7000000000000001)
(0.8000000000000002 0.15 0.6999999999999998)
(0.85 0.15 0.7000000000000001)
(0.9 0.15 0.7000000000000001)
(0.9500000000000001 0.15 0.7000000000000001)
(1 0.15 0.7000000000000001)
(0 0.2 0.7000000000000001)
(0.05000000000000001 0.2 0.6999999999999998)
(0.1 0.2 0.7000000000000001)
(0.15 0.2 0.6999999999999998)
(0.2 0.2 0.7000000000000001)
(0.25 0.2 0.6999999999999998)
(0.3 0.2 0.6999999999999998)
(0.35 0.2 0.7000000000000001)
(0.4000000000000001 0.2 0.7000000000000001)
(0.4500000000000001 0.2 0.7000000000000001)
(0.5 0.2 0.6999999999999998)
(0.55 0.2 0.7000000000000001)
(0.6000000000000001 0.2 0.7000000000000001)
(0.65 0.2 0.6999999999999998)
(0.7000000000000001 0.2 0.6999999999999998)
(0.75 0.2 0.7000000000000001)
(0.8000000000000002 0.2 0.7000000000000001)
(0.85 0.2 0.6999999999999998)
(0.9000000000000002 0.2 0.7000000000000001)
(0.9500000000000001 0.2 0.6999999999999998)
(1 0.2 0.7000000000000001)
(0 0.25 0.6999999999999998)
(0.05000000000000001 0.25 0.7000000000000001)
(0.1 0.25 0.7000000000000001)
(0.15 0.25 0.7000000000000001)
(0.2 0.25 0.6999999999999998)
(0.25 0.25 0.6999999999999998)
(0.3 0.25 0.6999999999999998)
(0.3499999999999999 0.25 0.7000000000000001)
(0.4000000000000001 0.25 0.7000000000000001)
(0.4500000000000001 0.25 0.7000000000000001)
(0.5 0.25 0.6999999999999998)
(0.55 0.25 0.7000000000000001)
(0.6 0.25 0.6999999999999998)
(0.65 0.25 0.6999999999999998)
(0.6999999999999998 0.25 0.7000000000000001)
(0.75 0.25 0.7000000000000001)
(0.8000000000000002 0.25 0.7000000000000001)
(0.85 0.25 0.7000000000000001)
(0.9000000000000002 0.2500000000000001 0.7000000000000001)
(0.9499999999999998 0.25 0.6999999999999998)
(1 0.25 0.6999999999999998)
(0 0.3 0.7000000000000001)
(0.05000000000000001 0.3 0.6999999999999998)
(0.1 0.3 0.6999999999999998)
(0.15 0.3 0.7000000000000001)
(0.2 0.3 0.7000000000000001)
(0.25 0.3 0.7000000000000001)
(0.3 0.3 0.6999999999999998)
(0.3499999999999999 0.3 0.6999999999999998)
(0.4000000000000001 0.3 0.7000000000000001)
(0.45 0.3 0.6999999999999998)
(0.5 0.3 0.6999999999999998)
(0.55 0.3 0.6999999999999998)
(0.6 0.3 0.7000000000000001)
(0.6500000000000001 0.3 0.7000000000000001)
(0.7000000000000001 0.3 0.7000000000000001)
(0.75 0.3 0.7000000000000001)
(0.8000000000000002 0.3 0.6999999999999998)
(0.85 0.3 0.6999999999999998)
(0.8999999999999999 0.3 0.7000000000000001)
(0.9500000000000001 0.3 0.7000000000000001)
(1 0.3 0.7000000000000001)
(0 0.3499999999999999 0.7000000000000001)
(0.05000000000000001 0.3499999999999999 0.7000000000000001)
(0.09999999999999999 0.3499999999999999 0.7000000000000001)
(0.15 0.3499999999999999 0.6999999999999998)
(0.2 0.3499999999999999 0.6999999999999998)
(0.2500000000000001 0.35 0.7000000000000001)
(0.3 0.3499999999999999 0.7000000000000001)
(0.35 0.35 0.7000000000000001)
(0.4 0.35 0.6999999999999998)
(0.45 0.3499999999999999 0.7000000000000001)
(0.5 0.3499999999999999 0.7000000000000001)
(0.5499999999999999 0.3499999999999999 0.7000000000000001)
(0.6 0.3499999999999999 0.6999999999999998)
(0.6500000000000001 0.35 0.6999999999999998)
(0.7000000000000001 0.3499999999999999 0.7000000000000001)
(0.75 0.3499999999999999 0.6999999999999998)
(0.8000000000000002 0.35 0.6999999999999998)
(0.85 0.3499999999999999 0.6999999999999998)
(0.9 0.3499999999999999 0.7000000000000002)
(0.9500000000000001 0.35 0.6999999999999998)
(1 0.3499999999999999 0.7000000000000001)
(0 0.4000000000000001 0.6999999999999998)
(0.05 0.4000000000000001 0.6999999999999998)
(0.09999999999999999 0.4000000000000001 0.6999999999999998)
(0.15 0.4000000000000001 0.6999999999999998)
(0.2 0.4000000000000001 0.6999999999999998)
(0.25 0.4 0.7000000000000001)
(0.3 0.4000000000000001 0.7000000000000001)
(0.3499999999999999 0.4000000000000001 0.7000000000000001)
(0.4 0.4000000000000001 0.7000000000000001)
(0.45 0.4 0.6999999999999998)
(0.5 0.4 0.6999999999999998)
(0.55 0.4 0.6999999999999998)
(0.6 0.4 0.6999999999999998)
(0.65 0.4000000000000001 0.6999999999999998)
(0.6999999999999998 0.4000000000000001 0.7000000000000001)
(0.75 0.4000000000000001 0.6999999999999998)
(0.8000000000000002 0.4000000000000001 0.7000000000000001)
(0.85 0.4000000000000001 0.6999999999999998)
(0.9 0.4000000000000001 0.7000000000000001)
(0.9499999999999998 0.4000000000000001 0.6999999999999998)
(1 0.4000000000000001 0.6999999999999998)
(0 0.45 0.7000000000000001)
(0.05000000000000001 0.45 0.6999999999999998)
(0.09999999999999999 0.45 0.7000000000000001)
(0.15 0.45 0.7000000000000001)
(0.2 0.45 0.6999999999999998)
(0.25 0.45 0.6999999999999998)
(0.3 0.45 0.6999999999999998)
(0.35 0.45 0.6999999999999998)
(0.4000000000000001 0.45 0.6999999999999998)
(0.4500000000000001 0.4500000000000001 0.7000000000000001)
(0.5 0.45 0.6999999999999998)
(0.55 0.45 0.7000000000000001)
(0.6000000000000001 0.4500000000000001 0.6999999999999998)
(0.65 0.45 0.6999999999999998)
(0.7000000000000001 0.45 0.6999999999999998)
(0.75 0.45 0.7000000000000001)
(0.7999999999999999 0.45 0.7000000000000001)
(0.85 0.45 0.6999999999999998)
(0.9000000000000002 0.45 0.7000000000000001)
(0.9499999999999998 0.45 0.7000000000000001)
(1 0.45 0.7000000000000001)
(0 0.5 0.7000000000000001)
(0.05 0.5 0.7000000000000001)
(0.09999999999999999 0.5 0.6999999999999998)
(0.15 0.5 0.6999999999999998)
(0.2 0.5 0.7000000000000001)
(0.25 0.5 0.6999999999999998)
(0.3 0.5 0.6999999999999998)
(0.35 0.5 0.7000000000000001)
(0.4 0.5 0.6999999999999998)
(0.4500000000000001 0.5 0.6999999999999998)
(0.5 0.5 0.7000000000000001)
(0.5499999999999999 0.5 0.6999999999999998)
(0.6 0.5 0.6999999999999998)
(0.6499999999999999 0.5 0.6999999999999998)
(0.7000000000000001 0.5 0.6999999999999998)
(0.75 0.5 0.6999999999999998)
(0.7999999999999999 0.5 0.6999999999999998)
(0.85 0.4999999999999999 0.7000000000000001)
(0.9000000000000002 0.5000000000000001 0.7000000000000001)
(0.9500000000000001 0.5 0.7000000000000001)
(1 0.5 0.7000000000000001)
(0 0.55 0.6999999999999998)
(0.05 0.5499999999999999 0.6999999999999998)
(0.09999999999999999 0.55 0.7000000000000001)
(0.15 0.55 0.6999999999999998)
(0.2 0.5500000000000002 0.6999999999999998)
(0.2500000000000001 0.55 0.7000000000000001)
(0.3 0.55 0.6999999999999998)
(0.3499999999999999 0.5499999999999999 0.6999999999999998)
(0.4 0.55 0.6999999999999998)
(0.45 0.55 0.6999999999999998)
(0.5 0.5499999999999999 0.6999999999999998)
(0.55 0.55 0.7000000000000001)
(0.6 0.55 0.6999999999999998)
(0.65 0.55 0.7000000000000001)
(0.6999999999999998 0.55 0.6999999999999998)
(0.75 0.55 0.7000000000000001)
(0.7999999999999999 0.5499999999999999 0.6999999999999998)
(0.85 0.55 0.6999999999999998)
(0.9 0.55 0.7000000000000002)
(0.9499999999999998 0.55 0.6999999999999998)
(1 0.55 0.6999999999999998)
(0 0.6 0.7000000000000001)
(0.05000000000000001 0.6 0.6999999999999998)
(0.1 0.6000000000000001 0.7000000000000001)
(0.15 0.6 0.6999999999999998)
(0.2 0.6 0.7000000000000001)
(0.25 0.6 0.6999999999999998)
(0.3 0.6 0.7000000000000001)
(0.3499999999999999 0.6 0.7000000000000001)
(0.4000000000000001 0.6000000000000001 0.6999999999999998)
(0.45 0.6000000000000001 0.6999999999999998)
(0.5 0.6 0.6999999999999998)
(0.55 0.6 0.6999999999999998)
(0.6000000000000001 0.6 0.7000000000000001)
(0.6499999999999999 0.6 0.6999999999999998)
(0.6999999999999998 0.6 0.6999999999999998)
(0.75 0.6 0.7000000000000001)
(0.8000000000000002 0.6 0.7000000000000001)
(0.8500000000000001 0.6 0.7000000000000001)
(0.9 0.6 0.7000000000000001)
(0.9499999999999998 0.6 0.6999999999999998)
(1 0.6 0.7000000000000001)
(0 0.65 0.6999999999999998)
(0.05000000000000001 0.65 0.7000000000000001)
(0.1 0.65 0.7000000000000001)
(0.15 0.65 0.7000000000000001)
(0.2 0.65 0.6999999999999998)
(0.25 0.65 0.7000000000000001)
(0.3 0.6500000000000001 0.6999999999999998)
(0.3499999999999999 0.65 0.7000000000000001)
(0.4000000000000001 0.6499999999999999 0.7000000000000001)
(0.45 0.65 0.7000000000000001)
(0.5 0.65 0.7000000000000001)
(0.5499999999999999 0.65 0.6999999999999998)
(0.6 0.65 0.7000000000000001)
(0.65 0.65 0.6999999999999998)
(0.6999999999999998 0.65 0.6999999999999998)
(0.75 0.65 0.7000000000000001)
(0.8000000000000002 0.65 0.6999999999999998)
(0.85 0.6499999999999999 0.7000000000000001)
(0.9 0.6499999999999999 0.7000000000000001)
(0.9499999999999998 0.65 0.6999999999999998)
(1 0.65 0.6999999999999998)
(0 0.6999999999999998 0.6999999999999998)
(0.05 0.6999999999999998 0.6999999999999998)
(0.09999999999999999 0.7000000000000001 0.6999999999999998)
(0.15 0.6999999999999998 0.7000000000000001)
(0.2 0.6999999999999998 0.7000000000000001)
(0.25 0.6999999999999998 0.6999999999999998)
(0.3 0.6999999999999998 0.6999999999999998)
(0.3499999999999999 0.6999999999999998 0.6999999999999998)
(0.4 0.7000000000000001 0.6999999999999998)
(0.45 0.6999999999999998 0.6999999999999998)
(0.5 0.6999999999999998 0.6999999999999998)
(0.55 0.6999999999999998 0.6999999999999998)
(0.6 0.6999999999999998 0.7000000000000001)
(0.6499999999999999 0.7000000000000001 0.6999999999999998)
(0.6999999999999998 0.6999999999999998 0.6999999999999998)
(0.75 0.6999999999999998 0.6999999999999998)
(0.7999999999999999 0.7000000000000001 0.6999999999999998)
(0.85 0.6999999999999998 0.7000000000000001)
(0.9 0.6999999999999998 0.7000000000000001)
(0.9500000000000001 0.7000000000000001 0.7000000000000001)
(1 0.6999999999999998 0.6999999999999998)
(0 0.75 0.6999999999999998)
(0.05000000000000001 0.75 0.7000000000000001)
(0.1 0.75 0.7000000000000001)
(0.15 0.75 0.7000000000000001)
(0.2 0.7500000000000001 0.6999999999999998)
(0.25 0.75 0.6999999999999998)
(0.3 0.75 0.7000000000000001)
(0.35 0.75 0.7000000000000001)
(0.4 0.75 0.7000000000000001)
(0.45 0.7500000000000001 0.7000000000000001)
(0.5 0.75 0.6999999999999998)
(0.55 0.75 0.6999999999999998)
(0.6 0.75 0.7000000000000001)
(0.65 0.75 0.6999999999999998)
(0.6999999999999998 0.75 0.7000000000000001)
(0.75 0.75 0.6999999999999998)
(0.8000000000000002 0.75 0.6999999999999998)
(0.85 0.75 0.6999999999999998)
(0.9 0.7500000000000001 0.7000000000000001)
(0.9499999999999998 0.75 0.7000000000000001)
(1 0.75 0.6999999999999998)
(0 0.8000000000000002 0.6999999999999998)
(0.05 0.8000000000000002 0.6999999999999998)
(0.1 0.8000000000000002 0.6999999999999998)
(0.15 0.8000000000000002 0.6999999999999998)
(0.2 0.8000000000000002 0.6999999999999998)
(0.25 0.7999999999999999 0.6999999999999998)
(0.3 0.7999999999999999 0.6999999999999998)
(0.3499999999999999 0.8000000000000002 0.6999999999999998)
(0.4000000000000001 0.8000000000000002 0.7000000000000001)
(0.45 0.8000000000000002 0.6999999999999998)
(0.5 0.7999999999999999 0.7000000000000001)
(0.5499999999999999 0.7999999999999999 0.6999999999999998)
(0.6 0.7999999999999999 0.7000000000000001)
(0.65 0.8000000000000002 0.6999999999999998)
(0.6999999999999998 0.8000000000000002 0.7000000000000001)
(0.75 0.7999999999999999 0.7000000000000001)
(0.8000000000000002 0.7999999999999999 0.6999999999999998)
(0.85 0.8000000000000002 0.7000000000000001)
(0.9 0.8000000000000002 0.7000000000000001)
(0.9499999999999998 0.8000000000000002 0.6999999999999998)
(1 0.8000000000000002 0.6999999999999998)
(0 0.85 0.6999999999999998)
(0.05000000000000001 0.85 0.6999999999999998)
(0.1 0.8500000000000001 0.6999999999999998)
(0.15 0.85 0.7000000000000001)
(0.2 0.85 0.6999999999999998)
(0.25 0.85 0.7000000000000001)
(0.3 0.85 0.7000000000000001)
(0.3499999999999999 0.85 0.7000000000000001)
(0.4000000000000001 0.85 0.6999999999999998)
(0.45 0.85 0.6999999999999998)
(0.5 0.8499999999999998 0.6999999999999998)
(0.55 0.8500000000000001 0.6999999999999998)
(0.6000000000000001 0.85 0.6999999999999998)
(0.6499999999999999 0.85 0.6999999999999998)
(0.6999999999999998 0.85 0.7000000000000001)
(0.75 0.85 0.7000000000000001)
(0.8000000000000002 0.8500000000000001 0.6999999999999998)
(0.85 0.85 0.6999999999999998)
(0.9 0.8500000000000001 0.7000000000000001)
(0.9499999999999998 0.8500000000000001 0.6999999999999998)
(1 0.85 0.6999999999999998)
(0 0.9 0.7000000000000001)
(0.05000000000000001 0.9 0.7000000000000001)
(0.1 0.9 0.6999999999999998)
(0.15 0.9 0.6999999999999998)
(0.2 0.9 0.7000000000000001)
(0.25 0.9 0.6999999999999998)
(0.3 0.9 0.6999999999999998)
(0.35 0.9 0.6999999999999998)
(0.4000000000000001 0.9 0.7000000000000001)
(0.45 0.9 0.6999999999999998)
(0.5 0.9 0.6999999999999998)
(0.55 0.9 0.7000000000000001)
(0.6000000000000001 0.9000000000000002 0.6999999999999998)
(0.65 0.8999999999999999 0.7000000000000001)
(0.7000000000000001 0.9 0.6999999999999998)
(0.75 0.9 0.7000000000000001)
(0.8000000000000002 0.9 0.6999999999999998)
(0.85 0.9000000000000002 0.6999999999999998)
(0.9 0.9 0.7000000000000001)
(0.9499999999999998 0.9 0.6999999999999998)
(1 0.9 0.7000000000000001)
(0 0.9499999999999998 0.7000000000000001)
(0.05000000000000001 0.9500000000000001 0.6999999999999998)
(0.1 0.9499999999999998 0.7000000000000001)
(0.15 0.9500000000000001 0.6999999999999998)
(0.2 0.9499999999999998 0.6999999999999998)
(0.25 0.9499999999999998 0.7000000000000001)
(0.3 0.9500000000000001 0.6999999999999998)
(0.35 0.9499999999999998 0.7000000000000001)
(0.4000000000000001 0.9500000000000001 0.6999999999999998)
(0.45 0.9499999999999998 0.6999999999999998)
(0.5 0.9500000000000001 0.7000000000000001)
(0.55 0.9499999999999998 0.6999999999999998)
(0.6 0.9500000000000001 0.7000000000000001)
(0.65 0.9500000000000001 0.6999999999999998)
(0.7000000000000001 0.9500000000000001 0.6999999999999998)
(0.75 0.9499999999999998 0.6999999999999998)
(0.8000000000000002 0.9500000000000001 0.6999999999999998)
(0.85 0.9500000000000001 0.6999999999999998)
(0.9 0.9499999999999998 0.7000000000000001)
(0.9499999999999998 0.9499999999999997 0.7000000000000001)
(1 0.9499999999999998 0.7000000000000001)
(0 1 0.6999999999999998)
(0.05000000000000001 1 0.6999999999999998)
(0.09999999999999999 1 0.6999999999999998)
(0.15 1 0.6999999999999998)
(0.2 1 0.6999999999999998)
(0.25 1 0.6999999999999998)
(0.3 1 0.6999999999999998)
(0.3499999999999999 1 0.6999999999999998)
(0.4000000000000001 1 0.7000000000000001)
(0.45 1 0.6999999999999998)
(0.5 1 0.7000000000000001)
(0.55 1 0.6999999999999998)
(0.6 1 0.6999999999999998)
(0.65 1 0.6999999999999998)
(0.6999999999999998 1 0.7000000000000001)
(0.75 1 0.6999999999999998)
(0.8000000000000002 1 0.6999999999999998)
(0.85 0.9999999999999999 0.7000000000000001)
(0.9 1 0.7000000000000001)
(0.9499999999999998 1 0.7000000000000001)
(1 1 0.6999999999999998)
(0 0 0.75)
(0.05000000000000001 0 0.75)
(0.1 0 0.75)
(0.15 0 0.75)
(0.2 0 0.7500000000000001)
(0.25 0 0.75)
(0.3 0 0.75)
(0.3499999999999999 0 0.75)
(0.4000000000000001 0 0.75)
(0.45 0 0.75)
(0.5 0 0.75)
(0.55 0 0.75)
(0.6 0 0.75)
(0.65 0 0.75)
(0.6999999999999998 0 0.75)
(0.75 0 0.75)
(0.8000000000000002 0 0.75)
(0.85 0 0.75)
(0.9 0 0.75)
(0.9499999999999998 0 0.75)
(1 0 0.75)
(0 0.05000000000000001 0.75)
(0.05000000000000001 0.05000000000000001 0.75)
(0.1 0.05000000000000001 0.75)
(0.15 0.05000000000000001 0.75)
(0.2 0.05000000000000002 0.75)
(0.25 0.05000000000000001 0.75)
(0.3 0.05 0.75)
(0.35 0.05000000000000001 0.75)
(0.4000000000000001 0.05000000000000001 0.75)
(0.45 0.05000000000000001 0.7500000000000001)
(0.5 0.05000000000000001 0.7499999999999999)
(0.55 0.05000000000000001 0.75)
(0.6 0.05000000000000001 0.7500000000000001)
(0.65 0.05000000000000001 0.7500000000000001)
(0.7000000000000001 0.05000000000000001 0.75)
(0.75 0.05000000000000002 0.7500000000000001)
(0.8000000000000002 0.05000000000000001 0.75)
(0.8500000000000001 0.05000000000000001 0.7500000000000001)
(0.9 0.05000000000000001 0.75)
(0.9499999999999998 0.05000000000000001 0.75)
(1 0.05000000000000001 0.75)
(0 0.1 0.75)
(0.05000000000000001 0.1 0.75)
(0.1 0.1 0.7499999999999999)
(0.15 0.1 0.75)
(0.2 0.1 0.75)
(0.25 0.1 0.75)
(0.3 0.1 0.7500000000000001)
(0.3499999999999999 0.1 0.7500000000000001)
(0.4000000000000001 0.09999999999999999 0.7499999999999999)
(0.45 0.09999999999999999 0.7499999999999999)
(0.5 0.09999999999999999 0.75)
(0.55 0.09999999999999999 0.7499999999999999)
(0.6000000000000001 0.09999999999999999 0.7499999999999999)
(0.65 0.09999999999999999 0.7500000000000001)
(0.6999999999999998 0.1 0.7500000000000001)
(0.7500000000000001 0.1 0.7499999999999999)
(0.8000000000000002 0.09999999999999999 0.75)
(0.85 0.1 0.75)
(0.9 0.1 0.7499999999999999)
(0.9500000000000001 0.1 0.75)
(1 0.1 0.75)
(0 0.15 0.75)
(0.05000000000000001 0.15 0.75)
(0.1 0.15 0.75)
(0.15 0.15 0.7500000000000001)
(0.2 0.15 0.7499999999999999)
(0.25 0.15 0.75)
(0.3 0.15 0.75)
(0.3499999999999999 0.15 0.75)
(0.4000000000000001 0.15 0.7499999999999999)
(0.45 0.15 0.7500000000000001)
(0.5 0.15 0.75)
(0.55 0.15 0.7500000000000001)
(0.6 0.15 0.7499999999999999)
(0.65 0.15 0.7500000000000001)
(0.6999999999999998 0.15 0.7499999999999999)
(0.75 0.15 0.7500000000000001)
(0.8000000000000002 0.15 0.75)
(0.85 0.15 0.7500000000000001)
(0.9 0.15 0.75)
(0.9500000000000001 0.15 0.7500000000000001)
(1 0.15 0.75)
(0 0.2 0.7500000000000001)
(0.05000000000000001 0.2 0.75)
(0.1 0.2 0.75)
(0.15 0.2 0.7499999999999999)
(0.2 0.2 0.75)
(0.25 0.2 0.75)
(0.3 0.2 0.75)
(0.35 0.2 0.75)
(0.4000000000000001 0.2 0.7500000000000001)
(0.4500000000000001 0.2 0.7500000000000001)
(0.5 0.2 0.7500000000000003)
(0.55 0.2 0.75)
(0.6000000000000001 0.2 0.75)
(0.65 0.2 0.75)
(0.7000000000000001 0.2 0.75)
(0.75 0.2 0.75)
(0.8000000000000002 0.2 0.75)
(0.85 0.2 0.7500000000000001)
(0.9000000000000002 0.2 0.7500000000000001)
(0.9500000000000001 0.2 0.7500000000000001)
(1 0.2 0.7500000000000001)
(0 0.25 0.75)
(0.05000000000000001 0.2500000000000001 0.75)
(0.1 0.25 0.7500000000000001)
(0.15 0.25 0.75)
(0.2 0.25 0.75)
(0.25 0.25 0.75)
(0.3 0.2500000000000001 0.75)
(0.3499999999999999 0.25 0.75)
(0.4000000000000001 0.25 0.75)
(0.45 0.25 0.75)
(0.5 0.25 0.75)
(0.55 0.25 0.75)
(0.5999999999999999 0.25 0.75)
(0.6500000000000001 0.25 0.75)
(0.6999999999999998 0.25 0.75)
(0.75 0.25 0.75)
(0.8000000000000002 0.25 0.75)
(0.8499999999999998 0.25 0.75)
(0.9000000000000002 0.25 0.75)
(0.9499999999999998 0.25 0.75)
(1 0.25 0.75)
(0 0.3 0.75)
(0.05000000000000001 0.3 0.75)
(0.1 0.3 0.7500000000000001)
(0.15 0.3 0.75)
(0.2 0.3 0.75)
(0.25 0.3 0.75)
(0.3 0.3 0.75)
(0.3499999999999999 0.3 0.75)
(0.4000000000000001 0.3 0.75)
(0.45 0.3 0.7499999999999999)
(0.5 0.3 0.7499999999999999)
(0.55 0.3 0.7499999999999999)
(0.6 0.3 0.75)
(0.65 0.3 0.7499999999999999)
(0.7000000000000001 0.3 0.75)
(0.75 0.3 0.7500000000000001)
(0.8000000000000002 0.3 0.7500000000000001)
(0.85 0.3 0.75)
(0.9 0.3 0.75)
(0.9500000000000001 0.3 0.7500000000000001)
(1 0.3 0.75)
(0 0.3499999999999999 0.75)
(0.05000000000000001 0.35 0.75)
(0.09999999999999999 0.3499999999999999 0.75)
(0.15 0.3499999999999999 0.75)
(0.2 0.35 0.75)
(0.25 0.3499999999999999 0.75)
(0.3 0.3499999999999999 0.75)
(0.35 0.3499999999999999 0.75)
(0.4000000000000001 0.3499999999999999 0.75)
(0.45 0.3499999999999999 0.7500000000000001)
(0.5 0.35 0.75)
(0.5499999999999999 0.3499999999999999 0.75)
(0.6 0.3499999999999999 0.75)
(0.65 0.35 0.75)
(0.7000000000000001 0.35 0.7499999999999999)
(0.75 0.3499999999999999 0.75)
(0.8000000000000002 0.35 0.7499999999999999)
(0.85 0.35 0.75)
(0.9 0.3499999999999999 0.7500000000000001)
(0.9500000000000001 0.35 0.75)
(1 0.3499999999999999 0.75)
(0 0.4000000000000001 0.75)
(0.05000000000000001 0.4000000000000001 0.75)
(0.09999999999999999 0.4000000000000001 0.75)
(0.15 0.4000000000000001 0.75)
(0.2 0.4000000000000001 0.75)
(0.25 0.4 0.75)
(0.3 0.4000000000000001 0.75)
(0.3499999999999999 0.4000000000000001 0.7499999999999999)
(0.4000000000000001 0.4000000000000001 0.75)
(0.45 0.4 0.75)
(0.5 0.4 0.75)
(0.55 0.4 0.75)
(0.6 0.4000000000000001 0.75)
(0.65 0.4 0.75)
(0.6999999999999998 0.4000000000000001 0.75)
(0.75 0.4000000000000001 0.75)
(0.8000000000000002 0.4000000000000001 0.75)
(0.85 0.4000000000000001 0.75)
(0.9 0.4000000000000001 0.7499999999999999)
(0.9499999999999998 0.4000000000000001 0.75)
(1 0.4000000000000001 0.75)
(0 0.45 0.75)
(0.05000000000000001 0.45 0.75)
(0.09999999999999999 0.45 0.75)
(0.15 0.45 0.75)
(0.2 0.45 0.75)
(0.25 0.45 0.75)
(0.3 0.45 0.75)
(0.3499999999999999 0.45 0.75)
(0.4000000000000001 0.45 0.7500000000000001)
(0.45 0.45 0.75)
(0.5 0.45 0.7500000000000001)
(0.55 0.45 0.75)
(0.6000000000000001 0.45 0.7500000000000001)
(0.65 0.45 0.75)
(0.6999999999999998 0.45 0.75)
(0.75 0.45 0.75)
(0.7999999999999999 0.45 0.75)
(0.85 0.45 0.75)
(0.9 0.45 0.75)
(0.9499999999999998 0.45 0.7500000000000001)
(1 0.45 0.75)
(0 0.5 0.75)
(0.05 0.5 0.75)
(0.09999999999999999 0.5 0.75)
(0.15 0.5 0.75)
(0.2 0.5 0.75)
(0.25 0.5 0.75)
(0.3 0.5 0.75)
(0.35 0.5 0.75)
(0.4 0.5 0.75)
(0.45 0.5 0.75)
(0.5 0.5 0.75)
(0.5499999999999999 0.5 0.75)
(0.6 0.5 0.75)
(0.65 0.5 0.75)
(0.7000000000000001 0.5 0.75)
(0.75 0.5 0.75)
(0.7999999999999999 0.5 0.75)
(0.85 0.5 0.75)
(0.9 0.5 0.75)
(0.9500000000000001 0.5 0.75)
(1 0.5 0.75)
(0 0.55 0.75)
(0.05 0.55 0.75)
(0.09999999999999999 0.55 0.75)
(0.15 0.55 0.75)
(0.2 0.5500000000000002 0.7500000000000001)
(0.25 0.55 0.75)
(0.3 0.55 0.75)
(0.3499999999999999 0.5499999999999999 0.75)
(0.4 0.55 0.75)
(0.45 0.55 0.75)
(0.5 0.5499999999999999 0.7499999999999999)
(0.55 0.55 0.75)
(0.6 0.55 0.75)
(0.65 0.5499999999999999 0.75)
(0.6999999999999998 0.55 0.75)
(0.75 0.55 0.75)
(0.7999999999999999 0.5499999999999999 0.75)
(0.85 0.55 0.75)
(0.9 0.5500000000000002 0.75)
(0.9499999999999998 0.55 0.75)
(1 0.55 0.75)
(0 0.6 0.75)
(0.05000000000000001 0.6 0.75)
(0.1 0.6000000000000001 0.75)
(0.15 0.6 0.7499999999999999)
(0.2 0.6 0.75)
(0.25 0.5999999999999999 0.75)
(0.3 0.6 0.75)
(0.3499999999999999 0.6 0.75)
(0.4000000000000001 0.6000000000000001 0.75)
(0.45 0.6000000000000001 0.75)
(0.5 0.6 0.75)
(0.55 0.6 0.75)
(0.6000000000000001 0.6 0.7500000000000001)
(0.6499999999999999 0.6 0.75)
(0.6999999999999998 0.6 0.75)
(0.75 0.6 0.75)
(0.8000000000000002 0.6 0.75)
(0.85 0.6 0.7499999999999999)
(0.9 0.6 0.75)
(0.9499999999999998 0.5999999999999999 0.75)
(1 0.6 0.75)
(0 0.65 0.75)
(0.05000000000000001 0.65 0.75)
(0.1 0.65 0.7500000000000001)
(0.15 0.65 0.75)
(0.2 0.65 0.75)
(0.25 0.6500000000000001 0.75)
(0.3 0.65 0.75)
(0.3499999999999999 0.65 0.75)
(0.4000000000000001 0.65 0.75)
(0.45 0.65 0.7500000000000001)
(0.5 0.65 0.75)
(0.5499999999999999 0.6499999999999999 0.75)
(0.6 0.65 0.7499999999999999)
(0.65 0.65 0.7499999999999999)
(0.6999999999999998 0.65 0.7500000000000001)
(0.75 0.65 0.75)
(0.8000000000000002 0.65 0.75)
(0.85 0.65 0.75)
(0.9 0.65 0.75)
(0.9499999999999998 0.65 0.75)
(1 0.65 0.75)
(0 0.6999999999999998 0.75)
(0.05000000000000001 0.6999999999999998 0.75)
(0.1 0.7000000000000001 0.75)
(0.15 0.6999999999999998 0.75)
(0.2 0.7000000000000001 0.75)
(0.25 0.6999999999999998 0.7499999999999999)
(0.3 0.6999999999999998 0.75)
(0.3499999999999999 0.7000000000000001 0.75)
(0.4000000000000001 0.6999999999999998 0.75)
(0.45 0.6999999999999998 0.7500000000000001)
(0.5 0.7000000000000001 0.75)
(0.55 0.6999999999999998 0.75)
(0.6 0.6999999999999998 0.75)
(0.65 0.7000000000000001 0.75)
(0.6999999999999998 0.6999999999999998 0.7500000000000001)
(0.75 0.6999999999999998 0.75)
(0.8000000000000002 0.7000000000000001 0.75)
(0.85 0.7000000000000001 0.7499999999999999)
(0.9 0.6999999999999998 0.75)
(0.9499999999999998 0.7000000000000001 0.75)
(1 0.6999999999999998 0.75)
(0 0.75 0.75)
(0.05000000000000001 0.75 0.75)
(0.1 0.7500000000000001 0.75)
(0.15 0.75 0.75)
(0.2 0.75 0.75)
(0.25 0.75 0.75)
(0.3 0.75 0.75)
(0.3499999999999999 0.75 0.75)
(0.4000000000000001 0.75 0.75)
(0.45 0.75 0.75)
(0.5 0.75 0.75)
(0.55 0.75 0.75)
(0.5999999999999999 0.75 0.75)
(0.6500000000000001 0.75 0.75)
(0.6999999999999998 0.7499999999999999 0.75)
(0.75 0.75 0.75)
(0.8000000000000002 0.7500000000000001 0.75)
(0.85 0.75 0.75)
(0.9 0.7500000000000001 0.7500000000000001)
(0.9499999999999998 0.7499999999999999 0.75)
(1 0.75 0.75)
(0 0.8000000000000002 0.75)
(0.05000000000000001 0.8000000000000002 0.75)
(0.1 0.8000000000000002 0.75)
(0.15 0.8000000000000002 0.75)
(0.2 0.8000000000000003 0.75)
(0.25 0.7999999999999999 0.7500000000000001)
(0.3 0.8000000000000002 0.75)
(0.3499999999999999 0.8000000000000002 0.75)
(0.4000000000000001 0.8000000000000002 0.75)
(0.45 0.8000000000000002 0.75)
(0.5 0.7999999999999999 0.75)
(0.5499999999999999 0.7999999999999999 0.75)
(0.6 0.8000000000000002 0.75)
(0.6499999999999999 0.7999999999999999 0.75)
(0.6999999999999998 0.8000000000000002 0.75)
(0.75 0.8000000000000002 0.75)
(0.8000000000000002 0.8000000000000002 0.75)
(0.85 0.8000000000000002 0.75)
(0.9 0.8000000000000002 0.75)
(0.9499999999999998 0.8000000000000002 0.75)
(1 0.8000000000000002 0.75)
(0 0.85 0.75)
(0.05000000000000001 0.8500000000000001 0.75)
(0.1 0.85 0.75)
(0.15 0.8500000000000001 0.75)
(0.2 0.85 0.75)
(0.25 0.85 0.75)
(0.3 0.85 0.75)
(0.3499999999999999 0.85 0.75)
(0.4000000000000001 0.85 0.7499999999999999)
(0.45 0.85 0.75)
(0.5 0.85 0.75)
(0.55 0.85 0.75)
(0.6 0.85 0.75)
(0.65 0.85 0.75)
(0.6999999999999998 0.85 0.75)
(0.75 0.85 0.75)
(0.8000000000000002 0.85 0.75)
(0.85 0.8500000000000001 0.75)
(0.9 0.85 0.7500000000000001)
(0.9499999999999998 0.85 0.7499999999999999)
(1 0.85 0.75)
(0 0.9 0.75)
(0.05000000000000001 0.8999999999999999 0.75)
(0.1 0.9 0.75)
(0.15 0.9 0.75)
(0.2 0.9 0.75)
(0.25 0.9 0.75)
(0.3 0.9 0.75)
(0.3499999999999999 0.9 0.75)
(0.4000000000000001 0.9 0.75)
(0.45 0.9 0.75)
(0.5 0.9 0.75)
(0.55 0.8999999999999999 0.75)
(0.6000000000000001 0.9 0.75)
(0.65 0.9 0.75)
(0.6999999999999998 0.9 0.75)
(0.75 0.9 0.75)
(0.8000000000000002 0.9 0.75)
(0.85 0.9 0.7499999999999999)
(0.9 0.8999999999999999 0.75)
(0.9499999999999998 0.8999999999999999 0.75)
(1 0.9 0.75)
(0 0.9499999999999998 0.75)
(0.05000000000000001 0.9500000000000001 0.75)
(0.1 0.9499999999999998 0.75)
(0.15 0.9500000000000001 0.75)
(0.2 0.9500000000000002 0.75)
(0.25 0.9499999999999997 0.7499999999999999)
(0.3 0.9500000000000001 0.75)
(0.3499999999999999 0.9499999999999998 0.75)
(0.4000000000000001 0.9500000000000001 0.75)
(0.45 0.9499999999999998 0.75)
(0.5 0.9499999999999998 0.75)
(0.55 0.9499999999999998 0.75)
(0.6000000000000001 0.9499999999999998 0.75)
(0.6499999999999999 0.9500000000000001 0.75)
(0.6999999999999998 0.9500000000000001 0.75)
(0.75 0.9499999999999998 0.75)
(0.8000000000000002 0.9500000000000001 0.75)
(0.85 0.9500000000000001 0.75)
(0.9 0.9499999999999998 0.75)
(0.9499999999999998 0.9499999999999998 0.75)
(1 0.9499999999999998 0.75)
(0 1 0.75)
(0.05000000000000001 1 0.75)
(0.1 1 0.75)
(0.15 1 0.75)
(0.2 1 0.7500000000000001)
(0.25 1 0.75)
(0.3 1 0.75)
(0.3499999999999999 1 0.75)
(0.4000000000000001 1 0.75)
(0.45 1 0.75)
(0.5 1 0.75)
(0.55 1 0.75)
(0.6 1 0.75)
(0.65 1 0.75)
(0.6999999999999998 1 0.75)
(0.75 1 0.75)
(0.8000000000000002 1 0.75)
(0.85 1 0.75)
(0.9 1 0.75)
(0.9499999999999998 1 0.75)
(1 1 0.75)
(0 0 0.8000000000000002)
(0.05000000000000001 0 0.8000000000000002)
(0.1 0 0.8000000000000002)
(0.15 0 0.8000000000000002)
(0.2 0 0.8000000000000002)
(0.25 0 0.8000000000000002)
(0.3 0 0.8000000000000002)
(0.3499999999999999 0 0.7999999999999999)
(0.4000000000000001 0 0.8000000000000002)
(0.45 0 0.7999999999999999)
(0.5 0 0.7999999999999999)
(0.55 0 0.7999999999999999)
(0.6 0 0.8000000000000002)
(0.65 0 0.8000000000000002)
(0.6999999999999998 0 0.7999999999999999)
(0.75 0 0.8000000000000002)
(0.8000000000000002 0 0.8000000000000002)
(0.8500000000000001 0 0.8000000000000002)
(0.9 0 0.8000000000000002)
(0.9499999999999998 0 0.8000000000000002)
(1 0 0.8000000000000002)
(0 0.05000000000000001 0.8000000000000002)
(0.05000000000000001 0.05000000000000001 0.7999999999999998)
(0.1 0.05000000000000001 0.8000000000000002)
(0.15 0.05000000000000001 0.7999999999999999)
(0.2 0.05000000000000002 0.8000000000000002)
(0.25 0.05000000000000001 0.7999999999999999)
(0.3 0.05000000000000001 0.8000000000000002)
(0.35 0.05000000000000001 0.7999999999999999)
(0.4000000000000001 0.05000000000000001 0.8000000000000002)
(0.45 0.05000000000000001 0.7999999999999999)
(0.5 0.05 0.7999999999999999)
(0.55 0.05 0.7999999999999999)
(0.5999999999999999 0.05000000000000001 0.8000000000000002)
(0.65 0.05000000000000001 0.7999999999999999)
(0.7000000000000001 0.05000000000000001 0.7999999999999999)
(0.7500000000000001 0.05000000000000001 0.7999999999999998)
(0.8000000000000002 0.05000000000000001 0.8000000000000002)
(0.8500000000000001 0.05000000000000001 0.7999999999999999)
(0.9 0.05000000000000001 0.8000000000000002)
(0.9499999999999998 0.05000000000000001 0.8000000000000002)
(1 0.05000000000000001 0.8000000000000002)
(0 0.1 0.8000000000000002)
(0.05000000000000001 0.1 0.8000000000000002)
(0.1 0.1 0.8000000000000002)
(0.15 0.09999999999999999 0.8000000000000002)
(0.2 0.1 0.8000000000000002)
(0.25 0.09999999999999999 0.8000000000000002)
(0.3 0.1 0.8000000000000002)
(0.3499999999999999 0.1 0.8000000000000002)
(0.4000000000000001 0.1 0.8000000000000002)
(0.45 0.09999999999999999 0.7999999999999999)
(0.5 0.09999999999999999 0.8000000000000002)
(0.55 0.09999999999999999 0.8000000000000002)
(0.6000000000000001 0.1 0.8000000000000002)
(0.65 0.1 0.8000000000000002)
(0.6999999999999998 0.1 0.8000000000000002)
(0.7500000000000001 0.1 0.8000000000000002)
(0.8000000000000002 0.1 0.8000000000000002)
(0.8500000000000001 0.1 0.8000000000000002)
(0.9 0.1 0.8000000000000002)
(0.9500000000000001 0.1 0.8000000000000002)
(1 0.1 0.8000000000000002)
(0 0.15 0.8000000000000002)
(0.05000000000000001 0.15 0.7999999999999999)
(0.1 0.15 0.8000000000000002)
(0.15 0.15 0.7999999999999998)
(0.2 0.15 0.8000000000000002)
(0.25 0.15 0.7999999999999999)
(0.3 0.15 0.8000000000000002)
(0.35 0.15 0.7999999999999999)
(0.4000000000000001 0.15 0.8000000000000002)
(0.45 0.15 0.7999999999999999)
(0.5 0.15 0.8000000000000002)
(0.55 0.15 0.7999999999999999)
(0.6000000000000001 0.15 0.8000000000000002)
(0.6500000000000001 0.15 0.7999999999999999)
(0.7000000000000001 0.15 0.8000000000000002)
(0.75 0.15 0.7999999999999998)
(0.8000000000000002 0.15 0.7999999999999999)
(0.8500000000000001 0.15 0.7999999999999999)
(0.9 0.15 0.8000000000000002)
(0.9500000000000001 0.15 0.8000000000000002)
(1 0.15 0.8000000000000002)
(0 0.2 0.8000000000000002)
(0.05000000000000001 0.2 0.8000000000000002)
(0.1 0.2 0.8000000000000002)
(0.15 0.2 0.8000000000000002)
(0.2 0.2 0.8000000000000002)
(0.25 0.2 0.8000000000000003)
(0.3 0.2 0.8000000000000002)
(0.35 0.2 0.8000000000000002)
(0.4000000000000001 0.2 0.8000000000000002)
(0.4500000000000001 0.2 0.8000000000000002)
(0.5 0.2 0.8000000000000002)
(0.55 0.2 0.8000000000000002)
(0.6000000000000001 0.2 0.8000000000000002)
(0.65 0.2 0.8000000000000002)
(0.7000000000000001 0.2 0.7999999999999999)
(0.7500000000000001 0.2 0.8000000000000002)
(0.8000000000000002 0.2 0.8000000000000002)
(0.8500000000000001 0.2 0.8000000000000002)
(0.9000000000000002 0.2 0.8000000000000002)
(0.9500000000000001 0.2 0.8000000000000002)
(1 0.2 0.8000000000000002)
(0 0.25 0.8000000000000002)
(0.05000000000000001 0.25 0.7999999999999998)
(0.1 0.25 0.8000000000000002)
(0.15 0.25 0.7999999999999999)
(0.2 0.25 0.8000000000000002)
(0.25 0.25 0.7999999999999999)
(0.3 0.25 0.8000000000000002)
(0.3499999999999999 0.25 0.7999999999999999)
(0.4000000000000001 0.25 0.8000000000000002)
(0.45 0.25 0.7999999999999999)
(0.5 0.25 0.8000000000000002)
(0.55 0.2499999999999999 0.7999999999999999)
(0.6 0.25 0.8000000000000002)
(0.6500000000000001 0.25 0.7999999999999999)
(0.6999999999999998 0.25 0.7999999999999999)
(0.75 0.25 0.7999999999999999)
(0.8000000000000002 0.25 0.8000000000000002)
(0.8500000000000001 0.25 0.7999999999999999)
(0.9000000000000002 0.25 0.8000000000000002)
(0.9499999999999998 0.25 0.8000000000000002)
(1 0.25 0.8000000000000002)
(0 0.3 0.8000000000000002)
(0.05000000000000001 0.3 0.8000000000000002)
(0.1 0.3 0.8000000000000002)
(0.15 0.3 0.8000000000000002)
(0.2 0.3 0.8000000000000002)
(0.25 0.3 0.8000000000000003)
(0.3 0.3 0.8000000000000002)
(0.3499999999999999 0.3 0.8000000000000002)
(0.4000000000000001 0.3 0.8000000000000002)
(0.45 0.3 0.8000000000000002)
(0.5 0.3 0.8000000000000002)
(0.55 0.3 0.8000000000000002)
(0.6 0.3 0.8000000000000002)
(0.65 0.3 0.8000000000000002)
(0.7000000000000001 0.3 0.7999999999999999)
(0.7500000000000001 0.3 0.8000000000000002)
(0.8000000000000002 0.3 0.8000000000000002)
(0.85 0.3 0.8000000000000002)
(0.9 0.3 0.8000000000000002)
(0.9500000000000001 0.3 0.8000000000000002)
(1 0.3 0.8000000000000002)
(0 0.3499999999999999 0.7999999999999999)
(0.05000000000000001 0.3499999999999999 0.7999999999999999)
(0.09999999999999999 0.3499999999999999 0.7999999999999999)
(0.15 0.3499999999999999 0.7999999999999999)
(0.2 0.35 0.8000000000000002)
(0.25 0.35 0.7999999999999999)
(0.3 0.3499999999999999 0.8000000000000002)
(0.35 0.35 0.7999999999999999)
(0.4000000000000001 0.3499999999999999 0.8000000000000002)
(0.45 0.3499999999999999 0.7999999999999999)
(0.5 0.35 0.8000000000000002)
(0.5499999999999999 0.3499999999999999 0.7999999999999999)
(0.6000000000000001 0.3499999999999999 0.8000000000000002)
(0.65 0.3499999999999999 0.7999999999999999)
(0.7000000000000001 0.35 0.7999999999999999)
(0.75 0.3499999999999999 0.7999999999999999)
(0.8000000000000002 0.3499999999999999 0.7999999999999999)
(0.8500000000000001 0.35 0.7999999999999999)
(0.8999999999999999 0.3499999999999999 0.7999999999999999)
(0.9500000000000001 0.3499999999999999 0.7999999999999999)
(1 0.3499999999999999 0.7999999999999999)
(0 0.4000000000000001 0.8000000000000002)
(0.05000000000000001 0.4000000000000001 0.8000000000000002)
(0.09999999999999999 0.4000000000000001 0.7999999999999999)
(0.15 0.4000000000000001 0.8000000000000002)
(0.2 0.4000000000000001 0.8000000000000002)
(0.25 0.4000000000000001 0.8000000000000002)
(0.3 0.4000000000000001 0.8000000000000002)
(0.3499999999999999 0.4000000000000001 0.8000000000000002)
(0.4000000000000001 0.4000000000000001 0.8000000000000002)
(0.45 0.4 0.8000000000000002)
(0.5 0.4 0.8000000000000002)
(0.55 0.4 0.8000000000000002)
(0.6 0.4000000000000001 0.8000000000000002)
(0.65 0.4 0.8000000000000002)
(0.6999999999999998 0.4000000000000001 0.8000000000000002)
(0.75 0.4000000000000001 0.8000000000000002)
(0.8000000000000002 0.4000000000000001 0.8000000000000002)
(0.85 0.4000000000000001 0.8000000000000002)
(0.9 0.4000000000000001 0.8000000000000002)
(0.9499999999999998 0.4000000000000001 0.8000000000000002)
(1 0.4000000000000001 0.8000000000000002)
(0 0.45 0.7999999999999999)
(0.05000000000000001 0.45 0.7999999999999999)
(0.1 0.45 0.8000000000000002)
(0.15 0.45 0.7999999999999999)
(0.2 0.45 0.8000000000000002)
(0.25 0.45 0.7999999999999999)
(0.3 0.45 0.8000000000000002)
(0.35 0.45 0.7999999999999999)
(0.4000000000000001 0.45 0.8000000000000002)
(0.45 0.45 0.7999999999999999)
(0.5 0.4500000000000001 0.8000000000000002)
(0.55 0.45 0.7999999999999999)
(0.6000000000000001 0.45 0.8000000000000002)
(0.65 0.45 0.7999999999999999)
(0.7000000000000001 0.45 0.7999999999999999)
(0.75 0.45 0.7999999999999999)
(0.7999999999999999 0.45 0.8000000000000002)
(0.85 0.45 0.8000000000000002)
(0.9 0.45 0.7999999999999999)
(0.9499999999999998 0.45 0.8000000000000002)
(1 0.45 0.7999999999999999)
(0 0.5 0.7999999999999999)
(0.05 0.5 0.7999999999999999)
(0.09999999999999999 0.5 0.7999999999999999)
(0.15 0.5 0.7999999999999999)
(0.2 0.5 0.8000000000000002)
(0.25 0.5 0.8000000000000002)
(0.3 0.5 0.8000000000000002)
(0.35 0.5 0.8000000000000002)
(0.4 0.5 0.8000000000000002)
(0.4500000000000001 0.5 0.8000000000000002)
(0.5 0.5 0.8000000000000002)
(0.5499999999999999 0.5 0.8000000000000002)
(0.6 0.5 0.8000000000000002)
(0.65 0.5 0.7999999999999999)
(0.7000000000000001 0.5 0.7999999999999999)
(0.75 0.5 0.7999999999999999)
(0.7999999999999999 0.5 0.8000000000000002)
(0.85 0.5 0.7999999999999999)
(0.9000000000000002 0.5 0.7999999999999999)
(0.9500000000000001 0.5 0.7999999999999999)
(1 0.5 0.7999999999999999)
(0 0.55 0.7999999999999999)
(0.05 0.55 0.8000000000000002)
(0.09999999999999999 0.55 0.7999999999999999)
(0.15 0.55 0.8000000000000002)
(0.2 0.5500000000000002 0.8000000000000002)
(0.25 0.55 0.8000000000000002)
(0.3 0.55 0.8000000000000002)
(0.3499999999999999 0.5499999999999999 0.7999999999999999)
(0.4 0.55 0.8000000000000002)
(0.45 0.55 0.7999999999999999)
(0.5 0.5499999999999999 0.8000000000000002)
(0.55 0.55 0.7999999999999999)
(0.6 0.55 0.8000000000000002)
(0.65 0.5499999999999999 0.7999999999999999)
(0.6999999999999998 0.55 0.8000000000000002)
(0.75 0.55 0.7999999999999999)
(0.7999999999999999 0.5499999999999999 0.8000000000000002)
(0.85 0.55 0.7999999999999999)
(0.9 0.55 0.8000000000000002)
(0.9499999999999998 0.5499999999999999 0.8000000000000002)
(1 0.55 0.7999999999999999)
(0 0.6 0.8000000000000002)
(0.05000000000000001 0.6 0.8000000000000002)
(0.1 0.6000000000000001 0.8000000000000002)
(0.15 0.6 0.8000000000000002)
(0.2 0.6 0.7999999999999999)
(0.25 0.6 0.7999999999999999)
(0.3 0.6 0.7999999999999999)
(0.3499999999999999 0.6000000000000001 0.8000000000000002)
(0.4000000000000001 0.6 0.7999999999999999)
(0.45 0.6 0.8000000000000002)
(0.5 0.6 0.8000000000000002)
(0.55 0.6 0.8000000000000002)
(0.6 0.6 0.8000000000000002)
(0.65 0.6 0.8000000000000002)
(0.6999999999999998 0.6 0.8000000000000002)
(0.75 0.6 0.8000000000000002)
(0.8000000000000002 0.6 0.8000000000000002)
(0.85 0.6000000000000001 0.8000000000000002)
(0.9 0.6000000000000001 0.8000000000000002)
(0.9499999999999998 0.6 0.8000000000000002)
(1 0.6 0.8000000000000002)
(0 0.65 0.8000000000000002)
(0.05000000000000001 0.6499999999999999 0.8000000000000002)
(0.1 0.65 0.8000000000000002)
(0.15 0.65 0.8000000000000002)
(0.2 0.65 0.8000000000000002)
(0.25 0.65 0.8000000000000002)
(0.3 0.65 0.7999999999999999)
(0.35 0.65 0.8000000000000002)
(0.4000000000000001 0.65 0.8000000000000002)
(0.45 0.65 0.7999999999999999)
(0.5 0.65 0.7999999999999998)
(0.5499999999999999 0.65 0.7999999999999999)
(0.6000000000000001 0.65 0.8000000000000002)
(0.6499999999999999 0.65 0.7999999999999999)
(0.6999999999999998 0.6500000000000001 0.7999999999999999)
(0.75 0.6500000000000001 0.7999999999999999)
(0.8000000000000002 0.65 0.7999999999999999)
(0.85 0.65 0.7999999999999999)
(0.9 0.65 0.8000000000000002)
(0.9500000000000001 0.65 0.8000000000000002)
(1 0.65 0.8000000000000002)
(0 0.6999999999999998 0.7999999999999999)
(0.05000000000000001 0.6999999999999998 0.8000000000000002)
(0.1 0.7000000000000001 0.8000000000000002)
(0.15 0.6999999999999998 0.8000000000000002)
(0.2 0.7000000000000001 0.8000000000000002)
(0.25 0.7000000000000001 0.8000000000000002)
(0.3 0.6999999999999998 0.8000000000000002)
(0.3499999999999999 0.6999999999999998 0.8000000000000002)
(0.4000000000000001 0.6999999999999998 0.8000000000000002)
(0.45 0.6999999999999998 0.8000000000000002)
(0.5 0.7000000000000001 0.7999999999999999)
(0.55 0.6999999999999998 0.8000000000000002)
(0.6 0.6999999999999998 0.8000000000000002)
(0.65 0.6999999999999998 0.8000000000000002)
(0.7000000000000001 0.7000000000000001 0.8000000000000002)
(0.75 0.6999999999999998 0.7999999999999999)
(0.8000000000000002 0.6999999999999998 0.7999999999999999)
(0.8500000000000001 0.7000000000000001 0.8000000000000002)
(0.9 0.6999999999999998 0.8000000000000002)
(0.9500000000000001 0.7000000000000001 0.8000000000000002)
(1 0.6999999999999998 0.7999999999999999)
(0 0.75 0.8000000000000002)
(0.05000000000000001 0.75 0.8000000000000002)
(0.1 0.75 0.8000000000000002)
(0.15 0.75 0.8000000000000002)
(0.2 0.7500000000000001 0.8000000000000002)
(0.25 0.75 0.8000000000000002)
(0.3 0.75 0.8000000000000002)
(0.3499999999999999 0.75 0.7999999999999999)
(0.4000000000000001 0.75 0.8000000000000002)
(0.45 0.75 0.8000000000000002)
(0.5 0.75 0.8000000000000002)
(0.55 0.75 0.8000000000000002)
(0.6 0.75 0.8000000000000002)
(0.65 0.75 0.8000000000000002)
(0.6999999999999998 0.75 0.7999999999999999)
(0.75 0.75 0.8000000000000002)
(0.8000000000000002 0.75 0.8000000000000002)
(0.85 0.75 0.7999999999999999)
(0.9 0.75 0.7999999999999999)
(0.9499999999999998 0.75 0.8000000000000002)
(1 0.75 0.8000000000000002)
(0 0.8000000000000002 0.8000000000000002)
(0.05000000000000001 0.8000000000000002 0.8000000000000002)
(0.1 0.8000000000000002 0.8000000000000002)
(0.15 0.8000000000000002 0.8000000000000002)
(0.2 0.8000000000000003 0.8000000000000002)
(0.25 0.8000000000000002 0.7999999999999999)
(0.3 0.8000000000000002 0.8000000000000002)
(0.3499999999999999 0.8000000000000002 0.8000000000000002)
(0.4000000000000001 0.8000000000000002 0.8000000000000002)
(0.45 0.8000000000000002 0.8000000000000002)
(0.5 0.7999999999999999 0.8000000000000002)
(0.5499999999999999 0.7999999999999999 0.7999999999999999)
(0.6 0.8000000000000002 0.8000000000000002)
(0.65 0.7999999999999999 0.8000000000000002)
(0.6999999999999998 0.8000000000000002 0.7999999999999999)
(0.75 0.8000000000000002 0.8000000000000002)
(0.8000000000000002 0.8000000000000002 0.8000000000000002)
(0.8500000000000001 0.8000000000000002 0.8000000000000002)
(0.9 0.8000000000000002 0.8000000000000002)
(0.9499999999999998 0.8000000000000002 0.8000000000000002)
(1 0.8000000000000002 0.8000000000000002)
(0 0.8500000000000001 0.8000000000000002)
(0.05000000000000001 0.8500000000000001 0.8000000000000002)
(0.1 0.85 0.8000000000000002)
(0.15 0.8500000000000001 0.8000000000000002)
(0.2 0.8500000000000001 0.8000000000000002)
(0.25 0.85 0.8000000000000002)
(0.3 0.85 0.8000000000000002)
(0.3499999999999999 0.85 0.8000000000000002)
(0.4000000000000001 0.85 0.8000000000000002)
(0.45 0.8500000000000002 0.8000000000000002)
(0.5 0.85 0.7999999999999999)
(0.55 0.8500000000000001 0.8000000000000002)
(0.6000000000000001 0.85 0.8000000000000002)
(0.65 0.85 0.8000000000000002)
(0.6999999999999998 0.85 0.8000000000000002)
(0.75 0.85 0.8000000000000002)
(0.8000000000000002 0.85 0.8000000000000002)
(0.8500000000000001 0.8500000000000001 0.7999999999999999)
(0.9 0.85 0.8000000000000002)
(0.9500000000000001 0.85 0.8000000000000002)
(1 0.8500000000000001 0.8000000000000002)
(0 0.9 0.8000000000000002)
(0.05000000000000001 0.8999999999999999 0.8000000000000002)
(0.1 0.9 0.8000000000000002)
(0.15 0.9 0.8000000000000002)
(0.2 0.9 0.8000000000000002)
(0.25 0.9 0.8000000000000002)
(0.3 0.9 0.8000000000000002)
(0.35 0.9 0.8000000000000002)
(0.4000000000000001 0.9 0.8000000000000002)
(0.45 0.9 0.8000000000000002)
(0.5 0.9000000000000002 0.7999999999999999)
(0.55 0.9 0.7999999999999999)
(0.6000000000000001 0.9 0.8000000000000002)
(0.65 0.8999999999999999 0.8000000000000002)
(0.7000000000000001 0.9 0.8000000000000002)
(0.75 0.9 0.7999999999999999)
(0.8000000000000002 0.9 0.8000000000000002)
(0.85 0.9 0.8000000000000002)
(0.9 0.9 0.8000000000000002)
(0.9499999999999998 0.9 0.8000000000000002)
(1 0.9 0.8000000000000002)
(0 0.9499999999999998 0.8000000000000002)
(0.05000000000000001 0.9500000000000001 0.8000000000000002)
(0.1 0.9499999999999998 0.8000000000000002)
(0.15 0.9500000000000001 0.7999999999999999)
(0.2 0.9500000000000002 0.8000000000000002)
(0.25 0.9499999999999997 0.8000000000000002)
(0.3 0.9500000000000001 0.7999999999999999)
(0.35 0.9500000000000001 0.8000000000000002)
(0.4000000000000001 0.9499999999999998 0.8000000000000002)
(0.45 0.9499999999999998 0.8000000000000002)
(0.5 0.9500000000000001 0.7999999999999999)
(0.55 0.9499999999999998 0.8000000000000002)
(0.6 0.9499999999999998 0.8000000000000002)
(0.65 0.9500000000000001 0.8000000000000002)
(0.7000000000000001 0.9499999999999998 0.7999999999999999)
(0.75 0.9499999999999998 0.7999999999999999)
(0.8000000000000002 0.9500000000000001 0.8000000000000002)
(0.8500000000000001 0.9500000000000001 0.7999999999999999)
(0.9 0.9499999999999998 0.8000000000000002)
(0.9499999999999998 0.9499999999999998 0.8000000000000002)
(1 0.9499999999999998 0.8000000000000002)
(0 1 0.8000000000000002)
(0.05000000000000001 1 0.8000000000000002)
(0.1 1 0.8000000000000002)
(0.15 1 0.8000000000000002)
(0.2 1 0.8000000000000002)
(0.25 1 0.8000000000000002)
(0.3 1 0.7999999999999999)
(0.3499999999999999 1 0.8000000000000002)
(0.4000000000000001 1 0.8000000000000002)
(0.45 1 0.8000000000000002)
(0.5 1 0.7999999999999999)
(0.55 1 0.7999999999999999)
(0.6 1 0.8000000000000002)
(0.65 1 0.7999999999999999)
(0.6999999999999998 1 0.7999999999999999)
(0.75 1 0.8000000000000002)
(0.8000000000000002 1 0.8000000000000002)
(0.8500000000000001 1 0.8000000000000002)
(0.9 1 0.8000000000000002)
(0.9499999999999998 1 0.8000000000000002)
(1 1 0.8000000000000002)
(0 0 0.85)
(0.05000000000000001 0 0.85)
(0.1 0 0.85)
(0.15 0 0.8500000000000001)
(0.2 0 0.8500000000000001)
(0.25 0 0.85)
(0.3 0 0.85)
(0.3499999999999999 0 0.85)
(0.4000000000000001 0 0.85)
(0.45 0 0.8500000000000001)
(0.5 0 0.85)
(0.55 0 0.85)
(0.6 0 0.85)
(0.65 0 0.85)
(0.6999999999999998 0 0.85)
(0.75 0 0.85)
(0.8000000000000002 0 0.85)
(0.85 0 0.85)
(0.9 0 0.85)
(0.9499999999999998 0 0.8500000000000001)
(1 0 0.85)
(0 0.05000000000000001 0.85)
(0.05000000000000001 0.05000000000000001 0.8500000000000001)
(0.1 0.05000000000000001 0.8500000000000001)
(0.15 0.05000000000000001 0.8500000000000001)
(0.2 0.05000000000000001 0.8500000000000001)
(0.25 0.05000000000000001 0.85)
(0.3 0.05000000000000001 0.85)
(0.35 0.05000000000000001 0.85)
(0.4000000000000001 0.05000000000000001 0.85)
(0.45 0.05000000000000002 0.85)
(0.5 0.05000000000000001 0.8500000000000001)
(0.55 0.05000000000000001 0.85)
(0.5999999999999999 0.05000000000000001 0.8500000000000001)
(0.65 0.05000000000000001 0.8499999999999998)
(0.7000000000000001 0.05000000000000001 0.85)
(0.7500000000000001 0.05000000000000001 0.85)
(0.8000000000000002 0.05000000000000001 0.85)
(0.85 0.05000000000000001 0.85)
(0.9 0.05000000000000001 0.85)
(0.9499999999999998 0.05000000000000001 0.85)
(1 0.05000000000000001 0.85)
(0 0.1 0.85)
(0.05000000000000001 0.1 0.8500000000000001)
(0.1 0.1 0.85)
(0.15 0.1 0.85)
(0.2 0.09999999999999999 0.85)
(0.25 0.1 0.8500000000000001)
(0.3 0.09999999999999999 0.85)
(0.3499999999999999 0.09999999999999999 0.85)
(0.4000000000000001 0.09999999999999999 0.85)
(0.45 0.1 0.85)
(0.5 0.1 0.85)
(0.55 0.1 0.85)
(0.6 0.09999999999999998 0.85)
(0.65 0.1 0.85)
(0.6999999999999998 0.1 0.85)
(0.75 0.1 0.8500000000000001)
(0.8000000000000002 0.1 0.85)
(0.8500000000000001 0.1 0.85)
(0.9 0.1 0.8500000000000001)
(0.9500000000000001 0.1 0.85)
(1 0.1 0.85)
(0 0.15 0.8500000000000001)
(0.05000000000000001 0.15 0.8500000000000001)
(0.1 0.15 0.85)
(0.15 0.15 0.8500000000000001)
(0.2 0.15 0.85)
(0.25 0.15 0.8500000000000001)
(0.3 0.15 0.8500000000000001)
(0.35 0.15 0.85)
(0.4000000000000001 0.15 0.8500000000000001)
(0.45 0.15 0.8500000000000001)
(0.5 0.15 0.8500000000000002)
(0.55 0.15 0.8499999999999998)
(0.6 0.15 0.8500000000000001)
(0.65 0.15 0.8500000000000001)
(0.7000000000000001 0.15 0.8500000000000001)
(0.75 0.15 0.85)
(0.8000000000000002 0.15 0.8500000000000001)
(0.85 0.15 0.8500000000000001)
(0.9 0.15 0.8499999999999998)
(0.9500000000000001 0.15 0.85)
(1 0.15 0.8500000000000001)
(0 0.2 0.8500000000000001)
(0.05000000000000001 0.2 0.8500000000000001)
(0.09999999999999999 0.2 0.85)
(0.15 0.2 0.85)
(0.2 0.2 0.8500000000000001)
(0.25 0.2 0.85)
(0.3 0.2 0.8500000000000002)
(0.35 0.2 0.85)
(0.4000000000000001 0.2 0.85)
(0.45 0.2 0.8500000000000001)
(0.5 0.2 0.85)
(0.55 0.2 0.85)
(0.6 0.2 0.85)
(0.6499999999999999 0.2 0.85)
(0.7000000000000001 0.2 0.8500000000000001)
(0.75 0.2 0.85)
(0.8000000000000002 0.2 0.85)
(0.85 0.2 0.8500000000000001)
(0.9 0.2 0.85)
(0.9500000000000001 0.2 0.8500000000000002)
(1 0.2 0.8500000000000001)
(0 0.25 0.85)
(0.05000000000000001 0.25 0.85)
(0.1 0.25 0.8500000000000001)
(0.15 0.25 0.8500000000000001)
(0.2 0.25 0.85)
(0.25 0.25 0.85)
(0.3 0.25 0.8500000000000001)
(0.3499999999999999 0.25 0.85)
(0.4000000000000001 0.25 0.85)
(0.4500000000000001 0.25 0.8500000000000001)
(0.5 0.25 0.8500000000000001)
(0.55 0.25 0.85)
(0.6 0.25 0.85)
(0.65 0.25 0.85)
(0.6999999999999998 0.25 0.85)
(0.75 0.25 0.85)
(0.8000000000000002 0.25 0.85)
(0.85 0.25 0.85)
(0.9000000000000002 0.25 0.8500000000000001)
(0.9499999999999998 0.25 0.85)
(1 0.25 0.85)
(0 0.3 0.85)
(0.05000000000000001 0.3 0.85)
(0.1 0.3 0.85)
(0.15 0.3 0.85)
(0.2 0.3 0.85)
(0.25 0.2999999999999999 0.8500000000000001)
(0.3 0.3 0.8500000000000001)
(0.35 0.3 0.85)
(0.4000000000000001 0.3 0.85)
(0.45 0.3 0.85)
(0.5 0.3 0.85)
(0.55 0.3 0.8499999999999998)
(0.6 0.3 0.85)
(0.65 0.3 0.85)
(0.7000000000000001 0.3 0.85)
(0.75 0.3 0.85)
(0.8000000000000002 0.3000000000000001 0.8500000000000001)
(0.85 0.3 0.8500000000000001)
(0.9 0.3 0.85)
(0.9500000000000001 0.3 0.85)
(1 0.3 0.85)
(0 0.3499999999999999 0.85)
(0.05000000000000001 0.3499999999999999 0.85)
(0.09999999999999999 0.3499999999999999 0.85)
(0.15 0.35 0.85)
(0.2 0.3499999999999999 0.85)
(0.25 0.3499999999999999 0.85)
(0.3 0.35 0.85)
(0.35 0.35 0.85)
(0.4 0.35 0.85)
(0.45 0.3499999999999999 0.8500000000000001)
(0.5 0.35 0.8500000000000001)
(0.5499999999999999 0.3499999999999999 0.85)
(0.6 0.3499999999999999 0.85)
(0.65 0.35 0.85)
(0.7000000000000001 0.35 0.85)
(0.75 0.3499999999999999 0.85)
(0.8000000000000002 0.35 0.85)
(0.8499999999999998 0.35 0.8499999999999998)
(0.9 0.3499999999999999 0.85)
(0.9500000000000001 0.35 0.8499999999999998)
(1 0.3499999999999999 0.85)
(0 0.4000000000000001 0.85)
(0.05000000000000001 0.4000000000000001 0.85)
(0.09999999999999999 0.4000000000000001 0.85)
(0.15 0.4000000000000001 0.8500000000000001)
(0.2 0.4 0.85)
(0.25 0.4000000000000001 0.85)
(0.3 0.4 0.85)
(0.3499999999999999 0.4 0.8500000000000001)
(0.4000000000000001 0.4000000000000001 0.8500000000000001)
(0.45 0.4000000000000001 0.85)
(0.5 0.4000000000000001 0.85)
(0.55 0.4000000000000001 0.8500000000000001)
(0.6 0.4000000000000001 0.85)
(0.65 0.4000000000000001 0.8500000000000001)
(0.6999999999999998 0.4000000000000001 0.85)
(0.75 0.4000000000000001 0.85)
(0.8000000000000002 0.4000000000000001 0.8499999999999998)
(0.85 0.4000000000000001 0.8500000000000001)
(0.9 0.4000000000000001 0.85)
(0.9499999999999998 0.4 0.85)
(1 0.4000000000000001 0.85)
(0 0.45 0.8500000000000001)
(0.05000000000000001 0.45 0.8500000000000001)
(0.09999999999999999 0.45 0.85)
(0.15 0.45 0.85)
(0.2 0.45 0.85)
(0.25 0.45 0.85)
(0.3 0.45 0.85)
(0.35 0.45 0.8500000000000001)
(0.4000000000000001 0.45 0.85)
(0.45 0.45 0.8500000000000001)
(0.5 0.4500000000000001 0.8500000000000002)
(0.55 0.45 0.8499999999999998)
(0.6000000000000001 0.45 0.8500000000000001)
(0.65 0.45 0.8500000000000001)
(0.7000000000000001 0.45 0.85)
(0.75 0.4500000000000001 0.8500000000000002)
(0.7999999999999999 0.45 0.85)
(0.85 0.45 0.85)
(0.9 0.45 0.8500000000000002)
(0.9499999999999998 0.45 0.8499999999999998)
(1 0.45 0.8500000000000001)
(0 0.5 0.85)
(0.05 0.5 0.8500000000000001)
(0.09999999999999999 0.5 0.85)
(0.15 0.5 0.8500000000000002)
(0.2 0.5 0.85)
(0.25 0.5 0.8500000000000001)
(0.3 0.5 0.85)
(0.35 0.4999999999999999 0.8500000000000001)
(0.4 0.5 0.85)
(0.4500000000000001 0.5 0.8500000000000002)
(0.5 0.5 0.85)
(0.5499999999999999 0.5 0.85)
(0.6000000000000001 0.5 0.85)
(0.65 0.5 0.85)
(0.7000000000000001 0.5 0.8499999999999998)
(0.75 0.5 0.85)
(0.7999999999999999 0.5 0.85)
(0.85 0.4999999999999999 0.85)
(0.9000000000000002 0.5 0.85)
(0.9500000000000001 0.5 0.8500000000000001)
(1 0.5 0.85)
(0 0.55 0.85)
(0.05 0.5500000000000002 0.85)
(0.09999999999999999 0.55 0.85)
(0.15 0.55 0.85)
(0.2 0.5500000000000002 0.85)
(0.25 0.55 0.85)
(0.3 0.55 0.85)
(0.3499999999999999 0.5499999999999999 0.8500000000000001)
(0.4 0.55 0.85)
(0.45 0.55 0.85)
(0.5 0.5499999999999999 0.8500000000000001)
(0.55 0.55 0.85)
(0.6 0.55 0.85)
(0.65 0.5499999999999999 0.85)
(0.6999999999999998 0.55 0.8499999999999998)
(0.75 0.55 0.8499999999999998)
(0.7999999999999999 0.5499999999999999 0.8500000000000001)
(0.8499999999999998 0.55 0.8499999999999998)
(0.9 0.5500000000000002 0.8499999999999998)
(0.9499999999999998 0.55 0.8500000000000001)
(1 0.55 0.85)
(0 0.6 0.85)
(0.05000000000000001 0.6 0.85)
(0.09999999999999999 0.6 0.8500000000000001)
(0.15 0.6 0.8500000000000001)
(0.2 0.6 0.85)
(0.25 0.5999999999999999 0.85)
(0.3 0.6 0.85)
(0.35 0.6 0.8500000000000001)
(0.4000000000000001 0.6 0.8500000000000001)
(0.45 0.6000000000000001 0.85)
(0.5 0.6000000000000001 0.85)
(0.55 0.6 0.85)
(0.6 0.6 0.8500000000000001)
(0.65 0.5999999999999999 0.85)
(0.7000000000000001 0.6 0.8500000000000001)
(0.75 0.5999999999999999 0.85)
(0.8000000000000002 0.6 0.85)
(0.85 0.6 0.85)
(0.9 0.6 0.8500000000000001)
(0.9499999999999998 0.6 0.85)
(1 0.6 0.85)
(0 0.65 0.85)
(0.05000000000000001 0.65 0.85)
(0.1 0.65 0.85)
(0.15 0.65 0.85)
(0.2 0.6499999999999999 0.85)
(0.25 0.65 0.8500000000000001)
(0.3 0.65 0.8500000000000001)
(0.35 0.65 0.8500000000000001)
(0.4000000000000001 0.65 0.85)
(0.45 0.65 0.85)
(0.5 0.6499999999999999 0.85)
(0.5499999999999999 0.65 0.85)
(0.6 0.6500000000000001 0.85)
(0.65 0.6500000000000001 0.85)
(0.7000000000000001 0.65 0.8500000000000001)
(0.75 0.65 0.85)
(0.8000000000000002 0.65 0.85)
(0.85 0.65 0.8499999999999998)
(0.9 0.65 0.85)
(0.9499999999999998 0.65 0.8499999999999998)
(1 0.65 0.85)
(0 0.6999999999999998 0.85)
(0.05 0.6999999999999998 0.8500000000000001)
(0.09999999999999999 0.7000000000000001 0.8500000000000001)
(0.15 0.7000000000000001 0.85)
(0.2 0.6999999999999998 0.8499999999999998)
(0.25 0.6999999999999998 0.85)
(0.3 0.6999999999999998 0.8500000000000001)
(0.3499999999999999 0.7000000000000001 0.8500000000000001)
(0.4 0.7000000000000001 0.85)
(0.45 0.6999999999999998 0.8500000000000001)
(0.5 0.7000000000000001 0.85)
(0.55 0.6999999999999998 0.8499999999999998)
(0.6 0.6999999999999998 0.8500000000000001)
(0.65 0.7000000000000001 0.8500000000000001)
(0.6999999999999998 0.7000000000000001 0.85)
(0.75 0.6999999999999998 0.85)
(0.7999999999999999 0.7000000000000001 0.8499999999999998)
(0.85 0.7000000000000001 0.85)
(0.9 0.6999999999999998 0.8500000000000001)
(0.9500000000000001 0.7000000000000001 0.85)
(1 0.6999999999999998 0.85)
(0 0.75 0.85)
(0.05000000000000001 0.75 0.8500000000000001)
(0.1 0.75 0.85)
(0.15 0.75 0.8500000000000001)
(0.2 0.75 0.85)
(0.25 0.75 0.85)
(0.3 0.75 0.85)
(0.35 0.75 0.8500000000000001)
(0.4000000000000001 0.7500000000000001 0.85)
(0.45 0.75 0.85)
(0.5 0.75 0.85)
(0.55 0.75 0.85)
(0.6 0.75 0.85)
(0.65 0.75 0.85)
(0.7000000000000001 0.75 0.85)
(0.75 0.75 0.85)
(0.8000000000000002 0.75 0.85)
(0.85 0.75 0.85)
(0.9 0.75 0.8500000000000001)
(0.9499999999999998 0.75 0.85)
(1 0.75 0.85)
(0 0.8000000000000002 0.85)
(0.05000000000000001 0.8000000000000002 0.85)
(0.09999999999999999 0.8000000000000002 0.85)
(0.15 0.8000000000000002 0.8500000000000001)
(0.2 0.8000000000000002 0.8500000000000001)
(0.25 0.8000000000000002 0.85)
(0.3 0.8000000000000002 0.85)
(0.3499999999999999 0.8000000000000002 0.8500000000000001)
(0.4000000000000001 0.8000000000000002 0.8500000000000001)
(0.45 0.8000000000000002 0.8500000000000001)
(0.5 0.8000000000000002 0.85)
(0.5499999999999999 0.8000000000000002 0.85)
(0.6 0.8000000000000002 0.85)
(0.65 0.8000000000000002 0.85)
(0.6999999999999998 0.8000000000000002 0.8500000000000001)
(0.75 0.8000000000000002 0.85)
(0.8000000000000002 0.8000000000000002 0.85)
(0.8500000000000001 0.8000000000000002 0.8500000000000001)
(0.9 0.8000000000000002 0.85)
(0.9499999999999998 0.8000000000000002 0.85)
(1 0.8000000000000002 0.85)
(0 0.85 0.85)
(0.05000000000000001 0.85 0.85)
(0.1 0.8500000000000001 0.8500000000000001)
(0.15 0.85 0.8500000000000001)
(0.2 0.8500000000000001 0.8500000000000002)
(0.25 0.85 0.85)
(0.3 0.85 0.85)
(0.3499999999999999 0.85 0.85)
(0.4000000000000001 0.85 0.8500000000000001)
(0.45 0.85 0.85)
(0.5 0.8499999999999998 0.85)
(0.55 0.8499999999999998 0.85)
(0.6 0.85 0.8500000000000001)
(0.65 0.8499999999999998 0.8499999999999998)
(0.6999999999999998 0.85 0.85)
(0.75 0.8499999999999998 0.85)
(0.8000000000000002 0.8500000000000001 0.8500000000000001)
(0.85 0.8499999999999998 0.85)
(0.9 0.85 0.8500000000000001)
(0.9500000000000001 0.85 0.8500000000000001)
(1 0.85 0.85)
(0 0.9 0.85)
(0.05000000000000001 0.9 0.85)
(0.1 0.9 0.85)
(0.15 0.9 0.85)
(0.2 0.9 0.85)
(0.25 0.9 0.85)
(0.3 0.9 0.85)
(0.35 0.8999999999999999 0.8500000000000001)
(0.4000000000000001 0.9 0.8500000000000001)
(0.45 0.9 0.85)
(0.5 0.9000000000000002 0.85)
(0.55 0.8999999999999999 0.85)
(0.6 0.8999999999999999 0.85)
(0.65 0.9 0.85)
(0.7000000000000001 0.9 0.85)
(0.75 0.9 0.85)
(0.8000000000000002 0.9 0.85)
(0.8500000000000001 0.9 0.85)
(0.9 0.9 0.85)
(0.9499999999999998 0.9 0.8500000000000001)
(1 0.9 0.85)
(0 0.9499999999999998 0.8500000000000001)
(0.05000000000000001 0.9500000000000001 0.8500000000000001)
(0.1 0.9500000000000001 0.8500000000000002)
(0.15 0.9499999999999998 0.85)
(0.2 0.9499999999999998 0.8500000000000001)
(0.2500000000000001 0.9499999999999998 0.8500000000000001)
(0.3 0.9500000000000001 0.85)
(0.35 0.9499999999999998 0.85)
(0.4000000000000001 0.9499999999999998 0.85)
(0.45 0.9499999999999998 0.8500000000000001)
(0.5 0.9500000000000001 0.8500000000000001)
(0.55 0.9499999999999998 0.85)
(0.6 0.9499999999999998 0.8500000000000001)
(0.65 0.9500000000000001 0.8499999999999998)
(0.7000000000000001 0.9500000000000001 0.85)
(0.75 0.9500000000000001 0.85)
(0.8000000000000002 0.9500000000000001 0.85)
(0.85 0.9499999999999998 0.8500000000000001)
(0.9 0.9499999999999998 0.8500000000000002)
(0.9500000000000001 0.9500000000000001 0.8500000000000001)
(1 0.9499999999999998 0.8500000000000001)
(0 1 0.85)
(0.05000000000000001 1 0.85)
(0.1 1 0.85)
(0.15 1 0.85)
(0.2 1 0.8500000000000001)
(0.25 1 0.85)
(0.3 1 0.85)
(0.3499999999999999 0.9999999999999999 0.85)
(0.4000000000000001 1 0.85)
(0.45 1 0.85)
(0.5 1 0.85)
(0.55 1 0.8499999999999998)
(0.6 1 0.85)
(0.65 1 0.8499999999999998)
(0.6999999999999998 1 0.85)
(0.75 1 0.8499999999999998)
(0.8000000000000002 1 0.85)
(0.85 0.9999999999999999 0.8499999999999998)
(0.9 1 0.85)
(0.9499999999999998 1 0.8500000000000001)
(1 1 0.85)
(0 0 0.9)
(0.05000000000000001 0 0.9)
(0.1 0 0.9)
(0.15 0 0.9)
(0.2 0 0.9000000000000002)
(0.25 0 0.9)
(0.3 0 0.8999999999999999)
(0.3499999999999999 0 0.9)
(0.4000000000000001 0 0.9)
(0.45 0 0.9)
(0.5 0 0.9)
(0.55 0 0.9)
(0.6 0 0.9)
(0.65 0 0.9)
(0.6999999999999998 0 0.9)
(0.75 0 0.9)
(0.8000000000000002 0 0.9)
(0.85 0 0.9)
(0.9 0 0.9)
(0.9499999999999998 0 0.8999999999999999)
(1 0 0.9)
(0 0.05000000000000001 0.9)
(0.05000000000000001 0.05000000000000001 0.9)
(0.1 0.05000000000000001 0.9)
(0.15 0.05000000000000001 0.9)
(0.2 0.05 0.9)
(0.25 0.05000000000000001 0.9)
(0.3 0.05 0.9)
(0.35 0.05000000000000001 0.9000000000000002)
(0.4000000000000001 0.05000000000000001 0.9)
(0.45 0.05000000000000001 0.9)
(0.5 0.05000000000000001 0.9)
(0.55 0.05000000000000001 0.9)
(0.6 0.05000000000000001 0.8999999999999999)
(0.65 0.05000000000000001 0.9000000000000002)
(0.7000000000000001 0.05000000000000001 0.8999999999999999)
(0.75 0.05000000000000001 0.9)
(0.8000000000000002 0.05000000000000001 0.9)
(0.8500000000000001 0.05000000000000001 0.9)
(0.8999999999999999 0.05000000000000001 0.9)
(0.9499999999999998 0.05000000000000001 0.9)
(1 0.05000000000000001 0.9)
(0 0.1 0.9)
(0.05000000000000001 0.1 0.9)
(0.1 0.1 0.9)
(0.15 0.1 0.9)
(0.2 0.09999999999999999 0.8999999999999999)
(0.25 0.09999999999999999 0.9)
(0.3 0.09999999999999999 0.9)
(0.3499999999999999 0.09999999999999999 0.9)
(0.4000000000000001 0.09999999999999999 0.8999999999999999)
(0.45 0.1 0.9000000000000002)
(0.5 0.1 0.9)
(0.55 0.1 0.9)
(0.6 0.09999999999999999 0.8999999999999999)
(0.65 0.09999999999999999 0.9)
(0.6999999999999998 0.09999999999999999 0.9)
(0.75 0.1 0.9)
(0.8000000000000002 0.1 0.9)
(0.85 0.1 0.8999999999999999)
(0.9 0.1 0.9)
(0.9500000000000001 0.1 0.9)
(1 0.1 0.9)
(0 0.15 0.9)
(0.05000000000000001 0.15 0.9)
(0.1 0.15 0.9000000000000002)
(0.15 0.15 0.9)
(0.2 0.15 0.9000000000000002)
(0.25 0.15 0.9)
(0.3 0.15 0.8999999999999999)
(0.35 0.15 0.9000000000000002)
(0.4000000000000001 0.15 0.9)
(0.45 0.15 0.9000000000000002)
(0.5 0.15 0.9)
(0.55 0.15 0.9)
(0.6000000000000001 0.15 0.9)
(0.65 0.15 0.9000000000000002)
(0.7000000000000001 0.15 0.9)
(0.75 0.15 0.9)
(0.8000000000000002 0.15 0.9000000000000002)
(0.85 0.15 0.9)
(0.8999999999999999 0.15 0.9)
(0.9500000000000001 0.15 0.8999999999999999)
(1 0.15 0.9)
(0 0.2 0.9000000000000002)
(0.05000000000000001 0.2 0.9)
(0.1 0.2 0.9)
(0.15 0.2 0.9000000000000002)
(0.2 0.2 0.9000000000000002)
(0.25 0.2 0.9)
(0.3 0.2 0.8999999999999999)
(0.35 0.2 0.8999999999999999)
(0.4000000000000001 0.2 0.9000000000000002)
(0.45 0.2 0.9000000000000002)
(0.5 0.2 0.8999999999999999)
(0.55 0.2 0.9)
(0.6000000000000001 0.2 0.9)
(0.6499999999999999 0.2 0.8999999999999999)
(0.7000000000000001 0.2 0.9)
(0.75 0.2 0.9)
(0.8000000000000002 0.2 0.9)
(0.85 0.2 0.9000000000000002)
(0.9 0.2 0.9)
(0.9500000000000001 0.2 0.9)
(1 0.2 0.9000000000000002)
(0 0.25 0.9)
(0.05000000000000001 0.25 0.9)
(0.1 0.25 0.9)
(0.15 0.25 0.9)
(0.2 0.25 0.9000000000000002)
(0.25 0.25 0.9000000000000002)
(0.3 0.25 0.9000000000000002)
(0.3499999999999999 0.25 0.9000000000000002)
(0.4000000000000001 0.25 0.9)
(0.4500000000000001 0.25 0.8999999999999999)
(0.5 0.25 0.8999999999999999)
(0.55 0.25 0.8999999999999998)
(0.6 0.25 0.9)
(0.65 0.25 0.9000000000000002)
(0.6999999999999998 0.25 0.9)
(0.75 0.25 0.9000000000000002)
(0.8000000000000002 0.25 0.9)
(0.85 0.25 0.9)
(0.9 0.25 0.9)
(0.9499999999999998 0.25 0.8999999999999999)
(1 0.25 0.9)
(0 0.3 0.9)
(0.05000000000000001 0.3 0.9)
(0.1 0.3 0.9000000000000002)
(0.15 0.3 0.9)
(0.2 0.3 0.9)
(0.25 0.3 0.9000000000000002)
(0.3 0.3 0.9)
(0.35 0.3 0.9)
(0.4000000000000001 0.3 0.8999999999999999)
(0.45 0.3 0.9000000000000002)
(0.5 0.3 0.9)
(0.55 0.3 0.8999999999999999)
(0.6 0.3 0.9)
(0.6500000000000001 0.3 0.9)
(0.7000000000000001 0.3 0.9)
(0.75 0.3 0.9)
(0.8000000000000002 0.3 0.9)
(0.85 0.3 0.9)
(0.9 0.3 0.9)
(0.9500000000000001 0.3 0.9000000000000002)
(1 0.3 0.9)
(0 0.3499999999999999 0.9)
(0.05000000000000001 0.3499999999999999 0.9000000000000004)
(0.09999999999999999 0.35 0.9)
(0.15 0.3499999999999999 0.9000000000000002)
(0.2 0.3499999999999999 0.9)
(0.25 0.3499999999999999 0.9)
(0.3 0.3499999999999999 0.9)
(0.35 0.3499999999999999 0.9000000000000004)
(0.4 0.35 0.9)
(0.45 0.35 0.9000000000000002)
(0.5 0.35 0.9000000000000002)
(0.5499999999999999 0.3499999999999999 0.9)
(0.6000000000000001 0.35 0.9)
(0.65 0.3499999999999999 0.8999999999999998)
(0.7000000000000001 0.35 0.8999999999999999)
(0.75 0.3499999999999999 0.9)
(0.8000000000000002 0.35 0.9000000000000002)
(0.85 0.35 0.9)
(0.9 0.3499999999999999 0.9)
(0.9500000000000001 0.35 0.9)
(1 0.3499999999999999 0.9)
(0 0.4000000000000001 0.9)
(0.05 0.4000000000000001 0.9)
(0.09999999999999999 0.4000000000000001 0.9)
(0.15 0.4000000000000001 0.9)
(0.2 0.4 0.9)
(0.25 0.4 0.8999999999999999)
(0.3 0.4 0.9)
(0.3499999999999999 0.4000000000000001 0.9)
(0.4 0.4000000000000001 0.9000000000000002)
(0.45 0.4000000000000001 0.9)
(0.5 0.4000000000000001 0.9000000000000002)
(0.55 0.4000000000000001 0.9)
(0.6 0.4000000000000001 0.9000000000000002)
(0.65 0.4 0.9)
(0.6999999999999998 0.4000000000000001 0.9000000000000002)
(0.75 0.4000000000000001 0.9)
(0.8000000000000002 0.4000000000000001 0.9)
(0.85 0.4000000000000001 0.8999999999999999)
(0.9 0.4000000000000001 0.9000000000000002)
(0.9499999999999998 0.4000000000000001 0.9)
(1 0.4000000000000001 0.9)
(0 0.45 0.9)
(0.05000000000000001 0.45 0.9)
(0.09999999999999999 0.45 0.9000000000000002)
(0.15 0.45 0.9000000000000002)
(0.2 0.45 0.9)
(0.25 0.45 0.9)
(0.3 0.45 0.9000000000000002)
(0.35 0.45 0.9000000000000002)
(0.4000000000000001 0.45 0.9)
(0.45 0.45 0.9000000000000002)
(0.5 0.4500000000000001 0.9000000000000002)
(0.55 0.45 0.9)
(0.6000000000000001 0.45 0.9)
(0.6500000000000001 0.45 0.9000000000000002)
(0.7000000000000001 0.45 0.9)
(0.75 0.4500000000000001 0.9)
(0.7999999999999999 0.45 0.8999999999999999)
(0.85 0.45 0.8999999999999999)
(0.9 0.45 0.9000000000000002)
(0.9499999999999998 0.45 0.9)
(1 0.45 0.9)
(0 0.5 0.9)
(0.05 0.5 0.9)
(0.09999999999999999 0.5 0.9)
(0.15 0.5 0.8999999999999999)
(0.2 0.5 0.8999999999999999)
(0.25 0.5 0.8999999999999999)
(0.3 0.5 0.8999999999999999)
(0.35 0.5 0.9000000000000002)
(0.4 0.5 0.9000000000000002)
(0.4500000000000001 0.5 0.9000000000000002)
(0.5 0.5 0.9)
(0.5499999999999999 0.5 0.9)
(0.6000000000000001 0.5 0.9)
(0.65 0.5 0.9000000000000002)
(0.7000000000000001 0.5 0.9000000000000002)
(0.75 0.5 0.9)
(0.7999999999999999 0.5000000000000001 0.8999999999999999)
(0.85 0.4999999999999999 0.8999999999999999)
(0.9 0.5 0.9)
(0.9500000000000001 0.5 0.9)
(1 0.5 0.9)
(0 0.55 0.9)
(0.05 0.55 0.9)
(0.09999999999999999 0.55 0.9)
(0.15 0.55 0.9000000000000002)
(0.2 0.5500000000000002 0.9)
(0.25 0.55 0.8999999999999998)
(0.3 0.55 0.9)
(0.3499999999999999 0.55 0.9)
(0.4 0.55 0.9)
(0.45 0.55 0.9)
(0.5 0.5499999999999999 0.9)
(0.55 0.55 0.9)
(0.6 0.55 0.9)
(0.65 0.5500000000000002 0.9)
(0.6999999999999998 0.55 0.8999999999999999)
(0.75 0.55 0.8999999999999999)
(0.7999999999999999 0.5499999999999999 0.9)
(0.8500000000000001 0.55 0.9)
(0.9 0.55 0.9)
(0.9499999999999998 0.55 0.9000000000000002)
(1 0.55 0.9)
(0 0.6 0.9)
(0.05000000000000001 0.6 0.9)
(0.1 0.6000000000000001 0.9)
(0.15 0.6000000000000001 0.9)
(0.2 0.6000000000000001 0.9)
(0.25 0.6 0.9)
(0.3 0.6 0.8999999999999999)
(0.35 0.6 0.9)
(0.4000000000000001 0.6000000000000001 0.9000000000000002)
(0.45 0.6000000000000001 0.9)
(0.5 0.6000000000000001 0.9)
(0.55 0.6 0.9)
(0.6000000000000001 0.6 0.9000000000000002)
(0.65 0.6000000000000001 0.9)
(0.7000000000000001 0.6 0.9)
(0.75 0.6 0.9)
(0.8000000000000002 0.6 0.9)
(0.85 0.6 0.9)
(0.9 0.6 0.9000000000000002)
(0.9499999999999998 0.6 0.9)
(1 0.6 0.9)
(0 0.65 0.9)
(0.05000000000000001 0.6499999999999999 0.9000000000000004)
(0.1 0.65 0.9)
(0.15 0.65 0.9000000000000002)
(0.2 0.6499999999999999 0.9)
(0.25 0.65 0.9)
(0.3 0.65 0.9)
(0.3499999999999999 0.6500000000000001 0.9000000000000004)
(0.4000000000000001 0.65 0.9)
(0.45 0.65 0.9000000000000002)
(0.5 0.65 0.9)
(0.5499999999999999 0.6499999999999999 0.9)
(0.6000000000000001 0.65 0.9)
(0.6500000000000001 0.6500000000000001 0.9000000000000002)
(0.6999999999999998 0.65 0.8999999999999999)
(0.75 0.65 0.9000000000000002)
(0.8000000000000002 0.65 0.9)
(0.85 0.65 0.9000000000000002)
(0.9 0.65 0.9)
(0.9499999999999998 0.65 0.9)
(1 0.65 0.9)
(0 0.6999999999999998 0.9)
(0.05 0.6999999999999998 0.8999999999999999)
(0.09999999999999999 0.6999999999999998 0.9)
(0.15 0.6999999999999998 0.9000000000000002)
(0.2 0.6999999999999998 0.9)
(0.25 0.6999999999999998 0.9)
(0.3 0.6999999999999998 0.9)
(0.3499999999999999 0.6999999999999998 0.8999999999999999)
(0.4 0.7000000000000001 0.9)
(0.45 0.6999999999999998 0.9)
(0.5 0.7000000000000001 0.9)
(0.55 0.6999999999999998 0.9)
(0.6 0.7000000000000001 0.9)
(0.65 0.6999999999999998 0.8999999999999999)
(0.6999999999999998 0.7000000000000001 0.9)
(0.75 0.6999999999999998 0.8999999999999999)
(0.7999999999999999 0.7000000000000001 0.9)
(0.85 0.7000000000000001 0.9)
(0.9 0.6999999999999998 0.9)
(0.9500000000000001 0.6999999999999998 0.8999999999999999)
(1 0.6999999999999998 0.9)
(0 0.75 0.9)
(0.05000000000000001 0.75 0.8999999999999999)
(0.09999999999999999 0.75 0.8999999999999999)
(0.15 0.75 0.9)
(0.2 0.75 0.9)
(0.25 0.7500000000000001 0.9)
(0.3 0.75 0.9000000000000002)
(0.35 0.75 0.9000000000000002)
(0.4 0.75 0.9)
(0.45 0.75 0.9)
(0.5 0.75 0.8999999999999999)
(0.55 0.75 0.8999999999999999)
(0.6 0.75 0.9000000000000002)
(0.65 0.75 0.9000000000000002)
(0.6999999999999998 0.75 0.9)
(0.75 0.7500000000000001 0.9000000000000002)
(0.7999999999999999 0.75 0.8999999999999999)
(0.85 0.75 0.8999999999999999)
(0.9 0.75 0.8999999999999999)
(0.9499999999999998 0.75 0.8999999999999999)
(1 0.75 0.9)
(0 0.8000000000000002 0.9)
(0.05 0.8000000000000002 0.9)
(0.09999999999999999 0.8000000000000002 0.9)
(0.15 0.8000000000000002 0.9)
(0.2 0.7999999999999999 0.9)
(0.25 0.7999999999999999 0.9)
(0.3 0.8000000000000002 0.9)
(0.3499999999999999 0.8000000000000002 0.9)
(0.4 0.8000000000000002 0.9000000000000002)
(0.45 0.8000000000000002 0.9)
(0.5 0.8000000000000002 0.9)
(0.5499999999999999 0.8000000000000002 0.8999999999999999)
(0.5999999999999999 0.7999999999999999 0.9)
(0.65 0.7999999999999999 0.9)
(0.6999999999999998 0.8000000000000002 0.9)
(0.75 0.7999999999999999 0.9)
(0.7999999999999999 0.7999999999999999 0.9)
(0.85 0.8000000000000002 0.9)
(0.9 0.8000000000000002 0.9)
(0.9499999999999998 0.8000000000000002 0.8999999999999999)
(1 0.8000000000000002 0.9)
(0 0.85 0.9)
(0.05000000000000001 0.85 0.9)
(0.1 0.85 0.8999999999999999)
(0.15 0.85 0.9)
(0.2 0.85 0.9)
(0.25 0.85 0.9)
(0.3 0.85 0.8999999999999999)
(0.3499999999999999 0.85 0.9000000000000002)
(0.4000000000000001 0.85 0.9)
(0.45 0.85 0.9)
(0.5 0.85 0.9)
(0.55 0.85 0.9)
(0.6 0.85 0.9)
(0.65 0.85 0.9)
(0.6999999999999998 0.85 0.9)
(0.75 0.85 0.9)
(0.8000000000000002 0.85 0.9)
(0.85 0.85 0.9)
(0.9 0.85 0.8999999999999999)
(0.9500000000000001 0.8500000000000001 0.8999999999999999)
(1 0.85 0.9)
(0 0.9 0.9)
(0.05000000000000001 0.8999999999999999 0.8999999999999999)
(0.1 0.9 0.9)
(0.15 0.8999999999999999 0.9)
(0.2 0.9 0.9)
(0.25 0.9 0.8999999999999999)
(0.3 0.9 0.8999999999999999)
(0.35 0.9 0.9)
(0.4000000000000001 0.9 0.9000000000000002)
(0.45 0.9 0.9)
(0.5 0.9 0.9)
(0.55 0.8999999999999999 0.9)
(0.6 0.8999999999999999 0.9)
(0.65 0.9 0.9)
(0.7000000000000001 0.9 0.8999999999999999)
(0.75 0.9000000000000002 0.9)
(0.8000000000000002 0.9 0.9)
(0.85 0.9 0.9)
(0.9 0.9 0.8999999999999999)
(0.9499999999999998 0.9 0.8999999999999999)
(1 0.9 0.9)
(0 0.9499999999999998 0.9)
(0.05000000000000001 0.9500000000000001 0.9000000000000002)
(0.1 0.9499999999999998 0.8999999999999999)
(0.15 0.9500000000000001 0.9)
(0.2 0.9499999999999998 0.9000000000000002)
(0.25 0.9499999999999998 0.8999999999999999)
(0.3 0.9500000000000001 0.9000000000000002)
(0.35 0.9500000000000001 0.9)
(0.4000000000000001 0.9499999999999998 0.9)
(0.45 0.9499999999999998 0.9000000000000002)
(0.5 0.9500000000000001 0.9)
(0.55 0.9499999999999998 0.9)
(0.6 0.9499999999999998 0.9)
(0.6499999999999999 0.9500000000000001 0.8999999999999999)
(0.7000000000000001 0.9500000000000001 0.8999999999999999)
(0.75 0.9499999999999998 0.9)
(0.8000000000000002 0.9500000000000001 0.8999999999999999)
(0.85 0.9500000000000001 0.9)
(0.8999999999999999 0.9499999999999998 0.9)
(0.9500000000000002 0.9500000000000001 0.9)
(1 0.9499999999999998 0.9)
(0 1 0.9)
(0.05000000000000001 1 0.9)
(0.1 1 0.9)
(0.15 1 0.9)
(0.2 1 0.9)
(0.25 1 0.9)
(0.3 1 0.8999999999999999)
(0.3499999999999999 1 0.9)
(0.4000000000000001 1 0.9)
(0.45 1 0.9)
(0.5 1 0.9)
(0.55 1 0.8999999999999999)
(0.6 1 0.9)
(0.65 1 0.9)
(0.6999999999999998 1 0.9)
(0.75 1 0.9000000000000002)
(0.8000000000000002 1 0.9)
(0.85 0.9999999999999999 0.9)
(0.9 1 0.9)
(0.9499999999999998 1 0.8999999999999999)
(1 1 0.9)
(0 0 0.9499999999999998)
(0.05000000000000001 0 0.9499999999999998)
(0.1 0 0.9500000000000001)
(0.15 0 0.9500000000000001)
(0.2 0 0.9500000000000001)
(0.25 0 0.9499999999999998)
(0.3 0 0.9500000000000001)
(0.35 0 0.9500000000000001)
(0.4000000000000001 0 0.9499999999999998)
(0.45 0 0.9499999999999998)
(0.5 0 0.9500000000000001)
(0.55 0 0.9499999999999998)
(0.6 0 0.9499999999999998)
(0.6499999999999999 0 0.9499999999999998)
(0.6999999999999998 0 0.9500000000000001)
(0.75 0 0.9499999999999998)
(0.8000000000000002 0 0.9499999999999998)
(0.8500000000000001 0 0.9500000000000001)
(0.9 0 0.9499999999999998)
(0.9499999999999998 0 0.9500000000000001)
(1 0 0.9499999999999998)
(0 0.05000000000000001 0.9499999999999998)
(0.05000000000000001 0.05000000000000001 0.9499999999999998)
(0.1 0.05000000000000001 0.9500000000000001)
(0.15 0.05000000000000001 0.9500000000000001)
(0.2 0.05000000000000001 0.9499999999999998)
(0.25 0.05000000000000001 0.9499999999999998)
(0.3 0.05 0.9499999999999998)
(0.35 0.05000000000000001 0.9500000000000001)
(0.4000000000000001 0.05000000000000001 0.9500000000000002)
(0.45 0.05000000000000001 0.9499999999999998)
(0.5 0.05 0.9500000000000001)
(0.55 0.05 0.9500000000000001)
(0.6 0.05000000000000001 0.9500000000000002)
(0.65 0.05000000000000001 0.9500000000000001)
(0.7000000000000001 0.05000000000000001 0.9499999999999997)
(0.75 0.05000000000000001 0.9499999999999998)
(0.8000000000000002 0.05000000000000001 0.9499999999999998)
(0.8500000000000001 0.05000000000000001 0.9500000000000001)
(0.9 0.05000000000000001 0.9499999999999998)
(0.9499999999999998 0.05000000000000001 0.9499999999999998)
(1 0.05000000000000001 0.9499999999999998)
(0 0.1 0.9500000000000001)
(0.05000000000000001 0.09999999999999999 0.9499999999999998)
(0.1 0.1 0.9500000000000001)
(0.15 0.1 0.9500000000000001)
(0.2 0.09999999999999999 0.9499999999999998)
(0.25 0.09999999999999999 0.9500000000000001)
(0.3 0.1 0.9500000000000001)
(0.3499999999999999 0.1 0.9499999999999998)
(0.4000000000000001 0.09999999999999999 0.9500000000000001)
(0.45 0.09999999999999999 0.9499999999999998)
(0.5 0.09999999999999999 0.9499999999999998)
(0.55 0.09999999999999999 0.9499999999999998)
(0.6000000000000001 0.09999999999999999 0.9499999999999998)
(0.65 0.1 0.9499999999999998)
(0.6999999999999998 0.1 0.9500000000000001)
(0.75 0.1 0.9500000000000001)
(0.8000000000000002 0.1 0.9500000000000001)
(0.8500000000000001 0.1 0.9500000000000001)
(0.9 0.1 0.9500000000000001)
(0.9500000000000001 0.1 0.9500000000000001)
(1 0.1 0.9500000000000001)
(0 0.15 0.9500000000000001)
(0.05000000000000001 0.15 0.9499999999999998)
(0.1 0.15 0.9500000000000001)
(0.15 0.15 0.9500000000000001)
(0.2 0.15 0.9500000000000001)
(0.2500000000000001 0.15 0.9500000000000001)
(0.3 0.15 0.9499999999999997)
(0.35 0.15 0.9500000000000001)
(0.4000000000000001 0.15 0.9499999999999998)
(0.45 0.15 0.9500000000000001)
(0.5 0.15 0.9500000000000001)
(0.55 0.15 0.9500000000000001)
(0.6 0.15 0.9500000000000001)
(0.65 0.15 0.9499999999999998)
(0.7000000000000001 0.15 0.9499999999999997)
(0.75 0.15 0.9499999999999998)
(0.8000000000000002 0.15 0.9499999999999998)
(0.8500000000000001 0.15 0.9500000000000001)
(0.9 0.15 0.9499999999999998)
(0.9499999999999998 0.15 0.9499999999999998)
(1 0.15 0.9500000000000001)
(0 0.2 0.9500000000000001)
(0.05000000000000001 0.2 0.9499999999999998)
(0.1 0.2 0.9500000000000001)
(0.15 0.2 0.9500000000000001)
(0.2 0.2 0.9500000000000001)
(0.25 0.2 0.9499999999999998)
(0.3 0.2 0.9500000000000001)
(0.35 0.2 0.9500000000000001)
(0.4000000000000001 0.2 0.9500000000000001)
(0.45 0.2 0.9500000000000001)
(0.5 0.2 0.9500000000000001)
(0.55 0.2 0.9500000000000001)
(0.6 0.2 0.9500000000000001)
(0.65 0.2 0.9500000000000001)
(0.7000000000000001 0.2 0.9500000000000001)
(0.75 0.2 0.9499999999999998)
(0.8000000000000002 0.2 0.9500000000000001)
(0.8500000000000001 0.2 0.9500000000000001)
(0.9000000000000002 0.2 0.9500000000000001)
(0.9500000000000001 0.2 0.9500000000000001)
(1 0.2 0.9500000000000001)
(0 0.25 0.9499999999999998)
(0.05000000000000001 0.25 0.9499999999999998)
(0.1 0.25 0.9500000000000001)
(0.15 0.25 0.9499999999999998)
(0.2 0.25 0.9499999999999998)
(0.25 0.25 0.9500000000000001)
(0.3 0.25 0.9499999999999998)
(0.3499999999999999 0.25 0.9499999999999998)
(0.4000000000000001 0.25 0.9500000000000001)
(0.45 0.25 0.9500000000000002)
(0.5 0.25 0.9499999999999998)
(0.55 0.25 0.9500000000000001)
(0.6 0.25 0.9500000000000001)
(0.6499999999999999 0.25 0.9499999999999998)
(0.6999999999999998 0.25 0.9499999999999998)
(0.75 0.25 0.9500000000000001)
(0.8000000000000002 0.25 0.9499999999999998)
(0.8500000000000001 0.25 0.9499999999999998)
(0.9 0.25 0.9500000000000001)
(0.9499999999999998 0.25 0.9499999999999998)
(1 0.25 0.9499999999999998)
(0 0.3 0.9500000000000001)
(0.05000000000000001 0.3 0.9499999999999998)
(0.1 0.3 0.9500000000000001)
(0.15 0.3 0.9499999999999997)
(0.2 0.3 0.9499999999999998)
(0.25 0.2999999999999999 0.9499999999999998)
(0.3 0.3 0.9500000000000001)
(0.35 0.3 0.9499999999999998)
(0.3999999999999999 0.3 0.9499999999999998)
(0.45 0.3 0.9499999999999998)
(0.5 0.3 0.9500000000000001)
(0.55 0.3 0.9499999999999998)
(0.6 0.3 0.9499999999999998)
(0.65 0.3 0.9499999999999998)
(0.7000000000000001 0.3 0.9500000000000001)
(0.75 0.3 0.9500000000000001)
(0.8000000000000002 0.3 0.9500000000000001)
(0.85 0.3 0.9499999999999998)
(0.8999999999999999 0.3 0.9500000000000001)
(0.9500000000000001 0.3 0.9500000000000001)
(1 0.3 0.9500000000000001)
(0 0.35 0.9500000000000001)
(0.05000000000000001 0.3499999999999999 0.9500000000000001)
(0.1 0.35 0.9499999999999998)
(0.15 0.3499999999999999 0.9500000000000001)
(0.2 0.3499999999999999 0.9500000000000001)
(0.25 0.35 0.9500000000000001)
(0.3 0.3499999999999999 0.9499999999999997)
(0.35 0.35 0.9500000000000001)
(0.4 0.35 0.9499999999999998)
(0.45 0.3499999999999999 0.9499999999999998)
(0.5 0.35 0.9499999999999997)
(0.5499999999999999 0.3499999999999999 0.9499999999999998)
(0.6 0.3499999999999999 0.9499999999999998)
(0.6500000000000001 0.35 0.9500000000000001)
(0.7000000000000001 0.35 0.9499999999999998)
(0.75 0.3499999999999999 0.9500000000000001)
(0.8000000000000002 0.35 0.9500000000000001)
(0.85 0.35 0.9500000000000001)
(0.9 0.3499999999999999 0.9499999999999998)
(0.9500000000000001 0.3499999999999999 0.9500000000000001)
(1 0.35 0.9500000000000001)
(0 0.4000000000000001 0.9499999999999998)
(0.05000000000000001 0.4000000000000001 0.9500000000000002)
(0.09999999999999999 0.4000000000000001 0.9500000000000001)
(0.15 0.4000000000000001 0.9500000000000001)
(0.2 0.4000000000000001 0.9499999999999998)
(0.25 0.4 0.9500000000000001)
(0.3 0.4 0.9499999999999998)
(0.3499999999999999 0.4000000000000001 0.9499999999999998)
(0.4000000000000001 0.4000000000000001 0.9499999999999998)
(0.45 0.4000000000000001 0.9499999999999998)
(0.5 0.4 0.9500000000000001)
(0.55 0.4 0.9499999999999998)
(0.6 0.4000000000000001 0.9500000000000002)
(0.65 0.4 0.9499999999999998)
(0.6999999999999998 0.4000000000000001 0.9499999999999998)
(0.75 0.4000000000000001 0.9500000000000001)
(0.8000000000000002 0.4000000000000001 0.9500000000000001)
(0.85 0.4000000000000001 0.9499999999999998)
(0.9 0.4000000000000001 0.9499999999999998)
(0.9499999999999998 0.4000000000000001 0.9500000000000002)
(1 0.4000000000000001 0.9499999999999998)
(0 0.45 0.9499999999999998)
(0.05 0.45 0.9499999999999998)
(0.09999999999999999 0.45 0.9499999999999998)
(0.15 0.45 0.9500000000000001)
(0.2 0.45 0.9500000000000001)
(0.25 0.45 0.9500000000000002)
(0.3 0.45 0.9499999999999998)
(0.3499999999999999 0.45 0.9499999999999998)
(0.4 0.45 0.9500000000000001)
(0.45 0.45 0.9500000000000001)
(0.5 0.45 0.9500000000000001)
(0.55 0.45 0.9499999999999998)
(0.6000000000000001 0.45 0.9499999999999998)
(0.65 0.45 0.9499999999999998)
(0.6999999999999998 0.45 0.9499999999999998)
(0.75 0.4500000000000001 0.9500000000000002)
(0.7999999999999999 0.45 0.9499999999999998)
(0.85 0.45 0.9500000000000001)
(0.9 0.45 0.9499999999999998)
(0.9499999999999998 0.45 0.9499999999999998)
(1 0.45 0.9499999999999998)
(0 0.5 0.9500000000000001)
(0.05 0.5 0.9500000000000001)
(0.09999999999999999 0.4999999999999999 0.9499999999999998)
(0.15 0.5 0.9500000000000001)
(0.2 0.5 0.9500000000000001)
(0.25 0.5 0.9499999999999998)
(0.3 0.5 0.9500000000000001)
(0.35 0.5 0.9499999999999998)
(0.4 0.5 0.9500000000000001)
(0.45 0.5 0.9500000000000001)
(0.5 0.5 0.9499999999999997)
(0.5499999999999999 0.5 0.9500000000000001)
(0.6 0.5 0.9500000000000001)
(0.6499999999999999 0.5 0.9499999999999997)
(0.7000000000000001 0.5 0.9500000000000001)
(0.75 0.5 0.9500000000000001)
(0.7999999999999999 0.5 0.9499999999999998)
(0.85 0.5 0.9500000000000001)
(0.9 0.5 0.9500000000000001)
(0.9500000000000001 0.5 0.9500000000000001)
(1 0.5 0.9500000000000001)
(0 0.55 0.9499999999999998)
(0.05 0.5500000000000002 0.9499999999999998)
(0.09999999999999999 0.55 0.9499999999999998)
(0.15 0.55 0.9499999999999998)
(0.2 0.5500000000000002 0.9500000000000001)
(0.2500000000000001 0.55 0.9500000000000002)
(0.3 0.55 0.9499999999999998)
(0.35 0.5500000000000002 0.9499999999999998)
(0.4 0.55 0.9499999999999998)
(0.45 0.5500000000000002 0.9500000000000001)
(0.5 0.5499999999999999 0.9500000000000001)
(0.55 0.55 0.9500000000000001)
(0.6 0.55 0.9499999999999998)
(0.65 0.55 0.9499999999999998)
(0.6999999999999998 0.5499999999999999 0.9499999999999998)
(0.75 0.55 0.9499999999999998)
(0.7999999999999999 0.5499999999999999 0.9499999999999998)
(0.85 0.5500000000000002 0.9499999999999998)
(0.8999999999999999 0.55 0.9500000000000001)
(0.9499999999999998 0.5499999999999999 0.9499999999999998)
(1 0.55 0.9499999999999998)
(0 0.6 0.9499999999999998)
(0.05000000000000001 0.6000000000000001 0.9500000000000002)
(0.1 0.6000000000000001 0.9499999999999998)
(0.15 0.6 0.9500000000000001)
(0.2 0.6 0.9499999999999998)
(0.25 0.6 0.9500000000000001)
(0.3 0.6 0.9499999999999998)
(0.35 0.5999999999999999 0.9499999999999998)
(0.4000000000000001 0.6 0.9500000000000001)
(0.45 0.6 0.9499999999999998)
(0.5 0.6 0.9500000000000001)
(0.5499999999999999 0.6 0.9499999999999998)
(0.6 0.6 0.9500000000000002)
(0.65 0.6 0.9499999999999998)
(0.7000000000000001 0.6 0.9499999999999998)
(0.75 0.6 0.9499999999999998)
(0.8000000000000002 0.5999999999999999 0.9500000000000001)
(0.85 0.6 0.9500000000000001)
(0.9 0.6 0.9499999999999998)
(0.9499999999999998 0.6 0.9500000000000002)
(1 0.6 0.9499999999999998)
(0 0.6499999999999999 0.9499999999999998)
(0.05000000000000001 0.6499999999999999 0.9500000000000001)
(0.1 0.65 0.9500000000000001)
(0.15 0.6499999999999999 0.9499999999999998)
(0.2 0.65 0.9499999999999998)
(0.25 0.65 0.9499999999999998)
(0.3 0.65 0.9499999999999998)
(0.35 0.6500000000000001 0.9499999999999998)
(0.4000000000000001 0.65 0.9499999999999998)
(0.45 0.65 0.9499999999999998)
(0.5 0.6499999999999999 0.9499999999999998)
(0.5499999999999999 0.6499999999999999 0.9499999999999998)
(0.6 0.65 0.9499999999999998)
(0.65 0.65 0.9499999999999998)
(0.6999999999999998 0.65 0.9499999999999998)
(0.75 0.65 0.9499999999999998)
(0.8000000000000002 0.65 0.9499999999999998)
(0.85 0.6499999999999999 0.9499999999999998)
(0.9 0.65 0.9500000000000001)
(0.9499999999999998 0.6499999999999999 0.9499999999999998)
(1 0.6499999999999999 0.9499999999999998)
(0 0.6999999999999998 0.9500000000000001)
(0.05 0.6999999999999998 0.9499999999999998)
(0.09999999999999999 0.6999999999999998 0.9500000000000001)
(0.15 0.6999999999999998 0.9499999999999997)
(0.2 0.6999999999999998 0.9500000000000001)
(0.25 0.6999999999999998 0.9499999999999998)
(0.3 0.6999999999999998 0.9500000000000001)
(0.3499999999999999 0.6999999999999998 0.9499999999999997)
(0.4 0.7000000000000001 0.9499999999999998)
(0.45 0.6999999999999998 0.9499999999999998)
(0.5 0.7000000000000001 0.9500000000000001)
(0.55 0.6999999999999998 0.9499999999999998)
(0.6 0.6999999999999998 0.9499999999999998)
(0.65 0.7000000000000001 0.9499999999999998)
(0.6999999999999998 0.7000000000000001 0.9500000000000001)
(0.75 0.6999999999999998 0.9499999999999998)
(0.7999999999999999 0.7000000000000001 0.9500000000000001)
(0.85 0.7000000000000001 0.9499999999999998)
(0.9 0.6999999999999998 0.9500000000000001)
(0.9500000000000001 0.6999999999999998 0.9500000000000001)
(1 0.6999999999999998 0.9500000000000001)
(0 0.75 0.9499999999999998)
(0.05000000000000001 0.75 0.9499999999999998)
(0.1 0.75 0.9500000000000001)
(0.15 0.75 0.9499999999999998)
(0.2 0.7500000000000001 0.9499999999999998)
(0.25 0.75 0.9500000000000001)
(0.3 0.7499999999999999 0.9500000000000001)
(0.3499999999999999 0.75 0.9499999999999998)
(0.4000000000000001 0.75 0.9500000000000002)
(0.45 0.75 0.9499999999999998)
(0.5 0.75 0.9499999999999998)
(0.5499999999999999 0.7499999999999999 0.9499999999999998)
(0.6 0.75 0.9499999999999998)
(0.65 0.75 0.9500000000000001)
(0.6999999999999998 0.75 0.9499999999999998)
(0.75 0.75 0.9499999999999998)
(0.8000000000000002 0.75 0.9499999999999998)
(0.85 0.75 0.9499999999999998)
(0.9 0.75 0.9499999999999998)
(0.9499999999999998 0.75 0.9500000000000001)
(1 0.75 0.9499999999999998)
(0 0.8000000000000002 0.9499999999999998)
(0.05000000000000001 0.8000000000000002 0.9499999999999998)
(0.1 0.8000000000000002 0.9500000000000001)
(0.15 0.8000000000000002 0.9499999999999998)
(0.2 0.8000000000000002 0.9500000000000001)
(0.25 0.7999999999999999 0.9499999999999998)
(0.3 0.8000000000000002 0.9500000000000001)
(0.3499999999999999 0.8000000000000002 0.9500000000000001)
(0.4000000000000001 0.8000000000000002 0.9500000000000001)
(0.45 0.8000000000000002 0.9500000000000001)
(0.5 0.7999999999999999 0.9499999999999998)
(0.5499999999999999 0.7999999999999999 0.9500000000000001)
(0.6 0.8000000000000002 0.9499999999999998)
(0.65 0.7999999999999999 0.9499999999999998)
(0.6999999999999998 0.8000000000000002 0.9500000000000001)
(0.75 0.8000000000000002 0.9500000000000001)
(0.8000000000000002 0.8000000000000002 0.9500000000000001)
(0.8500000000000001 0.8000000000000002 0.9499999999999998)
(0.9 0.8000000000000002 0.9500000000000001)
(0.9499999999999998 0.8000000000000002 0.9499999999999998)
(1 0.8000000000000002 0.9499999999999998)
(0 0.8500000000000001 0.9500000000000001)
(0.05000000000000001 0.8500000000000001 0.9500000000000001)
(0.1 0.8500000000000001 0.9500000000000002)
(0.15 0.8500000000000001 0.9500000000000001)
(0.2 0.8500000000000001 0.9500000000000001)
(0.25 0.8500000000000001 0.9499999999999998)
(0.3 0.85 0.9499999999999998)
(0.3499999999999999 0.85 0.9499999999999998)
(0.4000000000000001 0.85 0.9500000000000001)
(0.45 0.85 0.9500000000000001)
(0.5 0.85 0.9500000000000001)
(0.55 0.85 0.9500000000000001)
(0.6 0.85 0.9500000000000001)
(0.6499999999999999 0.8499999999999998 0.9500000000000001)
(0.6999999999999998 0.85 0.9499999999999998)
(0.75 0.85 0.9499999999999998)
(0.8000000000000002 0.85 0.9499999999999998)
(0.85 0.85 0.9500000000000001)
(0.9 0.85 0.9500000000000001)
(0.9500000000000001 0.8500000000000001 0.9500000000000002)
(1 0.8500000000000001 0.9500000000000001)
(0 0.9 0.9499999999999998)
(0.05000000000000001 0.9 0.9500000000000001)
(0.1 0.9 0.9499999999999998)
(0.15 0.9 0.9500000000000001)
(0.2 0.9 0.9500000000000001)
(0.25 0.9 0.9499999999999998)
(0.3 0.8999999999999999 0.9500000000000001)
(0.35 0.9 0.9500000000000001)
(0.4000000000000001 0.9 0.9499999999999998)
(0.45 0.9 0.9500000000000001)
(0.5 0.9 0.9499999999999998)
(0.55 0.8999999999999999 0.9500000000000001)
(0.6 0.9 0.9500000000000001)
(0.6499999999999999 0.9 0.9499999999999998)
(0.6999999999999998 0.8999999999999999 0.9499999999999998)
(0.75 0.9000000000000002 0.9500000000000001)
(0.8000000000000002 0.9 0.9499999999999998)
(0.8500000000000001 0.9 0.9500000000000001)
(0.9 0.9 0.9500000000000001)
(0.9500000000000001 0.9 0.9499999999999998)
(1 0.9 0.9499999999999998)
(0 0.9499999999999998 0.9500000000000001)
(0.05000000000000001 0.9500000000000001 0.9500000000000001)
(0.1 0.9499999999999998 0.9499999999999998)
(0.15 0.9500000000000001 0.9500000000000001)
(0.2 0.9499999999999998 0.9500000000000001)
(0.25 0.9499999999999998 0.9500000000000001)
(0.3 0.9500000000000001 0.9499999999999998)
(0.3499999999999999 0.9499999999999998 0.9499999999999998)
(0.4000000000000001 0.9499999999999998 0.9500000000000002)
(0.45 0.9499999999999998 0.9499999999999998)
(0.5 0.9500000000000001 0.9499999999999998)
(0.55 0.9499999999999997 0.9499999999999998)
(0.6000000000000001 0.9499999999999998 0.9499999999999998)
(0.6499999999999999 0.9499999999999998 0.9500000000000001)
(0.6999999999999998 0.9500000000000001 0.9500000000000001)
(0.75 0.9499999999999998 0.9499999999999998)
(0.8000000000000002 0.9500000000000001 0.9500000000000001)
(0.8500000000000001 0.9500000000000001 0.9499999999999998)
(0.9 0.9499999999999998 0.9500000000000001)
(0.9500000000000001 0.9499999999999998 0.9500000000000001)
(1 0.9499999999999998 0.9500000000000001)
(0 1 0.9499999999999998)
(0.05000000000000001 1 0.9500000000000001)
(0.1 0.9999999999999999 0.9499999999999998)
(0.15 1 0.9500000000000001)
(0.2 1 0.9499999999999998)
(0.25 1 0.9499999999999998)
(0.3 1 0.9500000000000001)
(0.35 1 0.9499999999999998)
(0.4000000000000001 1 0.9499999999999998)
(0.45 1 0.9499999999999998)
(0.5 1 0.9500000000000001)
(0.55 1 0.9499999999999998)
(0.6 1 0.9499999999999998)
(0.6499999999999999 1 0.9500000000000001)
(0.6999999999999998 1 0.9500000000000001)
(0.75 1 0.9499999999999998)
(0.8000000000000002 1 0.9500000000000001)
(0.8500000000000001 1 0.9500000000000001)
(0.9 1 0.9499999999999998)
(0.9499999999999998 1 0.9500000000000001)
(1 1 0.9499999999999998)
(0 0 1)
(0.05000000000000001 0 1)
(0.1 0 1)
(0.15 0 1)
(0.2 0 1)
(0.25 0 1)
(0.3 0 1)
(0.3499999999999999 0 1)
(0.4000000000000001 0 1)
(0.45 0 1)
(0.5 0 1)
(0.55 0 1)
(0.6 0 1)
(0.65 0 1)
(0.6999999999999998 0 1)
(0.75 0 1)
(0.8000000000000002 0 1)
(0.85 0 1)
(0.9 0 1)
(0.9499999999999998 0 1)
(1 0 1)
(0 0.05000000000000001 1)
(0.05000000000000001 0.05000000000000001 0.9999999999999999)
(0.1 0.05000000000000001 1)
(0.15 0.05000000000000001 1)
(0.2 0.05000000000000001 0.9999999999999999)
(0.25 0.05000000000000001 1)
(0.3 0.05 1)
(0.35 0.05000000000000001 1)
(0.4000000000000001 0.05000000000000001 0.9999999999999999)
(0.45 0.05000000000000001 1)
(0.5 0.05 1)
(0.55 0.05000000000000001 1)
(0.6 0.05000000000000001 0.9999999999999999)
(0.65 0.05000000000000001 1)
(0.7000000000000001 0.05 1)
(0.75 0.05000000000000001 1)
(0.8000000000000002 0.05000000000000001 1)
(0.8500000000000001 0.05000000000000001 1)
(0.9 0.05000000000000001 0.9999999999999999)
(0.9499999999999998 0.05000000000000001 0.9999999999999999)
(1 0.05000000000000001 1)
(0 0.1 1)
(0.05000000000000001 0.1 1)
(0.1 0.1 0.9999999999999999)
(0.15 0.1 1)
(0.2 0.09999999999999999 1)
(0.25 0.1 1)
(0.3 0.09999999999999999 0.9999999999999999)
(0.3499999999999999 0.09999999999999999 1)
(0.4000000000000001 0.09999999999999999 1)
(0.4499999999999999 0.09999999999999999 1)
(0.5 0.09999999999999999 1)
(0.55 0.09999999999999999 1)
(0.6 0.09999999999999998 1)
(0.65 0.09999999999999999 1)
(0.6999999999999998 0.1 0.9999999999999999)
(0.75 0.1 1)
(0.8000000000000002 0.1 1)
(0.85 0.1 1)
(0.9 0.1 0.9999999999999999)
(0.9500000000000001 0.1 1)
(1 0.1 1)
(0 0.15 1)
(0.05000000000000001 0.15 1)
(0.1 0.15 1)
(0.15 0.15 1)
(0.2 0.15 1)
(0.25 0.15 1)
(0.3 0.15 0.9999999999999999)
(0.35 0.15 1)
(0.4000000000000001 0.15 0.9999999999999999)
(0.45 0.15 1)
(0.5 0.15 1)
(0.55 0.15 0.9999999999999999)
(0.6 0.15 0.9999999999999999)
(0.65 0.15 1)
(0.7000000000000001 0.15 0.9999999999999999)
(0.75 0.15 1)
(0.8000000000000002 0.15 1)
(0.85 0.15 1)
(0.9 0.15 1)
(0.9500000000000001 0.15 1)
(1 0.15 1)
(0 0.2 1)
(0.05000000000000001 0.2 0.9999999999999999)
(0.1 0.2 1)
(0.15 0.2 1)
(0.2 0.2 1)
(0.25 0.2 1)
(0.3 0.2 1)
(0.35 0.2 0.9999999999999999)
(0.4000000000000001 0.2 1)
(0.4500000000000001 0.2 0.9999999999999999)
(0.5 0.2 1)
(0.55 0.2 0.9999999999999999)
(0.6 0.2 1)
(0.65 0.2 0.9999999999999999)
(0.7000000000000001 0.2 1)
(0.7500000000000001 0.2 1)
(0.8000000000000002 0.2 1)
(0.8500000000000001 0.2 1)
(0.9000000000000002 0.2 1)
(0.9500000000000001 0.2 1)
(1 0.2 1)
(0 0.25 1)
(0.05000000000000001 0.25 1)
(0.1 0.25 1)
(0.15 0.25 1)
(0.2 0.25 1)
(0.25 0.25 1)
(0.3 0.25 1)
(0.3499999999999999 0.25 1)
(0.4000000000000001 0.25 1)
(0.45 0.25 1)
(0.5 0.25 1)
(0.55 0.25 1)
(0.6 0.25 1)
(0.65 0.25 1)
(0.6999999999999998 0.25 1)
(0.75 0.25 1)
(0.8000000000000002 0.25 1)
(0.85 0.25 1)
(0.9 0.25 1)
(0.9499999999999998 0.25 1)
(1 0.25 1)
(0 0.3 1)
(0.04999999999999999 0.3 1)
(0.1 0.3 0.9999999999999999)
(0.15 0.3 0.9999999999999999)
(0.2 0.3 1)
(0.25 0.3 1)
(0.3 0.3 1)
(0.35 0.3 1)
(0.3999999999999999 0.3 1)
(0.45 0.3 1)
(0.5 0.3 1)
(0.55 0.3 1)
(0.6 0.3 1)
(0.65 0.3 1)
(0.7000000000000001 0.3 1)
(0.75 0.3 1)
(0.8000000000000002 0.3 1)
(0.85 0.3 1)
(0.9 0.3 0.9999999999999999)
(0.9500000000000001 0.3 1)
(1 0.3 1)
(0 0.3499999999999999 1)
(0.05000000000000001 0.3499999999999999 1)
(0.09999999999999998 0.3499999999999999 1)
(0.15 0.3499999999999999 1)
(0.2 0.3499999999999999 0.9999999999999999)
(0.25 0.3499999999999999 1)
(0.3 0.3499999999999999 1)
(0.35 0.3499999999999999 1)
(0.4 0.35 1)
(0.45 0.3499999999999999 1)
(0.5 0.35 1)
(0.5499999999999999 0.3499999999999999 1)
(0.6 0.3499999999999999 1)
(0.65 0.3499999999999999 1)
(0.7000000000000001 0.35 1)
(0.75 0.3499999999999999 1)
(0.8000000000000002 0.3499999999999999 0.9999999999999999)
(0.85 0.35 1)
(0.9 0.35 1)
(0.9500000000000001 0.35 1)
(1 0.3499999999999999 1)
(0 0.4000000000000001 1)
(0.05000000000000001 0.4000000000000001 0.9999999999999999)
(0.09999999999999999 0.4000000000000001 1)
(0.15 0.4000000000000001 0.9999999999999999)
(0.2 0.4000000000000001 1)
(0.25 0.4000000000000001 1)
(0.3 0.4 1)
(0.3499999999999999 0.4000000000000001 1)
(0.4000000000000001 0.4000000000000001 1)
(0.45 0.4 1)
(0.5 0.4 1)
(0.55 0.4 1)
(0.6 0.4000000000000001 1)
(0.65 0.4 1)
(0.6999999999999998 0.4000000000000001 1)
(0.75 0.4000000000000001 0.9999999999999999)
(0.8000000000000002 0.4000000000000001 1)
(0.85 0.4000000000000001 0.9999999999999999)
(0.9 0.4000000000000001 1)
(0.9499999999999998 0.4000000000000001 1)
(1 0.4000000000000001 1)
(0 0.45 1)
(0.05000000000000001 0.45 1)
(0.09999999999999999 0.45 1)
(0.15 0.45 1)
(0.2 0.45 0.9999999999999999)
(0.25 0.45 1)
(0.3 0.45 0.9999999999999999)
(0.35 0.45 1)
(0.4 0.45 1)
(0.45 0.45 1)
(0.5 0.45 1)
(0.55 0.45 1)
(0.6000000000000001 0.4500000000000001 1)
(0.65 0.45 1)
(0.7000000000000001 0.45 1)
(0.75 0.4500000000000001 1)
(0.7999999999999999 0.45 0.9999999999999999)
(0.85 0.45 0.9999999999999999)
(0.9 0.45 1)
(0.9499999999999998 0.45 1)
(1 0.45 1)
(0 0.5 1)
(0.05 0.5 1)
(0.09999999999999999 0.5 1)
(0.15 0.5 1)
(0.2 0.5 1)
(0.25 0.5 1)
(0.3 0.5 1)
(0.35 0.5 1)
(0.4 0.5 1)
(0.45 0.5 1)
(0.5 0.5 1)
(0.5499999999999999 0.5 1)
(0.6 0.5 1)
(0.65 0.5 1)
(0.7000000000000001 0.5 1)
(0.75 0.5 1)
(0.7999999999999999 0.5 1)
(0.85 0.5 1)
(0.9 0.5 1)
(0.9500000000000001 0.5 1)
(1 0.5 1)
(0 0.55 1)
(0.05 0.55 0.9999999999999999)
(0.09999999999999999 0.55 1)
(0.15 0.55 1)
(0.2 0.5500000000000002 0.9999999999999999)
(0.25 0.55 1)
(0.3 0.55 1)
(0.3499999999999999 0.5499999999999999 1)
(0.4 0.55 1)
(0.45 0.55 1)
(0.5 0.5499999999999999 1)
(0.55 0.55 1)
(0.6 0.55 1)
(0.65 0.5499999999999999 0.9999999999999999)
(0.6999999999999998 0.55 1)
(0.75 0.55 1)
(0.7999999999999999 0.5499999999999999 0.9999999999999999)
(0.85 0.55 0.9999999999999999)
(0.9 0.55 1)
(0.9499999999999998 0.55 0.9999999999999999)
(1 0.55 1)
(0 0.6 1)
(0.05000000000000001 0.6 0.9999999999999999)
(0.1 0.6 1)
(0.15 0.6 1)
(0.2 0.6 1)
(0.25 0.6 1)
(0.3 0.6 1)
(0.35 0.6 1)
(0.4000000000000001 0.6 1)
(0.45 0.6000000000000001 1)
(0.5 0.6 1)
(0.55 0.6 1)
(0.6 0.6 1)
(0.65 0.6 1)
(0.7000000000000001 0.6 1)
(0.75 0.5999999999999999 1)
(0.8000000000000002 0.6 1)
(0.85 0.6 1)
(0.9 0.6000000000000001 1)
(0.9499999999999998 0.6 1)
(1 0.6 1)
(0 0.65 1)
(0.05000000000000001 0.6499999999999999 1)
(0.09999999999999999 0.65 1)
(0.15 0.65 1)
(0.2 0.65 0.9999999999999999)
(0.25 0.65 1)
(0.3 0.65 1)
(0.3499999999999999 0.65 1)
(0.4000000000000001 0.65 1)
(0.45 0.65 1)
(0.5 0.65 1)
(0.5499999999999999 0.65 0.9999999999999999)
(0.6 0.65 1)
(0.65 0.65 1)
(0.6999999999999998 0.65 1)
(0.75 0.6500000000000001 0.9999999999999999)
(0.8000000000000002 0.6499999999999999 0.9999999999999999)
(0.85 0.65 1)
(0.9 0.65 1)
(0.9499999999999998 0.65 1)
(1 0.65 1)
(0 0.6999999999999998 1)
(0.05 0.6999999999999998 1)
(0.09999999999999999 0.7000000000000001 0.9999999999999999)
(0.15 0.6999999999999998 1)
(0.2 0.6999999999999998 1)
(0.25 0.6999999999999998 1)
(0.3 0.6999999999999998 0.9999999999999999)
(0.3499999999999999 0.6999999999999998 1)
(0.4 0.7000000000000001 1)
(0.45 0.6999999999999998 1)
(0.5 0.7000000000000001 1)
(0.55 0.6999999999999998 0.9999999999999999)
(0.6 0.6999999999999998 1)
(0.65 0.6999999999999998 1)
(0.6999999999999998 0.7000000000000001 0.9999999999999999)
(0.75 0.6999999999999998 1)
(0.7999999999999999 0.6999999999999998 1)
(0.85 0.7000000000000001 0.9999999999999999)
(0.9 0.7000000000000001 0.9999999999999999)
(0.9500000000000001 0.7000000000000001 1)
(1 0.6999999999999998 1)
(0 0.75 1)
(0.05000000000000001 0.75 1)
(0.1 0.75 1)
(0.15 0.75 1)
(0.2 0.7500000000000001 1)
(0.25 0.75 1)
(0.3 0.75 1)
(0.3499999999999999 0.75 1)
(0.4000000000000001 0.75 1)
(0.45 0.75 1)
(0.5 0.75 1)
(0.55 0.75 1)
(0.6 0.75 1)
(0.65 0.75 1)
(0.6999999999999998 0.75 1)
(0.75 0.75 1)
(0.8000000000000002 0.75 1)
(0.85 0.75 1)
(0.9 0.75 1)
(0.9499999999999998 0.75 1)
(1 0.75 1)
(0 0.8000000000000002 1)
(0.05000000000000001 0.8000000000000002 1)
(0.1 0.8000000000000002 1)
(0.15 0.8000000000000002 1)
(0.2 0.8000000000000002 1)
(0.25 0.8000000000000002 1)
(0.3 0.8000000000000002 1)
(0.3499999999999999 0.8000000000000002 0.9999999999999999)
(0.4000000000000001 0.8000000000000002 1)
(0.45 0.8000000000000002 0.9999999999999999)
(0.5 0.7999999999999999 1)
(0.5499999999999999 0.7999999999999999 0.9999999999999999)
(0.6 0.8000000000000002 1)
(0.65 0.7999999999999999 0.9999999999999999)
(0.6999999999999998 0.7999999999999999 1)
(0.75 0.8000000000000002 1)
(0.8000000000000002 0.8000000000000002 1)
(0.85 0.8000000000000002 1)
(0.9 0.8000000000000002 1)
(0.9499999999999998 0.8000000000000002 1)
(1 0.8000000000000002 1)
(0 0.85 1)
(0.05000000000000001 0.85 1)
(0.1 0.85 1)
(0.15 0.85 1)
(0.2 0.8500000000000001 1)
(0.25 0.85 1)
(0.3 0.85 1)
(0.3499999999999999 0.85 1)
(0.4000000000000001 0.85 1)
(0.45 0.85 1)
(0.5 0.85 1)
(0.55 0.8499999999999998 0.9999999999999999)
(0.6 0.85 1)
(0.65 0.8499999999999998 1)
(0.6999999999999998 0.85 1)
(0.75 0.8499999999999998 0.9999999999999999)
(0.8000000000000002 0.85 1)
(0.85 0.8499999999999998 0.9999999999999999)
(0.9 0.85 1)
(0.9500000000000001 0.8500000000000001 1)
(1 0.85 1)
(0 0.9 1)
(0.05000000000000001 0.9 0.9999999999999999)
(0.1 0.9 0.9999999999999999)
(0.15 0.9 1)
(0.2 0.9 1)
(0.25 0.9 1)
(0.3 0.8999999999999999 0.9999999999999999)
(0.35 0.9 1)
(0.4000000000000001 0.9 1)
(0.45 0.9 1)
(0.5 0.9 1)
(0.55 0.8999999999999999 1)
(0.6 0.9 1)
(0.65 0.9 1)
(0.7000000000000001 0.9 0.9999999999999999)
(0.75 0.9000000000000002 1)
(0.8000000000000002 0.9 1)
(0.85 0.9 1)
(0.9 0.9 0.9999999999999999)
(0.9499999999999998 0.8999999999999999 0.9999999999999999)
(1 0.9 1)
(0 0.9499999999999998 1)
(0.05000000000000001 0.9500000000000001 0.9999999999999999)
(0.1 0.9499999999999998 1)
(0.15 0.9500000000000001 1)
(0.2 0.9499999999999998 1)
(0.25 0.9499999999999998 1)
(0.3 0.9500000000000001 1)
(0.35 0.9499999999999998 1)
(0.4000000000000001 0.9499999999999998 1)
(0.45 0.9499999999999998 1)
(0.5 0.9500000000000001 1)
(0.55 0.9499999999999998 0.9999999999999999)
(0.6 0.9499999999999998 0.9999999999999999)
(0.6499999999999999 0.9500000000000001 1)
(0.7000000000000001 0.9500000000000001 1)
(0.75 0.9499999999999998 1)
(0.8000000000000002 0.9500000000000001 0.9999999999999999)
(0.8500000000000001 0.9500000000000001 1)
(0.9 0.9499999999999998 1)
(0.9500000000000001 0.9500000000000001 0.9999999999999999)
(1 0.9499999999999998 1)
(0 1 1)
(0.05000000000000001 1 1)
(0.1 1 1)
(0.15 1 1)
(0.2 1 1)
(0.25 1 1)
(0.3 1 1)
(0.3499999999999999 1 1)
(0.4000000000000001 1 1)
(0.45 1 1)
(0.5 1 1)
(0.55 1 1)
(0.6 1 1)
(0.65 1 1)
(0.6999999999999998 1 1)
(0.75 1 1)
(0.8000000000000002 1 1)
(0.85 1 1)
(0.9 1 1)
(0.9499999999999998 1 1)
(1 1 1)
)


// ************************************************************************* //
