/*--------------------------------*- C++ -*----------------------------------*\
| =========                 |                                                 |
| \\      /  F ield         | OpenFOAM: The Open Source CFD Toolbox           |
|  \\    /   O peration     | Version:  v2012                                 |
|   \\  /    A nd           | Website:  www.openfoam.com                      |
|    \\/     M anipulation  |                                                 |
\*---------------------------------------------------------------------------*/
FoamFile
{
    version     2.0;
    format      ascii;
    class       labelList;
    note        "nPoints:35301  nCells:32000  nFaces:99200  nInternalFaces:92800";
    location    "constant/polyMesh";
    object      neighbour;
}
// * * * * * * * * * * * * * * * * * * * * * * * * * * * * * * * * * * * * * //


92800
(
1
40
800
2
41
801
3
42
802
4
43
803
5
44
804
6
45
805
7
46
806
8
47
807
9
48
808
10
49
809
11
50
810
12
51
811
13
52
812
14
53
813
15
54
814
16
55
815
17
56
816
18
57
817
19
58
818
20
59
819
21
60
820
22
61
821
23
62
822
24
63
823
25
64
824
26
65
825
27
66
826
28
67
827
29
68
828
30
69
829
31
70
830
32
71
831
33
72
832
34
73
833
35
74
834
36
75
835
37
76
836
38
77
837
39
78
838
79
839
41
80
840
42
81
841
43
82
842
44
83
843
45
84
844
46
85
845
47
86
846
48
87
847
49
88
848
50
89
849
51
90
850
52
91
851
53
92
852
54
93
853
55
94
854
56
95
855
57
96
856
58
97
857
59
98
858
60
99
859
61
100
860
62
101
861
63
102
862
64
103
863
65
104
864
66
105
865
67
106
866
68
107
867
69
108
868
70
109
869
71
110
870
72
111
871
73
112
872
74
113
873
75
114
874
76
115
875
77
116
876
78
117
877
79
118
878
119
879
81
120
880
82
121
881
83
122
882
84
123
883
85
124
884
86
125
885
87
126
886
88
127
887
89
128
888
90
129
889
91
130
890
92
131
891
93
132
892
94
133
893
95
134
894
96
135
895
97
136
896
98
137
897
99
138
898
100
139
899
101
140
900
102
141
901
103
142
902
104
143
903
105
144
904
106
145
905
107
146
906
108
147
907
109
148
908
110
149
909
111
150
910
112
151
911
113
152
912
114
153
913
115
154
914
116
155
915
117
156
916
118
157
917
119
158
918
159
919
121
160
920
122
161
921
123
162
922
124
163
923
125
164
924
126
165
925
127
166
926
128
167
927
129
168
928
130
169
929
131
170
930
132
171
931
133
172
932
134
173
933
135
174
934
136
175
935
137
176
936
138
177
937
139
178
938
140
179
939
141
180
940
142
181
941
143
182
942
144
183
943
145
184
944
146
185
945
147
186
946
148
187
947
149
188
948
150
189
949
151
190
950
152
191
951
153
192
952
154
193
953
155
194
954
156
195
955
157
196
956
158
197
957
159
198
958
199
959
161
200
960
162
201
961
163
202
962
164
203
963
165
204
964
166
205
965
167
206
966
168
207
967
169
208
968
170
209
969
171
210
970
172
211
971
173
212
972
174
213
973
175
214
974
176
215
975
177
216
976
178
217
977
179
218
978
180
219
979
181
220
980
182
221
981
183
222
982
184
223
983
185
224
984
186
225
985
187
226
986
188
227
987
189
228
988
190
229
989
191
230
990
192
231
991
193
232
992
194
233
993
195
234
994
196
235
995
197
236
996
198
237
997
199
238
998
239
999
201
240
1000
202
241
1001
203
242
1002
204
243
1003
205
244
1004
206
245
1005
207
246
1006
208
247
1007
209
248
1008
210
249
1009
211
250
1010
212
251
1011
213
252
1012
214
253
1013
215
254
1014
216
255
1015
217
256
1016
218
257
1017
219
258
1018
220
259
1019
221
260
1020
222
261
1021
223
262
1022
224
263
1023
225
264
1024
226
265
1025
227
266
1026
228
267
1027
229
268
1028
230
269
1029
231
270
1030
232
271
1031
233
272
1032
234
273
1033
235
274
1034
236
275
1035
237
276
1036
238
277
1037
239
278
1038
279
1039
241
280
1040
242
281
1041
243
282
1042
244
283
1043
245
284
1044
246
285
1045
247
286
1046
248
287
1047
249
288
1048
250
289
1049
251
290
1050
252
291
1051
253
292
1052
254
293
1053
255
294
1054
256
295
1055
257
296
1056
258
297
1057
259
298
1058
260
299
1059
261
300
1060
262
301
1061
263
302
1062
264
303
1063
265
304
1064
266
305
1065
267
306
1066
268
307
1067
269
308
1068
270
309
1069
271
310
1070
272
311
1071
273
312
1072
274
313
1073
275
314
1074
276
315
1075
277
316
1076
278
317
1077
279
318
1078
319
1079
281
320
1080
282
321
1081
283
322
1082
284
323
1083
285
324
1084
286
325
1085
287
326
1086
288
327
1087
289
328
1088
290
329
1089
291
330
1090
292
331
1091
293
332
1092
294
333
1093
295
334
1094
296
335
1095
297
336
1096
298
337
1097
299
338
1098
300
339
1099
301
340
1100
302
341
1101
303
342
1102
304
343
1103
305
344
1104
306
345
1105
307
346
1106
308
347
1107
309
348
1108
310
349
1109
311
350
1110
312
351
1111
313
352
1112
314
353
1113
315
354
1114
316
355
1115
317
356
1116
318
357
1117
319
358
1118
359
1119
321
360
1120
322
361
1121
323
362
1122
324
363
1123
325
364
1124
326
365
1125
327
366
1126
328
367
1127
329
368
1128
330
369
1129
331
370
1130
332
371
1131
333
372
1132
334
373
1133
335
374
1134
336
375
1135
337
376
1136
338
377
1137
339
378
1138
340
379
1139
341
380
1140
342
381
1141
343
382
1142
344
383
1143
345
384
1144
346
385
1145
347
386
1146
348
387
1147
349
388
1148
350
389
1149
351
390
1150
352
391
1151
353
392
1152
354
393
1153
355
394
1154
356
395
1155
357
396
1156
358
397
1157
359
398
1158
399
1159
361
400
1160
362
401
1161
363
402
1162
364
403
1163
365
404
1164
366
405
1165
367
406
1166
368
407
1167
369
408
1168
370
409
1169
371
410
1170
372
411
1171
373
412
1172
374
413
1173
375
414
1174
376
415
1175
377
416
1176
378
417
1177
379
418
1178
380
419
1179
381
420
1180
382
421
1181
383
422
1182
384
423
1183
385
424
1184
386
425
1185
387
426
1186
388
427
1187
389
428
1188
390
429
1189
391
430
1190
392
431
1191
393
432
1192
394
433
1193
395
434
1194
396
435
1195
397
436
1196
398
437
1197
399
438
1198
439
1199
401
440
1200
402
441
1201
403
442
1202
404
443
1203
405
444
1204
406
445
1205
407
446
1206
408
447
1207
409
448
1208
410
449
1209
411
450
1210
412
451
1211
413
452
1212
414
453
1213
415
454
1214
416
455
1215
417
456
1216
418
457
1217
419
458
1218
420
459
1219
421
460
1220
422
461
1221
423
462
1222
424
463
1223
425
464
1224
426
465
1225
427
466
1226
428
467
1227
429
468
1228
430
469
1229
431
470
1230
432
471
1231
433
472
1232
434
473
1233
435
474
1234
436
475
1235
437
476
1236
438
477
1237
439
478
1238
479
1239
441
480
1240
442
481
1241
443
482
1242
444
483
1243
445
484
1244
446
485
1245
447
486
1246
448
487
1247
449
488
1248
450
489
1249
451
490
1250
452
491
1251
453
492
1252
454
493
1253
455
494
1254
456
495
1255
457
496
1256
458
497
1257
459
498
1258
460
499
1259
461
500
1260
462
501
1261
463
502
1262
464
503
1263
465
504
1264
466
505
1265
467
506
1266
468
507
1267
469
508
1268
470
509
1269
471
510
1270
472
511
1271
473
512
1272
474
513
1273
475
514
1274
476
515
1275
477
516
1276
478
517
1277
479
518
1278
519
1279
481
520
1280
482
521
1281
483
522
1282
484
523
1283
485
524
1284
486
525
1285
487
526
1286
488
527
1287
489
528
1288
490
529
1289
491
530
1290
492
531
1291
493
532
1292
494
533
1293
495
534
1294
496
535
1295
497
536
1296
498
537
1297
499
538
1298
500
539
1299
501
540
1300
502
541
1301
503
542
1302
504
543
1303
505
544
1304
506
545
1305
507
546
1306
508
547
1307
509
548
1308
510
549
1309
511
550
1310
512
551
1311
513
552
1312
514
553
1313
515
554
1314
516
555
1315
517
556
1316
518
557
1317
519
558
1318
559
1319
521
560
1320
522
561
1321
523
562
1322
524
563
1323
525
564
1324
526
565
1325
527
566
1326
528
567
1327
529
568
1328
530
569
1329
531
570
1330
532
571
1331
533
572
1332
534
573
1333
535
574
1334
536
575
1335
537
576
1336
538
577
1337
539
578
1338
540
579
1339
541
580
1340
542
581
1341
543
582
1342
544
583
1343
545
584
1344
546
585
1345
547
586
1346
548
587
1347
549
588
1348
550
589
1349
551
590
1350
552
591
1351
553
592
1352
554
593
1353
555
594
1354
556
595
1355
557
596
1356
558
597
1357
559
598
1358
599
1359
561
600
1360
562
601
1361
563
602
1362
564
603
1363
565
604
1364
566
605
1365
567
606
1366
568
607
1367
569
608
1368
570
609
1369
571
610
1370
572
611
1371
573
612
1372
574
613
1373
575
614
1374
576
615
1375
577
616
1376
578
617
1377
579
618
1378
580
619
1379
581
620
1380
582
621
1381
583
622
1382
584
623
1383
585
624
1384
586
625
1385
587
626
1386
588
627
1387
589
628
1388
590
629
1389
591
630
1390
592
631
1391
593
632
1392
594
633
1393
595
634
1394
596
635
1395
597
636
1396
598
637
1397
599
638
1398
639
1399
601
640
1400
602
641
1401
603
642
1402
604
643
1403
605
644
1404
606
645
1405
607
646
1406
608
647
1407
609
648
1408
610
649
1409
611
650
1410
612
651
1411
613
652
1412
614
653
1413
615
654
1414
616
655
1415
617
656
1416
618
657
1417
619
658
1418
620
659
1419
621
660
1420
622
661
1421
623
662
1422
624
663
1423
625
664
1424
626
665
1425
627
666
1426
628
667
1427
629
668
1428
630
669
1429
631
670
1430
632
671
1431
633
672
1432
634
673
1433
635
674
1434
636
675
1435
637
676
1436
638
677
1437
639
678
1438
679
1439
641
680
1440
642
681
1441
643
682
1442
644
683
1443
645
684
1444
646
685
1445
647
686
1446
648
687
1447
649
688
1448
650
689
1449
651
690
1450
652
691
1451
653
692
1452
654
693
1453
655
694
1454
656
695
1455
657
696
1456
658
697
1457
659
698
1458
660
699
1459
661
700
1460
662
701
1461
663
702
1462
664
703
1463
665
704
1464
666
705
1465
667
706
1466
668
707
1467
669
708
1468
670
709
1469
671
710
1470
672
711
1471
673
712
1472
674
713
1473
675
714
1474
676
715
1475
677
716
1476
678
717
1477
679
718
1478
719
1479
681
720
1480
682
721
1481
683
722
1482
684
723
1483
685
724
1484
686
725
1485
687
726
1486
688
727
1487
689
728
1488
690
729
1489
691
730
1490
692
731
1491
693
732
1492
694
733
1493
695
734
1494
696
735
1495
697
736
1496
698
737
1497
699
738
1498
700
739
1499
701
740
1500
702
741
1501
703
742
1502
704
743
1503
705
744
1504
706
745
1505
707
746
1506
708
747
1507
709
748
1508
710
749
1509
711
750
1510
712
751
1511
713
752
1512
714
753
1513
715
754
1514
716
755
1515
717
756
1516
718
757
1517
719
758
1518
759
1519
721
760
1520
722
761
1521
723
762
1522
724
763
1523
725
764
1524
726
765
1525
727
766
1526
728
767
1527
729
768
1528
730
769
1529
731
770
1530
732
771
1531
733
772
1532
734
773
1533
735
774
1534
736
775
1535
737
776
1536
738
777
1537
739
778
1538
740
779
1539
741
780
1540
742
781
1541
743
782
1542
744
783
1543
745
784
1544
746
785
1545
747
786
1546
748
787
1547
749
788
1548
750
789
1549
751
790
1550
752
791
1551
753
792
1552
754
793
1553
755
794
1554
756
795
1555
757
796
1556
758
797
1557
759
798
1558
799
1559
761
1560
762
1561
763
1562
764
1563
765
1564
766
1565
767
1566
768
1567
769
1568
770
1569
771
1570
772
1571
773
1572
774
1573
775
1574
776
1575
777
1576
778
1577
779
1578
780
1579
781
1580
782
1581
783
1582
784
1583
785
1584
786
1585
787
1586
788
1587
789
1588
790
1589
791
1590
792
1591
793
1592
794
1593
795
1594
796
1595
797
1596
798
1597
799
1598
1599
801
840
1600
802
841
1601
803
842
1602
804
843
1603
805
844
1604
806
845
1605
807
846
1606
808
847
1607
809
848
1608
810
849
1609
811
850
1610
812
851
1611
813
852
1612
814
853
1613
815
854
1614
816
855
1615
817
856
1616
818
857
1617
819
858
1618
820
859
1619
821
860
1620
822
861
1621
823
862
1622
824
863
1623
825
864
1624
826
865
1625
827
866
1626
828
867
1627
829
868
1628
830
869
1629
831
870
1630
832
871
1631
833
872
1632
834
873
1633
835
874
1634
836
875
1635
837
876
1636
838
877
1637
839
878
1638
879
1639
841
880
1640
842
881
1641
843
882
1642
844
883
1643
845
884
1644
846
885
1645
847
886
1646
848
887
1647
849
888
1648
850
889
1649
851
890
1650
852
891
1651
853
892
1652
854
893
1653
855
894
1654
856
895
1655
857
896
1656
858
897
1657
859
898
1658
860
899
1659
861
900
1660
862
901
1661
863
902
1662
864
903
1663
865
904
1664
866
905
1665
867
906
1666
868
907
1667
869
908
1668
870
909
1669
871
910
1670
872
911
1671
873
912
1672
874
913
1673
875
914
1674
876
915
1675
877
916
1676
878
917
1677
879
918
1678
919
1679
881
920
1680
882
921
1681
883
922
1682
884
923
1683
885
924
1684
886
925
1685
887
926
1686
888
927
1687
889
928
1688
890
929
1689
891
930
1690
892
931
1691
893
932
1692
894
933
1693
895
934
1694
896
935
1695
897
936
1696
898
937
1697
899
938
1698
900
939
1699
901
940
1700
902
941
1701
903
942
1702
904
943
1703
905
944
1704
906
945
1705
907
946
1706
908
947
1707
909
948
1708
910
949
1709
911
950
1710
912
951
1711
913
952
1712
914
953
1713
915
954
1714
916
955
1715
917
956
1716
918
957
1717
919
958
1718
959
1719
921
960
1720
922
961
1721
923
962
1722
924
963
1723
925
964
1724
926
965
1725
927
966
1726
928
967
1727
929
968
1728
930
969
1729
931
970
1730
932
971
1731
933
972
1732
934
973
1733
935
974
1734
936
975
1735
937
976
1736
938
977
1737
939
978
1738
940
979
1739
941
980
1740
942
981
1741
943
982
1742
944
983
1743
945
984
1744
946
985
1745
947
986
1746
948
987
1747
949
988
1748
950
989
1749
951
990
1750
952
991
1751
953
992
1752
954
993
1753
955
994
1754
956
995
1755
957
996
1756
958
997
1757
959
998
1758
999
1759
961
1000
1760
962
1001
1761
963
1002
1762
964
1003
1763
965
1004
1764
966
1005
1765
967
1006
1766
968
1007
1767
969
1008
1768
970
1009
1769
971
1010
1770
972
1011
1771
973
1012
1772
974
1013
1773
975
1014
1774
976
1015
1775
977
1016
1776
978
1017
1777
979
1018
1778
980
1019
1779
981
1020
1780
982
1021
1781
983
1022
1782
984
1023
1783
985
1024
1784
986
1025
1785
987
1026
1786
988
1027
1787
989
1028
1788
990
1029
1789
991
1030
1790
992
1031
1791
993
1032
1792
994
1033
1793
995
1034
1794
996
1035
1795
997
1036
1796
998
1037
1797
999
1038
1798
1039
1799
1001
1040
1800
1002
1041
1801
1003
1042
1802
1004
1043
1803
1005
1044
1804
1006
1045
1805
1007
1046
1806
1008
1047
1807
1009
1048
1808
1010
1049
1809
1011
1050
1810
1012
1051
1811
1013
1052
1812
1014
1053
1813
1015
1054
1814
1016
1055
1815
1017
1056
1816
1018
1057
1817
1019
1058
1818
1020
1059
1819
1021
1060
1820
1022
1061
1821
1023
1062
1822
1024
1063
1823
1025
1064
1824
1026
1065
1825
1027
1066
1826
1028
1067
1827
1029
1068
1828
1030
1069
1829
1031
1070
1830
1032
1071
1831
1033
1072
1832
1034
1073
1833
1035
1074
1834
1036
1075
1835
1037
1076
1836
1038
1077
1837
1039
1078
1838
1079
1839
1041
1080
1840
1042
1081
1841
1043
1082
1842
1044
1083
1843
1045
1084
1844
1046
1085
1845
1047
1086
1846
1048
1087
1847
1049
1088
1848
1050
1089
1849
1051
1090
1850
1052
1091
1851
1053
1092
1852
1054
1093
1853
1055
1094
1854
1056
1095
1855
1057
1096
1856
1058
1097
1857
1059
1098
1858
1060
1099
1859
1061
1100
1860
1062
1101
1861
1063
1102
1862
1064
1103
1863
1065
1104
1864
1066
1105
1865
1067
1106
1866
1068
1107
1867
1069
1108
1868
1070
1109
1869
1071
1110
1870
1072
1111
1871
1073
1112
1872
1074
1113
1873
1075
1114
1874
1076
1115
1875
1077
1116
1876
1078
1117
1877
1079
1118
1878
1119
1879
1081
1120
1880
1082
1121
1881
1083
1122
1882
1084
1123
1883
1085
1124
1884
1086
1125
1885
1087
1126
1886
1088
1127
1887
1089
1128
1888
1090
1129
1889
1091
1130
1890
1092
1131
1891
1093
1132
1892
1094
1133
1893
1095
1134
1894
1096
1135
1895
1097
1136
1896
1098
1137
1897
1099
1138
1898
1100
1139
1899
1101
1140
1900
1102
1141
1901
1103
1142
1902
1104
1143
1903
1105
1144
1904
1106
1145
1905
1107
1146
1906
1108
1147
1907
1109
1148
1908
1110
1149
1909
1111
1150
1910
1112
1151
1911
1113
1152
1912
1114
1153
1913
1115
1154
1914
1116
1155
1915
1117
1156
1916
1118
1157
1917
1119
1158
1918
1159
1919
1121
1160
1920
1122
1161
1921
1123
1162
1922
1124
1163
1923
1125
1164
1924
1126
1165
1925
1127
1166
1926
1128
1167
1927
1129
1168
1928
1130
1169
1929
1131
1170
1930
1132
1171
1931
1133
1172
1932
1134
1173
1933
1135
1174
1934
1136
1175
1935
1137
1176
1936
1138
1177
1937
1139
1178
1938
1140
1179
1939
1141
1180
1940
1142
1181
1941
1143
1182
1942
1144
1183
1943
1145
1184
1944
1146
1185
1945
1147
1186
1946
1148
1187
1947
1149
1188
1948
1150
1189
1949
1151
1190
1950
1152
1191
1951
1153
1192
1952
1154
1193
1953
1155
1194
1954
1156
1195
1955
1157
1196
1956
1158
1197
1957
1159
1198
1958
1199
1959
1161
1200
1960
1162
1201
1961
1163
1202
1962
1164
1203
1963
1165
1204
1964
1166
1205
1965
1167
1206
1966
1168
1207
1967
1169
1208
1968
1170
1209
1969
1171
1210
1970
1172
1211
1971
1173
1212
1972
1174
1213
1973
1175
1214
1974
1176
1215
1975
1177
1216
1976
1178
1217
1977
1179
1218
1978
1180
1219
1979
1181
1220
1980
1182
1221
1981
1183
1222
1982
1184
1223
1983
1185
1224
1984
1186
1225
1985
1187
1226
1986
1188
1227
1987
1189
1228
1988
1190
1229
1989
1191
1230
1990
1192
1231
1991
1193
1232
1992
1194
1233
1993
1195
1234
1994
1196
1235
1995
1197
1236
1996
1198
1237
1997
1199
1238
1998
1239
1999
1201
1240
2000
1202
1241
2001
1203
1242
2002
1204
1243
2003
1205
1244
2004
1206
1245
2005
1207
1246
2006
1208
1247
2007
1209
1248
2008
1210
1249
2009
1211
1250
2010
1212
1251
2011
1213
1252
2012
1214
1253
2013
1215
1254
2014
1216
1255
2015
1217
1256
2016
1218
1257
2017
1219
1258
2018
1220
1259
2019
1221
1260
2020
1222
1261
2021
1223
1262
2022
1224
1263
2023
1225
1264
2024
1226
1265
2025
1227
1266
2026
1228
1267
2027
1229
1268
2028
1230
1269
2029
1231
1270
2030
1232
1271
2031
1233
1272
2032
1234
1273
2033
1235
1274
2034
1236
1275
2035
1237
1276
2036
1238
1277
2037
1239
1278
2038
1279
2039
1241
1280
2040
1242
1281
2041
1243
1282
2042
1244
1283
2043
1245
1284
2044
1246
1285
2045
1247
1286
2046
1248
1287
2047
1249
1288
2048
1250
1289
2049
1251
1290
2050
1252
1291
2051
1253
1292
2052
1254
1293
2053
1255
1294
2054
1256
1295
2055
1257
1296
2056
1258
1297
2057
1259
1298
2058
1260
1299
2059
1261
1300
2060
1262
1301
2061
1263
1302
2062
1264
1303
2063
1265
1304
2064
1266
1305
2065
1267
1306
2066
1268
1307
2067
1269
1308
2068
1270
1309
2069
1271
1310
2070
1272
1311
2071
1273
1312
2072
1274
1313
2073
1275
1314
2074
1276
1315
2075
1277
1316
2076
1278
1317
2077
1279
1318
2078
1319
2079
1281
1320
2080
1282
1321
2081
1283
1322
2082
1284
1323
2083
1285
1324
2084
1286
1325
2085
1287
1326
2086
1288
1327
2087
1289
1328
2088
1290
1329
2089
1291
1330
2090
1292
1331
2091
1293
1332
2092
1294
1333
2093
1295
1334
2094
1296
1335
2095
1297
1336
2096
1298
1337
2097
1299
1338
2098
1300
1339
2099
1301
1340
2100
1302
1341
2101
1303
1342
2102
1304
1343
2103
1305
1344
2104
1306
1345
2105
1307
1346
2106
1308
1347
2107
1309
1348
2108
1310
1349
2109
1311
1350
2110
1312
1351
2111
1313
1352
2112
1314
1353
2113
1315
1354
2114
1316
1355
2115
1317
1356
2116
1318
1357
2117
1319
1358
2118
1359
2119
1321
1360
2120
1322
1361
2121
1323
1362
2122
1324
1363
2123
1325
1364
2124
1326
1365
2125
1327
1366
2126
1328
1367
2127
1329
1368
2128
1330
1369
2129
1331
1370
2130
1332
1371
2131
1333
1372
2132
1334
1373
2133
1335
1374
2134
1336
1375
2135
1337
1376
2136
1338
1377
2137
1339
1378
2138
1340
1379
2139
1341
1380
2140
1342
1381
2141
1343
1382
2142
1344
1383
2143
1345
1384
2144
1346
1385
2145
1347
1386
2146
1348
1387
2147
1349
1388
2148
1350
1389
2149
1351
1390
2150
1352
1391
2151
1353
1392
2152
1354
1393
2153
1355
1394
2154
1356
1395
2155
1357
1396
2156
1358
1397
2157
1359
1398
2158
1399
2159
1361
1400
2160
1362
1401
2161
1363
1402
2162
1364
1403
2163
1365
1404
2164
1366
1405
2165
1367
1406
2166
1368
1407
2167
1369
1408
2168
1370
1409
2169
1371
1410
2170
1372
1411
2171
1373
1412
2172
1374
1413
2173
1375
1414
2174
1376
1415
2175
1377
1416
2176
1378
1417
2177
1379
1418
2178
1380
1419
2179
1381
1420
2180
1382
1421
2181
1383
1422
2182
1384
1423
2183
1385
1424
2184
1386
1425
2185
1387
1426
2186
1388
1427
2187
1389
1428
2188
1390
1429
2189
1391
1430
2190
1392
1431
2191
1393
1432
2192
1394
1433
2193
1395
1434
2194
1396
1435
2195
1397
1436
2196
1398
1437
2197
1399
1438
2198
1439
2199
1401
1440
2200
1402
1441
2201
1403
1442
2202
1404
1443
2203
1405
1444
2204
1406
1445
2205
1407
1446
2206
1408
1447
2207
1409
1448
2208
1410
1449
2209
1411
1450
2210
1412
1451
2211
1413
1452
2212
1414
1453
2213
1415
1454
2214
1416
1455
2215
1417
1456
2216
1418
1457
2217
1419
1458
2218
1420
1459
2219
1421
1460
2220
1422
1461
2221
1423
1462
2222
1424
1463
2223
1425
1464
2224
1426
1465
2225
1427
1466
2226
1428
1467
2227
1429
1468
2228
1430
1469
2229
1431
1470
2230
1432
1471
2231
1433
1472
2232
1434
1473
2233
1435
1474
2234
1436
1475
2235
1437
1476
2236
1438
1477
2237
1439
1478
2238
1479
2239
1441
1480
2240
1442
1481
2241
1443
1482
2242
1444
1483
2243
1445
1484
2244
1446
1485
2245
1447
1486
2246
1448
1487
2247
1449
1488
2248
1450
1489
2249
1451
1490
2250
1452
1491
2251
1453
1492
2252
1454
1493
2253
1455
1494
2254
1456
1495
2255
1457
1496
2256
1458
1497
2257
1459
1498
2258
1460
1499
2259
1461
1500
2260
1462
1501
2261
1463
1502
2262
1464
1503
2263
1465
1504
2264
1466
1505
2265
1467
1506
2266
1468
1507
2267
1469
1508
2268
1470
1509
2269
1471
1510
2270
1472
1511
2271
1473
1512
2272
1474
1513
2273
1475
1514
2274
1476
1515
2275
1477
1516
2276
1478
1517
2277
1479
1518
2278
1519
2279
1481
1520
2280
1482
1521
2281
1483
1522
2282
1484
1523
2283
1485
1524
2284
1486
1525
2285
1487
1526
2286
1488
1527
2287
1489
1528
2288
1490
1529
2289
1491
1530
2290
1492
1531
2291
1493
1532
2292
1494
1533
2293
1495
1534
2294
1496
1535
2295
1497
1536
2296
1498
1537
2297
1499
1538
2298
1500
1539
2299
1501
1540
2300
1502
1541
2301
1503
1542
2302
1504
1543
2303
1505
1544
2304
1506
1545
2305
1507
1546
2306
1508
1547
2307
1509
1548
2308
1510
1549
2309
1511
1550
2310
1512
1551
2311
1513
1552
2312
1514
1553
2313
1515
1554
2314
1516
1555
2315
1517
1556
2316
1518
1557
2317
1519
1558
2318
1559
2319
1521
1560
2320
1522
1561
2321
1523
1562
2322
1524
1563
2323
1525
1564
2324
1526
1565
2325
1527
1566
2326
1528
1567
2327
1529
1568
2328
1530
1569
2329
1531
1570
2330
1532
1571
2331
1533
1572
2332
1534
1573
2333
1535
1574
2334
1536
1575
2335
1537
1576
2336
1538
1577
2337
1539
1578
2338
1540
1579
2339
1541
1580
2340
1542
1581
2341
1543
1582
2342
1544
1583
2343
1545
1584
2344
1546
1585
2345
1547
1586
2346
1548
1587
2347
1549
1588
2348
1550
1589
2349
1551
1590
2350
1552
1591
2351
1553
1592
2352
1554
1593
2353
1555
1594
2354
1556
1595
2355
1557
1596
2356
1558
1597
2357
1559
1598
2358
1599
2359
1561
2360
1562
2361
1563
2362
1564
2363
1565
2364
1566
2365
1567
2366
1568
2367
1569
2368
1570
2369
1571
2370
1572
2371
1573
2372
1574
2373
1575
2374
1576
2375
1577
2376
1578
2377
1579
2378
1580
2379
1581
2380
1582
2381
1583
2382
1584
2383
1585
2384
1586
2385
1587
2386
1588
2387
1589
2388
1590
2389
1591
2390
1592
2391
1593
2392
1594
2393
1595
2394
1596
2395
1597
2396
1598
2397
1599
2398
2399
1601
1640
2400
1602
1641
2401
1603
1642
2402
1604
1643
2403
1605
1644
2404
1606
1645
2405
1607
1646
2406
1608
1647
2407
1609
1648
2408
1610
1649
2409
1611
1650
2410
1612
1651
2411
1613
1652
2412
1614
1653
2413
1615
1654
2414
1616
1655
2415
1617
1656
2416
1618
1657
2417
1619
1658
2418
1620
1659
2419
1621
1660
2420
1622
1661
2421
1623
1662
2422
1624
1663
2423
1625
1664
2424
1626
1665
2425
1627
1666
2426
1628
1667
2427
1629
1668
2428
1630
1669
2429
1631
1670
2430
1632
1671
2431
1633
1672
2432
1634
1673
2433
1635
1674
2434
1636
1675
2435
1637
1676
2436
1638
1677
2437
1639
1678
2438
1679
2439
1641
1680
2440
1642
1681
2441
1643
1682
2442
1644
1683
2443
1645
1684
2444
1646
1685
2445
1647
1686
2446
1648
1687
2447
1649
1688
2448
1650
1689
2449
1651
1690
2450
1652
1691
2451
1653
1692
2452
1654
1693
2453
1655
1694
2454
1656
1695
2455
1657
1696
2456
1658
1697
2457
1659
1698
2458
1660
1699
2459
1661
1700
2460
1662
1701
2461
1663
1702
2462
1664
1703
2463
1665
1704
2464
1666
1705
2465
1667
1706
2466
1668
1707
2467
1669
1708
2468
1670
1709
2469
1671
1710
2470
1672
1711
2471
1673
1712
2472
1674
1713
2473
1675
1714
2474
1676
1715
2475
1677
1716
2476
1678
1717
2477
1679
1718
2478
1719
2479
1681
1720
2480
1682
1721
2481
1683
1722
2482
1684
1723
2483
1685
1724
2484
1686
1725
2485
1687
1726
2486
1688
1727
2487
1689
1728
2488
1690
1729
2489
1691
1730
2490
1692
1731
2491
1693
1732
2492
1694
1733
2493
1695
1734
2494
1696
1735
2495
1697
1736
2496
1698
1737
2497
1699
1738
2498
1700
1739
2499
1701
1740
2500
1702
1741
2501
1703
1742
2502
1704
1743
2503
1705
1744
2504
1706
1745
2505
1707
1746
2506
1708
1747
2507
1709
1748
2508
1710
1749
2509
1711
1750
2510
1712
1751
2511
1713
1752
2512
1714
1753
2513
1715
1754
2514
1716
1755
2515
1717
1756
2516
1718
1757
2517
1719
1758
2518
1759
2519
1721
1760
2520
1722
1761
2521
1723
1762
2522
1724
1763
2523
1725
1764
2524
1726
1765
2525
1727
1766
2526
1728
1767
2527
1729
1768
2528
1730
1769
2529
1731
1770
2530
1732
1771
2531
1733
1772
2532
1734
1773
2533
1735
1774
2534
1736
1775
2535
1737
1776
2536
1738
1777
2537
1739
1778
2538
1740
1779
2539
1741
1780
2540
1742
1781
2541
1743
1782
2542
1744
1783
2543
1745
1784
2544
1746
1785
2545
1747
1786
2546
1748
1787
2547
1749
1788
2548
1750
1789
2549
1751
1790
2550
1752
1791
2551
1753
1792
2552
1754
1793
2553
1755
1794
2554
1756
1795
2555
1757
1796
2556
1758
1797
2557
1759
1798
2558
1799
2559
1761
1800
2560
1762
1801
2561
1763
1802
2562
1764
1803
2563
1765
1804
2564
1766
1805
2565
1767
1806
2566
1768
1807
2567
1769
1808
2568
1770
1809
2569
1771
1810
2570
1772
1811
2571
1773
1812
2572
1774
1813
2573
1775
1814
2574
1776
1815
2575
1777
1816
2576
1778
1817
2577
1779
1818
2578
1780
1819
2579
1781
1820
2580
1782
1821
2581
1783
1822
2582
1784
1823
2583
1785
1824
2584
1786
1825
2585
1787
1826
2586
1788
1827
2587
1789
1828
2588
1790
1829
2589
1791
1830
2590
1792
1831
2591
1793
1832
2592
1794
1833
2593
1795
1834
2594
1796
1835
2595
1797
1836
2596
1798
1837
2597
1799
1838
2598
1839
2599
1801
1840
2600
1802
1841
2601
1803
1842
2602
1804
1843
2603
1805
1844
2604
1806
1845
2605
1807
1846
2606
1808
1847
2607
1809
1848
2608
1810
1849
2609
1811
1850
2610
1812
1851
2611
1813
1852
2612
1814
1853
2613
1815
1854
2614
1816
1855
2615
1817
1856
2616
1818
1857
2617
1819
1858
2618
1820
1859
2619
1821
1860
2620
1822
1861
2621
1823
1862
2622
1824
1863
2623
1825
1864
2624
1826
1865
2625
1827
1866
2626
1828
1867
2627
1829
1868
2628
1830
1869
2629
1831
1870
2630
1832
1871
2631
1833
1872
2632
1834
1873
2633
1835
1874
2634
1836
1875
2635
1837
1876
2636
1838
1877
2637
1839
1878
2638
1879
2639
1841
1880
2640
1842
1881
2641
1843
1882
2642
1844
1883
2643
1845
1884
2644
1846
1885
2645
1847
1886
2646
1848
1887
2647
1849
1888
2648
1850
1889
2649
1851
1890
2650
1852
1891
2651
1853
1892
2652
1854
1893
2653
1855
1894
2654
1856
1895
2655
1857
1896
2656
1858
1897
2657
1859
1898
2658
1860
1899
2659
1861
1900
2660
1862
1901
2661
1863
1902
2662
1864
1903
2663
1865
1904
2664
1866
1905
2665
1867
1906
2666
1868
1907
2667
1869
1908
2668
1870
1909
2669
1871
1910
2670
1872
1911
2671
1873
1912
2672
1874
1913
2673
1875
1914
2674
1876
1915
2675
1877
1916
2676
1878
1917
2677
1879
1918
2678
1919
2679
1881
1920
2680
1882
1921
2681
1883
1922
2682
1884
1923
2683
1885
1924
2684
1886
1925
2685
1887
1926
2686
1888
1927
2687
1889
1928
2688
1890
1929
2689
1891
1930
2690
1892
1931
2691
1893
1932
2692
1894
1933
2693
1895
1934
2694
1896
1935
2695
1897
1936
2696
1898
1937
2697
1899
1938
2698
1900
1939
2699
1901
1940
2700
1902
1941
2701
1903
1942
2702
1904
1943
2703
1905
1944
2704
1906
1945
2705
1907
1946
2706
1908
1947
2707
1909
1948
2708
1910
1949
2709
1911
1950
2710
1912
1951
2711
1913
1952
2712
1914
1953
2713
1915
1954
2714
1916
1955
2715
1917
1956
2716
1918
1957
2717
1919
1958
2718
1959
2719
1921
1960
2720
1922
1961
2721
1923
1962
2722
1924
1963
2723
1925
1964
2724
1926
1965
2725
1927
1966
2726
1928
1967
2727
1929
1968
2728
1930
1969
2729
1931
1970
2730
1932
1971
2731
1933
1972
2732
1934
1973
2733
1935
1974
2734
1936
1975
2735
1937
1976
2736
1938
1977
2737
1939
1978
2738
1940
1979
2739
1941
1980
2740
1942
1981
2741
1943
1982
2742
1944
1983
2743
1945
1984
2744
1946
1985
2745
1947
1986
2746
1948
1987
2747
1949
1988
2748
1950
1989
2749
1951
1990
2750
1952
1991
2751
1953
1992
2752
1954
1993
2753
1955
1994
2754
1956
1995
2755
1957
1996
2756
1958
1997
2757
1959
1998
2758
1999
2759
1961
2000
2760
1962
2001
2761
1963
2002
2762
1964
2003
2763
1965
2004
2764
1966
2005
2765
1967
2006
2766
1968
2007
2767
1969
2008
2768
1970
2009
2769
1971
2010
2770
1972
2011
2771
1973
2012
2772
1974
2013
2773
1975
2014
2774
1976
2015
2775
1977
2016
2776
1978
2017
2777
1979
2018
2778
1980
2019
2779
1981
2020
2780
1982
2021
2781
1983
2022
2782
1984
2023
2783
1985
2024
2784
1986
2025
2785
1987
2026
2786
1988
2027
2787
1989
2028
2788
1990
2029
2789
1991
2030
2790
1992
2031
2791
1993
2032
2792
1994
2033
2793
1995
2034
2794
1996
2035
2795
1997
2036
2796
1998
2037
2797
1999
2038
2798
2039
2799
2001
2040
2800
2002
2041
2801
2003
2042
2802
2004
2043
2803
2005
2044
2804
2006
2045
2805
2007
2046
2806
2008
2047
2807
2009
2048
2808
2010
2049
2809
2011
2050
2810
2012
2051
2811
2013
2052
2812
2014
2053
2813
2015
2054
2814
2016
2055
2815
2017
2056
2816
2018
2057
2817
2019
2058
2818
2020
2059
2819
2021
2060
2820
2022
2061
2821
2023
2062
2822
2024
2063
2823
2025
2064
2824
2026
2065
2825
2027
2066
2826
2028
2067
2827
2029
2068
2828
2030
2069
2829
2031
2070
2830
2032
2071
2831
2033
2072
2832
2034
2073
2833
2035
2074
2834
2036
2075
2835
2037
2076
2836
2038
2077
2837
2039
2078
2838
2079
2839
2041
2080
2840
2042
2081
2841
2043
2082
2842
2044
2083
2843
2045
2084
2844
2046
2085
2845
2047
2086
2846
2048
2087
2847
2049
2088
2848
2050
2089
2849
2051
2090
2850
2052
2091
2851
2053
2092
2852
2054
2093
2853
2055
2094
2854
2056
2095
2855
2057
2096
2856
2058
2097
2857
2059
2098
2858
2060
2099
2859
2061
2100
2860
2062
2101
2861
2063
2102
2862
2064
2103
2863
2065
2104
2864
2066
2105
2865
2067
2106
2866
2068
2107
2867
2069
2108
2868
2070
2109
2869
2071
2110
2870
2072
2111
2871
2073
2112
2872
2074
2113
2873
2075
2114
2874
2076
2115
2875
2077
2116
2876
2078
2117
2877
2079
2118
2878
2119
2879
2081
2120
2880
2082
2121
2881
2083
2122
2882
2084
2123
2883
2085
2124
2884
2086
2125
2885
2087
2126
2886
2088
2127
2887
2089
2128
2888
2090
2129
2889
2091
2130
2890
2092
2131
2891
2093
2132
2892
2094
2133
2893
2095
2134
2894
2096
2135
2895
2097
2136
2896
2098
2137
2897
2099
2138
2898
2100
2139
2899
2101
2140
2900
2102
2141
2901
2103
2142
2902
2104
2143
2903
2105
2144
2904
2106
2145
2905
2107
2146
2906
2108
2147
2907
2109
2148
2908
2110
2149
2909
2111
2150
2910
2112
2151
2911
2113
2152
2912
2114
2153
2913
2115
2154
2914
2116
2155
2915
2117
2156
2916
2118
2157
2917
2119
2158
2918
2159
2919
2121
2160
2920
2122
2161
2921
2123
2162
2922
2124
2163
2923
2125
2164
2924
2126
2165
2925
2127
2166
2926
2128
2167
2927
2129
2168
2928
2130
2169
2929
2131
2170
2930
2132
2171
2931
2133
2172
2932
2134
2173
2933
2135
2174
2934
2136
2175
2935
2137
2176
2936
2138
2177
2937
2139
2178
2938
2140
2179
2939
2141
2180
2940
2142
2181
2941
2143
2182
2942
2144
2183
2943
2145
2184
2944
2146
2185
2945
2147
2186
2946
2148
2187
2947
2149
2188
2948
2150
2189
2949
2151
2190
2950
2152
2191
2951
2153
2192
2952
2154
2193
2953
2155
2194
2954
2156
2195
2955
2157
2196
2956
2158
2197
2957
2159
2198
2958
2199
2959
2161
2200
2960
2162
2201
2961
2163
2202
2962
2164
2203
2963
2165
2204
2964
2166
2205
2965
2167
2206
2966
2168
2207
2967
2169
2208
2968
2170
2209
2969
2171
2210
2970
2172
2211
2971
2173
2212
2972
2174
2213
2973
2175
2214
2974
2176
2215
2975
2177
2216
2976
2178
2217
2977
2179
2218
2978
2180
2219
2979
2181
2220
2980
2182
2221
2981
2183
2222
2982
2184
2223
2983
2185
2224
2984
2186
2225
2985
2187
2226
2986
2188
2227
2987
2189
2228
2988
2190
2229
2989
2191
2230
2990
2192
2231
2991
2193
2232
2992
2194
2233
2993
2195
2234
2994
2196
2235
2995
2197
2236
2996
2198
2237
2997
2199
2238
2998
2239
2999
2201
2240
3000
2202
2241
3001
2203
2242
3002
2204
2243
3003
2205
2244
3004
2206
2245
3005
2207
2246
3006
2208
2247
3007
2209
2248
3008
2210
2249
3009
2211
2250
3010
2212
2251
3011
2213
2252
3012
2214
2253
3013
2215
2254
3014
2216
2255
3015
2217
2256
3016
2218
2257
3017
2219
2258
3018
2220
2259
3019
2221
2260
3020
2222
2261
3021
2223
2262
3022
2224
2263
3023
2225
2264
3024
2226
2265
3025
2227
2266
3026
2228
2267
3027
2229
2268
3028
2230
2269
3029
2231
2270
3030
2232
2271
3031
2233
2272
3032
2234
2273
3033
2235
2274
3034
2236
2275
3035
2237
2276
3036
2238
2277
3037
2239
2278
3038
2279
3039
2241
2280
3040
2242
2281
3041
2243
2282
3042
2244
2283
3043
2245
2284
3044
2246
2285
3045
2247
2286
3046
2248
2287
3047
2249
2288
3048
2250
2289
3049
2251
2290
3050
2252
2291
3051
2253
2292
3052
2254
2293
3053
2255
2294
3054
2256
2295
3055
2257
2296
3056
2258
2297
3057
2259
2298
3058
2260
2299
3059
2261
2300
3060
2262
2301
3061
2263
2302
3062
2264
2303
3063
2265
2304
3064
2266
2305
3065
2267
2306
3066
2268
2307
3067
2269
2308
3068
2270
2309
3069
2271
2310
3070
2272
2311
3071
2273
2312
3072
2274
2313
3073
2275
2314
3074
2276
2315
3075
2277
2316
3076
2278
2317
3077
2279
2318
3078
2319
3079
2281
2320
3080
2282
2321
3081
2283
2322
3082
2284
2323
3083
2285
2324
3084
2286
2325
3085
2287
2326
3086
2288
2327
3087
2289
2328
3088
2290
2329
3089
2291
2330
3090
2292
2331
3091
2293
2332
3092
2294
2333
3093
2295
2334
3094
2296
2335
3095
2297
2336
3096
2298
2337
3097
2299
2338
3098
2300
2339
3099
2301
2340
3100
2302
2341
3101
2303
2342
3102
2304
2343
3103
2305
2344
3104
2306
2345
3105
2307
2346
3106
2308
2347
3107
2309
2348
3108
2310
2349
3109
2311
2350
3110
2312
2351
3111
2313
2352
3112
2314
2353
3113
2315
2354
3114
2316
2355
3115
2317
2356
3116
2318
2357
3117
2319
2358
3118
2359
3119
2321
2360
3120
2322
2361
3121
2323
2362
3122
2324
2363
3123
2325
2364
3124
2326
2365
3125
2327
2366
3126
2328
2367
3127
2329
2368
3128
2330
2369
3129
2331
2370
3130
2332
2371
3131
2333
2372
3132
2334
2373
3133
2335
2374
3134
2336
2375
3135
2337
2376
3136
2338
2377
3137
2339
2378
3138
2340
2379
3139
2341
2380
3140
2342
2381
3141
2343
2382
3142
2344
2383
3143
2345
2384
3144
2346
2385
3145
2347
2386
3146
2348
2387
3147
2349
2388
3148
2350
2389
3149
2351
2390
3150
2352
2391
3151
2353
2392
3152
2354
2393
3153
2355
2394
3154
2356
2395
3155
2357
2396
3156
2358
2397
3157
2359
2398
3158
2399
3159
2361
3160
2362
3161
2363
3162
2364
3163
2365
3164
2366
3165
2367
3166
2368
3167
2369
3168
2370
3169
2371
3170
2372
3171
2373
3172
2374
3173
2375
3174
2376
3175
2377
3176
2378
3177
2379
3178
2380
3179
2381
3180
2382
3181
2383
3182
2384
3183
2385
3184
2386
3185
2387
3186
2388
3187
2389
3188
2390
3189
2391
3190
2392
3191
2393
3192
2394
3193
2395
3194
2396
3195
2397
3196
2398
3197
2399
3198
3199
2401
2440
3200
2402
2441
3201
2403
2442
3202
2404
2443
3203
2405
2444
3204
2406
2445
3205
2407
2446
3206
2408
2447
3207
2409
2448
3208
2410
2449
3209
2411
2450
3210
2412
2451
3211
2413
2452
3212
2414
2453
3213
2415
2454
3214
2416
2455
3215
2417
2456
3216
2418
2457
3217
2419
2458
3218
2420
2459
3219
2421
2460
3220
2422
2461
3221
2423
2462
3222
2424
2463
3223
2425
2464
3224
2426
2465
3225
2427
2466
3226
2428
2467
3227
2429
2468
3228
2430
2469
3229
2431
2470
3230
2432
2471
3231
2433
2472
3232
2434
2473
3233
2435
2474
3234
2436
2475
3235
2437
2476
3236
2438
2477
3237
2439
2478
3238
2479
3239
2441
2480
3240
2442
2481
3241
2443
2482
3242
2444
2483
3243
2445
2484
3244
2446
2485
3245
2447
2486
3246
2448
2487
3247
2449
2488
3248
2450
2489
3249
2451
2490
3250
2452
2491
3251
2453
2492
3252
2454
2493
3253
2455
2494
3254
2456
2495
3255
2457
2496
3256
2458
2497
3257
2459
2498
3258
2460
2499
3259
2461
2500
3260
2462
2501
3261
2463
2502
3262
2464
2503
3263
2465
2504
3264
2466
2505
3265
2467
2506
3266
2468
2507
3267
2469
2508
3268
2470
2509
3269
2471
2510
3270
2472
2511
3271
2473
2512
3272
2474
2513
3273
2475
2514
3274
2476
2515
3275
2477
2516
3276
2478
2517
3277
2479
2518
3278
2519
3279
2481
2520
3280
2482
2521
3281
2483
2522
3282
2484
2523
3283
2485
2524
3284
2486
2525
3285
2487
2526
3286
2488
2527
3287
2489
2528
3288
2490
2529
3289
2491
2530
3290
2492
2531
3291
2493
2532
3292
2494
2533
3293
2495
2534
3294
2496
2535
3295
2497
2536
3296
2498
2537
3297
2499
2538
3298
2500
2539
3299
2501
2540
3300
2502
2541
3301
2503
2542
3302
2504
2543
3303
2505
2544
3304
2506
2545
3305
2507
2546
3306
2508
2547
3307
2509
2548
3308
2510
2549
3309
2511
2550
3310
2512
2551
3311
2513
2552
3312
2514
2553
3313
2515
2554
3314
2516
2555
3315
2517
2556
3316
2518
2557
3317
2519
2558
3318
2559
3319
2521
2560
3320
2522
2561
3321
2523
2562
3322
2524
2563
3323
2525
2564
3324
2526
2565
3325
2527
2566
3326
2528
2567
3327
2529
2568
3328
2530
2569
3329
2531
2570
3330
2532
2571
3331
2533
2572
3332
2534
2573
3333
2535
2574
3334
2536
2575
3335
2537
2576
3336
2538
2577
3337
2539
2578
3338
2540
2579
3339
2541
2580
3340
2542
2581
3341
2543
2582
3342
2544
2583
3343
2545
2584
3344
2546
2585
3345
2547
2586
3346
2548
2587
3347
2549
2588
3348
2550
2589
3349
2551
2590
3350
2552
2591
3351
2553
2592
3352
2554
2593
3353
2555
2594
3354
2556
2595
3355
2557
2596
3356
2558
2597
3357
2559
2598
3358
2599
3359
2561
2600
3360
2562
2601
3361
2563
2602
3362
2564
2603
3363
2565
2604
3364
2566
2605
3365
2567
2606
3366
2568
2607
3367
2569
2608
3368
2570
2609
3369
2571
2610
3370
2572
2611
3371
2573
2612
3372
2574
2613
3373
2575
2614
3374
2576
2615
3375
2577
2616
3376
2578
2617
3377
2579
2618
3378
2580
2619
3379
2581
2620
3380
2582
2621
3381
2583
2622
3382
2584
2623
3383
2585
2624
3384
2586
2625
3385
2587
2626
3386
2588
2627
3387
2589
2628
3388
2590
2629
3389
2591
2630
3390
2592
2631
3391
2593
2632
3392
2594
2633
3393
2595
2634
3394
2596
2635
3395
2597
2636
3396
2598
2637
3397
2599
2638
3398
2639
3399
2601
2640
3400
2602
2641
3401
2603
2642
3402
2604
2643
3403
2605
2644
3404
2606
2645
3405
2607
2646
3406
2608
2647
3407
2609
2648
3408
2610
2649
3409
2611
2650
3410
2612
2651
3411
2613
2652
3412
2614
2653
3413
2615
2654
3414
2616
2655
3415
2617
2656
3416
2618
2657
3417
2619
2658
3418
2620
2659
3419
2621
2660
3420
2622
2661
3421
2623
2662
3422
2624
2663
3423
2625
2664
3424
2626
2665
3425
2627
2666
3426
2628
2667
3427
2629
2668
3428
2630
2669
3429
2631
2670
3430
2632
2671
3431
2633
2672
3432
2634
2673
3433
2635
2674
3434
2636
2675
3435
2637
2676
3436
2638
2677
3437
2639
2678
3438
2679
3439
2641
2680
3440
2642
2681
3441
2643
2682
3442
2644
2683
3443
2645
2684
3444
2646
2685
3445
2647
2686
3446
2648
2687
3447
2649
2688
3448
2650
2689
3449
2651
2690
3450
2652
2691
3451
2653
2692
3452
2654
2693
3453
2655
2694
3454
2656
2695
3455
2657
2696
3456
2658
2697
3457
2659
2698
3458
2660
2699
3459
2661
2700
3460
2662
2701
3461
2663
2702
3462
2664
2703
3463
2665
2704
3464
2666
2705
3465
2667
2706
3466
2668
2707
3467
2669
2708
3468
2670
2709
3469
2671
2710
3470
2672
2711
3471
2673
2712
3472
2674
2713
3473
2675
2714
3474
2676
2715
3475
2677
2716
3476
2678
2717
3477
2679
2718
3478
2719
3479
2681
2720
3480
2682
2721
3481
2683
2722
3482
2684
2723
3483
2685
2724
3484
2686
2725
3485
2687
2726
3486
2688
2727
3487
2689
2728
3488
2690
2729
3489
2691
2730
3490
2692
2731
3491
2693
2732
3492
2694
2733
3493
2695
2734
3494
2696
2735
3495
2697
2736
3496
2698
2737
3497
2699
2738
3498
2700
2739
3499
2701
2740
3500
2702
2741
3501
2703
2742
3502
2704
2743
3503
2705
2744
3504
2706
2745
3505
2707
2746
3506
2708
2747
3507
2709
2748
3508
2710
2749
3509
2711
2750
3510
2712
2751
3511
2713
2752
3512
2714
2753
3513
2715
2754
3514
2716
2755
3515
2717
2756
3516
2718
2757
3517
2719
2758
3518
2759
3519
2721
2760
3520
2722
2761
3521
2723
2762
3522
2724
2763
3523
2725
2764
3524
2726
2765
3525
2727
2766
3526
2728
2767
3527
2729
2768
3528
2730
2769
3529
2731
2770
3530
2732
2771
3531
2733
2772
3532
2734
2773
3533
2735
2774
3534
2736
2775
3535
2737
2776
3536
2738
2777
3537
2739
2778
3538
2740
2779
3539
2741
2780
3540
2742
2781
3541
2743
2782
3542
2744
2783
3543
2745
2784
3544
2746
2785
3545
2747
2786
3546
2748
2787
3547
2749
2788
3548
2750
2789
3549
2751
2790
3550
2752
2791
3551
2753
2792
3552
2754
2793
3553
2755
2794
3554
2756
2795
3555
2757
2796
3556
2758
2797
3557
2759
2798
3558
2799
3559
2761
2800
3560
2762
2801
3561
2763
2802
3562
2764
2803
3563
2765
2804
3564
2766
2805
3565
2767
2806
3566
2768
2807
3567
2769
2808
3568
2770
2809
3569
2771
2810
3570
2772
2811
3571
2773
2812
3572
2774
2813
3573
2775
2814
3574
2776
2815
3575
2777
2816
3576
2778
2817
3577
2779
2818
3578
2780
2819
3579
2781
2820
3580
2782
2821
3581
2783
2822
3582
2784
2823
3583
2785
2824
3584
2786
2825
3585
2787
2826
3586
2788
2827
3587
2789
2828
3588
2790
2829
3589
2791
2830
3590
2792
2831
3591
2793
2832
3592
2794
2833
3593
2795
2834
3594
2796
2835
3595
2797
2836
3596
2798
2837
3597
2799
2838
3598
2839
3599
2801
2840
3600
2802
2841
3601
2803
2842
3602
2804
2843
3603
2805
2844
3604
2806
2845
3605
2807
2846
3606
2808
2847
3607
2809
2848
3608
2810
2849
3609
2811
2850
3610
2812
2851
3611
2813
2852
3612
2814
2853
3613
2815
2854
3614
2816
2855
3615
2817
2856
3616
2818
2857
3617
2819
2858
3618
2820
2859
3619
2821
2860
3620
2822
2861
3621
2823
2862
3622
2824
2863
3623
2825
2864
3624
2826
2865
3625
2827
2866
3626
2828
2867
3627
2829
2868
3628
2830
2869
3629
2831
2870
3630
2832
2871
3631
2833
2872
3632
2834
2873
3633
2835
2874
3634
2836
2875
3635
2837
2876
3636
2838
2877
3637
2839
2878
3638
2879
3639
2841
2880
3640
2842
2881
3641
2843
2882
3642
2844
2883
3643
2845
2884
3644
2846
2885
3645
2847
2886
3646
2848
2887
3647
2849
2888
3648
2850
2889
3649
2851
2890
3650
2852
2891
3651
2853
2892
3652
2854
2893
3653
2855
2894
3654
2856
2895
3655
2857
2896
3656
2858
2897
3657
2859
2898
3658
2860
2899
3659
2861
2900
3660
2862
2901
3661
2863
2902
3662
2864
2903
3663
2865
2904
3664
2866
2905
3665
2867
2906
3666
2868
2907
3667
2869
2908
3668
2870
2909
3669
2871
2910
3670
2872
2911
3671
2873
2912
3672
2874
2913
3673
2875
2914
3674
2876
2915
3675
2877
2916
3676
2878
2917
3677
2879
2918
3678
2919
3679
2881
2920
3680
2882
2921
3681
2883
2922
3682
2884
2923
3683
2885
2924
3684
2886
2925
3685
2887
2926
3686
2888
2927
3687
2889
2928
3688
2890
2929
3689
2891
2930
3690
2892
2931
3691
2893
2932
3692
2894
2933
3693
2895
2934
3694
2896
2935
3695
2897
2936
3696
2898
2937
3697
2899
2938
3698
2900
2939
3699
2901
2940
3700
2902
2941
3701
2903
2942
3702
2904
2943
3703
2905
2944
3704
2906
2945
3705
2907
2946
3706
2908
2947
3707
2909
2948
3708
2910
2949
3709
2911
2950
3710
2912
2951
3711
2913
2952
3712
2914
2953
3713
2915
2954
3714
2916
2955
3715
2917
2956
3716
2918
2957
3717
2919
2958
3718
2959
3719
2921
2960
3720
2922
2961
3721
2923
2962
3722
2924
2963
3723
2925
2964
3724
2926
2965
3725
2927
2966
3726
2928
2967
3727
2929
2968
3728
2930
2969
3729
2931
2970
3730
2932
2971
3731
2933
2972
3732
2934
2973
3733
2935
2974
3734
2936
2975
3735
2937
2976
3736
2938
2977
3737
2939
2978
3738
2940
2979
3739
2941
2980
3740
2942
2981
3741
2943
2982
3742
2944
2983
3743
2945
2984
3744
2946
2985
3745
2947
2986
3746
2948
2987
3747
2949
2988
3748
2950
2989
3749
2951
2990
3750
2952
2991
3751
2953
2992
3752
2954
2993
3753
2955
2994
3754
2956
2995
3755
2957
2996
3756
2958
2997
3757
2959
2998
3758
2999
3759
2961
3000
3760
2962
3001
3761
2963
3002
3762
2964
3003
3763
2965
3004
3764
2966
3005
3765
2967
3006
3766
2968
3007
3767
2969
3008
3768
2970
3009
3769
2971
3010
3770
2972
3011
3771
2973
3012
3772
2974
3013
3773
2975
3014
3774
2976
3015
3775
2977
3016
3776
2978
3017
3777
2979
3018
3778
2980
3019
3779
2981
3020
3780
2982
3021
3781
2983
3022
3782
2984
3023
3783
2985
3024
3784
2986
3025
3785
2987
3026
3786
2988
3027
3787
2989
3028
3788
2990
3029
3789
2991
3030
3790
2992
3031
3791
2993
3032
3792
2994
3033
3793
2995
3034
3794
2996
3035
3795
2997
3036
3796
2998
3037
3797
2999
3038
3798
3039
3799
3001
3040
3800
3002
3041
3801
3003
3042
3802
3004
3043
3803
3005
3044
3804
3006
3045
3805
3007
3046
3806
3008
3047
3807
3009
3048
3808
3010
3049
3809
3011
3050
3810
3012
3051
3811
3013
3052
3812
3014
3053
3813
3015
3054
3814
3016
3055
3815
3017
3056
3816
3018
3057
3817
3019
3058
3818
3020
3059
3819
3021
3060
3820
3022
3061
3821
3023
3062
3822
3024
3063
3823
3025
3064
3824
3026
3065
3825
3027
3066
3826
3028
3067
3827
3029
3068
3828
3030
3069
3829
3031
3070
3830
3032
3071
3831
3033
3072
3832
3034
3073
3833
3035
3074
3834
3036
3075
3835
3037
3076
3836
3038
3077
3837
3039
3078
3838
3079
3839
3041
3080
3840
3042
3081
3841
3043
3082
3842
3044
3083
3843
3045
3084
3844
3046
3085
3845
3047
3086
3846
3048
3087
3847
3049
3088
3848
3050
3089
3849
3051
3090
3850
3052
3091
3851
3053
3092
3852
3054
3093
3853
3055
3094
3854
3056
3095
3855
3057
3096
3856
3058
3097
3857
3059
3098
3858
3060
3099
3859
3061
3100
3860
3062
3101
3861
3063
3102
3862
3064
3103
3863
3065
3104
3864
3066
3105
3865
3067
3106
3866
3068
3107
3867
3069
3108
3868
3070
3109
3869
3071
3110
3870
3072
3111
3871
3073
3112
3872
3074
3113
3873
3075
3114
3874
3076
3115
3875
3077
3116
3876
3078
3117
3877
3079
3118
3878
3119
3879
3081
3120
3880
3082
3121
3881
3083
3122
3882
3084
3123
3883
3085
3124
3884
3086
3125
3885
3087
3126
3886
3088
3127
3887
3089
3128
3888
3090
3129
3889
3091
3130
3890
3092
3131
3891
3093
3132
3892
3094
3133
3893
3095
3134
3894
3096
3135
3895
3097
3136
3896
3098
3137
3897
3099
3138
3898
3100
3139
3899
3101
3140
3900
3102
3141
3901
3103
3142
3902
3104
3143
3903
3105
3144
3904
3106
3145
3905
3107
3146
3906
3108
3147
3907
3109
3148
3908
3110
3149
3909
3111
3150
3910
3112
3151
3911
3113
3152
3912
3114
3153
3913
3115
3154
3914
3116
3155
3915
3117
3156
3916
3118
3157
3917
3119
3158
3918
3159
3919
3121
3160
3920
3122
3161
3921
3123
3162
3922
3124
3163
3923
3125
3164
3924
3126
3165
3925
3127
3166
3926
3128
3167
3927
3129
3168
3928
3130
3169
3929
3131
3170
3930
3132
3171
3931
3133
3172
3932
3134
3173
3933
3135
3174
3934
3136
3175
3935
3137
3176
3936
3138
3177
3937
3139
3178
3938
3140
3179
3939
3141
3180
3940
3142
3181
3941
3143
3182
3942
3144
3183
3943
3145
3184
3944
3146
3185
3945
3147
3186
3946
3148
3187
3947
3149
3188
3948
3150
3189
3949
3151
3190
3950
3152
3191
3951
3153
3192
3952
3154
3193
3953
3155
3194
3954
3156
3195
3955
3157
3196
3956
3158
3197
3957
3159
3198
3958
3199
3959
3161
3960
3162
3961
3163
3962
3164
3963
3165
3964
3166
3965
3167
3966
3168
3967
3169
3968
3170
3969
3171
3970
3172
3971
3173
3972
3174
3973
3175
3974
3176
3975
3177
3976
3178
3977
3179
3978
3180
3979
3181
3980
3182
3981
3183
3982
3184
3983
3185
3984
3186
3985
3187
3986
3188
3987
3189
3988
3190
3989
3191
3990
3192
3991
3193
3992
3194
3993
3195
3994
3196
3995
3197
3996
3198
3997
3199
3998
3999
3201
3240
4000
3202
3241
4001
3203
3242
4002
3204
3243
4003
3205
3244
4004
3206
3245
4005
3207
3246
4006
3208
3247
4007
3209
3248
4008
3210
3249
4009
3211
3250
4010
3212
3251
4011
3213
3252
4012
3214
3253
4013
3215
3254
4014
3216
3255
4015
3217
3256
4016
3218
3257
4017
3219
3258
4018
3220
3259
4019
3221
3260
4020
3222
3261
4021
3223
3262
4022
3224
3263
4023
3225
3264
4024
3226
3265
4025
3227
3266
4026
3228
3267
4027
3229
3268
4028
3230
3269
4029
3231
3270
4030
3232
3271
4031
3233
3272
4032
3234
3273
4033
3235
3274
4034
3236
3275
4035
3237
3276
4036
3238
3277
4037
3239
3278
4038
3279
4039
3241
3280
4040
3242
3281
4041
3243
3282
4042
3244
3283
4043
3245
3284
4044
3246
3285
4045
3247
3286
4046
3248
3287
4047
3249
3288
4048
3250
3289
4049
3251
3290
4050
3252
3291
4051
3253
3292
4052
3254
3293
4053
3255
3294
4054
3256
3295
4055
3257
3296
4056
3258
3297
4057
3259
3298
4058
3260
3299
4059
3261
3300
4060
3262
3301
4061
3263
3302
4062
3264
3303
4063
3265
3304
4064
3266
3305
4065
3267
3306
4066
3268
3307
4067
3269
3308
4068
3270
3309
4069
3271
3310
4070
3272
3311
4071
3273
3312
4072
3274
3313
4073
3275
3314
4074
3276
3315
4075
3277
3316
4076
3278
3317
4077
3279
3318
4078
3319
4079
3281
3320
4080
3282
3321
4081
3283
3322
4082
3284
3323
4083
3285
3324
4084
3286
3325
4085
3287
3326
4086
3288
3327
4087
3289
3328
4088
3290
3329
4089
3291
3330
4090
3292
3331
4091
3293
3332
4092
3294
3333
4093
3295
3334
4094
3296
3335
4095
3297
3336
4096
3298
3337
4097
3299
3338
4098
3300
3339
4099
3301
3340
4100
3302
3341
4101
3303
3342
4102
3304
3343
4103
3305
3344
4104
3306
3345
4105
3307
3346
4106
3308
3347
4107
3309
3348
4108
3310
3349
4109
3311
3350
4110
3312
3351
4111
3313
3352
4112
3314
3353
4113
3315
3354
4114
3316
3355
4115
3317
3356
4116
3318
3357
4117
3319
3358
4118
3359
4119
3321
3360
4120
3322
3361
4121
3323
3362
4122
3324
3363
4123
3325
3364
4124
3326
3365
4125
3327
3366
4126
3328
3367
4127
3329
3368
4128
3330
3369
4129
3331
3370
4130
3332
3371
4131
3333
3372
4132
3334
3373
4133
3335
3374
4134
3336
3375
4135
3337
3376
4136
3338
3377
4137
3339
3378
4138
3340
3379
4139
3341
3380
4140
3342
3381
4141
3343
3382
4142
3344
3383
4143
3345
3384
4144
3346
3385
4145
3347
3386
4146
3348
3387
4147
3349
3388
4148
3350
3389
4149
3351
3390
4150
3352
3391
4151
3353
3392
4152
3354
3393
4153
3355
3394
4154
3356
3395
4155
3357
3396
4156
3358
3397
4157
3359
3398
4158
3399
4159
3361
3400
4160
3362
3401
4161
3363
3402
4162
3364
3403
4163
3365
3404
4164
3366
3405
4165
3367
3406
4166
3368
3407
4167
3369
3408
4168
3370
3409
4169
3371
3410
4170
3372
3411
4171
3373
3412
4172
3374
3413
4173
3375
3414
4174
3376
3415
4175
3377
3416
4176
3378
3417
4177
3379
3418
4178
3380
3419
4179
3381
3420
4180
3382
3421
4181
3383
3422
4182
3384
3423
4183
3385
3424
4184
3386
3425
4185
3387
3426
4186
3388
3427
4187
3389
3428
4188
3390
3429
4189
3391
3430
4190
3392
3431
4191
3393
3432
4192
3394
3433
4193
3395
3434
4194
3396
3435
4195
3397
3436
4196
3398
3437
4197
3399
3438
4198
3439
4199
3401
3440
4200
3402
3441
4201
3403
3442
4202
3404
3443
4203
3405
3444
4204
3406
3445
4205
3407
3446
4206
3408
3447
4207
3409
3448
4208
3410
3449
4209
3411
3450
4210
3412
3451
4211
3413
3452
4212
3414
3453
4213
3415
3454
4214
3416
3455
4215
3417
3456
4216
3418
3457
4217
3419
3458
4218
3420
3459
4219
3421
3460
4220
3422
3461
4221
3423
3462
4222
3424
3463
4223
3425
3464
4224
3426
3465
4225
3427
3466
4226
3428
3467
4227
3429
3468
4228
3430
3469
4229
3431
3470
4230
3432
3471
4231
3433
3472
4232
3434
3473
4233
3435
3474
4234
3436
3475
4235
3437
3476
4236
3438
3477
4237
3439
3478
4238
3479
4239
3441
3480
4240
3442
3481
4241
3443
3482
4242
3444
3483
4243
3445
3484
4244
3446
3485
4245
3447
3486
4246
3448
3487
4247
3449
3488
4248
3450
3489
4249
3451
3490
4250
3452
3491
4251
3453
3492
4252
3454
3493
4253
3455
3494
4254
3456
3495
4255
3457
3496
4256
3458
3497
4257
3459
3498
4258
3460
3499
4259
3461
3500
4260
3462
3501
4261
3463
3502
4262
3464
3503
4263
3465
3504
4264
3466
3505
4265
3467
3506
4266
3468
3507
4267
3469
3508
4268
3470
3509
4269
3471
3510
4270
3472
3511
4271
3473
3512
4272
3474
3513
4273
3475
3514
4274
3476
3515
4275
3477
3516
4276
3478
3517
4277
3479
3518
4278
3519
4279
3481
3520
4280
3482
3521
4281
3483
3522
4282
3484
3523
4283
3485
3524
4284
3486
3525
4285
3487
3526
4286
3488
3527
4287
3489
3528
4288
3490
3529
4289
3491
3530
4290
3492
3531
4291
3493
3532
4292
3494
3533
4293
3495
3534
4294
3496
3535
4295
3497
3536
4296
3498
3537
4297
3499
3538
4298
3500
3539
4299
3501
3540
4300
3502
3541
4301
3503
3542
4302
3504
3543
4303
3505
3544
4304
3506
3545
4305
3507
3546
4306
3508
3547
4307
3509
3548
4308
3510
3549
4309
3511
3550
4310
3512
3551
4311
3513
3552
4312
3514
3553
4313
3515
3554
4314
3516
3555
4315
3517
3556
4316
3518
3557
4317
3519
3558
4318
3559
4319
3521
3560
4320
3522
3561
4321
3523
3562
4322
3524
3563
4323
3525
3564
4324
3526
3565
4325
3527
3566
4326
3528
3567
4327
3529
3568
4328
3530
3569
4329
3531
3570
4330
3532
3571
4331
3533
3572
4332
3534
3573
4333
3535
3574
4334
3536
3575
4335
3537
3576
4336
3538
3577
4337
3539
3578
4338
3540
3579
4339
3541
3580
4340
3542
3581
4341
3543
3582
4342
3544
3583
4343
3545
3584
4344
3546
3585
4345
3547
3586
4346
3548
3587
4347
3549
3588
4348
3550
3589
4349
3551
3590
4350
3552
3591
4351
3553
3592
4352
3554
3593
4353
3555
3594
4354
3556
3595
4355
3557
3596
4356
3558
3597
4357
3559
3598
4358
3599
4359
3561
3600
4360
3562
3601
4361
3563
3602
4362
3564
3603
4363
3565
3604
4364
3566
3605
4365
3567
3606
4366
3568
3607
4367
3569
3608
4368
3570
3609
4369
3571
3610
4370
3572
3611
4371
3573
3612
4372
3574
3613
4373
3575
3614
4374
3576
3615
4375
3577
3616
4376
3578
3617
4377
3579
3618
4378
3580
3619
4379
3581
3620
4380
3582
3621
4381
3583
3622
4382
3584
3623
4383
3585
3624
4384
3586
3625
4385
3587
3626
4386
3588
3627
4387
3589
3628
4388
3590
3629
4389
3591
3630
4390
3592
3631
4391
3593
3632
4392
3594
3633
4393
3595
3634
4394
3596
3635
4395
3597
3636
4396
3598
3637
4397
3599
3638
4398
3639
4399
3601
3640
4400
3602
3641
4401
3603
3642
4402
3604
3643
4403
3605
3644
4404
3606
3645
4405
3607
3646
4406
3608
3647
4407
3609
3648
4408
3610
3649
4409
3611
3650
4410
3612
3651
4411
3613
3652
4412
3614
3653
4413
3615
3654
4414
3616
3655
4415
3617
3656
4416
3618
3657
4417
3619
3658
4418
3620
3659
4419
3621
3660
4420
3622
3661
4421
3623
3662
4422
3624
3663
4423
3625
3664
4424
3626
3665
4425
3627
3666
4426
3628
3667
4427
3629
3668
4428
3630
3669
4429
3631
3670
4430
3632
3671
4431
3633
3672
4432
3634
3673
4433
3635
3674
4434
3636
3675
4435
3637
3676
4436
3638
3677
4437
3639
3678
4438
3679
4439
3641
3680
4440
3642
3681
4441
3643
3682
4442
3644
3683
4443
3645
3684
4444
3646
3685
4445
3647
3686
4446
3648
3687
4447
3649
3688
4448
3650
3689
4449
3651
3690
4450
3652
3691
4451
3653
3692
4452
3654
3693
4453
3655
3694
4454
3656
3695
4455
3657
3696
4456
3658
3697
4457
3659
3698
4458
3660
3699
4459
3661
3700
4460
3662
3701
4461
3663
3702
4462
3664
3703
4463
3665
3704
4464
3666
3705
4465
3667
3706
4466
3668
3707
4467
3669
3708
4468
3670
3709
4469
3671
3710
4470
3672
3711
4471
3673
3712
4472
3674
3713
4473
3675
3714
4474
3676
3715
4475
3677
3716
4476
3678
3717
4477
3679
3718
4478
3719
4479
3681
3720
4480
3682
3721
4481
3683
3722
4482
3684
3723
4483
3685
3724
4484
3686
3725
4485
3687
3726
4486
3688
3727
4487
3689
3728
4488
3690
3729
4489
3691
3730
4490
3692
3731
4491
3693
3732
4492
3694
3733
4493
3695
3734
4494
3696
3735
4495
3697
3736
4496
3698
3737
4497
3699
3738
4498
3700
3739
4499
3701
3740
4500
3702
3741
4501
3703
3742
4502
3704
3743
4503
3705
3744
4504
3706
3745
4505
3707
3746
4506
3708
3747
4507
3709
3748
4508
3710
3749
4509
3711
3750
4510
3712
3751
4511
3713
3752
4512
3714
3753
4513
3715
3754
4514
3716
3755
4515
3717
3756
4516
3718
3757
4517
3719
3758
4518
3759
4519
3721
3760
4520
3722
3761
4521
3723
3762
4522
3724
3763
4523
3725
3764
4524
3726
3765
4525
3727
3766
4526
3728
3767
4527
3729
3768
4528
3730
3769
4529
3731
3770
4530
3732
3771
4531
3733
3772
4532
3734
3773
4533
3735
3774
4534
3736
3775
4535
3737
3776
4536
3738
3777
4537
3739
3778
4538
3740
3779
4539
3741
3780
4540
3742
3781
4541
3743
3782
4542
3744
3783
4543
3745
3784
4544
3746
3785
4545
3747
3786
4546
3748
3787
4547
3749
3788
4548
3750
3789
4549
3751
3790
4550
3752
3791
4551
3753
3792
4552
3754
3793
4553
3755
3794
4554
3756
3795
4555
3757
3796
4556
3758
3797
4557
3759
3798
4558
3799
4559
3761
3800
4560
3762
3801
4561
3763
3802
4562
3764
3803
4563
3765
3804
4564
3766
3805
4565
3767
3806
4566
3768
3807
4567
3769
3808
4568
3770
3809
4569
3771
3810
4570
3772
3811
4571
3773
3812
4572
3774
3813
4573
3775
3814
4574
3776
3815
4575
3777
3816
4576
3778
3817
4577
3779
3818
4578
3780
3819
4579
3781
3820
4580
3782
3821
4581
3783
3822
4582
3784
3823
4583
3785
3824
4584
3786
3825
4585
3787
3826
4586
3788
3827
4587
3789
3828
4588
3790
3829
4589
3791
3830
4590
3792
3831
4591
3793
3832
4592
3794
3833
4593
3795
3834
4594
3796
3835
4595
3797
3836
4596
3798
3837
4597
3799
3838
4598
3839
4599
3801
3840
4600
3802
3841
4601
3803
3842
4602
3804
3843
4603
3805
3844
4604
3806
3845
4605
3807
3846
4606
3808
3847
4607
3809
3848
4608
3810
3849
4609
3811
3850
4610
3812
3851
4611
3813
3852
4612
3814
3853
4613
3815
3854
4614
3816
3855
4615
3817
3856
4616
3818
3857
4617
3819
3858
4618
3820
3859
4619
3821
3860
4620
3822
3861
4621
3823
3862
4622
3824
3863
4623
3825
3864
4624
3826
3865
4625
3827
3866
4626
3828
3867
4627
3829
3868
4628
3830
3869
4629
3831
3870
4630
3832
3871
4631
3833
3872
4632
3834
3873
4633
3835
3874
4634
3836
3875
4635
3837
3876
4636
3838
3877
4637
3839
3878
4638
3879
4639
3841
3880
4640
3842
3881
4641
3843
3882
4642
3844
3883
4643
3845
3884
4644
3846
3885
4645
3847
3886
4646
3848
3887
4647
3849
3888
4648
3850
3889
4649
3851
3890
4650
3852
3891
4651
3853
3892
4652
3854
3893
4653
3855
3894
4654
3856
3895
4655
3857
3896
4656
3858
3897
4657
3859
3898
4658
3860
3899
4659
3861
3900
4660
3862
3901
4661
3863
3902
4662
3864
3903
4663
3865
3904
4664
3866
3905
4665
3867
3906
4666
3868
3907
4667
3869
3908
4668
3870
3909
4669
3871
3910
4670
3872
3911
4671
3873
3912
4672
3874
3913
4673
3875
3914
4674
3876
3915
4675
3877
3916
4676
3878
3917
4677
3879
3918
4678
3919
4679
3881
3920
4680
3882
3921
4681
3883
3922
4682
3884
3923
4683
3885
3924
4684
3886
3925
4685
3887
3926
4686
3888
3927
4687
3889
3928
4688
3890
3929
4689
3891
3930
4690
3892
3931
4691
3893
3932
4692
3894
3933
4693
3895
3934
4694
3896
3935
4695
3897
3936
4696
3898
3937
4697
3899
3938
4698
3900
3939
4699
3901
3940
4700
3902
3941
4701
3903
3942
4702
3904
3943
4703
3905
3944
4704
3906
3945
4705
3907
3946
4706
3908
3947
4707
3909
3948
4708
3910
3949
4709
3911
3950
4710
3912
3951
4711
3913
3952
4712
3914
3953
4713
3915
3954
4714
3916
3955
4715
3917
3956
4716
3918
3957
4717
3919
3958
4718
3959
4719
3921
3960
4720
3922
3961
4721
3923
3962
4722
3924
3963
4723
3925
3964
4724
3926
3965
4725
3927
3966
4726
3928
3967
4727
3929
3968
4728
3930
3969
4729
3931
3970
4730
3932
3971
4731
3933
3972
4732
3934
3973
4733
3935
3974
4734
3936
3975
4735
3937
3976
4736
3938
3977
4737
3939
3978
4738
3940
3979
4739
3941
3980
4740
3942
3981
4741
3943
3982
4742
3944
3983
4743
3945
3984
4744
3946
3985
4745
3947
3986
4746
3948
3987
4747
3949
3988
4748
3950
3989
4749
3951
3990
4750
3952
3991
4751
3953
3992
4752
3954
3993
4753
3955
3994
4754
3956
3995
4755
3957
3996
4756
3958
3997
4757
3959
3998
4758
3999
4759
3961
4760
3962
4761
3963
4762
3964
4763
3965
4764
3966
4765
3967
4766
3968
4767
3969
4768
3970
4769
3971
4770
3972
4771
3973
4772
3974
4773
3975
4774
3976
4775
3977
4776
3978
4777
3979
4778
3980
4779
3981
4780
3982
4781
3983
4782
3984
4783
3985
4784
3986
4785
3987
4786
3988
4787
3989
4788
3990
4789
3991
4790
3992
4791
3993
4792
3994
4793
3995
4794
3996
4795
3997
4796
3998
4797
3999
4798
4799
4001
4040
4800
4002
4041
4801
4003
4042
4802
4004
4043
4803
4005
4044
4804
4006
4045
4805
4007
4046
4806
4008
4047
4807
4009
4048
4808
4010
4049
4809
4011
4050
4810
4012
4051
4811
4013
4052
4812
4014
4053
4813
4015
4054
4814
4016
4055
4815
4017
4056
4816
4018
4057
4817
4019
4058
4818
4020
4059
4819
4021
4060
4820
4022
4061
4821
4023
4062
4822
4024
4063
4823
4025
4064
4824
4026
4065
4825
4027
4066
4826
4028
4067
4827
4029
4068
4828
4030
4069
4829
4031
4070
4830
4032
4071
4831
4033
4072
4832
4034
4073
4833
4035
4074
4834
4036
4075
4835
4037
4076
4836
4038
4077
4837
4039
4078
4838
4079
4839
4041
4080
4840
4042
4081
4841
4043
4082
4842
4044
4083
4843
4045
4084
4844
4046
4085
4845
4047
4086
4846
4048
4087
4847
4049
4088
4848
4050
4089
4849
4051
4090
4850
4052
4091
4851
4053
4092
4852
4054
4093
4853
4055
4094
4854
4056
4095
4855
4057
4096
4856
4058
4097
4857
4059
4098
4858
4060
4099
4859
4061
4100
4860
4062
4101
4861
4063
4102
4862
4064
4103
4863
4065
4104
4864
4066
4105
4865
4067
4106
4866
4068
4107
4867
4069
4108
4868
4070
4109
4869
4071
4110
4870
4072
4111
4871
4073
4112
4872
4074
4113
4873
4075
4114
4874
4076
4115
4875
4077
4116
4876
4078
4117
4877
4079
4118
4878
4119
4879
4081
4120
4880
4082
4121
4881
4083
4122
4882
4084
4123
4883
4085
4124
4884
4086
4125
4885
4087
4126
4886
4088
4127
4887
4089
4128
4888
4090
4129
4889
4091
4130
4890
4092
4131
4891
4093
4132
4892
4094
4133
4893
4095
4134
4894
4096
4135
4895
4097
4136
4896
4098
4137
4897
4099
4138
4898
4100
4139
4899
4101
4140
4900
4102
4141
4901
4103
4142
4902
4104
4143
4903
4105
4144
4904
4106
4145
4905
4107
4146
4906
4108
4147
4907
4109
4148
4908
4110
4149
4909
4111
4150
4910
4112
4151
4911
4113
4152
4912
4114
4153
4913
4115
4154
4914
4116
4155
4915
4117
4156
4916
4118
4157
4917
4119
4158
4918
4159
4919
4121
4160
4920
4122
4161
4921
4123
4162
4922
4124
4163
4923
4125
4164
4924
4126
4165
4925
4127
4166
4926
4128
4167
4927
4129
4168
4928
4130
4169
4929
4131
4170
4930
4132
4171
4931
4133
4172
4932
4134
4173
4933
4135
4174
4934
4136
4175
4935
4137
4176
4936
4138
4177
4937
4139
4178
4938
4140
4179
4939
4141
4180
4940
4142
4181
4941
4143
4182
4942
4144
4183
4943
4145
4184
4944
4146
4185
4945
4147
4186
4946
4148
4187
4947
4149
4188
4948
4150
4189
4949
4151
4190
4950
4152
4191
4951
4153
4192
4952
4154
4193
4953
4155
4194
4954
4156
4195
4955
4157
4196
4956
4158
4197
4957
4159
4198
4958
4199
4959
4161
4200
4960
4162
4201
4961
4163
4202
4962
4164
4203
4963
4165
4204
4964
4166
4205
4965
4167
4206
4966
4168
4207
4967
4169
4208
4968
4170
4209
4969
4171
4210
4970
4172
4211
4971
4173
4212
4972
4174
4213
4973
4175
4214
4974
4176
4215
4975
4177
4216
4976
4178
4217
4977
4179
4218
4978
4180
4219
4979
4181
4220
4980
4182
4221
4981
4183
4222
4982
4184
4223
4983
4185
4224
4984
4186
4225
4985
4187
4226
4986
4188
4227
4987
4189
4228
4988
4190
4229
4989
4191
4230
4990
4192
4231
4991
4193
4232
4992
4194
4233
4993
4195
4234
4994
4196
4235
4995
4197
4236
4996
4198
4237
4997
4199
4238
4998
4239
4999
4201
4240
5000
4202
4241
5001
4203
4242
5002
4204
4243
5003
4205
4244
5004
4206
4245
5005
4207
4246
5006
4208
4247
5007
4209
4248
5008
4210
4249
5009
4211
4250
5010
4212
4251
5011
4213
4252
5012
4214
4253
5013
4215
4254
5014
4216
4255
5015
4217
4256
5016
4218
4257
5017
4219
4258
5018
4220
4259
5019
4221
4260
5020
4222
4261
5021
4223
4262
5022
4224
4263
5023
4225
4264
5024
4226
4265
5025
4227
4266
5026
4228
4267
5027
4229
4268
5028
4230
4269
5029
4231
4270
5030
4232
4271
5031
4233
4272
5032
4234
4273
5033
4235
4274
5034
4236
4275
5035
4237
4276
5036
4238
4277
5037
4239
4278
5038
4279
5039
4241
4280
5040
4242
4281
5041
4243
4282
5042
4244
4283
5043
4245
4284
5044
4246
4285
5045
4247
4286
5046
4248
4287
5047
4249
4288
5048
4250
4289
5049
4251
4290
5050
4252
4291
5051
4253
4292
5052
4254
4293
5053
4255
4294
5054
4256
4295
5055
4257
4296
5056
4258
4297
5057
4259
4298
5058
4260
4299
5059
4261
4300
5060
4262
4301
5061
4263
4302
5062
4264
4303
5063
4265
4304
5064
4266
4305
5065
4267
4306
5066
4268
4307
5067
4269
4308
5068
4270
4309
5069
4271
4310
5070
4272
4311
5071
4273
4312
5072
4274
4313
5073
4275
4314
5074
4276
4315
5075
4277
4316
5076
4278
4317
5077
4279
4318
5078
4319
5079
4281
4320
5080
4282
4321
5081
4283
4322
5082
4284
4323
5083
4285
4324
5084
4286
4325
5085
4287
4326
5086
4288
4327
5087
4289
4328
5088
4290
4329
5089
4291
4330
5090
4292
4331
5091
4293
4332
5092
4294
4333
5093
4295
4334
5094
4296
4335
5095
4297
4336
5096
4298
4337
5097
4299
4338
5098
4300
4339
5099
4301
4340
5100
4302
4341
5101
4303
4342
5102
4304
4343
5103
4305
4344
5104
4306
4345
5105
4307
4346
5106
4308
4347
5107
4309
4348
5108
4310
4349
5109
4311
4350
5110
4312
4351
5111
4313
4352
5112
4314
4353
5113
4315
4354
5114
4316
4355
5115
4317
4356
5116
4318
4357
5117
4319
4358
5118
4359
5119
4321
4360
5120
4322
4361
5121
4323
4362
5122
4324
4363
5123
4325
4364
5124
4326
4365
5125
4327
4366
5126
4328
4367
5127
4329
4368
5128
4330
4369
5129
4331
4370
5130
4332
4371
5131
4333
4372
5132
4334
4373
5133
4335
4374
5134
4336
4375
5135
4337
4376
5136
4338
4377
5137
4339
4378
5138
4340
4379
5139
4341
4380
5140
4342
4381
5141
4343
4382
5142
4344
4383
5143
4345
4384
5144
4346
4385
5145
4347
4386
5146
4348
4387
5147
4349
4388
5148
4350
4389
5149
4351
4390
5150
4352
4391
5151
4353
4392
5152
4354
4393
5153
4355
4394
5154
4356
4395
5155
4357
4396
5156
4358
4397
5157
4359
4398
5158
4399
5159
4361
4400
5160
4362
4401
5161
4363
4402
5162
4364
4403
5163
4365
4404
5164
4366
4405
5165
4367
4406
5166
4368
4407
5167
4369
4408
5168
4370
4409
5169
4371
4410
5170
4372
4411
5171
4373
4412
5172
4374
4413
5173
4375
4414
5174
4376
4415
5175
4377
4416
5176
4378
4417
5177
4379
4418
5178
4380
4419
5179
4381
4420
5180
4382
4421
5181
4383
4422
5182
4384
4423
5183
4385
4424
5184
4386
4425
5185
4387
4426
5186
4388
4427
5187
4389
4428
5188
4390
4429
5189
4391
4430
5190
4392
4431
5191
4393
4432
5192
4394
4433
5193
4395
4434
5194
4396
4435
5195
4397
4436
5196
4398
4437
5197
4399
4438
5198
4439
5199
4401
4440
5200
4402
4441
5201
4403
4442
5202
4404
4443
5203
4405
4444
5204
4406
4445
5205
4407
4446
5206
4408
4447
5207
4409
4448
5208
4410
4449
5209
4411
4450
5210
4412
4451
5211
4413
4452
5212
4414
4453
5213
4415
4454
5214
4416
4455
5215
4417
4456
5216
4418
4457
5217
4419
4458
5218
4420
4459
5219
4421
4460
5220
4422
4461
5221
4423
4462
5222
4424
4463
5223
4425
4464
5224
4426
4465
5225
4427
4466
5226
4428
4467
5227
4429
4468
5228
4430
4469
5229
4431
4470
5230
4432
4471
5231
4433
4472
5232
4434
4473
5233
4435
4474
5234
4436
4475
5235
4437
4476
5236
4438
4477
5237
4439
4478
5238
4479
5239
4441
4480
5240
4442
4481
5241
4443
4482
5242
4444
4483
5243
4445
4484
5244
4446
4485
5245
4447
4486
5246
4448
4487
5247
4449
4488
5248
4450
4489
5249
4451
4490
5250
4452
4491
5251
4453
4492
5252
4454
4493
5253
4455
4494
5254
4456
4495
5255
4457
4496
5256
4458
4497
5257
4459
4498
5258
4460
4499
5259
4461
4500
5260
4462
4501
5261
4463
4502
5262
4464
4503
5263
4465
4504
5264
4466
4505
5265
4467
4506
5266
4468
4507
5267
4469
4508
5268
4470
4509
5269
4471
4510
5270
4472
4511
5271
4473
4512
5272
4474
4513
5273
4475
4514
5274
4476
4515
5275
4477
4516
5276
4478
4517
5277
4479
4518
5278
4519
5279
4481
4520
5280
4482
4521
5281
4483
4522
5282
4484
4523
5283
4485
4524
5284
4486
4525
5285
4487
4526
5286
4488
4527
5287
4489
4528
5288
4490
4529
5289
4491
4530
5290
4492
4531
5291
4493
4532
5292
4494
4533
5293
4495
4534
5294
4496
4535
5295
4497
4536
5296
4498
4537
5297
4499
4538
5298
4500
4539
5299
4501
4540
5300
4502
4541
5301
4503
4542
5302
4504
4543
5303
4505
4544
5304
4506
4545
5305
4507
4546
5306
4508
4547
5307
4509
4548
5308
4510
4549
5309
4511
4550
5310
4512
4551
5311
4513
4552
5312
4514
4553
5313
4515
4554
5314
4516
4555
5315
4517
4556
5316
4518
4557
5317
4519
4558
5318
4559
5319
4521
4560
5320
4522
4561
5321
4523
4562
5322
4524
4563
5323
4525
4564
5324
4526
4565
5325
4527
4566
5326
4528
4567
5327
4529
4568
5328
4530
4569
5329
4531
4570
5330
4532
4571
5331
4533
4572
5332
4534
4573
5333
4535
4574
5334
4536
4575
5335
4537
4576
5336
4538
4577
5337
4539
4578
5338
4540
4579
5339
4541
4580
5340
4542
4581
5341
4543
4582
5342
4544
4583
5343
4545
4584
5344
4546
4585
5345
4547
4586
5346
4548
4587
5347
4549
4588
5348
4550
4589
5349
4551
4590
5350
4552
4591
5351
4553
4592
5352
4554
4593
5353
4555
4594
5354
4556
4595
5355
4557
4596
5356
4558
4597
5357
4559
4598
5358
4599
5359
4561
4600
5360
4562
4601
5361
4563
4602
5362
4564
4603
5363
4565
4604
5364
4566
4605
5365
4567
4606
5366
4568
4607
5367
4569
4608
5368
4570
4609
5369
4571
4610
5370
4572
4611
5371
4573
4612
5372
4574
4613
5373
4575
4614
5374
4576
4615
5375
4577
4616
5376
4578
4617
5377
4579
4618
5378
4580
4619
5379
4581
4620
5380
4582
4621
5381
4583
4622
5382
4584
4623
5383
4585
4624
5384
4586
4625
5385
4587
4626
5386
4588
4627
5387
4589
4628
5388
4590
4629
5389
4591
4630
5390
4592
4631
5391
4593
4632
5392
4594
4633
5393
4595
4634
5394
4596
4635
5395
4597
4636
5396
4598
4637
5397
4599
4638
5398
4639
5399
4601
4640
5400
4602
4641
5401
4603
4642
5402
4604
4643
5403
4605
4644
5404
4606
4645
5405
4607
4646
5406
4608
4647
5407
4609
4648
5408
4610
4649
5409
4611
4650
5410
4612
4651
5411
4613
4652
5412
4614
4653
5413
4615
4654
5414
4616
4655
5415
4617
4656
5416
4618
4657
5417
4619
4658
5418
4620
4659
5419
4621
4660
5420
4622
4661
5421
4623
4662
5422
4624
4663
5423
4625
4664
5424
4626
4665
5425
4627
4666
5426
4628
4667
5427
4629
4668
5428
4630
4669
5429
4631
4670
5430
4632
4671
5431
4633
4672
5432
4634
4673
5433
4635
4674
5434
4636
4675
5435
4637
4676
5436
4638
4677
5437
4639
4678
5438
4679
5439
4641
4680
5440
4642
4681
5441
4643
4682
5442
4644
4683
5443
4645
4684
5444
4646
4685
5445
4647
4686
5446
4648
4687
5447
4649
4688
5448
4650
4689
5449
4651
4690
5450
4652
4691
5451
4653
4692
5452
4654
4693
5453
4655
4694
5454
4656
4695
5455
4657
4696
5456
4658
4697
5457
4659
4698
5458
4660
4699
5459
4661
4700
5460
4662
4701
5461
4663
4702
5462
4664
4703
5463
4665
4704
5464
4666
4705
5465
4667
4706
5466
4668
4707
5467
4669
4708
5468
4670
4709
5469
4671
4710
5470
4672
4711
5471
4673
4712
5472
4674
4713
5473
4675
4714
5474
4676
4715
5475
4677
4716
5476
4678
4717
5477
4679
4718
5478
4719
5479
4681
4720
5480
4682
4721
5481
4683
4722
5482
4684
4723
5483
4685
4724
5484
4686
4725
5485
4687
4726
5486
4688
4727
5487
4689
4728
5488
4690
4729
5489
4691
4730
5490
4692
4731
5491
4693
4732
5492
4694
4733
5493
4695
4734
5494
4696
4735
5495
4697
4736
5496
4698
4737
5497
4699
4738
5498
4700
4739
5499
4701
4740
5500
4702
4741
5501
4703
4742
5502
4704
4743
5503
4705
4744
5504
4706
4745
5505
4707
4746
5506
4708
4747
5507
4709
4748
5508
4710
4749
5509
4711
4750
5510
4712
4751
5511
4713
4752
5512
4714
4753
5513
4715
4754
5514
4716
4755
5515
4717
4756
5516
4718
4757
5517
4719
4758
5518
4759
5519
4721
4760
5520
4722
4761
5521
4723
4762
5522
4724
4763
5523
4725
4764
5524
4726
4765
5525
4727
4766
5526
4728
4767
5527
4729
4768
5528
4730
4769
5529
4731
4770
5530
4732
4771
5531
4733
4772
5532
4734
4773
5533
4735
4774
5534
4736
4775
5535
4737
4776
5536
4738
4777
5537
4739
4778
5538
4740
4779
5539
4741
4780
5540
4742
4781
5541
4743
4782
5542
4744
4783
5543
4745
4784
5544
4746
4785
5545
4747
4786
5546
4748
4787
5547
4749
4788
5548
4750
4789
5549
4751
4790
5550
4752
4791
5551
4753
4792
5552
4754
4793
5553
4755
4794
5554
4756
4795
5555
4757
4796
5556
4758
4797
5557
4759
4798
5558
4799
5559
4761
5560
4762
5561
4763
5562
4764
5563
4765
5564
4766
5565
4767
5566
4768
5567
4769
5568
4770
5569
4771
5570
4772
5571
4773
5572
4774
5573
4775
5574
4776
5575
4777
5576
4778
5577
4779
5578
4780
5579
4781
5580
4782
5581
4783
5582
4784
5583
4785
5584
4786
5585
4787
5586
4788
5587
4789
5588
4790
5589
4791
5590
4792
5591
4793
5592
4794
5593
4795
5594
4796
5595
4797
5596
4798
5597
4799
5598
5599
4801
4840
5600
4802
4841
5601
4803
4842
5602
4804
4843
5603
4805
4844
5604
4806
4845
5605
4807
4846
5606
4808
4847
5607
4809
4848
5608
4810
4849
5609
4811
4850
5610
4812
4851
5611
4813
4852
5612
4814
4853
5613
4815
4854
5614
4816
4855
5615
4817
4856
5616
4818
4857
5617
4819
4858
5618
4820
4859
5619
4821
4860
5620
4822
4861
5621
4823
4862
5622
4824
4863
5623
4825
4864
5624
4826
4865
5625
4827
4866
5626
4828
4867
5627
4829
4868
5628
4830
4869
5629
4831
4870
5630
4832
4871
5631
4833
4872
5632
4834
4873
5633
4835
4874
5634
4836
4875
5635
4837
4876
5636
4838
4877
5637
4839
4878
5638
4879
5639
4841
4880
5640
4842
4881
5641
4843
4882
5642
4844
4883
5643
4845
4884
5644
4846
4885
5645
4847
4886
5646
4848
4887
5647
4849
4888
5648
4850
4889
5649
4851
4890
5650
4852
4891
5651
4853
4892
5652
4854
4893
5653
4855
4894
5654
4856
4895
5655
4857
4896
5656
4858
4897
5657
4859
4898
5658
4860
4899
5659
4861
4900
5660
4862
4901
5661
4863
4902
5662
4864
4903
5663
4865
4904
5664
4866
4905
5665
4867
4906
5666
4868
4907
5667
4869
4908
5668
4870
4909
5669
4871
4910
5670
4872
4911
5671
4873
4912
5672
4874
4913
5673
4875
4914
5674
4876
4915
5675
4877
4916
5676
4878
4917
5677
4879
4918
5678
4919
5679
4881
4920
5680
4882
4921
5681
4883
4922
5682
4884
4923
5683
4885
4924
5684
4886
4925
5685
4887
4926
5686
4888
4927
5687
4889
4928
5688
4890
4929
5689
4891
4930
5690
4892
4931
5691
4893
4932
5692
4894
4933
5693
4895
4934
5694
4896
4935
5695
4897
4936
5696
4898
4937
5697
4899
4938
5698
4900
4939
5699
4901
4940
5700
4902
4941
5701
4903
4942
5702
4904
4943
5703
4905
4944
5704
4906
4945
5705
4907
4946
5706
4908
4947
5707
4909
4948
5708
4910
4949
5709
4911
4950
5710
4912
4951
5711
4913
4952
5712
4914
4953
5713
4915
4954
5714
4916
4955
5715
4917
4956
5716
4918
4957
5717
4919
4958
5718
4959
5719
4921
4960
5720
4922
4961
5721
4923
4962
5722
4924
4963
5723
4925
4964
5724
4926
4965
5725
4927
4966
5726
4928
4967
5727
4929
4968
5728
4930
4969
5729
4931
4970
5730
4932
4971
5731
4933
4972
5732
4934
4973
5733
4935
4974
5734
4936
4975
5735
4937
4976
5736
4938
4977
5737
4939
4978
5738
4940
4979
5739
4941
4980
5740
4942
4981
5741
4943
4982
5742
4944
4983
5743
4945
4984
5744
4946
4985
5745
4947
4986
5746
4948
4987
5747
4949
4988
5748
4950
4989
5749
4951
4990
5750
4952
4991
5751
4953
4992
5752
4954
4993
5753
4955
4994
5754
4956
4995
5755
4957
4996
5756
4958
4997
5757
4959
4998
5758
4999
5759
4961
5000
5760
4962
5001
5761
4963
5002
5762
4964
5003
5763
4965
5004
5764
4966
5005
5765
4967
5006
5766
4968
5007
5767
4969
5008
5768
4970
5009
5769
4971
5010
5770
4972
5011
5771
4973
5012
5772
4974
5013
5773
4975
5014
5774
4976
5015
5775
4977
5016
5776
4978
5017
5777
4979
5018
5778
4980
5019
5779
4981
5020
5780
4982
5021
5781
4983
5022
5782
4984
5023
5783
4985
5024
5784
4986
5025
5785
4987
5026
5786
4988
5027
5787
4989
5028
5788
4990
5029
5789
4991
5030
5790
4992
5031
5791
4993
5032
5792
4994
5033
5793
4995
5034
5794
4996
5035
5795
4997
5036
5796
4998
5037
5797
4999
5038
5798
5039
5799
5001
5040
5800
5002
5041
5801
5003
5042
5802
5004
5043
5803
5005
5044
5804
5006
5045
5805
5007
5046
5806
5008
5047
5807
5009
5048
5808
5010
5049
5809
5011
5050
5810
5012
5051
5811
5013
5052
5812
5014
5053
5813
5015
5054
5814
5016
5055
5815
5017
5056
5816
5018
5057
5817
5019
5058
5818
5020
5059
5819
5021
5060
5820
5022
5061
5821
5023
5062
5822
5024
5063
5823
5025
5064
5824
5026
5065
5825
5027
5066
5826
5028
5067
5827
5029
5068
5828
5030
5069
5829
5031
5070
5830
5032
5071
5831
5033
5072
5832
5034
5073
5833
5035
5074
5834
5036
5075
5835
5037
5076
5836
5038
5077
5837
5039
5078
5838
5079
5839
5041
5080
5840
5042
5081
5841
5043
5082
5842
5044
5083
5843
5045
5084
5844
5046
5085
5845
5047
5086
5846
5048
5087
5847
5049
5088
5848
5050
5089
5849
5051
5090
5850
5052
5091
5851
5053
5092
5852
5054
5093
5853
5055
5094
5854
5056
5095
5855
5057
5096
5856
5058
5097
5857
5059
5098
5858
5060
5099
5859
5061
5100
5860
5062
5101
5861
5063
5102
5862
5064
5103
5863
5065
5104
5864
5066
5105
5865
5067
5106
5866
5068
5107
5867
5069
5108
5868
5070
5109
5869
5071
5110
5870
5072
5111
5871
5073
5112
5872
5074
5113
5873
5075
5114
5874
5076
5115
5875
5077
5116
5876
5078
5117
5877
5079
5118
5878
5119
5879
5081
5120
5880
5082
5121
5881
5083
5122
5882
5084
5123
5883
5085
5124
5884
5086
5125
5885
5087
5126
5886
5088
5127
5887
5089
5128
5888
5090
5129
5889
5091
5130
5890
5092
5131
5891
5093
5132
5892
5094
5133
5893
5095
5134
5894
5096
5135
5895
5097
5136
5896
5098
5137
5897
5099
5138
5898
5100
5139
5899
5101
5140
5900
5102
5141
5901
5103
5142
5902
5104
5143
5903
5105
5144
5904
5106
5145
5905
5107
5146
5906
5108
5147
5907
5109
5148
5908
5110
5149
5909
5111
5150
5910
5112
5151
5911
5113
5152
5912
5114
5153
5913
5115
5154
5914
5116
5155
5915
5117
5156
5916
5118
5157
5917
5119
5158
5918
5159
5919
5121
5160
5920
5122
5161
5921
5123
5162
5922
5124
5163
5923
5125
5164
5924
5126
5165
5925
5127
5166
5926
5128
5167
5927
5129
5168
5928
5130
5169
5929
5131
5170
5930
5132
5171
5931
5133
5172
5932
5134
5173
5933
5135
5174
5934
5136
5175
5935
5137
5176
5936
5138
5177
5937
5139
5178
5938
5140
5179
5939
5141
5180
5940
5142
5181
5941
5143
5182
5942
5144
5183
5943
5145
5184
5944
5146
5185
5945
5147
5186
5946
5148
5187
5947
5149
5188
5948
5150
5189
5949
5151
5190
5950
5152
5191
5951
5153
5192
5952
5154
5193
5953
5155
5194
5954
5156
5195
5955
5157
5196
5956
5158
5197
5957
5159
5198
5958
5199
5959
5161
5200
5960
5162
5201
5961
5163
5202
5962
5164
5203
5963
5165
5204
5964
5166
5205
5965
5167
5206
5966
5168
5207
5967
5169
5208
5968
5170
5209
5969
5171
5210
5970
5172
5211
5971
5173
5212
5972
5174
5213
5973
5175
5214
5974
5176
5215
5975
5177
5216
5976
5178
5217
5977
5179
5218
5978
5180
5219
5979
5181
5220
5980
5182
5221
5981
5183
5222
5982
5184
5223
5983
5185
5224
5984
5186
5225
5985
5187
5226
5986
5188
5227
5987
5189
5228
5988
5190
5229
5989
5191
5230
5990
5192
5231
5991
5193
5232
5992
5194
5233
5993
5195
5234
5994
5196
5235
5995
5197
5236
5996
5198
5237
5997
5199
5238
5998
5239
5999
5201
5240
6000
5202
5241
6001
5203
5242
6002
5204
5243
6003
5205
5244
6004
5206
5245
6005
5207
5246
6006
5208
5247
6007
5209
5248
6008
5210
5249
6009
5211
5250
6010
5212
5251
6011
5213
5252
6012
5214
5253
6013
5215
5254
6014
5216
5255
6015
5217
5256
6016
5218
5257
6017
5219
5258
6018
5220
5259
6019
5221
5260
6020
5222
5261
6021
5223
5262
6022
5224
5263
6023
5225
5264
6024
5226
5265
6025
5227
5266
6026
5228
5267
6027
5229
5268
6028
5230
5269
6029
5231
5270
6030
5232
5271
6031
5233
5272
6032
5234
5273
6033
5235
5274
6034
5236
5275
6035
5237
5276
6036
5238
5277
6037
5239
5278
6038
5279
6039
5241
5280
6040
5242
5281
6041
5243
5282
6042
5244
5283
6043
5245
5284
6044
5246
5285
6045
5247
5286
6046
5248
5287
6047
5249
5288
6048
5250
5289
6049
5251
5290
6050
5252
5291
6051
5253
5292
6052
5254
5293
6053
5255
5294
6054
5256
5295
6055
5257
5296
6056
5258
5297
6057
5259
5298
6058
5260
5299
6059
5261
5300
6060
5262
5301
6061
5263
5302
6062
5264
5303
6063
5265
5304
6064
5266
5305
6065
5267
5306
6066
5268
5307
6067
5269
5308
6068
5270
5309
6069
5271
5310
6070
5272
5311
6071
5273
5312
6072
5274
5313
6073
5275
5314
6074
5276
5315
6075
5277
5316
6076
5278
5317
6077
5279
5318
6078
5319
6079
5281
5320
6080
5282
5321
6081
5283
5322
6082
5284
5323
6083
5285
5324
6084
5286
5325
6085
5287
5326
6086
5288
5327
6087
5289
5328
6088
5290
5329
6089
5291
5330
6090
5292
5331
6091
5293
5332
6092
5294
5333
6093
5295
5334
6094
5296
5335
6095
5297
5336
6096
5298
5337
6097
5299
5338
6098
5300
5339
6099
5301
5340
6100
5302
5341
6101
5303
5342
6102
5304
5343
6103
5305
5344
6104
5306
5345
6105
5307
5346
6106
5308
5347
6107
5309
5348
6108
5310
5349
6109
5311
5350
6110
5312
5351
6111
5313
5352
6112
5314
5353
6113
5315
5354
6114
5316
5355
6115
5317
5356
6116
5318
5357
6117
5319
5358
6118
5359
6119
5321
5360
6120
5322
5361
6121
5323
5362
6122
5324
5363
6123
5325
5364
6124
5326
5365
6125
5327
5366
6126
5328
5367
6127
5329
5368
6128
5330
5369
6129
5331
5370
6130
5332
5371
6131
5333
5372
6132
5334
5373
6133
5335
5374
6134
5336
5375
6135
5337
5376
6136
5338
5377
6137
5339
5378
6138
5340
5379
6139
5341
5380
6140
5342
5381
6141
5343
5382
6142
5344
5383
6143
5345
5384
6144
5346
5385
6145
5347
5386
6146
5348
5387
6147
5349
5388
6148
5350
5389
6149
5351
5390
6150
5352
5391
6151
5353
5392
6152
5354
5393
6153
5355
5394
6154
5356
5395
6155
5357
5396
6156
5358
5397
6157
5359
5398
6158
5399
6159
5361
5400
6160
5362
5401
6161
5363
5402
6162
5364
5403
6163
5365
5404
6164
5366
5405
6165
5367
5406
6166
5368
5407
6167
5369
5408
6168
5370
5409
6169
5371
5410
6170
5372
5411
6171
5373
5412
6172
5374
5413
6173
5375
5414
6174
5376
5415
6175
5377
5416
6176
5378
5417
6177
5379
5418
6178
5380
5419
6179
5381
5420
6180
5382
5421
6181
5383
5422
6182
5384
5423
6183
5385
5424
6184
5386
5425
6185
5387
5426
6186
5388
5427
6187
5389
5428
6188
5390
5429
6189
5391
5430
6190
5392
5431
6191
5393
5432
6192
5394
5433
6193
5395
5434
6194
5396
5435
6195
5397
5436
6196
5398
5437
6197
5399
5438
6198
5439
6199
5401
5440
6200
5402
5441
6201
5403
5442
6202
5404
5443
6203
5405
5444
6204
5406
5445
6205
5407
5446
6206
5408
5447
6207
5409
5448
6208
5410
5449
6209
5411
5450
6210
5412
5451
6211
5413
5452
6212
5414
5453
6213
5415
5454
6214
5416
5455
6215
5417
5456
6216
5418
5457
6217
5419
5458
6218
5420
5459
6219
5421
5460
6220
5422
5461
6221
5423
5462
6222
5424
5463
6223
5425
5464
6224
5426
5465
6225
5427
5466
6226
5428
5467
6227
5429
5468
6228
5430
5469
6229
5431
5470
6230
5432
5471
6231
5433
5472
6232
5434
5473
6233
5435
5474
6234
5436
5475
6235
5437
5476
6236
5438
5477
6237
5439
5478
6238
5479
6239
5441
5480
6240
5442
5481
6241
5443
5482
6242
5444
5483
6243
5445
5484
6244
5446
5485
6245
5447
5486
6246
5448
5487
6247
5449
5488
6248
5450
5489
6249
5451
5490
6250
5452
5491
6251
5453
5492
6252
5454
5493
6253
5455
5494
6254
5456
5495
6255
5457
5496
6256
5458
5497
6257
5459
5498
6258
5460
5499
6259
5461
5500
6260
5462
5501
6261
5463
5502
6262
5464
5503
6263
5465
5504
6264
5466
5505
6265
5467
5506
6266
5468
5507
6267
5469
5508
6268
5470
5509
6269
5471
5510
6270
5472
5511
6271
5473
5512
6272
5474
5513
6273
5475
5514
6274
5476
5515
6275
5477
5516
6276
5478
5517
6277
5479
5518
6278
5519
6279
5481
5520
6280
5482
5521
6281
5483
5522
6282
5484
5523
6283
5485
5524
6284
5486
5525
6285
5487
5526
6286
5488
5527
6287
5489
5528
6288
5490
5529
6289
5491
5530
6290
5492
5531
6291
5493
5532
6292
5494
5533
6293
5495
5534
6294
5496
5535
6295
5497
5536
6296
5498
5537
6297
5499
5538
6298
5500
5539
6299
5501
5540
6300
5502
5541
6301
5503
5542
6302
5504
5543
6303
5505
5544
6304
5506
5545
6305
5507
5546
6306
5508
5547
6307
5509
5548
6308
5510
5549
6309
5511
5550
6310
5512
5551
6311
5513
5552
6312
5514
5553
6313
5515
5554
6314
5516
5555
6315
5517
5556
6316
5518
5557
6317
5519
5558
6318
5559
6319
5521
5560
6320
5522
5561
6321
5523
5562
6322
5524
5563
6323
5525
5564
6324
5526
5565
6325
5527
5566
6326
5528
5567
6327
5529
5568
6328
5530
5569
6329
5531
5570
6330
5532
5571
6331
5533
5572
6332
5534
5573
6333
5535
5574
6334
5536
5575
6335
5537
5576
6336
5538
5577
6337
5539
5578
6338
5540
5579
6339
5541
5580
6340
5542
5581
6341
5543
5582
6342
5544
5583
6343
5545
5584
6344
5546
5585
6345
5547
5586
6346
5548
5587
6347
5549
5588
6348
5550
5589
6349
5551
5590
6350
5552
5591
6351
5553
5592
6352
5554
5593
6353
5555
5594
6354
5556
5595
6355
5557
5596
6356
5558
5597
6357
5559
5598
6358
5599
6359
5561
6360
5562
6361
5563
6362
5564
6363
5565
6364
5566
6365
5567
6366
5568
6367
5569
6368
5570
6369
5571
6370
5572
6371
5573
6372
5574
6373
5575
6374
5576
6375
5577
6376
5578
6377
5579
6378
5580
6379
5581
6380
5582
6381
5583
6382
5584
6383
5585
6384
5586
6385
5587
6386
5588
6387
5589
6388
5590
6389
5591
6390
5592
6391
5593
6392
5594
6393
5595
6394
5596
6395
5597
6396
5598
6397
5599
6398
6399
5601
5640
6400
5602
5641
6401
5603
5642
6402
5604
5643
6403
5605
5644
6404
5606
5645
6405
5607
5646
6406
5608
5647
6407
5609
5648
6408
5610
5649
6409
5611
5650
6410
5612
5651
6411
5613
5652
6412
5614
5653
6413
5615
5654
6414
5616
5655
6415
5617
5656
6416
5618
5657
6417
5619
5658
6418
5620
5659
6419
5621
5660
6420
5622
5661
6421
5623
5662
6422
5624
5663
6423
5625
5664
6424
5626
5665
6425
5627
5666
6426
5628
5667
6427
5629
5668
6428
5630
5669
6429
5631
5670
6430
5632
5671
6431
5633
5672
6432
5634
5673
6433
5635
5674
6434
5636
5675
6435
5637
5676
6436
5638
5677
6437
5639
5678
6438
5679
6439
5641
5680
6440
5642
5681
6441
5643
5682
6442
5644
5683
6443
5645
5684
6444
5646
5685
6445
5647
5686
6446
5648
5687
6447
5649
5688
6448
5650
5689
6449
5651
5690
6450
5652
5691
6451
5653
5692
6452
5654
5693
6453
5655
5694
6454
5656
5695
6455
5657
5696
6456
5658
5697
6457
5659
5698
6458
5660
5699
6459
5661
5700
6460
5662
5701
6461
5663
5702
6462
5664
5703
6463
5665
5704
6464
5666
5705
6465
5667
5706
6466
5668
5707
6467
5669
5708
6468
5670
5709
6469
5671
5710
6470
5672
5711
6471
5673
5712
6472
5674
5713
6473
5675
5714
6474
5676
5715
6475
5677
5716
6476
5678
5717
6477
5679
5718
6478
5719
6479
5681
5720
6480
5682
5721
6481
5683
5722
6482
5684
5723
6483
5685
5724
6484
5686
5725
6485
5687
5726
6486
5688
5727
6487
5689
5728
6488
5690
5729
6489
5691
5730
6490
5692
5731
6491
5693
5732
6492
5694
5733
6493
5695
5734
6494
5696
5735
6495
5697
5736
6496
5698
5737
6497
5699
5738
6498
5700
5739
6499
5701
5740
6500
5702
5741
6501
5703
5742
6502
5704
5743
6503
5705
5744
6504
5706
5745
6505
5707
5746
6506
5708
5747
6507
5709
5748
6508
5710
5749
6509
5711
5750
6510
5712
5751
6511
5713
5752
6512
5714
5753
6513
5715
5754
6514
5716
5755
6515
5717
5756
6516
5718
5757
6517
5719
5758
6518
5759
6519
5721
5760
6520
5722
5761
6521
5723
5762
6522
5724
5763
6523
5725
5764
6524
5726
5765
6525
5727
5766
6526
5728
5767
6527
5729
5768
6528
5730
5769
6529
5731
5770
6530
5732
5771
6531
5733
5772
6532
5734
5773
6533
5735
5774
6534
5736
5775
6535
5737
5776
6536
5738
5777
6537
5739
5778
6538
5740
5779
6539
5741
5780
6540
5742
5781
6541
5743
5782
6542
5744
5783
6543
5745
5784
6544
5746
5785
6545
5747
5786
6546
5748
5787
6547
5749
5788
6548
5750
5789
6549
5751
5790
6550
5752
5791
6551
5753
5792
6552
5754
5793
6553
5755
5794
6554
5756
5795
6555
5757
5796
6556
5758
5797
6557
5759
5798
6558
5799
6559
5761
5800
6560
5762
5801
6561
5763
5802
6562
5764
5803
6563
5765
5804
6564
5766
5805
6565
5767
5806
6566
5768
5807
6567
5769
5808
6568
5770
5809
6569
5771
5810
6570
5772
5811
6571
5773
5812
6572
5774
5813
6573
5775
5814
6574
5776
5815
6575
5777
5816
6576
5778
5817
6577
5779
5818
6578
5780
5819
6579
5781
5820
6580
5782
5821
6581
5783
5822
6582
5784
5823
6583
5785
5824
6584
5786
5825
6585
5787
5826
6586
5788
5827
6587
5789
5828
6588
5790
5829
6589
5791
5830
6590
5792
5831
6591
5793
5832
6592
5794
5833
6593
5795
5834
6594
5796
5835
6595
5797
5836
6596
5798
5837
6597
5799
5838
6598
5839
6599
5801
5840
6600
5802
5841
6601
5803
5842
6602
5804
5843
6603
5805
5844
6604
5806
5845
6605
5807
5846
6606
5808
5847
6607
5809
5848
6608
5810
5849
6609
5811
5850
6610
5812
5851
6611
5813
5852
6612
5814
5853
6613
5815
5854
6614
5816
5855
6615
5817
5856
6616
5818
5857
6617
5819
5858
6618
5820
5859
6619
5821
5860
6620
5822
5861
6621
5823
5862
6622
5824
5863
6623
5825
5864
6624
5826
5865
6625
5827
5866
6626
5828
5867
6627
5829
5868
6628
5830
5869
6629
5831
5870
6630
5832
5871
6631
5833
5872
6632
5834
5873
6633
5835
5874
6634
5836
5875
6635
5837
5876
6636
5838
5877
6637
5839
5878
6638
5879
6639
5841
5880
6640
5842
5881
6641
5843
5882
6642
5844
5883
6643
5845
5884
6644
5846
5885
6645
5847
5886
6646
5848
5887
6647
5849
5888
6648
5850
5889
6649
5851
5890
6650
5852
5891
6651
5853
5892
6652
5854
5893
6653
5855
5894
6654
5856
5895
6655
5857
5896
6656
5858
5897
6657
5859
5898
6658
5860
5899
6659
5861
5900
6660
5862
5901
6661
5863
5902
6662
5864
5903
6663
5865
5904
6664
5866
5905
6665
5867
5906
6666
5868
5907
6667
5869
5908
6668
5870
5909
6669
5871
5910
6670
5872
5911
6671
5873
5912
6672
5874
5913
6673
5875
5914
6674
5876
5915
6675
5877
5916
6676
5878
5917
6677
5879
5918
6678
5919
6679
5881
5920
6680
5882
5921
6681
5883
5922
6682
5884
5923
6683
5885
5924
6684
5886
5925
6685
5887
5926
6686
5888
5927
6687
5889
5928
6688
5890
5929
6689
5891
5930
6690
5892
5931
6691
5893
5932
6692
5894
5933
6693
5895
5934
6694
5896
5935
6695
5897
5936
6696
5898
5937
6697
5899
5938
6698
5900
5939
6699
5901
5940
6700
5902
5941
6701
5903
5942
6702
5904
5943
6703
5905
5944
6704
5906
5945
6705
5907
5946
6706
5908
5947
6707
5909
5948
6708
5910
5949
6709
5911
5950
6710
5912
5951
6711
5913
5952
6712
5914
5953
6713
5915
5954
6714
5916
5955
6715
5917
5956
6716
5918
5957
6717
5919
5958
6718
5959
6719
5921
5960
6720
5922
5961
6721
5923
5962
6722
5924
5963
6723
5925
5964
6724
5926
5965
6725
5927
5966
6726
5928
5967
6727
5929
5968
6728
5930
5969
6729
5931
5970
6730
5932
5971
6731
5933
5972
6732
5934
5973
6733
5935
5974
6734
5936
5975
6735
5937
5976
6736
5938
5977
6737
5939
5978
6738
5940
5979
6739
5941
5980
6740
5942
5981
6741
5943
5982
6742
5944
5983
6743
5945
5984
6744
5946
5985
6745
5947
5986
6746
5948
5987
6747
5949
5988
6748
5950
5989
6749
5951
5990
6750
5952
5991
6751
5953
5992
6752
5954
5993
6753
5955
5994
6754
5956
5995
6755
5957
5996
6756
5958
5997
6757
5959
5998
6758
5999
6759
5961
6000
6760
5962
6001
6761
5963
6002
6762
5964
6003
6763
5965
6004
6764
5966
6005
6765
5967
6006
6766
5968
6007
6767
5969
6008
6768
5970
6009
6769
5971
6010
6770
5972
6011
6771
5973
6012
6772
5974
6013
6773
5975
6014
6774
5976
6015
6775
5977
6016
6776
5978
6017
6777
5979
6018
6778
5980
6019
6779
5981
6020
6780
5982
6021
6781
5983
6022
6782
5984
6023
6783
5985
6024
6784
5986
6025
6785
5987
6026
6786
5988
6027
6787
5989
6028
6788
5990
6029
6789
5991
6030
6790
5992
6031
6791
5993
6032
6792
5994
6033
6793
5995
6034
6794
5996
6035
6795
5997
6036
6796
5998
6037
6797
5999
6038
6798
6039
6799
6001
6040
6800
6002
6041
6801
6003
6042
6802
6004
6043
6803
6005
6044
6804
6006
6045
6805
6007
6046
6806
6008
6047
6807
6009
6048
6808
6010
6049
6809
6011
6050
6810
6012
6051
6811
6013
6052
6812
6014
6053
6813
6015
6054
6814
6016
6055
6815
6017
6056
6816
6018
6057
6817
6019
6058
6818
6020
6059
6819
6021
6060
6820
6022
6061
6821
6023
6062
6822
6024
6063
6823
6025
6064
6824
6026
6065
6825
6027
6066
6826
6028
6067
6827
6029
6068
6828
6030
6069
6829
6031
6070
6830
6032
6071
6831
6033
6072
6832
6034
6073
6833
6035
6074
6834
6036
6075
6835
6037
6076
6836
6038
6077
6837
6039
6078
6838
6079
6839
6041
6080
6840
6042
6081
6841
6043
6082
6842
6044
6083
6843
6045
6084
6844
6046
6085
6845
6047
6086
6846
6048
6087
6847
6049
6088
6848
6050
6089
6849
6051
6090
6850
6052
6091
6851
6053
6092
6852
6054
6093
6853
6055
6094
6854
6056
6095
6855
6057
6096
6856
6058
6097
6857
6059
6098
6858
6060
6099
6859
6061
6100
6860
6062
6101
6861
6063
6102
6862
6064
6103
6863
6065
6104
6864
6066
6105
6865
6067
6106
6866
6068
6107
6867
6069
6108
6868
6070
6109
6869
6071
6110
6870
6072
6111
6871
6073
6112
6872
6074
6113
6873
6075
6114
6874
6076
6115
6875
6077
6116
6876
6078
6117
6877
6079
6118
6878
6119
6879
6081
6120
6880
6082
6121
6881
6083
6122
6882
6084
6123
6883
6085
6124
6884
6086
6125
6885
6087
6126
6886
6088
6127
6887
6089
6128
6888
6090
6129
6889
6091
6130
6890
6092
6131
6891
6093
6132
6892
6094
6133
6893
6095
6134
6894
6096
6135
6895
6097
6136
6896
6098
6137
6897
6099
6138
6898
6100
6139
6899
6101
6140
6900
6102
6141
6901
6103
6142
6902
6104
6143
6903
6105
6144
6904
6106
6145
6905
6107
6146
6906
6108
6147
6907
6109
6148
6908
6110
6149
6909
6111
6150
6910
6112
6151
6911
6113
6152
6912
6114
6153
6913
6115
6154
6914
6116
6155
6915
6117
6156
6916
6118
6157
6917
6119
6158
6918
6159
6919
6121
6160
6920
6122
6161
6921
6123
6162
6922
6124
6163
6923
6125
6164
6924
6126
6165
6925
6127
6166
6926
6128
6167
6927
6129
6168
6928
6130
6169
6929
6131
6170
6930
6132
6171
6931
6133
6172
6932
6134
6173
6933
6135
6174
6934
6136
6175
6935
6137
6176
6936
6138
6177
6937
6139
6178
6938
6140
6179
6939
6141
6180
6940
6142
6181
6941
6143
6182
6942
6144
6183
6943
6145
6184
6944
6146
6185
6945
6147
6186
6946
6148
6187
6947
6149
6188
6948
6150
6189
6949
6151
6190
6950
6152
6191
6951
6153
6192
6952
6154
6193
6953
6155
6194
6954
6156
6195
6955
6157
6196
6956
6158
6197
6957
6159
6198
6958
6199
6959
6161
6200
6960
6162
6201
6961
6163
6202
6962
6164
6203
6963
6165
6204
6964
6166
6205
6965
6167
6206
6966
6168
6207
6967
6169
6208
6968
6170
6209
6969
6171
6210
6970
6172
6211
6971
6173
6212
6972
6174
6213
6973
6175
6214
6974
6176
6215
6975
6177
6216
6976
6178
6217
6977
6179
6218
6978
6180
6219
6979
6181
6220
6980
6182
6221
6981
6183
6222
6982
6184
6223
6983
6185
6224
6984
6186
6225
6985
6187
6226
6986
6188
6227
6987
6189
6228
6988
6190
6229
6989
6191
6230
6990
6192
6231
6991
6193
6232
6992
6194
6233
6993
6195
6234
6994
6196
6235
6995
6197
6236
6996
6198
6237
6997
6199
6238
6998
6239
6999
6201
6240
7000
6202
6241
7001
6203
6242
7002
6204
6243
7003
6205
6244
7004
6206
6245
7005
6207
6246
7006
6208
6247
7007
6209
6248
7008
6210
6249
7009
6211
6250
7010
6212
6251
7011
6213
6252
7012
6214
6253
7013
6215
6254
7014
6216
6255
7015
6217
6256
7016
6218
6257
7017
6219
6258
7018
6220
6259
7019
6221
6260
7020
6222
6261
7021
6223
6262
7022
6224
6263
7023
6225
6264
7024
6226
6265
7025
6227
6266
7026
6228
6267
7027
6229
6268
7028
6230
6269
7029
6231
6270
7030
6232
6271
7031
6233
6272
7032
6234
6273
7033
6235
6274
7034
6236
6275
7035
6237
6276
7036
6238
6277
7037
6239
6278
7038
6279
7039
6241
6280
7040
6242
6281
7041
6243
6282
7042
6244
6283
7043
6245
6284
7044
6246
6285
7045
6247
6286
7046
6248
6287
7047
6249
6288
7048
6250
6289
7049
6251
6290
7050
6252
6291
7051
6253
6292
7052
6254
6293
7053
6255
6294
7054
6256
6295
7055
6257
6296
7056
6258
6297
7057
6259
6298
7058
6260
6299
7059
6261
6300
7060
6262
6301
7061
6263
6302
7062
6264
6303
7063
6265
6304
7064
6266
6305
7065
6267
6306
7066
6268
6307
7067
6269
6308
7068
6270
6309
7069
6271
6310
7070
6272
6311
7071
6273
6312
7072
6274
6313
7073
6275
6314
7074
6276
6315
7075
6277
6316
7076
6278
6317
7077
6279
6318
7078
6319
7079
6281
6320
7080
6282
6321
7081
6283
6322
7082
6284
6323
7083
6285
6324
7084
6286
6325
7085
6287
6326
7086
6288
6327
7087
6289
6328
7088
6290
6329
7089
6291
6330
7090
6292
6331
7091
6293
6332
7092
6294
6333
7093
6295
6334
7094
6296
6335
7095
6297
6336
7096
6298
6337
7097
6299
6338
7098
6300
6339
7099
6301
6340
7100
6302
6341
7101
6303
6342
7102
6304
6343
7103
6305
6344
7104
6306
6345
7105
6307
6346
7106
6308
6347
7107
6309
6348
7108
6310
6349
7109
6311
6350
7110
6312
6351
7111
6313
6352
7112
6314
6353
7113
6315
6354
7114
6316
6355
7115
6317
6356
7116
6318
6357
7117
6319
6358
7118
6359
7119
6321
6360
7120
6322
6361
7121
6323
6362
7122
6324
6363
7123
6325
6364
7124
6326
6365
7125
6327
6366
7126
6328
6367
7127
6329
6368
7128
6330
6369
7129
6331
6370
7130
6332
6371
7131
6333
6372
7132
6334
6373
7133
6335
6374
7134
6336
6375
7135
6337
6376
7136
6338
6377
7137
6339
6378
7138
6340
6379
7139
6341
6380
7140
6342
6381
7141
6343
6382
7142
6344
6383
7143
6345
6384
7144
6346
6385
7145
6347
6386
7146
6348
6387
7147
6349
6388
7148
6350
6389
7149
6351
6390
7150
6352
6391
7151
6353
6392
7152
6354
6393
7153
6355
6394
7154
6356
6395
7155
6357
6396
7156
6358
6397
7157
6359
6398
7158
6399
7159
6361
7160
6362
7161
6363
7162
6364
7163
6365
7164
6366
7165
6367
7166
6368
7167
6369
7168
6370
7169
6371
7170
6372
7171
6373
7172
6374
7173
6375
7174
6376
7175
6377
7176
6378
7177
6379
7178
6380
7179
6381
7180
6382
7181
6383
7182
6384
7183
6385
7184
6386
7185
6387
7186
6388
7187
6389
7188
6390
7189
6391
7190
6392
7191
6393
7192
6394
7193
6395
7194
6396
7195
6397
7196
6398
7197
6399
7198
7199
6401
6440
7200
6402
6441
7201
6403
6442
7202
6404
6443
7203
6405
6444
7204
6406
6445
7205
6407
6446
7206
6408
6447
7207
6409
6448
7208
6410
6449
7209
6411
6450
7210
6412
6451
7211
6413
6452
7212
6414
6453
7213
6415
6454
7214
6416
6455
7215
6417
6456
7216
6418
6457
7217
6419
6458
7218
6420
6459
7219
6421
6460
7220
6422
6461
7221
6423
6462
7222
6424
6463
7223
6425
6464
7224
6426
6465
7225
6427
6466
7226
6428
6467
7227
6429
6468
7228
6430
6469
7229
6431
6470
7230
6432
6471
7231
6433
6472
7232
6434
6473
7233
6435
6474
7234
6436
6475
7235
6437
6476
7236
6438
6477
7237
6439
6478
7238
6479
7239
6441
6480
7240
6442
6481
7241
6443
6482
7242
6444
6483
7243
6445
6484
7244
6446
6485
7245
6447
6486
7246
6448
6487
7247
6449
6488
7248
6450
6489
7249
6451
6490
7250
6452
6491
7251
6453
6492
7252
6454
6493
7253
6455
6494
7254
6456
6495
7255
6457
6496
7256
6458
6497
7257
6459
6498
7258
6460
6499
7259
6461
6500
7260
6462
6501
7261
6463
6502
7262
6464
6503
7263
6465
6504
7264
6466
6505
7265
6467
6506
7266
6468
6507
7267
6469
6508
7268
6470
6509
7269
6471
6510
7270
6472
6511
7271
6473
6512
7272
6474
6513
7273
6475
6514
7274
6476
6515
7275
6477
6516
7276
6478
6517
7277
6479
6518
7278
6519
7279
6481
6520
7280
6482
6521
7281
6483
6522
7282
6484
6523
7283
6485
6524
7284
6486
6525
7285
6487
6526
7286
6488
6527
7287
6489
6528
7288
6490
6529
7289
6491
6530
7290
6492
6531
7291
6493
6532
7292
6494
6533
7293
6495
6534
7294
6496
6535
7295
6497
6536
7296
6498
6537
7297
6499
6538
7298
6500
6539
7299
6501
6540
7300
6502
6541
7301
6503
6542
7302
6504
6543
7303
6505
6544
7304
6506
6545
7305
6507
6546
7306
6508
6547
7307
6509
6548
7308
6510
6549
7309
6511
6550
7310
6512
6551
7311
6513
6552
7312
6514
6553
7313
6515
6554
7314
6516
6555
7315
6517
6556
7316
6518
6557
7317
6519
6558
7318
6559
7319
6521
6560
7320
6522
6561
7321
6523
6562
7322
6524
6563
7323
6525
6564
7324
6526
6565
7325
6527
6566
7326
6528
6567
7327
6529
6568
7328
6530
6569
7329
6531
6570
7330
6532
6571
7331
6533
6572
7332
6534
6573
7333
6535
6574
7334
6536
6575
7335
6537
6576
7336
6538
6577
7337
6539
6578
7338
6540
6579
7339
6541
6580
7340
6542
6581
7341
6543
6582
7342
6544
6583
7343
6545
6584
7344
6546
6585
7345
6547
6586
7346
6548
6587
7347
6549
6588
7348
6550
6589
7349
6551
6590
7350
6552
6591
7351
6553
6592
7352
6554
6593
7353
6555
6594
7354
6556
6595
7355
6557
6596
7356
6558
6597
7357
6559
6598
7358
6599
7359
6561
6600
7360
6562
6601
7361
6563
6602
7362
6564
6603
7363
6565
6604
7364
6566
6605
7365
6567
6606
7366
6568
6607
7367
6569
6608
7368
6570
6609
7369
6571
6610
7370
6572
6611
7371
6573
6612
7372
6574
6613
7373
6575
6614
7374
6576
6615
7375
6577
6616
7376
6578
6617
7377
6579
6618
7378
6580
6619
7379
6581
6620
7380
6582
6621
7381
6583
6622
7382
6584
6623
7383
6585
6624
7384
6586
6625
7385
6587
6626
7386
6588
6627
7387
6589
6628
7388
6590
6629
7389
6591
6630
7390
6592
6631
7391
6593
6632
7392
6594
6633
7393
6595
6634
7394
6596
6635
7395
6597
6636
7396
6598
6637
7397
6599
6638
7398
6639
7399
6601
6640
7400
6602
6641
7401
6603
6642
7402
6604
6643
7403
6605
6644
7404
6606
6645
7405
6607
6646
7406
6608
6647
7407
6609
6648
7408
6610
6649
7409
6611
6650
7410
6612
6651
7411
6613
6652
7412
6614
6653
7413
6615
6654
7414
6616
6655
7415
6617
6656
7416
6618
6657
7417
6619
6658
7418
6620
6659
7419
6621
6660
7420
6622
6661
7421
6623
6662
7422
6624
6663
7423
6625
6664
7424
6626
6665
7425
6627
6666
7426
6628
6667
7427
6629
6668
7428
6630
6669
7429
6631
6670
7430
6632
6671
7431
6633
6672
7432
6634
6673
7433
6635
6674
7434
6636
6675
7435
6637
6676
7436
6638
6677
7437
6639
6678
7438
6679
7439
6641
6680
7440
6642
6681
7441
6643
6682
7442
6644
6683
7443
6645
6684
7444
6646
6685
7445
6647
6686
7446
6648
6687
7447
6649
6688
7448
6650
6689
7449
6651
6690
7450
6652
6691
7451
6653
6692
7452
6654
6693
7453
6655
6694
7454
6656
6695
7455
6657
6696
7456
6658
6697
7457
6659
6698
7458
6660
6699
7459
6661
6700
7460
6662
6701
7461
6663
6702
7462
6664
6703
7463
6665
6704
7464
6666
6705
7465
6667
6706
7466
6668
6707
7467
6669
6708
7468
6670
6709
7469
6671
6710
7470
6672
6711
7471
6673
6712
7472
6674
6713
7473
6675
6714
7474
6676
6715
7475
6677
6716
7476
6678
6717
7477
6679
6718
7478
6719
7479
6681
6720
7480
6682
6721
7481
6683
6722
7482
6684
6723
7483
6685
6724
7484
6686
6725
7485
6687
6726
7486
6688
6727
7487
6689
6728
7488
6690
6729
7489
6691
6730
7490
6692
6731
7491
6693
6732
7492
6694
6733
7493
6695
6734
7494
6696
6735
7495
6697
6736
7496
6698
6737
7497
6699
6738
7498
6700
6739
7499
6701
6740
7500
6702
6741
7501
6703
6742
7502
6704
6743
7503
6705
6744
7504
6706
6745
7505
6707
6746
7506
6708
6747
7507
6709
6748
7508
6710
6749
7509
6711
6750
7510
6712
6751
7511
6713
6752
7512
6714
6753
7513
6715
6754
7514
6716
6755
7515
6717
6756
7516
6718
6757
7517
6719
6758
7518
6759
7519
6721
6760
7520
6722
6761
7521
6723
6762
7522
6724
6763
7523
6725
6764
7524
6726
6765
7525
6727
6766
7526
6728
6767
7527
6729
6768
7528
6730
6769
7529
6731
6770
7530
6732
6771
7531
6733
6772
7532
6734
6773
7533
6735
6774
7534
6736
6775
7535
6737
6776
7536
6738
6777
7537
6739
6778
7538
6740
6779
7539
6741
6780
7540
6742
6781
7541
6743
6782
7542
6744
6783
7543
6745
6784
7544
6746
6785
7545
6747
6786
7546
6748
6787
7547
6749
6788
7548
6750
6789
7549
6751
6790
7550
6752
6791
7551
6753
6792
7552
6754
6793
7553
6755
6794
7554
6756
6795
7555
6757
6796
7556
6758
6797
7557
6759
6798
7558
6799
7559
6761
6800
7560
6762
6801
7561
6763
6802
7562
6764
6803
7563
6765
6804
7564
6766
6805
7565
6767
6806
7566
6768
6807
7567
6769
6808
7568
6770
6809
7569
6771
6810
7570
6772
6811
7571
6773
6812
7572
6774
6813
7573
6775
6814
7574
6776
6815
7575
6777
6816
7576
6778
6817
7577
6779
6818
7578
6780
6819
7579
6781
6820
7580
6782
6821
7581
6783
6822
7582
6784
6823
7583
6785
6824
7584
6786
6825
7585
6787
6826
7586
6788
6827
7587
6789
6828
7588
6790
6829
7589
6791
6830
7590
6792
6831
7591
6793
6832
7592
6794
6833
7593
6795
6834
7594
6796
6835
7595
6797
6836
7596
6798
6837
7597
6799
6838
7598
6839
7599
6801
6840
7600
6802
6841
7601
6803
6842
7602
6804
6843
7603
6805
6844
7604
6806
6845
7605
6807
6846
7606
6808
6847
7607
6809
6848
7608
6810
6849
7609
6811
6850
7610
6812
6851
7611
6813
6852
7612
6814
6853
7613
6815
6854
7614
6816
6855
7615
6817
6856
7616
6818
6857
7617
6819
6858
7618
6820
6859
7619
6821
6860
7620
6822
6861
7621
6823
6862
7622
6824
6863
7623
6825
6864
7624
6826
6865
7625
6827
6866
7626
6828
6867
7627
6829
6868
7628
6830
6869
7629
6831
6870
7630
6832
6871
7631
6833
6872
7632
6834
6873
7633
6835
6874
7634
6836
6875
7635
6837
6876
7636
6838
6877
7637
6839
6878
7638
6879
7639
6841
6880
7640
6842
6881
7641
6843
6882
7642
6844
6883
7643
6845
6884
7644
6846
6885
7645
6847
6886
7646
6848
6887
7647
6849
6888
7648
6850
6889
7649
6851
6890
7650
6852
6891
7651
6853
6892
7652
6854
6893
7653
6855
6894
7654
6856
6895
7655
6857
6896
7656
6858
6897
7657
6859
6898
7658
6860
6899
7659
6861
6900
7660
6862
6901
7661
6863
6902
7662
6864
6903
7663
6865
6904
7664
6866
6905
7665
6867
6906
7666
6868
6907
7667
6869
6908
7668
6870
6909
7669
6871
6910
7670
6872
6911
7671
6873
6912
7672
6874
6913
7673
6875
6914
7674
6876
6915
7675
6877
6916
7676
6878
6917
7677
6879
6918
7678
6919
7679
6881
6920
7680
6882
6921
7681
6883
6922
7682
6884
6923
7683
6885
6924
7684
6886
6925
7685
6887
6926
7686
6888
6927
7687
6889
6928
7688
6890
6929
7689
6891
6930
7690
6892
6931
7691
6893
6932
7692
6894
6933
7693
6895
6934
7694
6896
6935
7695
6897
6936
7696
6898
6937
7697
6899
6938
7698
6900
6939
7699
6901
6940
7700
6902
6941
7701
6903
6942
7702
6904
6943
7703
6905
6944
7704
6906
6945
7705
6907
6946
7706
6908
6947
7707
6909
6948
7708
6910
6949
7709
6911
6950
7710
6912
6951
7711
6913
6952
7712
6914
6953
7713
6915
6954
7714
6916
6955
7715
6917
6956
7716
6918
6957
7717
6919
6958
7718
6959
7719
6921
6960
7720
6922
6961
7721
6923
6962
7722
6924
6963
7723
6925
6964
7724
6926
6965
7725
6927
6966
7726
6928
6967
7727
6929
6968
7728
6930
6969
7729
6931
6970
7730
6932
6971
7731
6933
6972
7732
6934
6973
7733
6935
6974
7734
6936
6975
7735
6937
6976
7736
6938
6977
7737
6939
6978
7738
6940
6979
7739
6941
6980
7740
6942
6981
7741
6943
6982
7742
6944
6983
7743
6945
6984
7744
6946
6985
7745
6947
6986
7746
6948
6987
7747
6949
6988
7748
6950
6989
7749
6951
6990
7750
6952
6991
7751
6953
6992
7752
6954
6993
7753
6955
6994
7754
6956
6995
7755
6957
6996
7756
6958
6997
7757
6959
6998
7758
6999
7759
6961
7000
7760
6962
7001
7761
6963
7002
7762
6964
7003
7763
6965
7004
7764
6966
7005
7765
6967
7006
7766
6968
7007
7767
6969
7008
7768
6970
7009
7769
6971
7010
7770
6972
7011
7771
6973
7012
7772
6974
7013
7773
6975
7014
7774
6976
7015
7775
6977
7016
7776
6978
7017
7777
6979
7018
7778
6980
7019
7779
6981
7020
7780
6982
7021
7781
6983
7022
7782
6984
7023
7783
6985
7024
7784
6986
7025
7785
6987
7026
7786
6988
7027
7787
6989
7028
7788
6990
7029
7789
6991
7030
7790
6992
7031
7791
6993
7032
7792
6994
7033
7793
6995
7034
7794
6996
7035
7795
6997
7036
7796
6998
7037
7797
6999
7038
7798
7039
7799
7001
7040
7800
7002
7041
7801
7003
7042
7802
7004
7043
7803
7005
7044
7804
7006
7045
7805
7007
7046
7806
7008
7047
7807
7009
7048
7808
7010
7049
7809
7011
7050
7810
7012
7051
7811
7013
7052
7812
7014
7053
7813
7015
7054
7814
7016
7055
7815
7017
7056
7816
7018
7057
7817
7019
7058
7818
7020
7059
7819
7021
7060
7820
7022
7061
7821
7023
7062
7822
7024
7063
7823
7025
7064
7824
7026
7065
7825
7027
7066
7826
7028
7067
7827
7029
7068
7828
7030
7069
7829
7031
7070
7830
7032
7071
7831
7033
7072
7832
7034
7073
7833
7035
7074
7834
7036
7075
7835
7037
7076
7836
7038
7077
7837
7039
7078
7838
7079
7839
7041
7080
7840
7042
7081
7841
7043
7082
7842
7044
7083
7843
7045
7084
7844
7046
7085
7845
7047
7086
7846
7048
7087
7847
7049
7088
7848
7050
7089
7849
7051
7090
7850
7052
7091
7851
7053
7092
7852
7054
7093
7853
7055
7094
7854
7056
7095
7855
7057
7096
7856
7058
7097
7857
7059
7098
7858
7060
7099
7859
7061
7100
7860
7062
7101
7861
7063
7102
7862
7064
7103
7863
7065
7104
7864
7066
7105
7865
7067
7106
7866
7068
7107
7867
7069
7108
7868
7070
7109
7869
7071
7110
7870
7072
7111
7871
7073
7112
7872
7074
7113
7873
7075
7114
7874
7076
7115
7875
7077
7116
7876
7078
7117
7877
7079
7118
7878
7119
7879
7081
7120
7880
7082
7121
7881
7083
7122
7882
7084
7123
7883
7085
7124
7884
7086
7125
7885
7087
7126
7886
7088
7127
7887
7089
7128
7888
7090
7129
7889
7091
7130
7890
7092
7131
7891
7093
7132
7892
7094
7133
7893
7095
7134
7894
7096
7135
7895
7097
7136
7896
7098
7137
7897
7099
7138
7898
7100
7139
7899
7101
7140
7900
7102
7141
7901
7103
7142
7902
7104
7143
7903
7105
7144
7904
7106
7145
7905
7107
7146
7906
7108
7147
7907
7109
7148
7908
7110
7149
7909
7111
7150
7910
7112
7151
7911
7113
7152
7912
7114
7153
7913
7115
7154
7914
7116
7155
7915
7117
7156
7916
7118
7157
7917
7119
7158
7918
7159
7919
7121
7160
7920
7122
7161
7921
7123
7162
7922
7124
7163
7923
7125
7164
7924
7126
7165
7925
7127
7166
7926
7128
7167
7927
7129
7168
7928
7130
7169
7929
7131
7170
7930
7132
7171
7931
7133
7172
7932
7134
7173
7933
7135
7174
7934
7136
7175
7935
7137
7176
7936
7138
7177
7937
7139
7178
7938
7140
7179
7939
7141
7180
7940
7142
7181
7941
7143
7182
7942
7144
7183
7943
7145
7184
7944
7146
7185
7945
7147
7186
7946
7148
7187
7947
7149
7188
7948
7150
7189
7949
7151
7190
7950
7152
7191
7951
7153
7192
7952
7154
7193
7953
7155
7194
7954
7156
7195
7955
7157
7196
7956
7158
7197
7957
7159
7198
7958
7199
7959
7161
7960
7162
7961
7163
7962
7164
7963
7165
7964
7166
7965
7167
7966
7168
7967
7169
7968
7170
7969
7171
7970
7172
7971
7173
7972
7174
7973
7175
7974
7176
7975
7177
7976
7178
7977
7179
7978
7180
7979
7181
7980
7182
7981
7183
7982
7184
7983
7185
7984
7186
7985
7187
7986
7188
7987
7189
7988
7190
7989
7191
7990
7192
7991
7193
7992
7194
7993
7195
7994
7196
7995
7197
7996
7198
7997
7199
7998
7999
7201
7240
8000
7202
7241
8001
7203
7242
8002
7204
7243
8003
7205
7244
8004
7206
7245
8005
7207
7246
8006
7208
7247
8007
7209
7248
8008
7210
7249
8009
7211
7250
8010
7212
7251
8011
7213
7252
8012
7214
7253
8013
7215
7254
8014
7216
7255
8015
7217
7256
8016
7218
7257
8017
7219
7258
8018
7220
7259
8019
7221
7260
8020
7222
7261
8021
7223
7262
8022
7224
7263
8023
7225
7264
8024
7226
7265
8025
7227
7266
8026
7228
7267
8027
7229
7268
8028
7230
7269
8029
7231
7270
8030
7232
7271
8031
7233
7272
8032
7234
7273
8033
7235
7274
8034
7236
7275
8035
7237
7276
8036
7238
7277
8037
7239
7278
8038
7279
8039
7241
7280
8040
7242
7281
8041
7243
7282
8042
7244
7283
8043
7245
7284
8044
7246
7285
8045
7247
7286
8046
7248
7287
8047
7249
7288
8048
7250
7289
8049
7251
7290
8050
7252
7291
8051
7253
7292
8052
7254
7293
8053
7255
7294
8054
7256
7295
8055
7257
7296
8056
7258
7297
8057
7259
7298
8058
7260
7299
8059
7261
7300
8060
7262
7301
8061
7263
7302
8062
7264
7303
8063
7265
7304
8064
7266
7305
8065
7267
7306
8066
7268
7307
8067
7269
7308
8068
7270
7309
8069
7271
7310
8070
7272
7311
8071
7273
7312
8072
7274
7313
8073
7275
7314
8074
7276
7315
8075
7277
7316
8076
7278
7317
8077
7279
7318
8078
7319
8079
7281
7320
8080
7282
7321
8081
7283
7322
8082
7284
7323
8083
7285
7324
8084
7286
7325
8085
7287
7326
8086
7288
7327
8087
7289
7328
8088
7290
7329
8089
7291
7330
8090
7292
7331
8091
7293
7332
8092
7294
7333
8093
7295
7334
8094
7296
7335
8095
7297
7336
8096
7298
7337
8097
7299
7338
8098
7300
7339
8099
7301
7340
8100
7302
7341
8101
7303
7342
8102
7304
7343
8103
7305
7344
8104
7306
7345
8105
7307
7346
8106
7308
7347
8107
7309
7348
8108
7310
7349
8109
7311
7350
8110
7312
7351
8111
7313
7352
8112
7314
7353
8113
7315
7354
8114
7316
7355
8115
7317
7356
8116
7318
7357
8117
7319
7358
8118
7359
8119
7321
7360
8120
7322
7361
8121
7323
7362
8122
7324
7363
8123
7325
7364
8124
7326
7365
8125
7327
7366
8126
7328
7367
8127
7329
7368
8128
7330
7369
8129
7331
7370
8130
7332
7371
8131
7333
7372
8132
7334
7373
8133
7335
7374
8134
7336
7375
8135
7337
7376
8136
7338
7377
8137
7339
7378
8138
7340
7379
8139
7341
7380
8140
7342
7381
8141
7343
7382
8142
7344
7383
8143
7345
7384
8144
7346
7385
8145
7347
7386
8146
7348
7387
8147
7349
7388
8148
7350
7389
8149
7351
7390
8150
7352
7391
8151
7353
7392
8152
7354
7393
8153
7355
7394
8154
7356
7395
8155
7357
7396
8156
7358
7397
8157
7359
7398
8158
7399
8159
7361
7400
8160
7362
7401
8161
7363
7402
8162
7364
7403
8163
7365
7404
8164
7366
7405
8165
7367
7406
8166
7368
7407
8167
7369
7408
8168
7370
7409
8169
7371
7410
8170
7372
7411
8171
7373
7412
8172
7374
7413
8173
7375
7414
8174
7376
7415
8175
7377
7416
8176
7378
7417
8177
7379
7418
8178
7380
7419
8179
7381
7420
8180
7382
7421
8181
7383
7422
8182
7384
7423
8183
7385
7424
8184
7386
7425
8185
7387
7426
8186
7388
7427
8187
7389
7428
8188
7390
7429
8189
7391
7430
8190
7392
7431
8191
7393
7432
8192
7394
7433
8193
7395
7434
8194
7396
7435
8195
7397
7436
8196
7398
7437
8197
7399
7438
8198
7439
8199
7401
7440
8200
7402
7441
8201
7403
7442
8202
7404
7443
8203
7405
7444
8204
7406
7445
8205
7407
7446
8206
7408
7447
8207
7409
7448
8208
7410
7449
8209
7411
7450
8210
7412
7451
8211
7413
7452
8212
7414
7453
8213
7415
7454
8214
7416
7455
8215
7417
7456
8216
7418
7457
8217
7419
7458
8218
7420
7459
8219
7421
7460
8220
7422
7461
8221
7423
7462
8222
7424
7463
8223
7425
7464
8224
7426
7465
8225
7427
7466
8226
7428
7467
8227
7429
7468
8228
7430
7469
8229
7431
7470
8230
7432
7471
8231
7433
7472
8232
7434
7473
8233
7435
7474
8234
7436
7475
8235
7437
7476
8236
7438
7477
8237
7439
7478
8238
7479
8239
7441
7480
8240
7442
7481
8241
7443
7482
8242
7444
7483
8243
7445
7484
8244
7446
7485
8245
7447
7486
8246
7448
7487
8247
7449
7488
8248
7450
7489
8249
7451
7490
8250
7452
7491
8251
7453
7492
8252
7454
7493
8253
7455
7494
8254
7456
7495
8255
7457
7496
8256
7458
7497
8257
7459
7498
8258
7460
7499
8259
7461
7500
8260
7462
7501
8261
7463
7502
8262
7464
7503
8263
7465
7504
8264
7466
7505
8265
7467
7506
8266
7468
7507
8267
7469
7508
8268
7470
7509
8269
7471
7510
8270
7472
7511
8271
7473
7512
8272
7474
7513
8273
7475
7514
8274
7476
7515
8275
7477
7516
8276
7478
7517
8277
7479
7518
8278
7519
8279
7481
7520
8280
7482
7521
8281
7483
7522
8282
7484
7523
8283
7485
7524
8284
7486
7525
8285
7487
7526
8286
7488
7527
8287
7489
7528
8288
7490
7529
8289
7491
7530
8290
7492
7531
8291
7493
7532
8292
7494
7533
8293
7495
7534
8294
7496
7535
8295
7497
7536
8296
7498
7537
8297
7499
7538
8298
7500
7539
8299
7501
7540
8300
7502
7541
8301
7503
7542
8302
7504
7543
8303
7505
7544
8304
7506
7545
8305
7507
7546
8306
7508
7547
8307
7509
7548
8308
7510
7549
8309
7511
7550
8310
7512
7551
8311
7513
7552
8312
7514
7553
8313
7515
7554
8314
7516
7555
8315
7517
7556
8316
7518
7557
8317
7519
7558
8318
7559
8319
7521
7560
8320
7522
7561
8321
7523
7562
8322
7524
7563
8323
7525
7564
8324
7526
7565
8325
7527
7566
8326
7528
7567
8327
7529
7568
8328
7530
7569
8329
7531
7570
8330
7532
7571
8331
7533
7572
8332
7534
7573
8333
7535
7574
8334
7536
7575
8335
7537
7576
8336
7538
7577
8337
7539
7578
8338
7540
7579
8339
7541
7580
8340
7542
7581
8341
7543
7582
8342
7544
7583
8343
7545
7584
8344
7546
7585
8345
7547
7586
8346
7548
7587
8347
7549
7588
8348
7550
7589
8349
7551
7590
8350
7552
7591
8351
7553
7592
8352
7554
7593
8353
7555
7594
8354
7556
7595
8355
7557
7596
8356
7558
7597
8357
7559
7598
8358
7599
8359
7561
7600
8360
7562
7601
8361
7563
7602
8362
7564
7603
8363
7565
7604
8364
7566
7605
8365
7567
7606
8366
7568
7607
8367
7569
7608
8368
7570
7609
8369
7571
7610
8370
7572
7611
8371
7573
7612
8372
7574
7613
8373
7575
7614
8374
7576
7615
8375
7577
7616
8376
7578
7617
8377
7579
7618
8378
7580
7619
8379
7581
7620
8380
7582
7621
8381
7583
7622
8382
7584
7623
8383
7585
7624
8384
7586
7625
8385
7587
7626
8386
7588
7627
8387
7589
7628
8388
7590
7629
8389
7591
7630
8390
7592
7631
8391
7593
7632
8392
7594
7633
8393
7595
7634
8394
7596
7635
8395
7597
7636
8396
7598
7637
8397
7599
7638
8398
7639
8399
7601
7640
8400
7602
7641
8401
7603
7642
8402
7604
7643
8403
7605
7644
8404
7606
7645
8405
7607
7646
8406
7608
7647
8407
7609
7648
8408
7610
7649
8409
7611
7650
8410
7612
7651
8411
7613
7652
8412
7614
7653
8413
7615
7654
8414
7616
7655
8415
7617
7656
8416
7618
7657
8417
7619
7658
8418
7620
7659
8419
7621
7660
8420
7622
7661
8421
7623
7662
8422
7624
7663
8423
7625
7664
8424
7626
7665
8425
7627
7666
8426
7628
7667
8427
7629
7668
8428
7630
7669
8429
7631
7670
8430
7632
7671
8431
7633
7672
8432
7634
7673
8433
7635
7674
8434
7636
7675
8435
7637
7676
8436
7638
7677
8437
7639
7678
8438
7679
8439
7641
7680
8440
7642
7681
8441
7643
7682
8442
7644
7683
8443
7645
7684
8444
7646
7685
8445
7647
7686
8446
7648
7687
8447
7649
7688
8448
7650
7689
8449
7651
7690
8450
7652
7691
8451
7653
7692
8452
7654
7693
8453
7655
7694
8454
7656
7695
8455
7657
7696
8456
7658
7697
8457
7659
7698
8458
7660
7699
8459
7661
7700
8460
7662
7701
8461
7663
7702
8462
7664
7703
8463
7665
7704
8464
7666
7705
8465
7667
7706
8466
7668
7707
8467
7669
7708
8468
7670
7709
8469
7671
7710
8470
7672
7711
8471
7673
7712
8472
7674
7713
8473
7675
7714
8474
7676
7715
8475
7677
7716
8476
7678
7717
8477
7679
7718
8478
7719
8479
7681
7720
8480
7682
7721
8481
7683
7722
8482
7684
7723
8483
7685
7724
8484
7686
7725
8485
7687
7726
8486
7688
7727
8487
7689
7728
8488
7690
7729
8489
7691
7730
8490
7692
7731
8491
7693
7732
8492
7694
7733
8493
7695
7734
8494
7696
7735
8495
7697
7736
8496
7698
7737
8497
7699
7738
8498
7700
7739
8499
7701
7740
8500
7702
7741
8501
7703
7742
8502
7704
7743
8503
7705
7744
8504
7706
7745
8505
7707
7746
8506
7708
7747
8507
7709
7748
8508
7710
7749
8509
7711
7750
8510
7712
7751
8511
7713
7752
8512
7714
7753
8513
7715
7754
8514
7716
7755
8515
7717
7756
8516
7718
7757
8517
7719
7758
8518
7759
8519
7721
7760
8520
7722
7761
8521
7723
7762
8522
7724
7763
8523
7725
7764
8524
7726
7765
8525
7727
7766
8526
7728
7767
8527
7729
7768
8528
7730
7769
8529
7731
7770
8530
7732
7771
8531
7733
7772
8532
7734
7773
8533
7735
7774
8534
7736
7775
8535
7737
7776
8536
7738
7777
8537
7739
7778
8538
7740
7779
8539
7741
7780
8540
7742
7781
8541
7743
7782
8542
7744
7783
8543
7745
7784
8544
7746
7785
8545
7747
7786
8546
7748
7787
8547
7749
7788
8548
7750
7789
8549
7751
7790
8550
7752
7791
8551
7753
7792
8552
7754
7793
8553
7755
7794
8554
7756
7795
8555
7757
7796
8556
7758
7797
8557
7759
7798
8558
7799
8559
7761
7800
8560
7762
7801
8561
7763
7802
8562
7764
7803
8563
7765
7804
8564
7766
7805
8565
7767
7806
8566
7768
7807
8567
7769
7808
8568
7770
7809
8569
7771
7810
8570
7772
7811
8571
7773
7812
8572
7774
7813
8573
7775
7814
8574
7776
7815
8575
7777
7816
8576
7778
7817
8577
7779
7818
8578
7780
7819
8579
7781
7820
8580
7782
7821
8581
7783
7822
8582
7784
7823
8583
7785
7824
8584
7786
7825
8585
7787
7826
8586
7788
7827
8587
7789
7828
8588
7790
7829
8589
7791
7830
8590
7792
7831
8591
7793
7832
8592
7794
7833
8593
7795
7834
8594
7796
7835
8595
7797
7836
8596
7798
7837
8597
7799
7838
8598
7839
8599
7801
7840
8600
7802
7841
8601
7803
7842
8602
7804
7843
8603
7805
7844
8604
7806
7845
8605
7807
7846
8606
7808
7847
8607
7809
7848
8608
7810
7849
8609
7811
7850
8610
7812
7851
8611
7813
7852
8612
7814
7853
8613
7815
7854
8614
7816
7855
8615
7817
7856
8616
7818
7857
8617
7819
7858
8618
7820
7859
8619
7821
7860
8620
7822
7861
8621
7823
7862
8622
7824
7863
8623
7825
7864
8624
7826
7865
8625
7827
7866
8626
7828
7867
8627
7829
7868
8628
7830
7869
8629
7831
7870
8630
7832
7871
8631
7833
7872
8632
7834
7873
8633
7835
7874
8634
7836
7875
8635
7837
7876
8636
7838
7877
8637
7839
7878
8638
7879
8639
7841
7880
8640
7842
7881
8641
7843
7882
8642
7844
7883
8643
7845
7884
8644
7846
7885
8645
7847
7886
8646
7848
7887
8647
7849
7888
8648
7850
7889
8649
7851
7890
8650
7852
7891
8651
7853
7892
8652
7854
7893
8653
7855
7894
8654
7856
7895
8655
7857
7896
8656
7858
7897
8657
7859
7898
8658
7860
7899
8659
7861
7900
8660
7862
7901
8661
7863
7902
8662
7864
7903
8663
7865
7904
8664
7866
7905
8665
7867
7906
8666
7868
7907
8667
7869
7908
8668
7870
7909
8669
7871
7910
8670
7872
7911
8671
7873
7912
8672
7874
7913
8673
7875
7914
8674
7876
7915
8675
7877
7916
8676
7878
7917
8677
7879
7918
8678
7919
8679
7881
7920
8680
7882
7921
8681
7883
7922
8682
7884
7923
8683
7885
7924
8684
7886
7925
8685
7887
7926
8686
7888
7927
8687
7889
7928
8688
7890
7929
8689
7891
7930
8690
7892
7931
8691
7893
7932
8692
7894
7933
8693
7895
7934
8694
7896
7935
8695
7897
7936
8696
7898
7937
8697
7899
7938
8698
7900
7939
8699
7901
7940
8700
7902
7941
8701
7903
7942
8702
7904
7943
8703
7905
7944
8704
7906
7945
8705
7907
7946
8706
7908
7947
8707
7909
7948
8708
7910
7949
8709
7911
7950
8710
7912
7951
8711
7913
7952
8712
7914
7953
8713
7915
7954
8714
7916
7955
8715
7917
7956
8716
7918
7957
8717
7919
7958
8718
7959
8719
7921
7960
8720
7922
7961
8721
7923
7962
8722
7924
7963
8723
7925
7964
8724
7926
7965
8725
7927
7966
8726
7928
7967
8727
7929
7968
8728
7930
7969
8729
7931
7970
8730
7932
7971
8731
7933
7972
8732
7934
7973
8733
7935
7974
8734
7936
7975
8735
7937
7976
8736
7938
7977
8737
7939
7978
8738
7940
7979
8739
7941
7980
8740
7942
7981
8741
7943
7982
8742
7944
7983
8743
7945
7984
8744
7946
7985
8745
7947
7986
8746
7948
7987
8747
7949
7988
8748
7950
7989
8749
7951
7990
8750
7952
7991
8751
7953
7992
8752
7954
7993
8753
7955
7994
8754
7956
7995
8755
7957
7996
8756
7958
7997
8757
7959
7998
8758
7999
8759
7961
8760
7962
8761
7963
8762
7964
8763
7965
8764
7966
8765
7967
8766
7968
8767
7969
8768
7970
8769
7971
8770
7972
8771
7973
8772
7974
8773
7975
8774
7976
8775
7977
8776
7978
8777
7979
8778
7980
8779
7981
8780
7982
8781
7983
8782
7984
8783
7985
8784
7986
8785
7987
8786
7988
8787
7989
8788
7990
8789
7991
8790
7992
8791
7993
8792
7994
8793
7995
8794
7996
8795
7997
8796
7998
8797
7999
8798
8799
8001
8040
8800
8002
8041
8801
8003
8042
8802
8004
8043
8803
8005
8044
8804
8006
8045
8805
8007
8046
8806
8008
8047
8807
8009
8048
8808
8010
8049
8809
8011
8050
8810
8012
8051
8811
8013
8052
8812
8014
8053
8813
8015
8054
8814
8016
8055
8815
8017
8056
8816
8018
8057
8817
8019
8058
8818
8020
8059
8819
8021
8060
8820
8022
8061
8821
8023
8062
8822
8024
8063
8823
8025
8064
8824
8026
8065
8825
8027
8066
8826
8028
8067
8827
8029
8068
8828
8030
8069
8829
8031
8070
8830
8032
8071
8831
8033
8072
8832
8034
8073
8833
8035
8074
8834
8036
8075
8835
8037
8076
8836
8038
8077
8837
8039
8078
8838
8079
8839
8041
8080
8840
8042
8081
8841
8043
8082
8842
8044
8083
8843
8045
8084
8844
8046
8085
8845
8047
8086
8846
8048
8087
8847
8049
8088
8848
8050
8089
8849
8051
8090
8850
8052
8091
8851
8053
8092
8852
8054
8093
8853
8055
8094
8854
8056
8095
8855
8057
8096
8856
8058
8097
8857
8059
8098
8858
8060
8099
8859
8061
8100
8860
8062
8101
8861
8063
8102
8862
8064
8103
8863
8065
8104
8864
8066
8105
8865
8067
8106
8866
8068
8107
8867
8069
8108
8868
8070
8109
8869
8071
8110
8870
8072
8111
8871
8073
8112
8872
8074
8113
8873
8075
8114
8874
8076
8115
8875
8077
8116
8876
8078
8117
8877
8079
8118
8878
8119
8879
8081
8120
8880
8082
8121
8881
8083
8122
8882
8084
8123
8883
8085
8124
8884
8086
8125
8885
8087
8126
8886
8088
8127
8887
8089
8128
8888
8090
8129
8889
8091
8130
8890
8092
8131
8891
8093
8132
8892
8094
8133
8893
8095
8134
8894
8096
8135
8895
8097
8136
8896
8098
8137
8897
8099
8138
8898
8100
8139
8899
8101
8140
8900
8102
8141
8901
8103
8142
8902
8104
8143
8903
8105
8144
8904
8106
8145
8905
8107
8146
8906
8108
8147
8907
8109
8148
8908
8110
8149
8909
8111
8150
8910
8112
8151
8911
8113
8152
8912
8114
8153
8913
8115
8154
8914
8116
8155
8915
8117
8156
8916
8118
8157
8917
8119
8158
8918
8159
8919
8121
8160
8920
8122
8161
8921
8123
8162
8922
8124
8163
8923
8125
8164
8924
8126
8165
8925
8127
8166
8926
8128
8167
8927
8129
8168
8928
8130
8169
8929
8131
8170
8930
8132
8171
8931
8133
8172
8932
8134
8173
8933
8135
8174
8934
8136
8175
8935
8137
8176
8936
8138
8177
8937
8139
8178
8938
8140
8179
8939
8141
8180
8940
8142
8181
8941
8143
8182
8942
8144
8183
8943
8145
8184
8944
8146
8185
8945
8147
8186
8946
8148
8187
8947
8149
8188
8948
8150
8189
8949
8151
8190
8950
8152
8191
8951
8153
8192
8952
8154
8193
8953
8155
8194
8954
8156
8195
8955
8157
8196
8956
8158
8197
8957
8159
8198
8958
8199
8959
8161
8200
8960
8162
8201
8961
8163
8202
8962
8164
8203
8963
8165
8204
8964
8166
8205
8965
8167
8206
8966
8168
8207
8967
8169
8208
8968
8170
8209
8969
8171
8210
8970
8172
8211
8971
8173
8212
8972
8174
8213
8973
8175
8214
8974
8176
8215
8975
8177
8216
8976
8178
8217
8977
8179
8218
8978
8180
8219
8979
8181
8220
8980
8182
8221
8981
8183
8222
8982
8184
8223
8983
8185
8224
8984
8186
8225
8985
8187
8226
8986
8188
8227
8987
8189
8228
8988
8190
8229
8989
8191
8230
8990
8192
8231
8991
8193
8232
8992
8194
8233
8993
8195
8234
8994
8196
8235
8995
8197
8236
8996
8198
8237
8997
8199
8238
8998
8239
8999
8201
8240
9000
8202
8241
9001
8203
8242
9002
8204
8243
9003
8205
8244
9004
8206
8245
9005
8207
8246
9006
8208
8247
9007
8209
8248
9008
8210
8249
9009
8211
8250
9010
8212
8251
9011
8213
8252
9012
8214
8253
9013
8215
8254
9014
8216
8255
9015
8217
8256
9016
8218
8257
9017
8219
8258
9018
8220
8259
9019
8221
8260
9020
8222
8261
9021
8223
8262
9022
8224
8263
9023
8225
8264
9024
8226
8265
9025
8227
8266
9026
8228
8267
9027
8229
8268
9028
8230
8269
9029
8231
8270
9030
8232
8271
9031
8233
8272
9032
8234
8273
9033
8235
8274
9034
8236
8275
9035
8237
8276
9036
8238
8277
9037
8239
8278
9038
8279
9039
8241
8280
9040
8242
8281
9041
8243
8282
9042
8244
8283
9043
8245
8284
9044
8246
8285
9045
8247
8286
9046
8248
8287
9047
8249
8288
9048
8250
8289
9049
8251
8290
9050
8252
8291
9051
8253
8292
9052
8254
8293
9053
8255
8294
9054
8256
8295
9055
8257
8296
9056
8258
8297
9057
8259
8298
9058
8260
8299
9059
8261
8300
9060
8262
8301
9061
8263
8302
9062
8264
8303
9063
8265
8304
9064
8266
8305
9065
8267
8306
9066
8268
8307
9067
8269
8308
9068
8270
8309
9069
8271
8310
9070
8272
8311
9071
8273
8312
9072
8274
8313
9073
8275
8314
9074
8276
8315
9075
8277
8316
9076
8278
8317
9077
8279
8318
9078
8319
9079
8281
8320
9080
8282
8321
9081
8283
8322
9082
8284
8323
9083
8285
8324
9084
8286
8325
9085
8287
8326
9086
8288
8327
9087
8289
8328
9088
8290
8329
9089
8291
8330
9090
8292
8331
9091
8293
8332
9092
8294
8333
9093
8295
8334
9094
8296
8335
9095
8297
8336
9096
8298
8337
9097
8299
8338
9098
8300
8339
9099
8301
8340
9100
8302
8341
9101
8303
8342
9102
8304
8343
9103
8305
8344
9104
8306
8345
9105
8307
8346
9106
8308
8347
9107
8309
8348
9108
8310
8349
9109
8311
8350
9110
8312
8351
9111
8313
8352
9112
8314
8353
9113
8315
8354
9114
8316
8355
9115
8317
8356
9116
8318
8357
9117
8319
8358
9118
8359
9119
8321
8360
9120
8322
8361
9121
8323
8362
9122
8324
8363
9123
8325
8364
9124
8326
8365
9125
8327
8366
9126
8328
8367
9127
8329
8368
9128
8330
8369
9129
8331
8370
9130
8332
8371
9131
8333
8372
9132
8334
8373
9133
8335
8374
9134
8336
8375
9135
8337
8376
9136
8338
8377
9137
8339
8378
9138
8340
8379
9139
8341
8380
9140
8342
8381
9141
8343
8382
9142
8344
8383
9143
8345
8384
9144
8346
8385
9145
8347
8386
9146
8348
8387
9147
8349
8388
9148
8350
8389
9149
8351
8390
9150
8352
8391
9151
8353
8392
9152
8354
8393
9153
8355
8394
9154
8356
8395
9155
8357
8396
9156
8358
8397
9157
8359
8398
9158
8399
9159
8361
8400
9160
8362
8401
9161
8363
8402
9162
8364
8403
9163
8365
8404
9164
8366
8405
9165
8367
8406
9166
8368
8407
9167
8369
8408
9168
8370
8409
9169
8371
8410
9170
8372
8411
9171
8373
8412
9172
8374
8413
9173
8375
8414
9174
8376
8415
9175
8377
8416
9176
8378
8417
9177
8379
8418
9178
8380
8419
9179
8381
8420
9180
8382
8421
9181
8383
8422
9182
8384
8423
9183
8385
8424
9184
8386
8425
9185
8387
8426
9186
8388
8427
9187
8389
8428
9188
8390
8429
9189
8391
8430
9190
8392
8431
9191
8393
8432
9192
8394
8433
9193
8395
8434
9194
8396
8435
9195
8397
8436
9196
8398
8437
9197
8399
8438
9198
8439
9199
8401
8440
9200
8402
8441
9201
8403
8442
9202
8404
8443
9203
8405
8444
9204
8406
8445
9205
8407
8446
9206
8408
8447
9207
8409
8448
9208
8410
8449
9209
8411
8450
9210
8412
8451
9211
8413
8452
9212
8414
8453
9213
8415
8454
9214
8416
8455
9215
8417
8456
9216
8418
8457
9217
8419
8458
9218
8420
8459
9219
8421
8460
9220
8422
8461
9221
8423
8462
9222
8424
8463
9223
8425
8464
9224
8426
8465
9225
8427
8466
9226
8428
8467
9227
8429
8468
9228
8430
8469
9229
8431
8470
9230
8432
8471
9231
8433
8472
9232
8434
8473
9233
8435
8474
9234
8436
8475
9235
8437
8476
9236
8438
8477
9237
8439
8478
9238
8479
9239
8441
8480
9240
8442
8481
9241
8443
8482
9242
8444
8483
9243
8445
8484
9244
8446
8485
9245
8447
8486
9246
8448
8487
9247
8449
8488
9248
8450
8489
9249
8451
8490
9250
8452
8491
9251
8453
8492
9252
8454
8493
9253
8455
8494
9254
8456
8495
9255
8457
8496
9256
8458
8497
9257
8459
8498
9258
8460
8499
9259
8461
8500
9260
8462
8501
9261
8463
8502
9262
8464
8503
9263
8465
8504
9264
8466
8505
9265
8467
8506
9266
8468
8507
9267
8469
8508
9268
8470
8509
9269
8471
8510
9270
8472
8511
9271
8473
8512
9272
8474
8513
9273
8475
8514
9274
8476
8515
9275
8477
8516
9276
8478
8517
9277
8479
8518
9278
8519
9279
8481
8520
9280
8482
8521
9281
8483
8522
9282
8484
8523
9283
8485
8524
9284
8486
8525
9285
8487
8526
9286
8488
8527
9287
8489
8528
9288
8490
8529
9289
8491
8530
9290
8492
8531
9291
8493
8532
9292
8494
8533
9293
8495
8534
9294
8496
8535
9295
8497
8536
9296
8498
8537
9297
8499
8538
9298
8500
8539
9299
8501
8540
9300
8502
8541
9301
8503
8542
9302
8504
8543
9303
8505
8544
9304
8506
8545
9305
8507
8546
9306
8508
8547
9307
8509
8548
9308
8510
8549
9309
8511
8550
9310
8512
8551
9311
8513
8552
9312
8514
8553
9313
8515
8554
9314
8516
8555
9315
8517
8556
9316
8518
8557
9317
8519
8558
9318
8559
9319
8521
8560
9320
8522
8561
9321
8523
8562
9322
8524
8563
9323
8525
8564
9324
8526
8565
9325
8527
8566
9326
8528
8567
9327
8529
8568
9328
8530
8569
9329
8531
8570
9330
8532
8571
9331
8533
8572
9332
8534
8573
9333
8535
8574
9334
8536
8575
9335
8537
8576
9336
8538
8577
9337
8539
8578
9338
8540
8579
9339
8541
8580
9340
8542
8581
9341
8543
8582
9342
8544
8583
9343
8545
8584
9344
8546
8585
9345
8547
8586
9346
8548
8587
9347
8549
8588
9348
8550
8589
9349
8551
8590
9350
8552
8591
9351
8553
8592
9352
8554
8593
9353
8555
8594
9354
8556
8595
9355
8557
8596
9356
8558
8597
9357
8559
8598
9358
8599
9359
8561
8600
9360
8562
8601
9361
8563
8602
9362
8564
8603
9363
8565
8604
9364
8566
8605
9365
8567
8606
9366
8568
8607
9367
8569
8608
9368
8570
8609
9369
8571
8610
9370
8572
8611
9371
8573
8612
9372
8574
8613
9373
8575
8614
9374
8576
8615
9375
8577
8616
9376
8578
8617
9377
8579
8618
9378
8580
8619
9379
8581
8620
9380
8582
8621
9381
8583
8622
9382
8584
8623
9383
8585
8624
9384
8586
8625
9385
8587
8626
9386
8588
8627
9387
8589
8628
9388
8590
8629
9389
8591
8630
9390
8592
8631
9391
8593
8632
9392
8594
8633
9393
8595
8634
9394
8596
8635
9395
8597
8636
9396
8598
8637
9397
8599
8638
9398
8639
9399
8601
8640
9400
8602
8641
9401
8603
8642
9402
8604
8643
9403
8605
8644
9404
8606
8645
9405
8607
8646
9406
8608
8647
9407
8609
8648
9408
8610
8649
9409
8611
8650
9410
8612
8651
9411
8613
8652
9412
8614
8653
9413
8615
8654
9414
8616
8655
9415
8617
8656
9416
8618
8657
9417
8619
8658
9418
8620
8659
9419
8621
8660
9420
8622
8661
9421
8623
8662
9422
8624
8663
9423
8625
8664
9424
8626
8665
9425
8627
8666
9426
8628
8667
9427
8629
8668
9428
8630
8669
9429
8631
8670
9430
8632
8671
9431
8633
8672
9432
8634
8673
9433
8635
8674
9434
8636
8675
9435
8637
8676
9436
8638
8677
9437
8639
8678
9438
8679
9439
8641
8680
9440
8642
8681
9441
8643
8682
9442
8644
8683
9443
8645
8684
9444
8646
8685
9445
8647
8686
9446
8648
8687
9447
8649
8688
9448
8650
8689
9449
8651
8690
9450
8652
8691
9451
8653
8692
9452
8654
8693
9453
8655
8694
9454
8656
8695
9455
8657
8696
9456
8658
8697
9457
8659
8698
9458
8660
8699
9459
8661
8700
9460
8662
8701
9461
8663
8702
9462
8664
8703
9463
8665
8704
9464
8666
8705
9465
8667
8706
9466
8668
8707
9467
8669
8708
9468
8670
8709
9469
8671
8710
9470
8672
8711
9471
8673
8712
9472
8674
8713
9473
8675
8714
9474
8676
8715
9475
8677
8716
9476
8678
8717
9477
8679
8718
9478
8719
9479
8681
8720
9480
8682
8721
9481
8683
8722
9482
8684
8723
9483
8685
8724
9484
8686
8725
9485
8687
8726
9486
8688
8727
9487
8689
8728
9488
8690
8729
9489
8691
8730
9490
8692
8731
9491
8693
8732
9492
8694
8733
9493
8695
8734
9494
8696
8735
9495
8697
8736
9496
8698
8737
9497
8699
8738
9498
8700
8739
9499
8701
8740
9500
8702
8741
9501
8703
8742
9502
8704
8743
9503
8705
8744
9504
8706
8745
9505
8707
8746
9506
8708
8747
9507
8709
8748
9508
8710
8749
9509
8711
8750
9510
8712
8751
9511
8713
8752
9512
8714
8753
9513
8715
8754
9514
8716
8755
9515
8717
8756
9516
8718
8757
9517
8719
8758
9518
8759
9519
8721
8760
9520
8722
8761
9521
8723
8762
9522
8724
8763
9523
8725
8764
9524
8726
8765
9525
8727
8766
9526
8728
8767
9527
8729
8768
9528
8730
8769
9529
8731
8770
9530
8732
8771
9531
8733
8772
9532
8734
8773
9533
8735
8774
9534
8736
8775
9535
8737
8776
9536
8738
8777
9537
8739
8778
9538
8740
8779
9539
8741
8780
9540
8742
8781
9541
8743
8782
9542
8744
8783
9543
8745
8784
9544
8746
8785
9545
8747
8786
9546
8748
8787
9547
8749
8788
9548
8750
8789
9549
8751
8790
9550
8752
8791
9551
8753
8792
9552
8754
8793
9553
8755
8794
9554
8756
8795
9555
8757
8796
9556
8758
8797
9557
8759
8798
9558
8799
9559
8761
9560
8762
9561
8763
9562
8764
9563
8765
9564
8766
9565
8767
9566
8768
9567
8769
9568
8770
9569
8771
9570
8772
9571
8773
9572
8774
9573
8775
9574
8776
9575
8777
9576
8778
9577
8779
9578
8780
9579
8781
9580
8782
9581
8783
9582
8784
9583
8785
9584
8786
9585
8787
9586
8788
9587
8789
9588
8790
9589
8791
9590
8792
9591
8793
9592
8794
9593
8795
9594
8796
9595
8797
9596
8798
9597
8799
9598
9599
8801
8840
9600
8802
8841
9601
8803
8842
9602
8804
8843
9603
8805
8844
9604
8806
8845
9605
8807
8846
9606
8808
8847
9607
8809
8848
9608
8810
8849
9609
8811
8850
9610
8812
8851
9611
8813
8852
9612
8814
8853
9613
8815
8854
9614
8816
8855
9615
8817
8856
9616
8818
8857
9617
8819
8858
9618
8820
8859
9619
8821
8860
9620
8822
8861
9621
8823
8862
9622
8824
8863
9623
8825
8864
9624
8826
8865
9625
8827
8866
9626
8828
8867
9627
8829
8868
9628
8830
8869
9629
8831
8870
9630
8832
8871
9631
8833
8872
9632
8834
8873
9633
8835
8874
9634
8836
8875
9635
8837
8876
9636
8838
8877
9637
8839
8878
9638
8879
9639
8841
8880
9640
8842
8881
9641
8843
8882
9642
8844
8883
9643
8845
8884
9644
8846
8885
9645
8847
8886
9646
8848
8887
9647
8849
8888
9648
8850
8889
9649
8851
8890
9650
8852
8891
9651
8853
8892
9652
8854
8893
9653
8855
8894
9654
8856
8895
9655
8857
8896
9656
8858
8897
9657
8859
8898
9658
8860
8899
9659
8861
8900
9660
8862
8901
9661
8863
8902
9662
8864
8903
9663
8865
8904
9664
8866
8905
9665
8867
8906
9666
8868
8907
9667
8869
8908
9668
8870
8909
9669
8871
8910
9670
8872
8911
9671
8873
8912
9672
8874
8913
9673
8875
8914
9674
8876
8915
9675
8877
8916
9676
8878
8917
9677
8879
8918
9678
8919
9679
8881
8920
9680
8882
8921
9681
8883
8922
9682
8884
8923
9683
8885
8924
9684
8886
8925
9685
8887
8926
9686
8888
8927
9687
8889
8928
9688
8890
8929
9689
8891
8930
9690
8892
8931
9691
8893
8932
9692
8894
8933
9693
8895
8934
9694
8896
8935
9695
8897
8936
9696
8898
8937
9697
8899
8938
9698
8900
8939
9699
8901
8940
9700
8902
8941
9701
8903
8942
9702
8904
8943
9703
8905
8944
9704
8906
8945
9705
8907
8946
9706
8908
8947
9707
8909
8948
9708
8910
8949
9709
8911
8950
9710
8912
8951
9711
8913
8952
9712
8914
8953
9713
8915
8954
9714
8916
8955
9715
8917
8956
9716
8918
8957
9717
8919
8958
9718
8959
9719
8921
8960
9720
8922
8961
9721
8923
8962
9722
8924
8963
9723
8925
8964
9724
8926
8965
9725
8927
8966
9726
8928
8967
9727
8929
8968
9728
8930
8969
9729
8931
8970
9730
8932
8971
9731
8933
8972
9732
8934
8973
9733
8935
8974
9734
8936
8975
9735
8937
8976
9736
8938
8977
9737
8939
8978
9738
8940
8979
9739
8941
8980
9740
8942
8981
9741
8943
8982
9742
8944
8983
9743
8945
8984
9744
8946
8985
9745
8947
8986
9746
8948
8987
9747
8949
8988
9748
8950
8989
9749
8951
8990
9750
8952
8991
9751
8953
8992
9752
8954
8993
9753
8955
8994
9754
8956
8995
9755
8957
8996
9756
8958
8997
9757
8959
8998
9758
8999
9759
8961
9000
9760
8962
9001
9761
8963
9002
9762
8964
9003
9763
8965
9004
9764
8966
9005
9765
8967
9006
9766
8968
9007
9767
8969
9008
9768
8970
9009
9769
8971
9010
9770
8972
9011
9771
8973
9012
9772
8974
9013
9773
8975
9014
9774
8976
9015
9775
8977
9016
9776
8978
9017
9777
8979
9018
9778
8980
9019
9779
8981
9020
9780
8982
9021
9781
8983
9022
9782
8984
9023
9783
8985
9024
9784
8986
9025
9785
8987
9026
9786
8988
9027
9787
8989
9028
9788
8990
9029
9789
8991
9030
9790
8992
9031
9791
8993
9032
9792
8994
9033
9793
8995
9034
9794
8996
9035
9795
8997
9036
9796
8998
9037
9797
8999
9038
9798
9039
9799
9001
9040
9800
9002
9041
9801
9003
9042
9802
9004
9043
9803
9005
9044
9804
9006
9045
9805
9007
9046
9806
9008
9047
9807
9009
9048
9808
9010
9049
9809
9011
9050
9810
9012
9051
9811
9013
9052
9812
9014
9053
9813
9015
9054
9814
9016
9055
9815
9017
9056
9816
9018
9057
9817
9019
9058
9818
9020
9059
9819
9021
9060
9820
9022
9061
9821
9023
9062
9822
9024
9063
9823
9025
9064
9824
9026
9065
9825
9027
9066
9826
9028
9067
9827
9029
9068
9828
9030
9069
9829
9031
9070
9830
9032
9071
9831
9033
9072
9832
9034
9073
9833
9035
9074
9834
9036
9075
9835
9037
9076
9836
9038
9077
9837
9039
9078
9838
9079
9839
9041
9080
9840
9042
9081
9841
9043
9082
9842
9044
9083
9843
9045
9084
9844
9046
9085
9845
9047
9086
9846
9048
9087
9847
9049
9088
9848
9050
9089
9849
9051
9090
9850
9052
9091
9851
9053
9092
9852
9054
9093
9853
9055
9094
9854
9056
9095
9855
9057
9096
9856
9058
9097
9857
9059
9098
9858
9060
9099
9859
9061
9100
9860
9062
9101
9861
9063
9102
9862
9064
9103
9863
9065
9104
9864
9066
9105
9865
9067
9106
9866
9068
9107
9867
9069
9108
9868
9070
9109
9869
9071
9110
9870
9072
9111
9871
9073
9112
9872
9074
9113
9873
9075
9114
9874
9076
9115
9875
9077
9116
9876
9078
9117
9877
9079
9118
9878
9119
9879
9081
9120
9880
9082
9121
9881
9083
9122
9882
9084
9123
9883
9085
9124
9884
9086
9125
9885
9087
9126
9886
9088
9127
9887
9089
9128
9888
9090
9129
9889
9091
9130
9890
9092
9131
9891
9093
9132
9892
9094
9133
9893
9095
9134
9894
9096
9135
9895
9097
9136
9896
9098
9137
9897
9099
9138
9898
9100
9139
9899
9101
9140
9900
9102
9141
9901
9103
9142
9902
9104
9143
9903
9105
9144
9904
9106
9145
9905
9107
9146
9906
9108
9147
9907
9109
9148
9908
9110
9149
9909
9111
9150
9910
9112
9151
9911
9113
9152
9912
9114
9153
9913
9115
9154
9914
9116
9155
9915
9117
9156
9916
9118
9157
9917
9119
9158
9918
9159
9919
9121
9160
9920
9122
9161
9921
9123
9162
9922
9124
9163
9923
9125
9164
9924
9126
9165
9925
9127
9166
9926
9128
9167
9927
9129
9168
9928
9130
9169
9929
9131
9170
9930
9132
9171
9931
9133
9172
9932
9134
9173
9933
9135
9174
9934
9136
9175
9935
9137
9176
9936
9138
9177
9937
9139
9178
9938
9140
9179
9939
9141
9180
9940
9142
9181
9941
9143
9182
9942
9144
9183
9943
9145
9184
9944
9146
9185
9945
9147
9186
9946
9148
9187
9947
9149
9188
9948
9150
9189
9949
9151
9190
9950
9152
9191
9951
9153
9192
9952
9154
9193
9953
9155
9194
9954
9156
9195
9955
9157
9196
9956
9158
9197
9957
9159
9198
9958
9199
9959
9161
9200
9960
9162
9201
9961
9163
9202
9962
9164
9203
9963
9165
9204
9964
9166
9205
9965
9167
9206
9966
9168
9207
9967
9169
9208
9968
9170
9209
9969
9171
9210
9970
9172
9211
9971
9173
9212
9972
9174
9213
9973
9175
9214
9974
9176
9215
9975
9177
9216
9976
9178
9217
9977
9179
9218
9978
9180
9219
9979
9181
9220
9980
9182
9221
9981
9183
9222
9982
9184
9223
9983
9185
9224
9984
9186
9225
9985
9187
9226
9986
9188
9227
9987
9189
9228
9988
9190
9229
9989
9191
9230
9990
9192
9231
9991
9193
9232
9992
9194
9233
9993
9195
9234
9994
9196
9235
9995
9197
9236
9996
9198
9237
9997
9199
9238
9998
9239
9999
9201
9240
10000
9202
9241
10001
9203
9242
10002
9204
9243
10003
9205
9244
10004
9206
9245
10005
9207
9246
10006
9208
9247
10007
9209
9248
10008
9210
9249
10009
9211
9250
10010
9212
9251
10011
9213
9252
10012
9214
9253
10013
9215
9254
10014
9216
9255
10015
9217
9256
10016
9218
9257
10017
9219
9258
10018
9220
9259
10019
9221
9260
10020
9222
9261
10021
9223
9262
10022
9224
9263
10023
9225
9264
10024
9226
9265
10025
9227
9266
10026
9228
9267
10027
9229
9268
10028
9230
9269
10029
9231
9270
10030
9232
9271
10031
9233
9272
10032
9234
9273
10033
9235
9274
10034
9236
9275
10035
9237
9276
10036
9238
9277
10037
9239
9278
10038
9279
10039
9241
9280
10040
9242
9281
10041
9243
9282
10042
9244
9283
10043
9245
9284
10044
9246
9285
10045
9247
9286
10046
9248
9287
10047
9249
9288
10048
9250
9289
10049
9251
9290
10050
9252
9291
10051
9253
9292
10052
9254
9293
10053
9255
9294
10054
9256
9295
10055
9257
9296
10056
9258
9297
10057
9259
9298
10058
9260
9299
10059
9261
9300
10060
9262
9301
10061
9263
9302
10062
9264
9303
10063
9265
9304
10064
9266
9305
10065
9267
9306
10066
9268
9307
10067
9269
9308
10068
9270
9309
10069
9271
9310
10070
9272
9311
10071
9273
9312
10072
9274
9313
10073
9275
9314
10074
9276
9315
10075
9277
9316
10076
9278
9317
10077
9279
9318
10078
9319
10079
9281
9320
10080
9282
9321
10081
9283
9322
10082
9284
9323
10083
9285
9324
10084
9286
9325
10085
9287
9326
10086
9288
9327
10087
9289
9328
10088
9290
9329
10089
9291
9330
10090
9292
9331
10091
9293
9332
10092
9294
9333
10093
9295
9334
10094
9296
9335
10095
9297
9336
10096
9298
9337
10097
9299
9338
10098
9300
9339
10099
9301
9340
10100
9302
9341
10101
9303
9342
10102
9304
9343
10103
9305
9344
10104
9306
9345
10105
9307
9346
10106
9308
9347
10107
9309
9348
10108
9310
9349
10109
9311
9350
10110
9312
9351
10111
9313
9352
10112
9314
9353
10113
9315
9354
10114
9316
9355
10115
9317
9356
10116
9318
9357
10117
9319
9358
10118
9359
10119
9321
9360
10120
9322
9361
10121
9323
9362
10122
9324
9363
10123
9325
9364
10124
9326
9365
10125
9327
9366
10126
9328
9367
10127
9329
9368
10128
9330
9369
10129
9331
9370
10130
9332
9371
10131
9333
9372
10132
9334
9373
10133
9335
9374
10134
9336
9375
10135
9337
9376
10136
9338
9377
10137
9339
9378
10138
9340
9379
10139
9341
9380
10140
9342
9381
10141
9343
9382
10142
9344
9383
10143
9345
9384
10144
9346
9385
10145
9347
9386
10146
9348
9387
10147
9349
9388
10148
9350
9389
10149
9351
9390
10150
9352
9391
10151
9353
9392
10152
9354
9393
10153
9355
9394
10154
9356
9395
10155
9357
9396
10156
9358
9397
10157
9359
9398
10158
9399
10159
9361
9400
10160
9362
9401
10161
9363
9402
10162
9364
9403
10163
9365
9404
10164
9366
9405
10165
9367
9406
10166
9368
9407
10167
9369
9408
10168
9370
9409
10169
9371
9410
10170
9372
9411
10171
9373
9412
10172
9374
9413
10173
9375
9414
10174
9376
9415
10175
9377
9416
10176
9378
9417
10177
9379
9418
10178
9380
9419
10179
9381
9420
10180
9382
9421
10181
9383
9422
10182
9384
9423
10183
9385
9424
10184
9386
9425
10185
9387
9426
10186
9388
9427
10187
9389
9428
10188
9390
9429
10189
9391
9430
10190
9392
9431
10191
9393
9432
10192
9394
9433
10193
9395
9434
10194
9396
9435
10195
9397
9436
10196
9398
9437
10197
9399
9438
10198
9439
10199
9401
9440
10200
9402
9441
10201
9403
9442
10202
9404
9443
10203
9405
9444
10204
9406
9445
10205
9407
9446
10206
9408
9447
10207
9409
9448
10208
9410
9449
10209
9411
9450
10210
9412
9451
10211
9413
9452
10212
9414
9453
10213
9415
9454
10214
9416
9455
10215
9417
9456
10216
9418
9457
10217
9419
9458
10218
9420
9459
10219
9421
9460
10220
9422
9461
10221
9423
9462
10222
9424
9463
10223
9425
9464
10224
9426
9465
10225
9427
9466
10226
9428
9467
10227
9429
9468
10228
9430
9469
10229
9431
9470
10230
9432
9471
10231
9433
9472
10232
9434
9473
10233
9435
9474
10234
9436
9475
10235
9437
9476
10236
9438
9477
10237
9439
9478
10238
9479
10239
9441
9480
10240
9442
9481
10241
9443
9482
10242
9444
9483
10243
9445
9484
10244
9446
9485
10245
9447
9486
10246
9448
9487
10247
9449
9488
10248
9450
9489
10249
9451
9490
10250
9452
9491
10251
9453
9492
10252
9454
9493
10253
9455
9494
10254
9456
9495
10255
9457
9496
10256
9458
9497
10257
9459
9498
10258
9460
9499
10259
9461
9500
10260
9462
9501
10261
9463
9502
10262
9464
9503
10263
9465
9504
10264
9466
9505
10265
9467
9506
10266
9468
9507
10267
9469
9508
10268
9470
9509
10269
9471
9510
10270
9472
9511
10271
9473
9512
10272
9474
9513
10273
9475
9514
10274
9476
9515
10275
9477
9516
10276
9478
9517
10277
9479
9518
10278
9519
10279
9481
9520
10280
9482
9521
10281
9483
9522
10282
9484
9523
10283
9485
9524
10284
9486
9525
10285
9487
9526
10286
9488
9527
10287
9489
9528
10288
9490
9529
10289
9491
9530
10290
9492
9531
10291
9493
9532
10292
9494
9533
10293
9495
9534
10294
9496
9535
10295
9497
9536
10296
9498
9537
10297
9499
9538
10298
9500
9539
10299
9501
9540
10300
9502
9541
10301
9503
9542
10302
9504
9543
10303
9505
9544
10304
9506
9545
10305
9507
9546
10306
9508
9547
10307
9509
9548
10308
9510
9549
10309
9511
9550
10310
9512
9551
10311
9513
9552
10312
9514
9553
10313
9515
9554
10314
9516
9555
10315
9517
9556
10316
9518
9557
10317
9519
9558
10318
9559
10319
9521
9560
10320
9522
9561
10321
9523
9562
10322
9524
9563
10323
9525
9564
10324
9526
9565
10325
9527
9566
10326
9528
9567
10327
9529
9568
10328
9530
9569
10329
9531
9570
10330
9532
9571
10331
9533
9572
10332
9534
9573
10333
9535
9574
10334
9536
9575
10335
9537
9576
10336
9538
9577
10337
9539
9578
10338
9540
9579
10339
9541
9580
10340
9542
9581
10341
9543
9582
10342
9544
9583
10343
9545
9584
10344
9546
9585
10345
9547
9586
10346
9548
9587
10347
9549
9588
10348
9550
9589
10349
9551
9590
10350
9552
9591
10351
9553
9592
10352
9554
9593
10353
9555
9594
10354
9556
9595
10355
9557
9596
10356
9558
9597
10357
9559
9598
10358
9599
10359
9561
10360
9562
10361
9563
10362
9564
10363
9565
10364
9566
10365
9567
10366
9568
10367
9569
10368
9570
10369
9571
10370
9572
10371
9573
10372
9574
10373
9575
10374
9576
10375
9577
10376
9578
10377
9579
10378
9580
10379
9581
10380
9582
10381
9583
10382
9584
10383
9585
10384
9586
10385
9587
10386
9588
10387
9589
10388
9590
10389
9591
10390
9592
10391
9593
10392
9594
10393
9595
10394
9596
10395
9597
10396
9598
10397
9599
10398
10399
9601
9640
10400
9602
9641
10401
9603
9642
10402
9604
9643
10403
9605
9644
10404
9606
9645
10405
9607
9646
10406
9608
9647
10407
9609
9648
10408
9610
9649
10409
9611
9650
10410
9612
9651
10411
9613
9652
10412
9614
9653
10413
9615
9654
10414
9616
9655
10415
9617
9656
10416
9618
9657
10417
9619
9658
10418
9620
9659
10419
9621
9660
10420
9622
9661
10421
9623
9662
10422
9624
9663
10423
9625
9664
10424
9626
9665
10425
9627
9666
10426
9628
9667
10427
9629
9668
10428
9630
9669
10429
9631
9670
10430
9632
9671
10431
9633
9672
10432
9634
9673
10433
9635
9674
10434
9636
9675
10435
9637
9676
10436
9638
9677
10437
9639
9678
10438
9679
10439
9641
9680
10440
9642
9681
10441
9643
9682
10442
9644
9683
10443
9645
9684
10444
9646
9685
10445
9647
9686
10446
9648
9687
10447
9649
9688
10448
9650
9689
10449
9651
9690
10450
9652
9691
10451
9653
9692
10452
9654
9693
10453
9655
9694
10454
9656
9695
10455
9657
9696
10456
9658
9697
10457
9659
9698
10458
9660
9699
10459
9661
9700
10460
9662
9701
10461
9663
9702
10462
9664
9703
10463
9665
9704
10464
9666
9705
10465
9667
9706
10466
9668
9707
10467
9669
9708
10468
9670
9709
10469
9671
9710
10470
9672
9711
10471
9673
9712
10472
9674
9713
10473
9675
9714
10474
9676
9715
10475
9677
9716
10476
9678
9717
10477
9679
9718
10478
9719
10479
9681
9720
10480
9682
9721
10481
9683
9722
10482
9684
9723
10483
9685
9724
10484
9686
9725
10485
9687
9726
10486
9688
9727
10487
9689
9728
10488
9690
9729
10489
9691
9730
10490
9692
9731
10491
9693
9732
10492
9694
9733
10493
9695
9734
10494
9696
9735
10495
9697
9736
10496
9698
9737
10497
9699
9738
10498
9700
9739
10499
9701
9740
10500
9702
9741
10501
9703
9742
10502
9704
9743
10503
9705
9744
10504
9706
9745
10505
9707
9746
10506
9708
9747
10507
9709
9748
10508
9710
9749
10509
9711
9750
10510
9712
9751
10511
9713
9752
10512
9714
9753
10513
9715
9754
10514
9716
9755
10515
9717
9756
10516
9718
9757
10517
9719
9758
10518
9759
10519
9721
9760
10520
9722
9761
10521
9723
9762
10522
9724
9763
10523
9725
9764
10524
9726
9765
10525
9727
9766
10526
9728
9767
10527
9729
9768
10528
9730
9769
10529
9731
9770
10530
9732
9771
10531
9733
9772
10532
9734
9773
10533
9735
9774
10534
9736
9775
10535
9737
9776
10536
9738
9777
10537
9739
9778
10538
9740
9779
10539
9741
9780
10540
9742
9781
10541
9743
9782
10542
9744
9783
10543
9745
9784
10544
9746
9785
10545
9747
9786
10546
9748
9787
10547
9749
9788
10548
9750
9789
10549
9751
9790
10550
9752
9791
10551
9753
9792
10552
9754
9793
10553
9755
9794
10554
9756
9795
10555
9757
9796
10556
9758
9797
10557
9759
9798
10558
9799
10559
9761
9800
10560
9762
9801
10561
9763
9802
10562
9764
9803
10563
9765
9804
10564
9766
9805
10565
9767
9806
10566
9768
9807
10567
9769
9808
10568
9770
9809
10569
9771
9810
10570
9772
9811
10571
9773
9812
10572
9774
9813
10573
9775
9814
10574
9776
9815
10575
9777
9816
10576
9778
9817
10577
9779
9818
10578
9780
9819
10579
9781
9820
10580
9782
9821
10581
9783
9822
10582
9784
9823
10583
9785
9824
10584
9786
9825
10585
9787
9826
10586
9788
9827
10587
9789
9828
10588
9790
9829
10589
9791
9830
10590
9792
9831
10591
9793
9832
10592
9794
9833
10593
9795
9834
10594
9796
9835
10595
9797
9836
10596
9798
9837
10597
9799
9838
10598
9839
10599
9801
9840
10600
9802
9841
10601
9803
9842
10602
9804
9843
10603
9805
9844
10604
9806
9845
10605
9807
9846
10606
9808
9847
10607
9809
9848
10608
9810
9849
10609
9811
9850
10610
9812
9851
10611
9813
9852
10612
9814
9853
10613
9815
9854
10614
9816
9855
10615
9817
9856
10616
9818
9857
10617
9819
9858
10618
9820
9859
10619
9821
9860
10620
9822
9861
10621
9823
9862
10622
9824
9863
10623
9825
9864
10624
9826
9865
10625
9827
9866
10626
9828
9867
10627
9829
9868
10628
9830
9869
10629
9831
9870
10630
9832
9871
10631
9833
9872
10632
9834
9873
10633
9835
9874
10634
9836
9875
10635
9837
9876
10636
9838
9877
10637
9839
9878
10638
9879
10639
9841
9880
10640
9842
9881
10641
9843
9882
10642
9844
9883
10643
9845
9884
10644
9846
9885
10645
9847
9886
10646
9848
9887
10647
9849
9888
10648
9850
9889
10649
9851
9890
10650
9852
9891
10651
9853
9892
10652
9854
9893
10653
9855
9894
10654
9856
9895
10655
9857
9896
10656
9858
9897
10657
9859
9898
10658
9860
9899
10659
9861
9900
10660
9862
9901
10661
9863
9902
10662
9864
9903
10663
9865
9904
10664
9866
9905
10665
9867
9906
10666
9868
9907
10667
9869
9908
10668
9870
9909
10669
9871
9910
10670
9872
9911
10671
9873
9912
10672
9874
9913
10673
9875
9914
10674
9876
9915
10675
9877
9916
10676
9878
9917
10677
9879
9918
10678
9919
10679
9881
9920
10680
9882
9921
10681
9883
9922
10682
9884
9923
10683
9885
9924
10684
9886
9925
10685
9887
9926
10686
9888
9927
10687
9889
9928
10688
9890
9929
10689
9891
9930
10690
9892
9931
10691
9893
9932
10692
9894
9933
10693
9895
9934
10694
9896
9935
10695
9897
9936
10696
9898
9937
10697
9899
9938
10698
9900
9939
10699
9901
9940
10700
9902
9941
10701
9903
9942
10702
9904
9943
10703
9905
9944
10704
9906
9945
10705
9907
9946
10706
9908
9947
10707
9909
9948
10708
9910
9949
10709
9911
9950
10710
9912
9951
10711
9913
9952
10712
9914
9953
10713
9915
9954
10714
9916
9955
10715
9917
9956
10716
9918
9957
10717
9919
9958
10718
9959
10719
9921
9960
10720
9922
9961
10721
9923
9962
10722
9924
9963
10723
9925
9964
10724
9926
9965
10725
9927
9966
10726
9928
9967
10727
9929
9968
10728
9930
9969
10729
9931
9970
10730
9932
9971
10731
9933
9972
10732
9934
9973
10733
9935
9974
10734
9936
9975
10735
9937
9976
10736
9938
9977
10737
9939
9978
10738
9940
9979
10739
9941
9980
10740
9942
9981
10741
9943
9982
10742
9944
9983
10743
9945
9984
10744
9946
9985
10745
9947
9986
10746
9948
9987
10747
9949
9988
10748
9950
9989
10749
9951
9990
10750
9952
9991
10751
9953
9992
10752
9954
9993
10753
9955
9994
10754
9956
9995
10755
9957
9996
10756
9958
9997
10757
9959
9998
10758
9999
10759
9961
10000
10760
9962
10001
10761
9963
10002
10762
9964
10003
10763
9965
10004
10764
9966
10005
10765
9967
10006
10766
9968
10007
10767
9969
10008
10768
9970
10009
10769
9971
10010
10770
9972
10011
10771
9973
10012
10772
9974
10013
10773
9975
10014
10774
9976
10015
10775
9977
10016
10776
9978
10017
10777
9979
10018
10778
9980
10019
10779
9981
10020
10780
9982
10021
10781
9983
10022
10782
9984
10023
10783
9985
10024
10784
9986
10025
10785
9987
10026
10786
9988
10027
10787
9989
10028
10788
9990
10029
10789
9991
10030
10790
9992
10031
10791
9993
10032
10792
9994
10033
10793
9995
10034
10794
9996
10035
10795
9997
10036
10796
9998
10037
10797
9999
10038
10798
10039
10799
10001
10040
10800
10002
10041
10801
10003
10042
10802
10004
10043
10803
10005
10044
10804
10006
10045
10805
10007
10046
10806
10008
10047
10807
10009
10048
10808
10010
10049
10809
10011
10050
10810
10012
10051
10811
10013
10052
10812
10014
10053
10813
10015
10054
10814
10016
10055
10815
10017
10056
10816
10018
10057
10817
10019
10058
10818
10020
10059
10819
10021
10060
10820
10022
10061
10821
10023
10062
10822
10024
10063
10823
10025
10064
10824
10026
10065
10825
10027
10066
10826
10028
10067
10827
10029
10068
10828
10030
10069
10829
10031
10070
10830
10032
10071
10831
10033
10072
10832
10034
10073
10833
10035
10074
10834
10036
10075
10835
10037
10076
10836
10038
10077
10837
10039
10078
10838
10079
10839
10041
10080
10840
10042
10081
10841
10043
10082
10842
10044
10083
10843
10045
10084
10844
10046
10085
10845
10047
10086
10846
10048
10087
10847
10049
10088
10848
10050
10089
10849
10051
10090
10850
10052
10091
10851
10053
10092
10852
10054
10093
10853
10055
10094
10854
10056
10095
10855
10057
10096
10856
10058
10097
10857
10059
10098
10858
10060
10099
10859
10061
10100
10860
10062
10101
10861
10063
10102
10862
10064
10103
10863
10065
10104
10864
10066
10105
10865
10067
10106
10866
10068
10107
10867
10069
10108
10868
10070
10109
10869
10071
10110
10870
10072
10111
10871
10073
10112
10872
10074
10113
10873
10075
10114
10874
10076
10115
10875
10077
10116
10876
10078
10117
10877
10079
10118
10878
10119
10879
10081
10120
10880
10082
10121
10881
10083
10122
10882
10084
10123
10883
10085
10124
10884
10086
10125
10885
10087
10126
10886
10088
10127
10887
10089
10128
10888
10090
10129
10889
10091
10130
10890
10092
10131
10891
10093
10132
10892
10094
10133
10893
10095
10134
10894
10096
10135
10895
10097
10136
10896
10098
10137
10897
10099
10138
10898
10100
10139
10899
10101
10140
10900
10102
10141
10901
10103
10142
10902
10104
10143
10903
10105
10144
10904
10106
10145
10905
10107
10146
10906
10108
10147
10907
10109
10148
10908
10110
10149
10909
10111
10150
10910
10112
10151
10911
10113
10152
10912
10114
10153
10913
10115
10154
10914
10116
10155
10915
10117
10156
10916
10118
10157
10917
10119
10158
10918
10159
10919
10121
10160
10920
10122
10161
10921
10123
10162
10922
10124
10163
10923
10125
10164
10924
10126
10165
10925
10127
10166
10926
10128
10167
10927
10129
10168
10928
10130
10169
10929
10131
10170
10930
10132
10171
10931
10133
10172
10932
10134
10173
10933
10135
10174
10934
10136
10175
10935
10137
10176
10936
10138
10177
10937
10139
10178
10938
10140
10179
10939
10141
10180
10940
10142
10181
10941
10143
10182
10942
10144
10183
10943
10145
10184
10944
10146
10185
10945
10147
10186
10946
10148
10187
10947
10149
10188
10948
10150
10189
10949
10151
10190
10950
10152
10191
10951
10153
10192
10952
10154
10193
10953
10155
10194
10954
10156
10195
10955
10157
10196
10956
10158
10197
10957
10159
10198
10958
10199
10959
10161
10200
10960
10162
10201
10961
10163
10202
10962
10164
10203
10963
10165
10204
10964
10166
10205
10965
10167
10206
10966
10168
10207
10967
10169
10208
10968
10170
10209
10969
10171
10210
10970
10172
10211
10971
10173
10212
10972
10174
10213
10973
10175
10214
10974
10176
10215
10975
10177
10216
10976
10178
10217
10977
10179
10218
10978
10180
10219
10979
10181
10220
10980
10182
10221
10981
10183
10222
10982
10184
10223
10983
10185
10224
10984
10186
10225
10985
10187
10226
10986
10188
10227
10987
10189
10228
10988
10190
10229
10989
10191
10230
10990
10192
10231
10991
10193
10232
10992
10194
10233
10993
10195
10234
10994
10196
10235
10995
10197
10236
10996
10198
10237
10997
10199
10238
10998
10239
10999
10201
10240
11000
10202
10241
11001
10203
10242
11002
10204
10243
11003
10205
10244
11004
10206
10245
11005
10207
10246
11006
10208
10247
11007
10209
10248
11008
10210
10249
11009
10211
10250
11010
10212
10251
11011
10213
10252
11012
10214
10253
11013
10215
10254
11014
10216
10255
11015
10217
10256
11016
10218
10257
11017
10219
10258
11018
10220
10259
11019
10221
10260
11020
10222
10261
11021
10223
10262
11022
10224
10263
11023
10225
10264
11024
10226
10265
11025
10227
10266
11026
10228
10267
11027
10229
10268
11028
10230
10269
11029
10231
10270
11030
10232
10271
11031
10233
10272
11032
10234
10273
11033
10235
10274
11034
10236
10275
11035
10237
10276
11036
10238
10277
11037
10239
10278
11038
10279
11039
10241
10280
11040
10242
10281
11041
10243
10282
11042
10244
10283
11043
10245
10284
11044
10246
10285
11045
10247
10286
11046
10248
10287
11047
10249
10288
11048
10250
10289
11049
10251
10290
11050
10252
10291
11051
10253
10292
11052
10254
10293
11053
10255
10294
11054
10256
10295
11055
10257
10296
11056
10258
10297
11057
10259
10298
11058
10260
10299
11059
10261
10300
11060
10262
10301
11061
10263
10302
11062
10264
10303
11063
10265
10304
11064
10266
10305
11065
10267
10306
11066
10268
10307
11067
10269
10308
11068
10270
10309
11069
10271
10310
11070
10272
10311
11071
10273
10312
11072
10274
10313
11073
10275
10314
11074
10276
10315
11075
10277
10316
11076
10278
10317
11077
10279
10318
11078
10319
11079
10281
10320
11080
10282
10321
11081
10283
10322
11082
10284
10323
11083
10285
10324
11084
10286
10325
11085
10287
10326
11086
10288
10327
11087
10289
10328
11088
10290
10329
11089
10291
10330
11090
10292
10331
11091
10293
10332
11092
10294
10333
11093
10295
10334
11094
10296
10335
11095
10297
10336
11096
10298
10337
11097
10299
10338
11098
10300
10339
11099
10301
10340
11100
10302
10341
11101
10303
10342
11102
10304
10343
11103
10305
10344
11104
10306
10345
11105
10307
10346
11106
10308
10347
11107
10309
10348
11108
10310
10349
11109
10311
10350
11110
10312
10351
11111
10313
10352
11112
10314
10353
11113
10315
10354
11114
10316
10355
11115
10317
10356
11116
10318
10357
11117
10319
10358
11118
10359
11119
10321
10360
11120
10322
10361
11121
10323
10362
11122
10324
10363
11123
10325
10364
11124
10326
10365
11125
10327
10366
11126
10328
10367
11127
10329
10368
11128
10330
10369
11129
10331
10370
11130
10332
10371
11131
10333
10372
11132
10334
10373
11133
10335
10374
11134
10336
10375
11135
10337
10376
11136
10338
10377
11137
10339
10378
11138
10340
10379
11139
10341
10380
11140
10342
10381
11141
10343
10382
11142
10344
10383
11143
10345
10384
11144
10346
10385
11145
10347
10386
11146
10348
10387
11147
10349
10388
11148
10350
10389
11149
10351
10390
11150
10352
10391
11151
10353
10392
11152
10354
10393
11153
10355
10394
11154
10356
10395
11155
10357
10396
11156
10358
10397
11157
10359
10398
11158
10399
11159
10361
11160
10362
11161
10363
11162
10364
11163
10365
11164
10366
11165
10367
11166
10368
11167
10369
11168
10370
11169
10371
11170
10372
11171
10373
11172
10374
11173
10375
11174
10376
11175
10377
11176
10378
11177
10379
11178
10380
11179
10381
11180
10382
11181
10383
11182
10384
11183
10385
11184
10386
11185
10387
11186
10388
11187
10389
11188
10390
11189
10391
11190
10392
11191
10393
11192
10394
11193
10395
11194
10396
11195
10397
11196
10398
11197
10399
11198
11199
10401
10440
11200
10402
10441
11201
10403
10442
11202
10404
10443
11203
10405
10444
11204
10406
10445
11205
10407
10446
11206
10408
10447
11207
10409
10448
11208
10410
10449
11209
10411
10450
11210
10412
10451
11211
10413
10452
11212
10414
10453
11213
10415
10454
11214
10416
10455
11215
10417
10456
11216
10418
10457
11217
10419
10458
11218
10420
10459
11219
10421
10460
11220
10422
10461
11221
10423
10462
11222
10424
10463
11223
10425
10464
11224
10426
10465
11225
10427
10466
11226
10428
10467
11227
10429
10468
11228
10430
10469
11229
10431
10470
11230
10432
10471
11231
10433
10472
11232
10434
10473
11233
10435
10474
11234
10436
10475
11235
10437
10476
11236
10438
10477
11237
10439
10478
11238
10479
11239
10441
10480
11240
10442
10481
11241
10443
10482
11242
10444
10483
11243
10445
10484
11244
10446
10485
11245
10447
10486
11246
10448
10487
11247
10449
10488
11248
10450
10489
11249
10451
10490
11250
10452
10491
11251
10453
10492
11252
10454
10493
11253
10455
10494
11254
10456
10495
11255
10457
10496
11256
10458
10497
11257
10459
10498
11258
10460
10499
11259
10461
10500
11260
10462
10501
11261
10463
10502
11262
10464
10503
11263
10465
10504
11264
10466
10505
11265
10467
10506
11266
10468
10507
11267
10469
10508
11268
10470
10509
11269
10471
10510
11270
10472
10511
11271
10473
10512
11272
10474
10513
11273
10475
10514
11274
10476
10515
11275
10477
10516
11276
10478
10517
11277
10479
10518
11278
10519
11279
10481
10520
11280
10482
10521
11281
10483
10522
11282
10484
10523
11283
10485
10524
11284
10486
10525
11285
10487
10526
11286
10488
10527
11287
10489
10528
11288
10490
10529
11289
10491
10530
11290
10492
10531
11291
10493
10532
11292
10494
10533
11293
10495
10534
11294
10496
10535
11295
10497
10536
11296
10498
10537
11297
10499
10538
11298
10500
10539
11299
10501
10540
11300
10502
10541
11301
10503
10542
11302
10504
10543
11303
10505
10544
11304
10506
10545
11305
10507
10546
11306
10508
10547
11307
10509
10548
11308
10510
10549
11309
10511
10550
11310
10512
10551
11311
10513
10552
11312
10514
10553
11313
10515
10554
11314
10516
10555
11315
10517
10556
11316
10518
10557
11317
10519
10558
11318
10559
11319
10521
10560
11320
10522
10561
11321
10523
10562
11322
10524
10563
11323
10525
10564
11324
10526
10565
11325
10527
10566
11326
10528
10567
11327
10529
10568
11328
10530
10569
11329
10531
10570
11330
10532
10571
11331
10533
10572
11332
10534
10573
11333
10535
10574
11334
10536
10575
11335
10537
10576
11336
10538
10577
11337
10539
10578
11338
10540
10579
11339
10541
10580
11340
10542
10581
11341
10543
10582
11342
10544
10583
11343
10545
10584
11344
10546
10585
11345
10547
10586
11346
10548
10587
11347
10549
10588
11348
10550
10589
11349
10551
10590
11350
10552
10591
11351
10553
10592
11352
10554
10593
11353
10555
10594
11354
10556
10595
11355
10557
10596
11356
10558
10597
11357
10559
10598
11358
10599
11359
10561
10600
11360
10562
10601
11361
10563
10602
11362
10564
10603
11363
10565
10604
11364
10566
10605
11365
10567
10606
11366
10568
10607
11367
10569
10608
11368
10570
10609
11369
10571
10610
11370
10572
10611
11371
10573
10612
11372
10574
10613
11373
10575
10614
11374
10576
10615
11375
10577
10616
11376
10578
10617
11377
10579
10618
11378
10580
10619
11379
10581
10620
11380
10582
10621
11381
10583
10622
11382
10584
10623
11383
10585
10624
11384
10586
10625
11385
10587
10626
11386
10588
10627
11387
10589
10628
11388
10590
10629
11389
10591
10630
11390
10592
10631
11391
10593
10632
11392
10594
10633
11393
10595
10634
11394
10596
10635
11395
10597
10636
11396
10598
10637
11397
10599
10638
11398
10639
11399
10601
10640
11400
10602
10641
11401
10603
10642
11402
10604
10643
11403
10605
10644
11404
10606
10645
11405
10607
10646
11406
10608
10647
11407
10609
10648
11408
10610
10649
11409
10611
10650
11410
10612
10651
11411
10613
10652
11412
10614
10653
11413
10615
10654
11414
10616
10655
11415
10617
10656
11416
10618
10657
11417
10619
10658
11418
10620
10659
11419
10621
10660
11420
10622
10661
11421
10623
10662
11422
10624
10663
11423
10625
10664
11424
10626
10665
11425
10627
10666
11426
10628
10667
11427
10629
10668
11428
10630
10669
11429
10631
10670
11430
10632
10671
11431
10633
10672
11432
10634
10673
11433
10635
10674
11434
10636
10675
11435
10637
10676
11436
10638
10677
11437
10639
10678
11438
10679
11439
10641
10680
11440
10642
10681
11441
10643
10682
11442
10644
10683
11443
10645
10684
11444
10646
10685
11445
10647
10686
11446
10648
10687
11447
10649
10688
11448
10650
10689
11449
10651
10690
11450
10652
10691
11451
10653
10692
11452
10654
10693
11453
10655
10694
11454
10656
10695
11455
10657
10696
11456
10658
10697
11457
10659
10698
11458
10660
10699
11459
10661
10700
11460
10662
10701
11461
10663
10702
11462
10664
10703
11463
10665
10704
11464
10666
10705
11465
10667
10706
11466
10668
10707
11467
10669
10708
11468
10670
10709
11469
10671
10710
11470
10672
10711
11471
10673
10712
11472
10674
10713
11473
10675
10714
11474
10676
10715
11475
10677
10716
11476
10678
10717
11477
10679
10718
11478
10719
11479
10681
10720
11480
10682
10721
11481
10683
10722
11482
10684
10723
11483
10685
10724
11484
10686
10725
11485
10687
10726
11486
10688
10727
11487
10689
10728
11488
10690
10729
11489
10691
10730
11490
10692
10731
11491
10693
10732
11492
10694
10733
11493
10695
10734
11494
10696
10735
11495
10697
10736
11496
10698
10737
11497
10699
10738
11498
10700
10739
11499
10701
10740
11500
10702
10741
11501
10703
10742
11502
10704
10743
11503
10705
10744
11504
10706
10745
11505
10707
10746
11506
10708
10747
11507
10709
10748
11508
10710
10749
11509
10711
10750
11510
10712
10751
11511
10713
10752
11512
10714
10753
11513
10715
10754
11514
10716
10755
11515
10717
10756
11516
10718
10757
11517
10719
10758
11518
10759
11519
10721
10760
11520
10722
10761
11521
10723
10762
11522
10724
10763
11523
10725
10764
11524
10726
10765
11525
10727
10766
11526
10728
10767
11527
10729
10768
11528
10730
10769
11529
10731
10770
11530
10732
10771
11531
10733
10772
11532
10734
10773
11533
10735
10774
11534
10736
10775
11535
10737
10776
11536
10738
10777
11537
10739
10778
11538
10740
10779
11539
10741
10780
11540
10742
10781
11541
10743
10782
11542
10744
10783
11543
10745
10784
11544
10746
10785
11545
10747
10786
11546
10748
10787
11547
10749
10788
11548
10750
10789
11549
10751
10790
11550
10752
10791
11551
10753
10792
11552
10754
10793
11553
10755
10794
11554
10756
10795
11555
10757
10796
11556
10758
10797
11557
10759
10798
11558
10799
11559
10761
10800
11560
10762
10801
11561
10763
10802
11562
10764
10803
11563
10765
10804
11564
10766
10805
11565
10767
10806
11566
10768
10807
11567
10769
10808
11568
10770
10809
11569
10771
10810
11570
10772
10811
11571
10773
10812
11572
10774
10813
11573
10775
10814
11574
10776
10815
11575
10777
10816
11576
10778
10817
11577
10779
10818
11578
10780
10819
11579
10781
10820
11580
10782
10821
11581
10783
10822
11582
10784
10823
11583
10785
10824
11584
10786
10825
11585
10787
10826
11586
10788
10827
11587
10789
10828
11588
10790
10829
11589
10791
10830
11590
10792
10831
11591
10793
10832
11592
10794
10833
11593
10795
10834
11594
10796
10835
11595
10797
10836
11596
10798
10837
11597
10799
10838
11598
10839
11599
10801
10840
11600
10802
10841
11601
10803
10842
11602
10804
10843
11603
10805
10844
11604
10806
10845
11605
10807
10846
11606
10808
10847
11607
10809
10848
11608
10810
10849
11609
10811
10850
11610
10812
10851
11611
10813
10852
11612
10814
10853
11613
10815
10854
11614
10816
10855
11615
10817
10856
11616
10818
10857
11617
10819
10858
11618
10820
10859
11619
10821
10860
11620
10822
10861
11621
10823
10862
11622
10824
10863
11623
10825
10864
11624
10826
10865
11625
10827
10866
11626
10828
10867
11627
10829
10868
11628
10830
10869
11629
10831
10870
11630
10832
10871
11631
10833
10872
11632
10834
10873
11633
10835
10874
11634
10836
10875
11635
10837
10876
11636
10838
10877
11637
10839
10878
11638
10879
11639
10841
10880
11640
10842
10881
11641
10843
10882
11642
10844
10883
11643
10845
10884
11644
10846
10885
11645
10847
10886
11646
10848
10887
11647
10849
10888
11648
10850
10889
11649
10851
10890
11650
10852
10891
11651
10853
10892
11652
10854
10893
11653
10855
10894
11654
10856
10895
11655
10857
10896
11656
10858
10897
11657
10859
10898
11658
10860
10899
11659
10861
10900
11660
10862
10901
11661
10863
10902
11662
10864
10903
11663
10865
10904
11664
10866
10905
11665
10867
10906
11666
10868
10907
11667
10869
10908
11668
10870
10909
11669
10871
10910
11670
10872
10911
11671
10873
10912
11672
10874
10913
11673
10875
10914
11674
10876
10915
11675
10877
10916
11676
10878
10917
11677
10879
10918
11678
10919
11679
10881
10920
11680
10882
10921
11681
10883
10922
11682
10884
10923
11683
10885
10924
11684
10886
10925
11685
10887
10926
11686
10888
10927
11687
10889
10928
11688
10890
10929
11689
10891
10930
11690
10892
10931
11691
10893
10932
11692
10894
10933
11693
10895
10934
11694
10896
10935
11695
10897
10936
11696
10898
10937
11697
10899
10938
11698
10900
10939
11699
10901
10940
11700
10902
10941
11701
10903
10942
11702
10904
10943
11703
10905
10944
11704
10906
10945
11705
10907
10946
11706
10908
10947
11707
10909
10948
11708
10910
10949
11709
10911
10950
11710
10912
10951
11711
10913
10952
11712
10914
10953
11713
10915
10954
11714
10916
10955
11715
10917
10956
11716
10918
10957
11717
10919
10958
11718
10959
11719
10921
10960
11720
10922
10961
11721
10923
10962
11722
10924
10963
11723
10925
10964
11724
10926
10965
11725
10927
10966
11726
10928
10967
11727
10929
10968
11728
10930
10969
11729
10931
10970
11730
10932
10971
11731
10933
10972
11732
10934
10973
11733
10935
10974
11734
10936
10975
11735
10937
10976
11736
10938
10977
11737
10939
10978
11738
10940
10979
11739
10941
10980
11740
10942
10981
11741
10943
10982
11742
10944
10983
11743
10945
10984
11744
10946
10985
11745
10947
10986
11746
10948
10987
11747
10949
10988
11748
10950
10989
11749
10951
10990
11750
10952
10991
11751
10953
10992
11752
10954
10993
11753
10955
10994
11754
10956
10995
11755
10957
10996
11756
10958
10997
11757
10959
10998
11758
10999
11759
10961
11000
11760
10962
11001
11761
10963
11002
11762
10964
11003
11763
10965
11004
11764
10966
11005
11765
10967
11006
11766
10968
11007
11767
10969
11008
11768
10970
11009
11769
10971
11010
11770
10972
11011
11771
10973
11012
11772
10974
11013
11773
10975
11014
11774
10976
11015
11775
10977
11016
11776
10978
11017
11777
10979
11018
11778
10980
11019
11779
10981
11020
11780
10982
11021
11781
10983
11022
11782
10984
11023
11783
10985
11024
11784
10986
11025
11785
10987
11026
11786
10988
11027
11787
10989
11028
11788
10990
11029
11789
10991
11030
11790
10992
11031
11791
10993
11032
11792
10994
11033
11793
10995
11034
11794
10996
11035
11795
10997
11036
11796
10998
11037
11797
10999
11038
11798
11039
11799
11001
11040
11800
11002
11041
11801
11003
11042
11802
11004
11043
11803
11005
11044
11804
11006
11045
11805
11007
11046
11806
11008
11047
11807
11009
11048
11808
11010
11049
11809
11011
11050
11810
11012
11051
11811
11013
11052
11812
11014
11053
11813
11015
11054
11814
11016
11055
11815
11017
11056
11816
11018
11057
11817
11019
11058
11818
11020
11059
11819
11021
11060
11820
11022
11061
11821
11023
11062
11822
11024
11063
11823
11025
11064
11824
11026
11065
11825
11027
11066
11826
11028
11067
11827
11029
11068
11828
11030
11069
11829
11031
11070
11830
11032
11071
11831
11033
11072
11832
11034
11073
11833
11035
11074
11834
11036
11075
11835
11037
11076
11836
11038
11077
11837
11039
11078
11838
11079
11839
11041
11080
11840
11042
11081
11841
11043
11082
11842
11044
11083
11843
11045
11084
11844
11046
11085
11845
11047
11086
11846
11048
11087
11847
11049
11088
11848
11050
11089
11849
11051
11090
11850
11052
11091
11851
11053
11092
11852
11054
11093
11853
11055
11094
11854
11056
11095
11855
11057
11096
11856
11058
11097
11857
11059
11098
11858
11060
11099
11859
11061
11100
11860
11062
11101
11861
11063
11102
11862
11064
11103
11863
11065
11104
11864
11066
11105
11865
11067
11106
11866
11068
11107
11867
11069
11108
11868
11070
11109
11869
11071
11110
11870
11072
11111
11871
11073
11112
11872
11074
11113
11873
11075
11114
11874
11076
11115
11875
11077
11116
11876
11078
11117
11877
11079
11118
11878
11119
11879
11081
11120
11880
11082
11121
11881
11083
11122
11882
11084
11123
11883
11085
11124
11884
11086
11125
11885
11087
11126
11886
11088
11127
11887
11089
11128
11888
11090
11129
11889
11091
11130
11890
11092
11131
11891
11093
11132
11892
11094
11133
11893
11095
11134
11894
11096
11135
11895
11097
11136
11896
11098
11137
11897
11099
11138
11898
11100
11139
11899
11101
11140
11900
11102
11141
11901
11103
11142
11902
11104
11143
11903
11105
11144
11904
11106
11145
11905
11107
11146
11906
11108
11147
11907
11109
11148
11908
11110
11149
11909
11111
11150
11910
11112
11151
11911
11113
11152
11912
11114
11153
11913
11115
11154
11914
11116
11155
11915
11117
11156
11916
11118
11157
11917
11119
11158
11918
11159
11919
11121
11160
11920
11122
11161
11921
11123
11162
11922
11124
11163
11923
11125
11164
11924
11126
11165
11925
11127
11166
11926
11128
11167
11927
11129
11168
11928
11130
11169
11929
11131
11170
11930
11132
11171
11931
11133
11172
11932
11134
11173
11933
11135
11174
11934
11136
11175
11935
11137
11176
11936
11138
11177
11937
11139
11178
11938
11140
11179
11939
11141
11180
11940
11142
11181
11941
11143
11182
11942
11144
11183
11943
11145
11184
11944
11146
11185
11945
11147
11186
11946
11148
11187
11947
11149
11188
11948
11150
11189
11949
11151
11190
11950
11152
11191
11951
11153
11192
11952
11154
11193
11953
11155
11194
11954
11156
11195
11955
11157
11196
11956
11158
11197
11957
11159
11198
11958
11199
11959
11161
11960
11162
11961
11163
11962
11164
11963
11165
11964
11166
11965
11167
11966
11168
11967
11169
11968
11170
11969
11171
11970
11172
11971
11173
11972
11174
11973
11175
11974
11176
11975
11177
11976
11178
11977
11179
11978
11180
11979
11181
11980
11182
11981
11183
11982
11184
11983
11185
11984
11186
11985
11187
11986
11188
11987
11189
11988
11190
11989
11191
11990
11192
11991
11193
11992
11194
11993
11195
11994
11196
11995
11197
11996
11198
11997
11199
11998
11999
11201
11240
12000
11202
11241
12001
11203
11242
12002
11204
11243
12003
11205
11244
12004
11206
11245
12005
11207
11246
12006
11208
11247
12007
11209
11248
12008
11210
11249
12009
11211
11250
12010
11212
11251
12011
11213
11252
12012
11214
11253
12013
11215
11254
12014
11216
11255
12015
11217
11256
12016
11218
11257
12017
11219
11258
12018
11220
11259
12019
11221
11260
12020
11222
11261
12021
11223
11262
12022
11224
11263
12023
11225
11264
12024
11226
11265
12025
11227
11266
12026
11228
11267
12027
11229
11268
12028
11230
11269
12029
11231
11270
12030
11232
11271
12031
11233
11272
12032
11234
11273
12033
11235
11274
12034
11236
11275
12035
11237
11276
12036
11238
11277
12037
11239
11278
12038
11279
12039
11241
11280
12040
11242
11281
12041
11243
11282
12042
11244
11283
12043
11245
11284
12044
11246
11285
12045
11247
11286
12046
11248
11287
12047
11249
11288
12048
11250
11289
12049
11251
11290
12050
11252
11291
12051
11253
11292
12052
11254
11293
12053
11255
11294
12054
11256
11295
12055
11257
11296
12056
11258
11297
12057
11259
11298
12058
11260
11299
12059
11261
11300
12060
11262
11301
12061
11263
11302
12062
11264
11303
12063
11265
11304
12064
11266
11305
12065
11267
11306
12066
11268
11307
12067
11269
11308
12068
11270
11309
12069
11271
11310
12070
11272
11311
12071
11273
11312
12072
11274
11313
12073
11275
11314
12074
11276
11315
12075
11277
11316
12076
11278
11317
12077
11279
11318
12078
11319
12079
11281
11320
12080
11282
11321
12081
11283
11322
12082
11284
11323
12083
11285
11324
12084
11286
11325
12085
11287
11326
12086
11288
11327
12087
11289
11328
12088
11290
11329
12089
11291
11330
12090
11292
11331
12091
11293
11332
12092
11294
11333
12093
11295
11334
12094
11296
11335
12095
11297
11336
12096
11298
11337
12097
11299
11338
12098
11300
11339
12099
11301
11340
12100
11302
11341
12101
11303
11342
12102
11304
11343
12103
11305
11344
12104
11306
11345
12105
11307
11346
12106
11308
11347
12107
11309
11348
12108
11310
11349
12109
11311
11350
12110
11312
11351
12111
11313
11352
12112
11314
11353
12113
11315
11354
12114
11316
11355
12115
11317
11356
12116
11318
11357
12117
11319
11358
12118
11359
12119
11321
11360
12120
11322
11361
12121
11323
11362
12122
11324
11363
12123
11325
11364
12124
11326
11365
12125
11327
11366
12126
11328
11367
12127
11329
11368
12128
11330
11369
12129
11331
11370
12130
11332
11371
12131
11333
11372
12132
11334
11373
12133
11335
11374
12134
11336
11375
12135
11337
11376
12136
11338
11377
12137
11339
11378
12138
11340
11379
12139
11341
11380
12140
11342
11381
12141
11343
11382
12142
11344
11383
12143
11345
11384
12144
11346
11385
12145
11347
11386
12146
11348
11387
12147
11349
11388
12148
11350
11389
12149
11351
11390
12150
11352
11391
12151
11353
11392
12152
11354
11393
12153
11355
11394
12154
11356
11395
12155
11357
11396
12156
11358
11397
12157
11359
11398
12158
11399
12159
11361
11400
12160
11362
11401
12161
11363
11402
12162
11364
11403
12163
11365
11404
12164
11366
11405
12165
11367
11406
12166
11368
11407
12167
11369
11408
12168
11370
11409
12169
11371
11410
12170
11372
11411
12171
11373
11412
12172
11374
11413
12173
11375
11414
12174
11376
11415
12175
11377
11416
12176
11378
11417
12177
11379
11418
12178
11380
11419
12179
11381
11420
12180
11382
11421
12181
11383
11422
12182
11384
11423
12183
11385
11424
12184
11386
11425
12185
11387
11426
12186
11388
11427
12187
11389
11428
12188
11390
11429
12189
11391
11430
12190
11392
11431
12191
11393
11432
12192
11394
11433
12193
11395
11434
12194
11396
11435
12195
11397
11436
12196
11398
11437
12197
11399
11438
12198
11439
12199
11401
11440
12200
11402
11441
12201
11403
11442
12202
11404
11443
12203
11405
11444
12204
11406
11445
12205
11407
11446
12206
11408
11447
12207
11409
11448
12208
11410
11449
12209
11411
11450
12210
11412
11451
12211
11413
11452
12212
11414
11453
12213
11415
11454
12214
11416
11455
12215
11417
11456
12216
11418
11457
12217
11419
11458
12218
11420
11459
12219
11421
11460
12220
11422
11461
12221
11423
11462
12222
11424
11463
12223
11425
11464
12224
11426
11465
12225
11427
11466
12226
11428
11467
12227
11429
11468
12228
11430
11469
12229
11431
11470
12230
11432
11471
12231
11433
11472
12232
11434
11473
12233
11435
11474
12234
11436
11475
12235
11437
11476
12236
11438
11477
12237
11439
11478
12238
11479
12239
11441
11480
12240
11442
11481
12241
11443
11482
12242
11444
11483
12243
11445
11484
12244
11446
11485
12245
11447
11486
12246
11448
11487
12247
11449
11488
12248
11450
11489
12249
11451
11490
12250
11452
11491
12251
11453
11492
12252
11454
11493
12253
11455
11494
12254
11456
11495
12255
11457
11496
12256
11458
11497
12257
11459
11498
12258
11460
11499
12259
11461
11500
12260
11462
11501
12261
11463
11502
12262
11464
11503
12263
11465
11504
12264
11466
11505
12265
11467
11506
12266
11468
11507
12267
11469
11508
12268
11470
11509
12269
11471
11510
12270
11472
11511
12271
11473
11512
12272
11474
11513
12273
11475
11514
12274
11476
11515
12275
11477
11516
12276
11478
11517
12277
11479
11518
12278
11519
12279
11481
11520
12280
11482
11521
12281
11483
11522
12282
11484
11523
12283
11485
11524
12284
11486
11525
12285
11487
11526
12286
11488
11527
12287
11489
11528
12288
11490
11529
12289
11491
11530
12290
11492
11531
12291
11493
11532
12292
11494
11533
12293
11495
11534
12294
11496
11535
12295
11497
11536
12296
11498
11537
12297
11499
11538
12298
11500
11539
12299
11501
11540
12300
11502
11541
12301
11503
11542
12302
11504
11543
12303
11505
11544
12304
11506
11545
12305
11507
11546
12306
11508
11547
12307
11509
11548
12308
11510
11549
12309
11511
11550
12310
11512
11551
12311
11513
11552
12312
11514
11553
12313
11515
11554
12314
11516
11555
12315
11517
11556
12316
11518
11557
12317
11519
11558
12318
11559
12319
11521
11560
12320
11522
11561
12321
11523
11562
12322
11524
11563
12323
11525
11564
12324
11526
11565
12325
11527
11566
12326
11528
11567
12327
11529
11568
12328
11530
11569
12329
11531
11570
12330
11532
11571
12331
11533
11572
12332
11534
11573
12333
11535
11574
12334
11536
11575
12335
11537
11576
12336
11538
11577
12337
11539
11578
12338
11540
11579
12339
11541
11580
12340
11542
11581
12341
11543
11582
12342
11544
11583
12343
11545
11584
12344
11546
11585
12345
11547
11586
12346
11548
11587
12347
11549
11588
12348
11550
11589
12349
11551
11590
12350
11552
11591
12351
11553
11592
12352
11554
11593
12353
11555
11594
12354
11556
11595
12355
11557
11596
12356
11558
11597
12357
11559
11598
12358
11599
12359
11561
11600
12360
11562
11601
12361
11563
11602
12362
11564
11603
12363
11565
11604
12364
11566
11605
12365
11567
11606
12366
11568
11607
12367
11569
11608
12368
11570
11609
12369
11571
11610
12370
11572
11611
12371
11573
11612
12372
11574
11613
12373
11575
11614
12374
11576
11615
12375
11577
11616
12376
11578
11617
12377
11579
11618
12378
11580
11619
12379
11581
11620
12380
11582
11621
12381
11583
11622
12382
11584
11623
12383
11585
11624
12384
11586
11625
12385
11587
11626
12386
11588
11627
12387
11589
11628
12388
11590
11629
12389
11591
11630
12390
11592
11631
12391
11593
11632
12392
11594
11633
12393
11595
11634
12394
11596
11635
12395
11597
11636
12396
11598
11637
12397
11599
11638
12398
11639
12399
11601
11640
12400
11602
11641
12401
11603
11642
12402
11604
11643
12403
11605
11644
12404
11606
11645
12405
11607
11646
12406
11608
11647
12407
11609
11648
12408
11610
11649
12409
11611
11650
12410
11612
11651
12411
11613
11652
12412
11614
11653
12413
11615
11654
12414
11616
11655
12415
11617
11656
12416
11618
11657
12417
11619
11658
12418
11620
11659
12419
11621
11660
12420
11622
11661
12421
11623
11662
12422
11624
11663
12423
11625
11664
12424
11626
11665
12425
11627
11666
12426
11628
11667
12427
11629
11668
12428
11630
11669
12429
11631
11670
12430
11632
11671
12431
11633
11672
12432
11634
11673
12433
11635
11674
12434
11636
11675
12435
11637
11676
12436
11638
11677
12437
11639
11678
12438
11679
12439
11641
11680
12440
11642
11681
12441
11643
11682
12442
11644
11683
12443
11645
11684
12444
11646
11685
12445
11647
11686
12446
11648
11687
12447
11649
11688
12448
11650
11689
12449
11651
11690
12450
11652
11691
12451
11653
11692
12452
11654
11693
12453
11655
11694
12454
11656
11695
12455
11657
11696
12456
11658
11697
12457
11659
11698
12458
11660
11699
12459
11661
11700
12460
11662
11701
12461
11663
11702
12462
11664
11703
12463
11665
11704
12464
11666
11705
12465
11667
11706
12466
11668
11707
12467
11669
11708
12468
11670
11709
12469
11671
11710
12470
11672
11711
12471
11673
11712
12472
11674
11713
12473
11675
11714
12474
11676
11715
12475
11677
11716
12476
11678
11717
12477
11679
11718
12478
11719
12479
11681
11720
12480
11682
11721
12481
11683
11722
12482
11684
11723
12483
11685
11724
12484
11686
11725
12485
11687
11726
12486
11688
11727
12487
11689
11728
12488
11690
11729
12489
11691
11730
12490
11692
11731
12491
11693
11732
12492
11694
11733
12493
11695
11734
12494
11696
11735
12495
11697
11736
12496
11698
11737
12497
11699
11738
12498
11700
11739
12499
11701
11740
12500
11702
11741
12501
11703
11742
12502
11704
11743
12503
11705
11744
12504
11706
11745
12505
11707
11746
12506
11708
11747
12507
11709
11748
12508
11710
11749
12509
11711
11750
12510
11712
11751
12511
11713
11752
12512
11714
11753
12513
11715
11754
12514
11716
11755
12515
11717
11756
12516
11718
11757
12517
11719
11758
12518
11759
12519
11721
11760
12520
11722
11761
12521
11723
11762
12522
11724
11763
12523
11725
11764
12524
11726
11765
12525
11727
11766
12526
11728
11767
12527
11729
11768
12528
11730
11769
12529
11731
11770
12530
11732
11771
12531
11733
11772
12532
11734
11773
12533
11735
11774
12534
11736
11775
12535
11737
11776
12536
11738
11777
12537
11739
11778
12538
11740
11779
12539
11741
11780
12540
11742
11781
12541
11743
11782
12542
11744
11783
12543
11745
11784
12544
11746
11785
12545
11747
11786
12546
11748
11787
12547
11749
11788
12548
11750
11789
12549
11751
11790
12550
11752
11791
12551
11753
11792
12552
11754
11793
12553
11755
11794
12554
11756
11795
12555
11757
11796
12556
11758
11797
12557
11759
11798
12558
11799
12559
11761
11800
12560
11762
11801
12561
11763
11802
12562
11764
11803
12563
11765
11804
12564
11766
11805
12565
11767
11806
12566
11768
11807
12567
11769
11808
12568
11770
11809
12569
11771
11810
12570
11772
11811
12571
11773
11812
12572
11774
11813
12573
11775
11814
12574
11776
11815
12575
11777
11816
12576
11778
11817
12577
11779
11818
12578
11780
11819
12579
11781
11820
12580
11782
11821
12581
11783
11822
12582
11784
11823
12583
11785
11824
12584
11786
11825
12585
11787
11826
12586
11788
11827
12587
11789
11828
12588
11790
11829
12589
11791
11830
12590
11792
11831
12591
11793
11832
12592
11794
11833
12593
11795
11834
12594
11796
11835
12595
11797
11836
12596
11798
11837
12597
11799
11838
12598
11839
12599
11801
11840
12600
11802
11841
12601
11803
11842
12602
11804
11843
12603
11805
11844
12604
11806
11845
12605
11807
11846
12606
11808
11847
12607
11809
11848
12608
11810
11849
12609
11811
11850
12610
11812
11851
12611
11813
11852
12612
11814
11853
12613
11815
11854
12614
11816
11855
12615
11817
11856
12616
11818
11857
12617
11819
11858
12618
11820
11859
12619
11821
11860
12620
11822
11861
12621
11823
11862
12622
11824
11863
12623
11825
11864
12624
11826
11865
12625
11827
11866
12626
11828
11867
12627
11829
11868
12628
11830
11869
12629
11831
11870
12630
11832
11871
12631
11833
11872
12632
11834
11873
12633
11835
11874
12634
11836
11875
12635
11837
11876
12636
11838
11877
12637
11839
11878
12638
11879
12639
11841
11880
12640
11842
11881
12641
11843
11882
12642
11844
11883
12643
11845
11884
12644
11846
11885
12645
11847
11886
12646
11848
11887
12647
11849
11888
12648
11850
11889
12649
11851
11890
12650
11852
11891
12651
11853
11892
12652
11854
11893
12653
11855
11894
12654
11856
11895
12655
11857
11896
12656
11858
11897
12657
11859
11898
12658
11860
11899
12659
11861
11900
12660
11862
11901
12661
11863
11902
12662
11864
11903
12663
11865
11904
12664
11866
11905
12665
11867
11906
12666
11868
11907
12667
11869
11908
12668
11870
11909
12669
11871
11910
12670
11872
11911
12671
11873
11912
12672
11874
11913
12673
11875
11914
12674
11876
11915
12675
11877
11916
12676
11878
11917
12677
11879
11918
12678
11919
12679
11881
11920
12680
11882
11921
12681
11883
11922
12682
11884
11923
12683
11885
11924
12684
11886
11925
12685
11887
11926
12686
11888
11927
12687
11889
11928
12688
11890
11929
12689
11891
11930
12690
11892
11931
12691
11893
11932
12692
11894
11933
12693
11895
11934
12694
11896
11935
12695
11897
11936
12696
11898
11937
12697
11899
11938
12698
11900
11939
12699
11901
11940
12700
11902
11941
12701
11903
11942
12702
11904
11943
12703
11905
11944
12704
11906
11945
12705
11907
11946
12706
11908
11947
12707
11909
11948
12708
11910
11949
12709
11911
11950
12710
11912
11951
12711
11913
11952
12712
11914
11953
12713
11915
11954
12714
11916
11955
12715
11917
11956
12716
11918
11957
12717
11919
11958
12718
11959
12719
11921
11960
12720
11922
11961
12721
11923
11962
12722
11924
11963
12723
11925
11964
12724
11926
11965
12725
11927
11966
12726
11928
11967
12727
11929
11968
12728
11930
11969
12729
11931
11970
12730
11932
11971
12731
11933
11972
12732
11934
11973
12733
11935
11974
12734
11936
11975
12735
11937
11976
12736
11938
11977
12737
11939
11978
12738
11940
11979
12739
11941
11980
12740
11942
11981
12741
11943
11982
12742
11944
11983
12743
11945
11984
12744
11946
11985
12745
11947
11986
12746
11948
11987
12747
11949
11988
12748
11950
11989
12749
11951
11990
12750
11952
11991
12751
11953
11992
12752
11954
11993
12753
11955
11994
12754
11956
11995
12755
11957
11996
12756
11958
11997
12757
11959
11998
12758
11999
12759
11961
12760
11962
12761
11963
12762
11964
12763
11965
12764
11966
12765
11967
12766
11968
12767
11969
12768
11970
12769
11971
12770
11972
12771
11973
12772
11974
12773
11975
12774
11976
12775
11977
12776
11978
12777
11979
12778
11980
12779
11981
12780
11982
12781
11983
12782
11984
12783
11985
12784
11986
12785
11987
12786
11988
12787
11989
12788
11990
12789
11991
12790
11992
12791
11993
12792
11994
12793
11995
12794
11996
12795
11997
12796
11998
12797
11999
12798
12799
12001
12040
12800
12002
12041
12801
12003
12042
12802
12004
12043
12803
12005
12044
12804
12006
12045
12805
12007
12046
12806
12008
12047
12807
12009
12048
12808
12010
12049
12809
12011
12050
12810
12012
12051
12811
12013
12052
12812
12014
12053
12813
12015
12054
12814
12016
12055
12815
12017
12056
12816
12018
12057
12817
12019
12058
12818
12020
12059
12819
12021
12060
12820
12022
12061
12821
12023
12062
12822
12024
12063
12823
12025
12064
12824
12026
12065
12825
12027
12066
12826
12028
12067
12827
12029
12068
12828
12030
12069
12829
12031
12070
12830
12032
12071
12831
12033
12072
12832
12034
12073
12833
12035
12074
12834
12036
12075
12835
12037
12076
12836
12038
12077
12837
12039
12078
12838
12079
12839
12041
12080
12840
12042
12081
12841
12043
12082
12842
12044
12083
12843
12045
12084
12844
12046
12085
12845
12047
12086
12846
12048
12087
12847
12049
12088
12848
12050
12089
12849
12051
12090
12850
12052
12091
12851
12053
12092
12852
12054
12093
12853
12055
12094
12854
12056
12095
12855
12057
12096
12856
12058
12097
12857
12059
12098
12858
12060
12099
12859
12061
12100
12860
12062
12101
12861
12063
12102
12862
12064
12103
12863
12065
12104
12864
12066
12105
12865
12067
12106
12866
12068
12107
12867
12069
12108
12868
12070
12109
12869
12071
12110
12870
12072
12111
12871
12073
12112
12872
12074
12113
12873
12075
12114
12874
12076
12115
12875
12077
12116
12876
12078
12117
12877
12079
12118
12878
12119
12879
12081
12120
12880
12082
12121
12881
12083
12122
12882
12084
12123
12883
12085
12124
12884
12086
12125
12885
12087
12126
12886
12088
12127
12887
12089
12128
12888
12090
12129
12889
12091
12130
12890
12092
12131
12891
12093
12132
12892
12094
12133
12893
12095
12134
12894
12096
12135
12895
12097
12136
12896
12098
12137
12897
12099
12138
12898
12100
12139
12899
12101
12140
12900
12102
12141
12901
12103
12142
12902
12104
12143
12903
12105
12144
12904
12106
12145
12905
12107
12146
12906
12108
12147
12907
12109
12148
12908
12110
12149
12909
12111
12150
12910
12112
12151
12911
12113
12152
12912
12114
12153
12913
12115
12154
12914
12116
12155
12915
12117
12156
12916
12118
12157
12917
12119
12158
12918
12159
12919
12121
12160
12920
12122
12161
12921
12123
12162
12922
12124
12163
12923
12125
12164
12924
12126
12165
12925
12127
12166
12926
12128
12167
12927
12129
12168
12928
12130
12169
12929
12131
12170
12930
12132
12171
12931
12133
12172
12932
12134
12173
12933
12135
12174
12934
12136
12175
12935
12137
12176
12936
12138
12177
12937
12139
12178
12938
12140
12179
12939
12141
12180
12940
12142
12181
12941
12143
12182
12942
12144
12183
12943
12145
12184
12944
12146
12185
12945
12147
12186
12946
12148
12187
12947
12149
12188
12948
12150
12189
12949
12151
12190
12950
12152
12191
12951
12153
12192
12952
12154
12193
12953
12155
12194
12954
12156
12195
12955
12157
12196
12956
12158
12197
12957
12159
12198
12958
12199
12959
12161
12200
12960
12162
12201
12961
12163
12202
12962
12164
12203
12963
12165
12204
12964
12166
12205
12965
12167
12206
12966
12168
12207
12967
12169
12208
12968
12170
12209
12969
12171
12210
12970
12172
12211
12971
12173
12212
12972
12174
12213
12973
12175
12214
12974
12176
12215
12975
12177
12216
12976
12178
12217
12977
12179
12218
12978
12180
12219
12979
12181
12220
12980
12182
12221
12981
12183
12222
12982
12184
12223
12983
12185
12224
12984
12186
12225
12985
12187
12226
12986
12188
12227
12987
12189
12228
12988
12190
12229
12989
12191
12230
12990
12192
12231
12991
12193
12232
12992
12194
12233
12993
12195
12234
12994
12196
12235
12995
12197
12236
12996
12198
12237
12997
12199
12238
12998
12239
12999
12201
12240
13000
12202
12241
13001
12203
12242
13002
12204
12243
13003
12205
12244
13004
12206
12245
13005
12207
12246
13006
12208
12247
13007
12209
12248
13008
12210
12249
13009
12211
12250
13010
12212
12251
13011
12213
12252
13012
12214
12253
13013
12215
12254
13014
12216
12255
13015
12217
12256
13016
12218
12257
13017
12219
12258
13018
12220
12259
13019
12221
12260
13020
12222
12261
13021
12223
12262
13022
12224
12263
13023
12225
12264
13024
12226
12265
13025
12227
12266
13026
12228
12267
13027
12229
12268
13028
12230
12269
13029
12231
12270
13030
12232
12271
13031
12233
12272
13032
12234
12273
13033
12235
12274
13034
12236
12275
13035
12237
12276
13036
12238
12277
13037
12239
12278
13038
12279
13039
12241
12280
13040
12242
12281
13041
12243
12282
13042
12244
12283
13043
12245
12284
13044
12246
12285
13045
12247
12286
13046
12248
12287
13047
12249
12288
13048
12250
12289
13049
12251
12290
13050
12252
12291
13051
12253
12292
13052
12254
12293
13053
12255
12294
13054
12256
12295
13055
12257
12296
13056
12258
12297
13057
12259
12298
13058
12260
12299
13059
12261
12300
13060
12262
12301
13061
12263
12302
13062
12264
12303
13063
12265
12304
13064
12266
12305
13065
12267
12306
13066
12268
12307
13067
12269
12308
13068
12270
12309
13069
12271
12310
13070
12272
12311
13071
12273
12312
13072
12274
12313
13073
12275
12314
13074
12276
12315
13075
12277
12316
13076
12278
12317
13077
12279
12318
13078
12319
13079
12281
12320
13080
12282
12321
13081
12283
12322
13082
12284
12323
13083
12285
12324
13084
12286
12325
13085
12287
12326
13086
12288
12327
13087
12289
12328
13088
12290
12329
13089
12291
12330
13090
12292
12331
13091
12293
12332
13092
12294
12333
13093
12295
12334
13094
12296
12335
13095
12297
12336
13096
12298
12337
13097
12299
12338
13098
12300
12339
13099
12301
12340
13100
12302
12341
13101
12303
12342
13102
12304
12343
13103
12305
12344
13104
12306
12345
13105
12307
12346
13106
12308
12347
13107
12309
12348
13108
12310
12349
13109
12311
12350
13110
12312
12351
13111
12313
12352
13112
12314
12353
13113
12315
12354
13114
12316
12355
13115
12317
12356
13116
12318
12357
13117
12319
12358
13118
12359
13119
12321
12360
13120
12322
12361
13121
12323
12362
13122
12324
12363
13123
12325
12364
13124
12326
12365
13125
12327
12366
13126
12328
12367
13127
12329
12368
13128
12330
12369
13129
12331
12370
13130
12332
12371
13131
12333
12372
13132
12334
12373
13133
12335
12374
13134
12336
12375
13135
12337
12376
13136
12338
12377
13137
12339
12378
13138
12340
12379
13139
12341
12380
13140
12342
12381
13141
12343
12382
13142
12344
12383
13143
12345
12384
13144
12346
12385
13145
12347
12386
13146
12348
12387
13147
12349
12388
13148
12350
12389
13149
12351
12390
13150
12352
12391
13151
12353
12392
13152
12354
12393
13153
12355
12394
13154
12356
12395
13155
12357
12396
13156
12358
12397
13157
12359
12398
13158
12399
13159
12361
12400
13160
12362
12401
13161
12363
12402
13162
12364
12403
13163
12365
12404
13164
12366
12405
13165
12367
12406
13166
12368
12407
13167
12369
12408
13168
12370
12409
13169
12371
12410
13170
12372
12411
13171
12373
12412
13172
12374
12413
13173
12375
12414
13174
12376
12415
13175
12377
12416
13176
12378
12417
13177
12379
12418
13178
12380
12419
13179
12381
12420
13180
12382
12421
13181
12383
12422
13182
12384
12423
13183
12385
12424
13184
12386
12425
13185
12387
12426
13186
12388
12427
13187
12389
12428
13188
12390
12429
13189
12391
12430
13190
12392
12431
13191
12393
12432
13192
12394
12433
13193
12395
12434
13194
12396
12435
13195
12397
12436
13196
12398
12437
13197
12399
12438
13198
12439
13199
12401
12440
13200
12402
12441
13201
12403
12442
13202
12404
12443
13203
12405
12444
13204
12406
12445
13205
12407
12446
13206
12408
12447
13207
12409
12448
13208
12410
12449
13209
12411
12450
13210
12412
12451
13211
12413
12452
13212
12414
12453
13213
12415
12454
13214
12416
12455
13215
12417
12456
13216
12418
12457
13217
12419
12458
13218
12420
12459
13219
12421
12460
13220
12422
12461
13221
12423
12462
13222
12424
12463
13223
12425
12464
13224
12426
12465
13225
12427
12466
13226
12428
12467
13227
12429
12468
13228
12430
12469
13229
12431
12470
13230
12432
12471
13231
12433
12472
13232
12434
12473
13233
12435
12474
13234
12436
12475
13235
12437
12476
13236
12438
12477
13237
12439
12478
13238
12479
13239
12441
12480
13240
12442
12481
13241
12443
12482
13242
12444
12483
13243
12445
12484
13244
12446
12485
13245
12447
12486
13246
12448
12487
13247
12449
12488
13248
12450
12489
13249
12451
12490
13250
12452
12491
13251
12453
12492
13252
12454
12493
13253
12455
12494
13254
12456
12495
13255
12457
12496
13256
12458
12497
13257
12459
12498
13258
12460
12499
13259
12461
12500
13260
12462
12501
13261
12463
12502
13262
12464
12503
13263
12465
12504
13264
12466
12505
13265
12467
12506
13266
12468
12507
13267
12469
12508
13268
12470
12509
13269
12471
12510
13270
12472
12511
13271
12473
12512
13272
12474
12513
13273
12475
12514
13274
12476
12515
13275
12477
12516
13276
12478
12517
13277
12479
12518
13278
12519
13279
12481
12520
13280
12482
12521
13281
12483
12522
13282
12484
12523
13283
12485
12524
13284
12486
12525
13285
12487
12526
13286
12488
12527
13287
12489
12528
13288
12490
12529
13289
12491
12530
13290
12492
12531
13291
12493
12532
13292
12494
12533
13293
12495
12534
13294
12496
12535
13295
12497
12536
13296
12498
12537
13297
12499
12538
13298
12500
12539
13299
12501
12540
13300
12502
12541
13301
12503
12542
13302
12504
12543
13303
12505
12544
13304
12506
12545
13305
12507
12546
13306
12508
12547
13307
12509
12548
13308
12510
12549
13309
12511
12550
13310
12512
12551
13311
12513
12552
13312
12514
12553
13313
12515
12554
13314
12516
12555
13315
12517
12556
13316
12518
12557
13317
12519
12558
13318
12559
13319
12521
12560
13320
12522
12561
13321
12523
12562
13322
12524
12563
13323
12525
12564
13324
12526
12565
13325
12527
12566
13326
12528
12567
13327
12529
12568
13328
12530
12569
13329
12531
12570
13330
12532
12571
13331
12533
12572
13332
12534
12573
13333
12535
12574
13334
12536
12575
13335
12537
12576
13336
12538
12577
13337
12539
12578
13338
12540
12579
13339
12541
12580
13340
12542
12581
13341
12543
12582
13342
12544
12583
13343
12545
12584
13344
12546
12585
13345
12547
12586
13346
12548
12587
13347
12549
12588
13348
12550
12589
13349
12551
12590
13350
12552
12591
13351
12553
12592
13352
12554
12593
13353
12555
12594
13354
12556
12595
13355
12557
12596
13356
12558
12597
13357
12559
12598
13358
12599
13359
12561
12600
13360
12562
12601
13361
12563
12602
13362
12564
12603
13363
12565
12604
13364
12566
12605
13365
12567
12606
13366
12568
12607
13367
12569
12608
13368
12570
12609
13369
12571
12610
13370
12572
12611
13371
12573
12612
13372
12574
12613
13373
12575
12614
13374
12576
12615
13375
12577
12616
13376
12578
12617
13377
12579
12618
13378
12580
12619
13379
12581
12620
13380
12582
12621
13381
12583
12622
13382
12584
12623
13383
12585
12624
13384
12586
12625
13385
12587
12626
13386
12588
12627
13387
12589
12628
13388
12590
12629
13389
12591
12630
13390
12592
12631
13391
12593
12632
13392
12594
12633
13393
12595
12634
13394
12596
12635
13395
12597
12636
13396
12598
12637
13397
12599
12638
13398
12639
13399
12601
12640
13400
12602
12641
13401
12603
12642
13402
12604
12643
13403
12605
12644
13404
12606
12645
13405
12607
12646
13406
12608
12647
13407
12609
12648
13408
12610
12649
13409
12611
12650
13410
12612
12651
13411
12613
12652
13412
12614
12653
13413
12615
12654
13414
12616
12655
13415
12617
12656
13416
12618
12657
13417
12619
12658
13418
12620
12659
13419
12621
12660
13420
12622
12661
13421
12623
12662
13422
12624
12663
13423
12625
12664
13424
12626
12665
13425
12627
12666
13426
12628
12667
13427
12629
12668
13428
12630
12669
13429
12631
12670
13430
12632
12671
13431
12633
12672
13432
12634
12673
13433
12635
12674
13434
12636
12675
13435
12637
12676
13436
12638
12677
13437
12639
12678
13438
12679
13439
12641
12680
13440
12642
12681
13441
12643
12682
13442
12644
12683
13443
12645
12684
13444
12646
12685
13445
12647
12686
13446
12648
12687
13447
12649
12688
13448
12650
12689
13449
12651
12690
13450
12652
12691
13451
12653
12692
13452
12654
12693
13453
12655
12694
13454
12656
12695
13455
12657
12696
13456
12658
12697
13457
12659
12698
13458
12660
12699
13459
12661
12700
13460
12662
12701
13461
12663
12702
13462
12664
12703
13463
12665
12704
13464
12666
12705
13465
12667
12706
13466
12668
12707
13467
12669
12708
13468
12670
12709
13469
12671
12710
13470
12672
12711
13471
12673
12712
13472
12674
12713
13473
12675
12714
13474
12676
12715
13475
12677
12716
13476
12678
12717
13477
12679
12718
13478
12719
13479
12681
12720
13480
12682
12721
13481
12683
12722
13482
12684
12723
13483
12685
12724
13484
12686
12725
13485
12687
12726
13486
12688
12727
13487
12689
12728
13488
12690
12729
13489
12691
12730
13490
12692
12731
13491
12693
12732
13492
12694
12733
13493
12695
12734
13494
12696
12735
13495
12697
12736
13496
12698
12737
13497
12699
12738
13498
12700
12739
13499
12701
12740
13500
12702
12741
13501
12703
12742
13502
12704
12743
13503
12705
12744
13504
12706
12745
13505
12707
12746
13506
12708
12747
13507
12709
12748
13508
12710
12749
13509
12711
12750
13510
12712
12751
13511
12713
12752
13512
12714
12753
13513
12715
12754
13514
12716
12755
13515
12717
12756
13516
12718
12757
13517
12719
12758
13518
12759
13519
12721
12760
13520
12722
12761
13521
12723
12762
13522
12724
12763
13523
12725
12764
13524
12726
12765
13525
12727
12766
13526
12728
12767
13527
12729
12768
13528
12730
12769
13529
12731
12770
13530
12732
12771
13531
12733
12772
13532
12734
12773
13533
12735
12774
13534
12736
12775
13535
12737
12776
13536
12738
12777
13537
12739
12778
13538
12740
12779
13539
12741
12780
13540
12742
12781
13541
12743
12782
13542
12744
12783
13543
12745
12784
13544
12746
12785
13545
12747
12786
13546
12748
12787
13547
12749
12788
13548
12750
12789
13549
12751
12790
13550
12752
12791
13551
12753
12792
13552
12754
12793
13553
12755
12794
13554
12756
12795
13555
12757
12796
13556
12758
12797
13557
12759
12798
13558
12799
13559
12761
13560
12762
13561
12763
13562
12764
13563
12765
13564
12766
13565
12767
13566
12768
13567
12769
13568
12770
13569
12771
13570
12772
13571
12773
13572
12774
13573
12775
13574
12776
13575
12777
13576
12778
13577
12779
13578
12780
13579
12781
13580
12782
13581
12783
13582
12784
13583
12785
13584
12786
13585
12787
13586
12788
13587
12789
13588
12790
13589
12791
13590
12792
13591
12793
13592
12794
13593
12795
13594
12796
13595
12797
13596
12798
13597
12799
13598
13599
12801
12840
13600
12802
12841
13601
12803
12842
13602
12804
12843
13603
12805
12844
13604
12806
12845
13605
12807
12846
13606
12808
12847
13607
12809
12848
13608
12810
12849
13609
12811
12850
13610
12812
12851
13611
12813
12852
13612
12814
12853
13613
12815
12854
13614
12816
12855
13615
12817
12856
13616
12818
12857
13617
12819
12858
13618
12820
12859
13619
12821
12860
13620
12822
12861
13621
12823
12862
13622
12824
12863
13623
12825
12864
13624
12826
12865
13625
12827
12866
13626
12828
12867
13627
12829
12868
13628
12830
12869
13629
12831
12870
13630
12832
12871
13631
12833
12872
13632
12834
12873
13633
12835
12874
13634
12836
12875
13635
12837
12876
13636
12838
12877
13637
12839
12878
13638
12879
13639
12841
12880
13640
12842
12881
13641
12843
12882
13642
12844
12883
13643
12845
12884
13644
12846
12885
13645
12847
12886
13646
12848
12887
13647
12849
12888
13648
12850
12889
13649
12851
12890
13650
12852
12891
13651
12853
12892
13652
12854
12893
13653
12855
12894
13654
12856
12895
13655
12857
12896
13656
12858
12897
13657
12859
12898
13658
12860
12899
13659
12861
12900
13660
12862
12901
13661
12863
12902
13662
12864
12903
13663
12865
12904
13664
12866
12905
13665
12867
12906
13666
12868
12907
13667
12869
12908
13668
12870
12909
13669
12871
12910
13670
12872
12911
13671
12873
12912
13672
12874
12913
13673
12875
12914
13674
12876
12915
13675
12877
12916
13676
12878
12917
13677
12879
12918
13678
12919
13679
12881
12920
13680
12882
12921
13681
12883
12922
13682
12884
12923
13683
12885
12924
13684
12886
12925
13685
12887
12926
13686
12888
12927
13687
12889
12928
13688
12890
12929
13689
12891
12930
13690
12892
12931
13691
12893
12932
13692
12894
12933
13693
12895
12934
13694
12896
12935
13695
12897
12936
13696
12898
12937
13697
12899
12938
13698
12900
12939
13699
12901
12940
13700
12902
12941
13701
12903
12942
13702
12904
12943
13703
12905
12944
13704
12906
12945
13705
12907
12946
13706
12908
12947
13707
12909
12948
13708
12910
12949
13709
12911
12950
13710
12912
12951
13711
12913
12952
13712
12914
12953
13713
12915
12954
13714
12916
12955
13715
12917
12956
13716
12918
12957
13717
12919
12958
13718
12959
13719
12921
12960
13720
12922
12961
13721
12923
12962
13722
12924
12963
13723
12925
12964
13724
12926
12965
13725
12927
12966
13726
12928
12967
13727
12929
12968
13728
12930
12969
13729
12931
12970
13730
12932
12971
13731
12933
12972
13732
12934
12973
13733
12935
12974
13734
12936
12975
13735
12937
12976
13736
12938
12977
13737
12939
12978
13738
12940
12979
13739
12941
12980
13740
12942
12981
13741
12943
12982
13742
12944
12983
13743
12945
12984
13744
12946
12985
13745
12947
12986
13746
12948
12987
13747
12949
12988
13748
12950
12989
13749
12951
12990
13750
12952
12991
13751
12953
12992
13752
12954
12993
13753
12955
12994
13754
12956
12995
13755
12957
12996
13756
12958
12997
13757
12959
12998
13758
12999
13759
12961
13000
13760
12962
13001
13761
12963
13002
13762
12964
13003
13763
12965
13004
13764
12966
13005
13765
12967
13006
13766
12968
13007
13767
12969
13008
13768
12970
13009
13769
12971
13010
13770
12972
13011
13771
12973
13012
13772
12974
13013
13773
12975
13014
13774
12976
13015
13775
12977
13016
13776
12978
13017
13777
12979
13018
13778
12980
13019
13779
12981
13020
13780
12982
13021
13781
12983
13022
13782
12984
13023
13783
12985
13024
13784
12986
13025
13785
12987
13026
13786
12988
13027
13787
12989
13028
13788
12990
13029
13789
12991
13030
13790
12992
13031
13791
12993
13032
13792
12994
13033
13793
12995
13034
13794
12996
13035
13795
12997
13036
13796
12998
13037
13797
12999
13038
13798
13039
13799
13001
13040
13800
13002
13041
13801
13003
13042
13802
13004
13043
13803
13005
13044
13804
13006
13045
13805
13007
13046
13806
13008
13047
13807
13009
13048
13808
13010
13049
13809
13011
13050
13810
13012
13051
13811
13013
13052
13812
13014
13053
13813
13015
13054
13814
13016
13055
13815
13017
13056
13816
13018
13057
13817
13019
13058
13818
13020
13059
13819
13021
13060
13820
13022
13061
13821
13023
13062
13822
13024
13063
13823
13025
13064
13824
13026
13065
13825
13027
13066
13826
13028
13067
13827
13029
13068
13828
13030
13069
13829
13031
13070
13830
13032
13071
13831
13033
13072
13832
13034
13073
13833
13035
13074
13834
13036
13075
13835
13037
13076
13836
13038
13077
13837
13039
13078
13838
13079
13839
13041
13080
13840
13042
13081
13841
13043
13082
13842
13044
13083
13843
13045
13084
13844
13046
13085
13845
13047
13086
13846
13048
13087
13847
13049
13088
13848
13050
13089
13849
13051
13090
13850
13052
13091
13851
13053
13092
13852
13054
13093
13853
13055
13094
13854
13056
13095
13855
13057
13096
13856
13058
13097
13857
13059
13098
13858
13060
13099
13859
13061
13100
13860
13062
13101
13861
13063
13102
13862
13064
13103
13863
13065
13104
13864
13066
13105
13865
13067
13106
13866
13068
13107
13867
13069
13108
13868
13070
13109
13869
13071
13110
13870
13072
13111
13871
13073
13112
13872
13074
13113
13873
13075
13114
13874
13076
13115
13875
13077
13116
13876
13078
13117
13877
13079
13118
13878
13119
13879
13081
13120
13880
13082
13121
13881
13083
13122
13882
13084
13123
13883
13085
13124
13884
13086
13125
13885
13087
13126
13886
13088
13127
13887
13089
13128
13888
13090
13129
13889
13091
13130
13890
13092
13131
13891
13093
13132
13892
13094
13133
13893
13095
13134
13894
13096
13135
13895
13097
13136
13896
13098
13137
13897
13099
13138
13898
13100
13139
13899
13101
13140
13900
13102
13141
13901
13103
13142
13902
13104
13143
13903
13105
13144
13904
13106
13145
13905
13107
13146
13906
13108
13147
13907
13109
13148
13908
13110
13149
13909
13111
13150
13910
13112
13151
13911
13113
13152
13912
13114
13153
13913
13115
13154
13914
13116
13155
13915
13117
13156
13916
13118
13157
13917
13119
13158
13918
13159
13919
13121
13160
13920
13122
13161
13921
13123
13162
13922
13124
13163
13923
13125
13164
13924
13126
13165
13925
13127
13166
13926
13128
13167
13927
13129
13168
13928
13130
13169
13929
13131
13170
13930
13132
13171
13931
13133
13172
13932
13134
13173
13933
13135
13174
13934
13136
13175
13935
13137
13176
13936
13138
13177
13937
13139
13178
13938
13140
13179
13939
13141
13180
13940
13142
13181
13941
13143
13182
13942
13144
13183
13943
13145
13184
13944
13146
13185
13945
13147
13186
13946
13148
13187
13947
13149
13188
13948
13150
13189
13949
13151
13190
13950
13152
13191
13951
13153
13192
13952
13154
13193
13953
13155
13194
13954
13156
13195
13955
13157
13196
13956
13158
13197
13957
13159
13198
13958
13199
13959
13161
13200
13960
13162
13201
13961
13163
13202
13962
13164
13203
13963
13165
13204
13964
13166
13205
13965
13167
13206
13966
13168
13207
13967
13169
13208
13968
13170
13209
13969
13171
13210
13970
13172
13211
13971
13173
13212
13972
13174
13213
13973
13175
13214
13974
13176
13215
13975
13177
13216
13976
13178
13217
13977
13179
13218
13978
13180
13219
13979
13181
13220
13980
13182
13221
13981
13183
13222
13982
13184
13223
13983
13185
13224
13984
13186
13225
13985
13187
13226
13986
13188
13227
13987
13189
13228
13988
13190
13229
13989
13191
13230
13990
13192
13231
13991
13193
13232
13992
13194
13233
13993
13195
13234
13994
13196
13235
13995
13197
13236
13996
13198
13237
13997
13199
13238
13998
13239
13999
13201
13240
14000
13202
13241
14001
13203
13242
14002
13204
13243
14003
13205
13244
14004
13206
13245
14005
13207
13246
14006
13208
13247
14007
13209
13248
14008
13210
13249
14009
13211
13250
14010
13212
13251
14011
13213
13252
14012
13214
13253
14013
13215
13254
14014
13216
13255
14015
13217
13256
14016
13218
13257
14017
13219
13258
14018
13220
13259
14019
13221
13260
14020
13222
13261
14021
13223
13262
14022
13224
13263
14023
13225
13264
14024
13226
13265
14025
13227
13266
14026
13228
13267
14027
13229
13268
14028
13230
13269
14029
13231
13270
14030
13232
13271
14031
13233
13272
14032
13234
13273
14033
13235
13274
14034
13236
13275
14035
13237
13276
14036
13238
13277
14037
13239
13278
14038
13279
14039
13241
13280
14040
13242
13281
14041
13243
13282
14042
13244
13283
14043
13245
13284
14044
13246
13285
14045
13247
13286
14046
13248
13287
14047
13249
13288
14048
13250
13289
14049
13251
13290
14050
13252
13291
14051
13253
13292
14052
13254
13293
14053
13255
13294
14054
13256
13295
14055
13257
13296
14056
13258
13297
14057
13259
13298
14058
13260
13299
14059
13261
13300
14060
13262
13301
14061
13263
13302
14062
13264
13303
14063
13265
13304
14064
13266
13305
14065
13267
13306
14066
13268
13307
14067
13269
13308
14068
13270
13309
14069
13271
13310
14070
13272
13311
14071
13273
13312
14072
13274
13313
14073
13275
13314
14074
13276
13315
14075
13277
13316
14076
13278
13317
14077
13279
13318
14078
13319
14079
13281
13320
14080
13282
13321
14081
13283
13322
14082
13284
13323
14083
13285
13324
14084
13286
13325
14085
13287
13326
14086
13288
13327
14087
13289
13328
14088
13290
13329
14089
13291
13330
14090
13292
13331
14091
13293
13332
14092
13294
13333
14093
13295
13334
14094
13296
13335
14095
13297
13336
14096
13298
13337
14097
13299
13338
14098
13300
13339
14099
13301
13340
14100
13302
13341
14101
13303
13342
14102
13304
13343
14103
13305
13344
14104
13306
13345
14105
13307
13346
14106
13308
13347
14107
13309
13348
14108
13310
13349
14109
13311
13350
14110
13312
13351
14111
13313
13352
14112
13314
13353
14113
13315
13354
14114
13316
13355
14115
13317
13356
14116
13318
13357
14117
13319
13358
14118
13359
14119
13321
13360
14120
13322
13361
14121
13323
13362
14122
13324
13363
14123
13325
13364
14124
13326
13365
14125
13327
13366
14126
13328
13367
14127
13329
13368
14128
13330
13369
14129
13331
13370
14130
13332
13371
14131
13333
13372
14132
13334
13373
14133
13335
13374
14134
13336
13375
14135
13337
13376
14136
13338
13377
14137
13339
13378
14138
13340
13379
14139
13341
13380
14140
13342
13381
14141
13343
13382
14142
13344
13383
14143
13345
13384
14144
13346
13385
14145
13347
13386
14146
13348
13387
14147
13349
13388
14148
13350
13389
14149
13351
13390
14150
13352
13391
14151
13353
13392
14152
13354
13393
14153
13355
13394
14154
13356
13395
14155
13357
13396
14156
13358
13397
14157
13359
13398
14158
13399
14159
13361
13400
14160
13362
13401
14161
13363
13402
14162
13364
13403
14163
13365
13404
14164
13366
13405
14165
13367
13406
14166
13368
13407
14167
13369
13408
14168
13370
13409
14169
13371
13410
14170
13372
13411
14171
13373
13412
14172
13374
13413
14173
13375
13414
14174
13376
13415
14175
13377
13416
14176
13378
13417
14177
13379
13418
14178
13380
13419
14179
13381
13420
14180
13382
13421
14181
13383
13422
14182
13384
13423
14183
13385
13424
14184
13386
13425
14185
13387
13426
14186
13388
13427
14187
13389
13428
14188
13390
13429
14189
13391
13430
14190
13392
13431
14191
13393
13432
14192
13394
13433
14193
13395
13434
14194
13396
13435
14195
13397
13436
14196
13398
13437
14197
13399
13438
14198
13439
14199
13401
13440
14200
13402
13441
14201
13403
13442
14202
13404
13443
14203
13405
13444
14204
13406
13445
14205
13407
13446
14206
13408
13447
14207
13409
13448
14208
13410
13449
14209
13411
13450
14210
13412
13451
14211
13413
13452
14212
13414
13453
14213
13415
13454
14214
13416
13455
14215
13417
13456
14216
13418
13457
14217
13419
13458
14218
13420
13459
14219
13421
13460
14220
13422
13461
14221
13423
13462
14222
13424
13463
14223
13425
13464
14224
13426
13465
14225
13427
13466
14226
13428
13467
14227
13429
13468
14228
13430
13469
14229
13431
13470
14230
13432
13471
14231
13433
13472
14232
13434
13473
14233
13435
13474
14234
13436
13475
14235
13437
13476
14236
13438
13477
14237
13439
13478
14238
13479
14239
13441
13480
14240
13442
13481
14241
13443
13482
14242
13444
13483
14243
13445
13484
14244
13446
13485
14245
13447
13486
14246
13448
13487
14247
13449
13488
14248
13450
13489
14249
13451
13490
14250
13452
13491
14251
13453
13492
14252
13454
13493
14253
13455
13494
14254
13456
13495
14255
13457
13496
14256
13458
13497
14257
13459
13498
14258
13460
13499
14259
13461
13500
14260
13462
13501
14261
13463
13502
14262
13464
13503
14263
13465
13504
14264
13466
13505
14265
13467
13506
14266
13468
13507
14267
13469
13508
14268
13470
13509
14269
13471
13510
14270
13472
13511
14271
13473
13512
14272
13474
13513
14273
13475
13514
14274
13476
13515
14275
13477
13516
14276
13478
13517
14277
13479
13518
14278
13519
14279
13481
13520
14280
13482
13521
14281
13483
13522
14282
13484
13523
14283
13485
13524
14284
13486
13525
14285
13487
13526
14286
13488
13527
14287
13489
13528
14288
13490
13529
14289
13491
13530
14290
13492
13531
14291
13493
13532
14292
13494
13533
14293
13495
13534
14294
13496
13535
14295
13497
13536
14296
13498
13537
14297
13499
13538
14298
13500
13539
14299
13501
13540
14300
13502
13541
14301
13503
13542
14302
13504
13543
14303
13505
13544
14304
13506
13545
14305
13507
13546
14306
13508
13547
14307
13509
13548
14308
13510
13549
14309
13511
13550
14310
13512
13551
14311
13513
13552
14312
13514
13553
14313
13515
13554
14314
13516
13555
14315
13517
13556
14316
13518
13557
14317
13519
13558
14318
13559
14319
13521
13560
14320
13522
13561
14321
13523
13562
14322
13524
13563
14323
13525
13564
14324
13526
13565
14325
13527
13566
14326
13528
13567
14327
13529
13568
14328
13530
13569
14329
13531
13570
14330
13532
13571
14331
13533
13572
14332
13534
13573
14333
13535
13574
14334
13536
13575
14335
13537
13576
14336
13538
13577
14337
13539
13578
14338
13540
13579
14339
13541
13580
14340
13542
13581
14341
13543
13582
14342
13544
13583
14343
13545
13584
14344
13546
13585
14345
13547
13586
14346
13548
13587
14347
13549
13588
14348
13550
13589
14349
13551
13590
14350
13552
13591
14351
13553
13592
14352
13554
13593
14353
13555
13594
14354
13556
13595
14355
13557
13596
14356
13558
13597
14357
13559
13598
14358
13599
14359
13561
14360
13562
14361
13563
14362
13564
14363
13565
14364
13566
14365
13567
14366
13568
14367
13569
14368
13570
14369
13571
14370
13572
14371
13573
14372
13574
14373
13575
14374
13576
14375
13577
14376
13578
14377
13579
14378
13580
14379
13581
14380
13582
14381
13583
14382
13584
14383
13585
14384
13586
14385
13587
14386
13588
14387
13589
14388
13590
14389
13591
14390
13592
14391
13593
14392
13594
14393
13595
14394
13596
14395
13597
14396
13598
14397
13599
14398
14399
13601
13640
14400
13602
13641
14401
13603
13642
14402
13604
13643
14403
13605
13644
14404
13606
13645
14405
13607
13646
14406
13608
13647
14407
13609
13648
14408
13610
13649
14409
13611
13650
14410
13612
13651
14411
13613
13652
14412
13614
13653
14413
13615
13654
14414
13616
13655
14415
13617
13656
14416
13618
13657
14417
13619
13658
14418
13620
13659
14419
13621
13660
14420
13622
13661
14421
13623
13662
14422
13624
13663
14423
13625
13664
14424
13626
13665
14425
13627
13666
14426
13628
13667
14427
13629
13668
14428
13630
13669
14429
13631
13670
14430
13632
13671
14431
13633
13672
14432
13634
13673
14433
13635
13674
14434
13636
13675
14435
13637
13676
14436
13638
13677
14437
13639
13678
14438
13679
14439
13641
13680
14440
13642
13681
14441
13643
13682
14442
13644
13683
14443
13645
13684
14444
13646
13685
14445
13647
13686
14446
13648
13687
14447
13649
13688
14448
13650
13689
14449
13651
13690
14450
13652
13691
14451
13653
13692
14452
13654
13693
14453
13655
13694
14454
13656
13695
14455
13657
13696
14456
13658
13697
14457
13659
13698
14458
13660
13699
14459
13661
13700
14460
13662
13701
14461
13663
13702
14462
13664
13703
14463
13665
13704
14464
13666
13705
14465
13667
13706
14466
13668
13707
14467
13669
13708
14468
13670
13709
14469
13671
13710
14470
13672
13711
14471
13673
13712
14472
13674
13713
14473
13675
13714
14474
13676
13715
14475
13677
13716
14476
13678
13717
14477
13679
13718
14478
13719
14479
13681
13720
14480
13682
13721
14481
13683
13722
14482
13684
13723
14483
13685
13724
14484
13686
13725
14485
13687
13726
14486
13688
13727
14487
13689
13728
14488
13690
13729
14489
13691
13730
14490
13692
13731
14491
13693
13732
14492
13694
13733
14493
13695
13734
14494
13696
13735
14495
13697
13736
14496
13698
13737
14497
13699
13738
14498
13700
13739
14499
13701
13740
14500
13702
13741
14501
13703
13742
14502
13704
13743
14503
13705
13744
14504
13706
13745
14505
13707
13746
14506
13708
13747
14507
13709
13748
14508
13710
13749
14509
13711
13750
14510
13712
13751
14511
13713
13752
14512
13714
13753
14513
13715
13754
14514
13716
13755
14515
13717
13756
14516
13718
13757
14517
13719
13758
14518
13759
14519
13721
13760
14520
13722
13761
14521
13723
13762
14522
13724
13763
14523
13725
13764
14524
13726
13765
14525
13727
13766
14526
13728
13767
14527
13729
13768
14528
13730
13769
14529
13731
13770
14530
13732
13771
14531
13733
13772
14532
13734
13773
14533
13735
13774
14534
13736
13775
14535
13737
13776
14536
13738
13777
14537
13739
13778
14538
13740
13779
14539
13741
13780
14540
13742
13781
14541
13743
13782
14542
13744
13783
14543
13745
13784
14544
13746
13785
14545
13747
13786
14546
13748
13787
14547
13749
13788
14548
13750
13789
14549
13751
13790
14550
13752
13791
14551
13753
13792
14552
13754
13793
14553
13755
13794
14554
13756
13795
14555
13757
13796
14556
13758
13797
14557
13759
13798
14558
13799
14559
13761
13800
14560
13762
13801
14561
13763
13802
14562
13764
13803
14563
13765
13804
14564
13766
13805
14565
13767
13806
14566
13768
13807
14567
13769
13808
14568
13770
13809
14569
13771
13810
14570
13772
13811
14571
13773
13812
14572
13774
13813
14573
13775
13814
14574
13776
13815
14575
13777
13816
14576
13778
13817
14577
13779
13818
14578
13780
13819
14579
13781
13820
14580
13782
13821
14581
13783
13822
14582
13784
13823
14583
13785
13824
14584
13786
13825
14585
13787
13826
14586
13788
13827
14587
13789
13828
14588
13790
13829
14589
13791
13830
14590
13792
13831
14591
13793
13832
14592
13794
13833
14593
13795
13834
14594
13796
13835
14595
13797
13836
14596
13798
13837
14597
13799
13838
14598
13839
14599
13801
13840
14600
13802
13841
14601
13803
13842
14602
13804
13843
14603
13805
13844
14604
13806
13845
14605
13807
13846
14606
13808
13847
14607
13809
13848
14608
13810
13849
14609
13811
13850
14610
13812
13851
14611
13813
13852
14612
13814
13853
14613
13815
13854
14614
13816
13855
14615
13817
13856
14616
13818
13857
14617
13819
13858
14618
13820
13859
14619
13821
13860
14620
13822
13861
14621
13823
13862
14622
13824
13863
14623
13825
13864
14624
13826
13865
14625
13827
13866
14626
13828
13867
14627
13829
13868
14628
13830
13869
14629
13831
13870
14630
13832
13871
14631
13833
13872
14632
13834
13873
14633
13835
13874
14634
13836
13875
14635
13837
13876
14636
13838
13877
14637
13839
13878
14638
13879
14639
13841
13880
14640
13842
13881
14641
13843
13882
14642
13844
13883
14643
13845
13884
14644
13846
13885
14645
13847
13886
14646
13848
13887
14647
13849
13888
14648
13850
13889
14649
13851
13890
14650
13852
13891
14651
13853
13892
14652
13854
13893
14653
13855
13894
14654
13856
13895
14655
13857
13896
14656
13858
13897
14657
13859
13898
14658
13860
13899
14659
13861
13900
14660
13862
13901
14661
13863
13902
14662
13864
13903
14663
13865
13904
14664
13866
13905
14665
13867
13906
14666
13868
13907
14667
13869
13908
14668
13870
13909
14669
13871
13910
14670
13872
13911
14671
13873
13912
14672
13874
13913
14673
13875
13914
14674
13876
13915
14675
13877
13916
14676
13878
13917
14677
13879
13918
14678
13919
14679
13881
13920
14680
13882
13921
14681
13883
13922
14682
13884
13923
14683
13885
13924
14684
13886
13925
14685
13887
13926
14686
13888
13927
14687
13889
13928
14688
13890
13929
14689
13891
13930
14690
13892
13931
14691
13893
13932
14692
13894
13933
14693
13895
13934
14694
13896
13935
14695
13897
13936
14696
13898
13937
14697
13899
13938
14698
13900
13939
14699
13901
13940
14700
13902
13941
14701
13903
13942
14702
13904
13943
14703
13905
13944
14704
13906
13945
14705
13907
13946
14706
13908
13947
14707
13909
13948
14708
13910
13949
14709
13911
13950
14710
13912
13951
14711
13913
13952
14712
13914
13953
14713
13915
13954
14714
13916
13955
14715
13917
13956
14716
13918
13957
14717
13919
13958
14718
13959
14719
13921
13960
14720
13922
13961
14721
13923
13962
14722
13924
13963
14723
13925
13964
14724
13926
13965
14725
13927
13966
14726
13928
13967
14727
13929
13968
14728
13930
13969
14729
13931
13970
14730
13932
13971
14731
13933
13972
14732
13934
13973
14733
13935
13974
14734
13936
13975
14735
13937
13976
14736
13938
13977
14737
13939
13978
14738
13940
13979
14739
13941
13980
14740
13942
13981
14741
13943
13982
14742
13944
13983
14743
13945
13984
14744
13946
13985
14745
13947
13986
14746
13948
13987
14747
13949
13988
14748
13950
13989
14749
13951
13990
14750
13952
13991
14751
13953
13992
14752
13954
13993
14753
13955
13994
14754
13956
13995
14755
13957
13996
14756
13958
13997
14757
13959
13998
14758
13999
14759
13961
14000
14760
13962
14001
14761
13963
14002
14762
13964
14003
14763
13965
14004
14764
13966
14005
14765
13967
14006
14766
13968
14007
14767
13969
14008
14768
13970
14009
14769
13971
14010
14770
13972
14011
14771
13973
14012
14772
13974
14013
14773
13975
14014
14774
13976
14015
14775
13977
14016
14776
13978
14017
14777
13979
14018
14778
13980
14019
14779
13981
14020
14780
13982
14021
14781
13983
14022
14782
13984
14023
14783
13985
14024
14784
13986
14025
14785
13987
14026
14786
13988
14027
14787
13989
14028
14788
13990
14029
14789
13991
14030
14790
13992
14031
14791
13993
14032
14792
13994
14033
14793
13995
14034
14794
13996
14035
14795
13997
14036
14796
13998
14037
14797
13999
14038
14798
14039
14799
14001
14040
14800
14002
14041
14801
14003
14042
14802
14004
14043
14803
14005
14044
14804
14006
14045
14805
14007
14046
14806
14008
14047
14807
14009
14048
14808
14010
14049
14809
14011
14050
14810
14012
14051
14811
14013
14052
14812
14014
14053
14813
14015
14054
14814
14016
14055
14815
14017
14056
14816
14018
14057
14817
14019
14058
14818
14020
14059
14819
14021
14060
14820
14022
14061
14821
14023
14062
14822
14024
14063
14823
14025
14064
14824
14026
14065
14825
14027
14066
14826
14028
14067
14827
14029
14068
14828
14030
14069
14829
14031
14070
14830
14032
14071
14831
14033
14072
14832
14034
14073
14833
14035
14074
14834
14036
14075
14835
14037
14076
14836
14038
14077
14837
14039
14078
14838
14079
14839
14041
14080
14840
14042
14081
14841
14043
14082
14842
14044
14083
14843
14045
14084
14844
14046
14085
14845
14047
14086
14846
14048
14087
14847
14049
14088
14848
14050
14089
14849
14051
14090
14850
14052
14091
14851
14053
14092
14852
14054
14093
14853
14055
14094
14854
14056
14095
14855
14057
14096
14856
14058
14097
14857
14059
14098
14858
14060
14099
14859
14061
14100
14860
14062
14101
14861
14063
14102
14862
14064
14103
14863
14065
14104
14864
14066
14105
14865
14067
14106
14866
14068
14107
14867
14069
14108
14868
14070
14109
14869
14071
14110
14870
14072
14111
14871
14073
14112
14872
14074
14113
14873
14075
14114
14874
14076
14115
14875
14077
14116
14876
14078
14117
14877
14079
14118
14878
14119
14879
14081
14120
14880
14082
14121
14881
14083
14122
14882
14084
14123
14883
14085
14124
14884
14086
14125
14885
14087
14126
14886
14088
14127
14887
14089
14128
14888
14090
14129
14889
14091
14130
14890
14092
14131
14891
14093
14132
14892
14094
14133
14893
14095
14134
14894
14096
14135
14895
14097
14136
14896
14098
14137
14897
14099
14138
14898
14100
14139
14899
14101
14140
14900
14102
14141
14901
14103
14142
14902
14104
14143
14903
14105
14144
14904
14106
14145
14905
14107
14146
14906
14108
14147
14907
14109
14148
14908
14110
14149
14909
14111
14150
14910
14112
14151
14911
14113
14152
14912
14114
14153
14913
14115
14154
14914
14116
14155
14915
14117
14156
14916
14118
14157
14917
14119
14158
14918
14159
14919
14121
14160
14920
14122
14161
14921
14123
14162
14922
14124
14163
14923
14125
14164
14924
14126
14165
14925
14127
14166
14926
14128
14167
14927
14129
14168
14928
14130
14169
14929
14131
14170
14930
14132
14171
14931
14133
14172
14932
14134
14173
14933
14135
14174
14934
14136
14175
14935
14137
14176
14936
14138
14177
14937
14139
14178
14938
14140
14179
14939
14141
14180
14940
14142
14181
14941
14143
14182
14942
14144
14183
14943
14145
14184
14944
14146
14185
14945
14147
14186
14946
14148
14187
14947
14149
14188
14948
14150
14189
14949
14151
14190
14950
14152
14191
14951
14153
14192
14952
14154
14193
14953
14155
14194
14954
14156
14195
14955
14157
14196
14956
14158
14197
14957
14159
14198
14958
14199
14959
14161
14200
14960
14162
14201
14961
14163
14202
14962
14164
14203
14963
14165
14204
14964
14166
14205
14965
14167
14206
14966
14168
14207
14967
14169
14208
14968
14170
14209
14969
14171
14210
14970
14172
14211
14971
14173
14212
14972
14174
14213
14973
14175
14214
14974
14176
14215
14975
14177
14216
14976
14178
14217
14977
14179
14218
14978
14180
14219
14979
14181
14220
14980
14182
14221
14981
14183
14222
14982
14184
14223
14983
14185
14224
14984
14186
14225
14985
14187
14226
14986
14188
14227
14987
14189
14228
14988
14190
14229
14989
14191
14230
14990
14192
14231
14991
14193
14232
14992
14194
14233
14993
14195
14234
14994
14196
14235
14995
14197
14236
14996
14198
14237
14997
14199
14238
14998
14239
14999
14201
14240
15000
14202
14241
15001
14203
14242
15002
14204
14243
15003
14205
14244
15004
14206
14245
15005
14207
14246
15006
14208
14247
15007
14209
14248
15008
14210
14249
15009
14211
14250
15010
14212
14251
15011
14213
14252
15012
14214
14253
15013
14215
14254
15014
14216
14255
15015
14217
14256
15016
14218
14257
15017
14219
14258
15018
14220
14259
15019
14221
14260
15020
14222
14261
15021
14223
14262
15022
14224
14263
15023
14225
14264
15024
14226
14265
15025
14227
14266
15026
14228
14267
15027
14229
14268
15028
14230
14269
15029
14231
14270
15030
14232
14271
15031
14233
14272
15032
14234
14273
15033
14235
14274
15034
14236
14275
15035
14237
14276
15036
14238
14277
15037
14239
14278
15038
14279
15039
14241
14280
15040
14242
14281
15041
14243
14282
15042
14244
14283
15043
14245
14284
15044
14246
14285
15045
14247
14286
15046
14248
14287
15047
14249
14288
15048
14250
14289
15049
14251
14290
15050
14252
14291
15051
14253
14292
15052
14254
14293
15053
14255
14294
15054
14256
14295
15055
14257
14296
15056
14258
14297
15057
14259
14298
15058
14260
14299
15059
14261
14300
15060
14262
14301
15061
14263
14302
15062
14264
14303
15063
14265
14304
15064
14266
14305
15065
14267
14306
15066
14268
14307
15067
14269
14308
15068
14270
14309
15069
14271
14310
15070
14272
14311
15071
14273
14312
15072
14274
14313
15073
14275
14314
15074
14276
14315
15075
14277
14316
15076
14278
14317
15077
14279
14318
15078
14319
15079
14281
14320
15080
14282
14321
15081
14283
14322
15082
14284
14323
15083
14285
14324
15084
14286
14325
15085
14287
14326
15086
14288
14327
15087
14289
14328
15088
14290
14329
15089
14291
14330
15090
14292
14331
15091
14293
14332
15092
14294
14333
15093
14295
14334
15094
14296
14335
15095
14297
14336
15096
14298
14337
15097
14299
14338
15098
14300
14339
15099
14301
14340
15100
14302
14341
15101
14303
14342
15102
14304
14343
15103
14305
14344
15104
14306
14345
15105
14307
14346
15106
14308
14347
15107
14309
14348
15108
14310
14349
15109
14311
14350
15110
14312
14351
15111
14313
14352
15112
14314
14353
15113
14315
14354
15114
14316
14355
15115
14317
14356
15116
14318
14357
15117
14319
14358
15118
14359
15119
14321
14360
15120
14322
14361
15121
14323
14362
15122
14324
14363
15123
14325
14364
15124
14326
14365
15125
14327
14366
15126
14328
14367
15127
14329
14368
15128
14330
14369
15129
14331
14370
15130
14332
14371
15131
14333
14372
15132
14334
14373
15133
14335
14374
15134
14336
14375
15135
14337
14376
15136
14338
14377
15137
14339
14378
15138
14340
14379
15139
14341
14380
15140
14342
14381
15141
14343
14382
15142
14344
14383
15143
14345
14384
15144
14346
14385
15145
14347
14386
15146
14348
14387
15147
14349
14388
15148
14350
14389
15149
14351
14390
15150
14352
14391
15151
14353
14392
15152
14354
14393
15153
14355
14394
15154
14356
14395
15155
14357
14396
15156
14358
14397
15157
14359
14398
15158
14399
15159
14361
15160
14362
15161
14363
15162
14364
15163
14365
15164
14366
15165
14367
15166
14368
15167
14369
15168
14370
15169
14371
15170
14372
15171
14373
15172
14374
15173
14375
15174
14376
15175
14377
15176
14378
15177
14379
15178
14380
15179
14381
15180
14382
15181
14383
15182
14384
15183
14385
15184
14386
15185
14387
15186
14388
15187
14389
15188
14390
15189
14391
15190
14392
15191
14393
15192
14394
15193
14395
15194
14396
15195
14397
15196
14398
15197
14399
15198
15199
14401
14440
15200
14402
14441
15201
14403
14442
15202
14404
14443
15203
14405
14444
15204
14406
14445
15205
14407
14446
15206
14408
14447
15207
14409
14448
15208
14410
14449
15209
14411
14450
15210
14412
14451
15211
14413
14452
15212
14414
14453
15213
14415
14454
15214
14416
14455
15215
14417
14456
15216
14418
14457
15217
14419
14458
15218
14420
14459
15219
14421
14460
15220
14422
14461
15221
14423
14462
15222
14424
14463
15223
14425
14464
15224
14426
14465
15225
14427
14466
15226
14428
14467
15227
14429
14468
15228
14430
14469
15229
14431
14470
15230
14432
14471
15231
14433
14472
15232
14434
14473
15233
14435
14474
15234
14436
14475
15235
14437
14476
15236
14438
14477
15237
14439
14478
15238
14479
15239
14441
14480
15240
14442
14481
15241
14443
14482
15242
14444
14483
15243
14445
14484
15244
14446
14485
15245
14447
14486
15246
14448
14487
15247
14449
14488
15248
14450
14489
15249
14451
14490
15250
14452
14491
15251
14453
14492
15252
14454
14493
15253
14455
14494
15254
14456
14495
15255
14457
14496
15256
14458
14497
15257
14459
14498
15258
14460
14499
15259
14461
14500
15260
14462
14501
15261
14463
14502
15262
14464
14503
15263
14465
14504
15264
14466
14505
15265
14467
14506
15266
14468
14507
15267
14469
14508
15268
14470
14509
15269
14471
14510
15270
14472
14511
15271
14473
14512
15272
14474
14513
15273
14475
14514
15274
14476
14515
15275
14477
14516
15276
14478
14517
15277
14479
14518
15278
14519
15279
14481
14520
15280
14482
14521
15281
14483
14522
15282
14484
14523
15283
14485
14524
15284
14486
14525
15285
14487
14526
15286
14488
14527
15287
14489
14528
15288
14490
14529
15289
14491
14530
15290
14492
14531
15291
14493
14532
15292
14494
14533
15293
14495
14534
15294
14496
14535
15295
14497
14536
15296
14498
14537
15297
14499
14538
15298
14500
14539
15299
14501
14540
15300
14502
14541
15301
14503
14542
15302
14504
14543
15303
14505
14544
15304
14506
14545
15305
14507
14546
15306
14508
14547
15307
14509
14548
15308
14510
14549
15309
14511
14550
15310
14512
14551
15311
14513
14552
15312
14514
14553
15313
14515
14554
15314
14516
14555
15315
14517
14556
15316
14518
14557
15317
14519
14558
15318
14559
15319
14521
14560
15320
14522
14561
15321
14523
14562
15322
14524
14563
15323
14525
14564
15324
14526
14565
15325
14527
14566
15326
14528
14567
15327
14529
14568
15328
14530
14569
15329
14531
14570
15330
14532
14571
15331
14533
14572
15332
14534
14573
15333
14535
14574
15334
14536
14575
15335
14537
14576
15336
14538
14577
15337
14539
14578
15338
14540
14579
15339
14541
14580
15340
14542
14581
15341
14543
14582
15342
14544
14583
15343
14545
14584
15344
14546
14585
15345
14547
14586
15346
14548
14587
15347
14549
14588
15348
14550
14589
15349
14551
14590
15350
14552
14591
15351
14553
14592
15352
14554
14593
15353
14555
14594
15354
14556
14595
15355
14557
14596
15356
14558
14597
15357
14559
14598
15358
14599
15359
14561
14600
15360
14562
14601
15361
14563
14602
15362
14564
14603
15363
14565
14604
15364
14566
14605
15365
14567
14606
15366
14568
14607
15367
14569
14608
15368
14570
14609
15369
14571
14610
15370
14572
14611
15371
14573
14612
15372
14574
14613
15373
14575
14614
15374
14576
14615
15375
14577
14616
15376
14578
14617
15377
14579
14618
15378
14580
14619
15379
14581
14620
15380
14582
14621
15381
14583
14622
15382
14584
14623
15383
14585
14624
15384
14586
14625
15385
14587
14626
15386
14588
14627
15387
14589
14628
15388
14590
14629
15389
14591
14630
15390
14592
14631
15391
14593
14632
15392
14594
14633
15393
14595
14634
15394
14596
14635
15395
14597
14636
15396
14598
14637
15397
14599
14638
15398
14639
15399
14601
14640
15400
14602
14641
15401
14603
14642
15402
14604
14643
15403
14605
14644
15404
14606
14645
15405
14607
14646
15406
14608
14647
15407
14609
14648
15408
14610
14649
15409
14611
14650
15410
14612
14651
15411
14613
14652
15412
14614
14653
15413
14615
14654
15414
14616
14655
15415
14617
14656
15416
14618
14657
15417
14619
14658
15418
14620
14659
15419
14621
14660
15420
14622
14661
15421
14623
14662
15422
14624
14663
15423
14625
14664
15424
14626
14665
15425
14627
14666
15426
14628
14667
15427
14629
14668
15428
14630
14669
15429
14631
14670
15430
14632
14671
15431
14633
14672
15432
14634
14673
15433
14635
14674
15434
14636
14675
15435
14637
14676
15436
14638
14677
15437
14639
14678
15438
14679
15439
14641
14680
15440
14642
14681
15441
14643
14682
15442
14644
14683
15443
14645
14684
15444
14646
14685
15445
14647
14686
15446
14648
14687
15447
14649
14688
15448
14650
14689
15449
14651
14690
15450
14652
14691
15451
14653
14692
15452
14654
14693
15453
14655
14694
15454
14656
14695
15455
14657
14696
15456
14658
14697
15457
14659
14698
15458
14660
14699
15459
14661
14700
15460
14662
14701
15461
14663
14702
15462
14664
14703
15463
14665
14704
15464
14666
14705
15465
14667
14706
15466
14668
14707
15467
14669
14708
15468
14670
14709
15469
14671
14710
15470
14672
14711
15471
14673
14712
15472
14674
14713
15473
14675
14714
15474
14676
14715
15475
14677
14716
15476
14678
14717
15477
14679
14718
15478
14719
15479
14681
14720
15480
14682
14721
15481
14683
14722
15482
14684
14723
15483
14685
14724
15484
14686
14725
15485
14687
14726
15486
14688
14727
15487
14689
14728
15488
14690
14729
15489
14691
14730
15490
14692
14731
15491
14693
14732
15492
14694
14733
15493
14695
14734
15494
14696
14735
15495
14697
14736
15496
14698
14737
15497
14699
14738
15498
14700
14739
15499
14701
14740
15500
14702
14741
15501
14703
14742
15502
14704
14743
15503
14705
14744
15504
14706
14745
15505
14707
14746
15506
14708
14747
15507
14709
14748
15508
14710
14749
15509
14711
14750
15510
14712
14751
15511
14713
14752
15512
14714
14753
15513
14715
14754
15514
14716
14755
15515
14717
14756
15516
14718
14757
15517
14719
14758
15518
14759
15519
14721
14760
15520
14722
14761
15521
14723
14762
15522
14724
14763
15523
14725
14764
15524
14726
14765
15525
14727
14766
15526
14728
14767
15527
14729
14768
15528
14730
14769
15529
14731
14770
15530
14732
14771
15531
14733
14772
15532
14734
14773
15533
14735
14774
15534
14736
14775
15535
14737
14776
15536
14738
14777
15537
14739
14778
15538
14740
14779
15539
14741
14780
15540
14742
14781
15541
14743
14782
15542
14744
14783
15543
14745
14784
15544
14746
14785
15545
14747
14786
15546
14748
14787
15547
14749
14788
15548
14750
14789
15549
14751
14790
15550
14752
14791
15551
14753
14792
15552
14754
14793
15553
14755
14794
15554
14756
14795
15555
14757
14796
15556
14758
14797
15557
14759
14798
15558
14799
15559
14761
14800
15560
14762
14801
15561
14763
14802
15562
14764
14803
15563
14765
14804
15564
14766
14805
15565
14767
14806
15566
14768
14807
15567
14769
14808
15568
14770
14809
15569
14771
14810
15570
14772
14811
15571
14773
14812
15572
14774
14813
15573
14775
14814
15574
14776
14815
15575
14777
14816
15576
14778
14817
15577
14779
14818
15578
14780
14819
15579
14781
14820
15580
14782
14821
15581
14783
14822
15582
14784
14823
15583
14785
14824
15584
14786
14825
15585
14787
14826
15586
14788
14827
15587
14789
14828
15588
14790
14829
15589
14791
14830
15590
14792
14831
15591
14793
14832
15592
14794
14833
15593
14795
14834
15594
14796
14835
15595
14797
14836
15596
14798
14837
15597
14799
14838
15598
14839
15599
14801
14840
15600
14802
14841
15601
14803
14842
15602
14804
14843
15603
14805
14844
15604
14806
14845
15605
14807
14846
15606
14808
14847
15607
14809
14848
15608
14810
14849
15609
14811
14850
15610
14812
14851
15611
14813
14852
15612
14814
14853
15613
14815
14854
15614
14816
14855
15615
14817
14856
15616
14818
14857
15617
14819
14858
15618
14820
14859
15619
14821
14860
15620
14822
14861
15621
14823
14862
15622
14824
14863
15623
14825
14864
15624
14826
14865
15625
14827
14866
15626
14828
14867
15627
14829
14868
15628
14830
14869
15629
14831
14870
15630
14832
14871
15631
14833
14872
15632
14834
14873
15633
14835
14874
15634
14836
14875
15635
14837
14876
15636
14838
14877
15637
14839
14878
15638
14879
15639
14841
14880
15640
14842
14881
15641
14843
14882
15642
14844
14883
15643
14845
14884
15644
14846
14885
15645
14847
14886
15646
14848
14887
15647
14849
14888
15648
14850
14889
15649
14851
14890
15650
14852
14891
15651
14853
14892
15652
14854
14893
15653
14855
14894
15654
14856
14895
15655
14857
14896
15656
14858
14897
15657
14859
14898
15658
14860
14899
15659
14861
14900
15660
14862
14901
15661
14863
14902
15662
14864
14903
15663
14865
14904
15664
14866
14905
15665
14867
14906
15666
14868
14907
15667
14869
14908
15668
14870
14909
15669
14871
14910
15670
14872
14911
15671
14873
14912
15672
14874
14913
15673
14875
14914
15674
14876
14915
15675
14877
14916
15676
14878
14917
15677
14879
14918
15678
14919
15679
14881
14920
15680
14882
14921
15681
14883
14922
15682
14884
14923
15683
14885
14924
15684
14886
14925
15685
14887
14926
15686
14888
14927
15687
14889
14928
15688
14890
14929
15689
14891
14930
15690
14892
14931
15691
14893
14932
15692
14894
14933
15693
14895
14934
15694
14896
14935
15695
14897
14936
15696
14898
14937
15697
14899
14938
15698
14900
14939
15699
14901
14940
15700
14902
14941
15701
14903
14942
15702
14904
14943
15703
14905
14944
15704
14906
14945
15705
14907
14946
15706
14908
14947
15707
14909
14948
15708
14910
14949
15709
14911
14950
15710
14912
14951
15711
14913
14952
15712
14914
14953
15713
14915
14954
15714
14916
14955
15715
14917
14956
15716
14918
14957
15717
14919
14958
15718
14959
15719
14921
14960
15720
14922
14961
15721
14923
14962
15722
14924
14963
15723
14925
14964
15724
14926
14965
15725
14927
14966
15726
14928
14967
15727
14929
14968
15728
14930
14969
15729
14931
14970
15730
14932
14971
15731
14933
14972
15732
14934
14973
15733
14935
14974
15734
14936
14975
15735
14937
14976
15736
14938
14977
15737
14939
14978
15738
14940
14979
15739
14941
14980
15740
14942
14981
15741
14943
14982
15742
14944
14983
15743
14945
14984
15744
14946
14985
15745
14947
14986
15746
14948
14987
15747
14949
14988
15748
14950
14989
15749
14951
14990
15750
14952
14991
15751
14953
14992
15752
14954
14993
15753
14955
14994
15754
14956
14995
15755
14957
14996
15756
14958
14997
15757
14959
14998
15758
14999
15759
14961
15000
15760
14962
15001
15761
14963
15002
15762
14964
15003
15763
14965
15004
15764
14966
15005
15765
14967
15006
15766
14968
15007
15767
14969
15008
15768
14970
15009
15769
14971
15010
15770
14972
15011
15771
14973
15012
15772
14974
15013
15773
14975
15014
15774
14976
15015
15775
14977
15016
15776
14978
15017
15777
14979
15018
15778
14980
15019
15779
14981
15020
15780
14982
15021
15781
14983
15022
15782
14984
15023
15783
14985
15024
15784
14986
15025
15785
14987
15026
15786
14988
15027
15787
14989
15028
15788
14990
15029
15789
14991
15030
15790
14992
15031
15791
14993
15032
15792
14994
15033
15793
14995
15034
15794
14996
15035
15795
14997
15036
15796
14998
15037
15797
14999
15038
15798
15039
15799
15001
15040
15800
15002
15041
15801
15003
15042
15802
15004
15043
15803
15005
15044
15804
15006
15045
15805
15007
15046
15806
15008
15047
15807
15009
15048
15808
15010
15049
15809
15011
15050
15810
15012
15051
15811
15013
15052
15812
15014
15053
15813
15015
15054
15814
15016
15055
15815
15017
15056
15816
15018
15057
15817
15019
15058
15818
15020
15059
15819
15021
15060
15820
15022
15061
15821
15023
15062
15822
15024
15063
15823
15025
15064
15824
15026
15065
15825
15027
15066
15826
15028
15067
15827
15029
15068
15828
15030
15069
15829
15031
15070
15830
15032
15071
15831
15033
15072
15832
15034
15073
15833
15035
15074
15834
15036
15075
15835
15037
15076
15836
15038
15077
15837
15039
15078
15838
15079
15839
15041
15080
15840
15042
15081
15841
15043
15082
15842
15044
15083
15843
15045
15084
15844
15046
15085
15845
15047
15086
15846
15048
15087
15847
15049
15088
15848
15050
15089
15849
15051
15090
15850
15052
15091
15851
15053
15092
15852
15054
15093
15853
15055
15094
15854
15056
15095
15855
15057
15096
15856
15058
15097
15857
15059
15098
15858
15060
15099
15859
15061
15100
15860
15062
15101
15861
15063
15102
15862
15064
15103
15863
15065
15104
15864
15066
15105
15865
15067
15106
15866
15068
15107
15867
15069
15108
15868
15070
15109
15869
15071
15110
15870
15072
15111
15871
15073
15112
15872
15074
15113
15873
15075
15114
15874
15076
15115
15875
15077
15116
15876
15078
15117
15877
15079
15118
15878
15119
15879
15081
15120
15880
15082
15121
15881
15083
15122
15882
15084
15123
15883
15085
15124
15884
15086
15125
15885
15087
15126
15886
15088
15127
15887
15089
15128
15888
15090
15129
15889
15091
15130
15890
15092
15131
15891
15093
15132
15892
15094
15133
15893
15095
15134
15894
15096
15135
15895
15097
15136
15896
15098
15137
15897
15099
15138
15898
15100
15139
15899
15101
15140
15900
15102
15141
15901
15103
15142
15902
15104
15143
15903
15105
15144
15904
15106
15145
15905
15107
15146
15906
15108
15147
15907
15109
15148
15908
15110
15149
15909
15111
15150
15910
15112
15151
15911
15113
15152
15912
15114
15153
15913
15115
15154
15914
15116
15155
15915
15117
15156
15916
15118
15157
15917
15119
15158
15918
15159
15919
15121
15160
15920
15122
15161
15921
15123
15162
15922
15124
15163
15923
15125
15164
15924
15126
15165
15925
15127
15166
15926
15128
15167
15927
15129
15168
15928
15130
15169
15929
15131
15170
15930
15132
15171
15931
15133
15172
15932
15134
15173
15933
15135
15174
15934
15136
15175
15935
15137
15176
15936
15138
15177
15937
15139
15178
15938
15140
15179
15939
15141
15180
15940
15142
15181
15941
15143
15182
15942
15144
15183
15943
15145
15184
15944
15146
15185
15945
15147
15186
15946
15148
15187
15947
15149
15188
15948
15150
15189
15949
15151
15190
15950
15152
15191
15951
15153
15192
15952
15154
15193
15953
15155
15194
15954
15156
15195
15955
15157
15196
15956
15158
15197
15957
15159
15198
15958
15199
15959
15161
15960
15162
15961
15163
15962
15164
15963
15165
15964
15166
15965
15167
15966
15168
15967
15169
15968
15170
15969
15171
15970
15172
15971
15173
15972
15174
15973
15175
15974
15176
15975
15177
15976
15178
15977
15179
15978
15180
15979
15181
15980
15182
15981
15183
15982
15184
15983
15185
15984
15186
15985
15187
15986
15188
15987
15189
15988
15190
15989
15191
15990
15192
15991
15193
15992
15194
15993
15195
15994
15196
15995
15197
15996
15198
15997
15199
15998
15999
15201
15240
16000
15202
15241
16001
15203
15242
16002
15204
15243
16003
15205
15244
16004
15206
15245
16005
15207
15246
16006
15208
15247
16007
15209
15248
16008
15210
15249
16009
15211
15250
16010
15212
15251
16011
15213
15252
16012
15214
15253
16013
15215
15254
16014
15216
15255
16015
15217
15256
16016
15218
15257
16017
15219
15258
16018
15220
15259
16019
15221
15260
16020
15222
15261
16021
15223
15262
16022
15224
15263
16023
15225
15264
16024
15226
15265
16025
15227
15266
16026
15228
15267
16027
15229
15268
16028
15230
15269
16029
15231
15270
16030
15232
15271
16031
15233
15272
16032
15234
15273
16033
15235
15274
16034
15236
15275
16035
15237
15276
16036
15238
15277
16037
15239
15278
16038
15279
16039
15241
15280
16040
15242
15281
16041
15243
15282
16042
15244
15283
16043
15245
15284
16044
15246
15285
16045
15247
15286
16046
15248
15287
16047
15249
15288
16048
15250
15289
16049
15251
15290
16050
15252
15291
16051
15253
15292
16052
15254
15293
16053
15255
15294
16054
15256
15295
16055
15257
15296
16056
15258
15297
16057
15259
15298
16058
15260
15299
16059
15261
15300
16060
15262
15301
16061
15263
15302
16062
15264
15303
16063
15265
15304
16064
15266
15305
16065
15267
15306
16066
15268
15307
16067
15269
15308
16068
15270
15309
16069
15271
15310
16070
15272
15311
16071
15273
15312
16072
15274
15313
16073
15275
15314
16074
15276
15315
16075
15277
15316
16076
15278
15317
16077
15279
15318
16078
15319
16079
15281
15320
16080
15282
15321
16081
15283
15322
16082
15284
15323
16083
15285
15324
16084
15286
15325
16085
15287
15326
16086
15288
15327
16087
15289
15328
16088
15290
15329
16089
15291
15330
16090
15292
15331
16091
15293
15332
16092
15294
15333
16093
15295
15334
16094
15296
15335
16095
15297
15336
16096
15298
15337
16097
15299
15338
16098
15300
15339
16099
15301
15340
16100
15302
15341
16101
15303
15342
16102
15304
15343
16103
15305
15344
16104
15306
15345
16105
15307
15346
16106
15308
15347
16107
15309
15348
16108
15310
15349
16109
15311
15350
16110
15312
15351
16111
15313
15352
16112
15314
15353
16113
15315
15354
16114
15316
15355
16115
15317
15356
16116
15318
15357
16117
15319
15358
16118
15359
16119
15321
15360
16120
15322
15361
16121
15323
15362
16122
15324
15363
16123
15325
15364
16124
15326
15365
16125
15327
15366
16126
15328
15367
16127
15329
15368
16128
15330
15369
16129
15331
15370
16130
15332
15371
16131
15333
15372
16132
15334
15373
16133
15335
15374
16134
15336
15375
16135
15337
15376
16136
15338
15377
16137
15339
15378
16138
15340
15379
16139
15341
15380
16140
15342
15381
16141
15343
15382
16142
15344
15383
16143
15345
15384
16144
15346
15385
16145
15347
15386
16146
15348
15387
16147
15349
15388
16148
15350
15389
16149
15351
15390
16150
15352
15391
16151
15353
15392
16152
15354
15393
16153
15355
15394
16154
15356
15395
16155
15357
15396
16156
15358
15397
16157
15359
15398
16158
15399
16159
15361
15400
16160
15362
15401
16161
15363
15402
16162
15364
15403
16163
15365
15404
16164
15366
15405
16165
15367
15406
16166
15368
15407
16167
15369
15408
16168
15370
15409
16169
15371
15410
16170
15372
15411
16171
15373
15412
16172
15374
15413
16173
15375
15414
16174
15376
15415
16175
15377
15416
16176
15378
15417
16177
15379
15418
16178
15380
15419
16179
15381
15420
16180
15382
15421
16181
15383
15422
16182
15384
15423
16183
15385
15424
16184
15386
15425
16185
15387
15426
16186
15388
15427
16187
15389
15428
16188
15390
15429
16189
15391
15430
16190
15392
15431
16191
15393
15432
16192
15394
15433
16193
15395
15434
16194
15396
15435
16195
15397
15436
16196
15398
15437
16197
15399
15438
16198
15439
16199
15401
15440
16200
15402
15441
16201
15403
15442
16202
15404
15443
16203
15405
15444
16204
15406
15445
16205
15407
15446
16206
15408
15447
16207
15409
15448
16208
15410
15449
16209
15411
15450
16210
15412
15451
16211
15413
15452
16212
15414
15453
16213
15415
15454
16214
15416
15455
16215
15417
15456
16216
15418
15457
16217
15419
15458
16218
15420
15459
16219
15421
15460
16220
15422
15461
16221
15423
15462
16222
15424
15463
16223
15425
15464
16224
15426
15465
16225
15427
15466
16226
15428
15467
16227
15429
15468
16228
15430
15469
16229
15431
15470
16230
15432
15471
16231
15433
15472
16232
15434
15473
16233
15435
15474
16234
15436
15475
16235
15437
15476
16236
15438
15477
16237
15439
15478
16238
15479
16239
15441
15480
16240
15442
15481
16241
15443
15482
16242
15444
15483
16243
15445
15484
16244
15446
15485
16245
15447
15486
16246
15448
15487
16247
15449
15488
16248
15450
15489
16249
15451
15490
16250
15452
15491
16251
15453
15492
16252
15454
15493
16253
15455
15494
16254
15456
15495
16255
15457
15496
16256
15458
15497
16257
15459
15498
16258
15460
15499
16259
15461
15500
16260
15462
15501
16261
15463
15502
16262
15464
15503
16263
15465
15504
16264
15466
15505
16265
15467
15506
16266
15468
15507
16267
15469
15508
16268
15470
15509
16269
15471
15510
16270
15472
15511
16271
15473
15512
16272
15474
15513
16273
15475
15514
16274
15476
15515
16275
15477
15516
16276
15478
15517
16277
15479
15518
16278
15519
16279
15481
15520
16280
15482
15521
16281
15483
15522
16282
15484
15523
16283
15485
15524
16284
15486
15525
16285
15487
15526
16286
15488
15527
16287
15489
15528
16288
15490
15529
16289
15491
15530
16290
15492
15531
16291
15493
15532
16292
15494
15533
16293
15495
15534
16294
15496
15535
16295
15497
15536
16296
15498
15537
16297
15499
15538
16298
15500
15539
16299
15501
15540
16300
15502
15541
16301
15503
15542
16302
15504
15543
16303
15505
15544
16304
15506
15545
16305
15507
15546
16306
15508
15547
16307
15509
15548
16308
15510
15549
16309
15511
15550
16310
15512
15551
16311
15513
15552
16312
15514
15553
16313
15515
15554
16314
15516
15555
16315
15517
15556
16316
15518
15557
16317
15519
15558
16318
15559
16319
15521
15560
16320
15522
15561
16321
15523
15562
16322
15524
15563
16323
15525
15564
16324
15526
15565
16325
15527
15566
16326
15528
15567
16327
15529
15568
16328
15530
15569
16329
15531
15570
16330
15532
15571
16331
15533
15572
16332
15534
15573
16333
15535
15574
16334
15536
15575
16335
15537
15576
16336
15538
15577
16337
15539
15578
16338
15540
15579
16339
15541
15580
16340
15542
15581
16341
15543
15582
16342
15544
15583
16343
15545
15584
16344
15546
15585
16345
15547
15586
16346
15548
15587
16347
15549
15588
16348
15550
15589
16349
15551
15590
16350
15552
15591
16351
15553
15592
16352
15554
15593
16353
15555
15594
16354
15556
15595
16355
15557
15596
16356
15558
15597
16357
15559
15598
16358
15599
16359
15561
15600
16360
15562
15601
16361
15563
15602
16362
15564
15603
16363
15565
15604
16364
15566
15605
16365
15567
15606
16366
15568
15607
16367
15569
15608
16368
15570
15609
16369
15571
15610
16370
15572
15611
16371
15573
15612
16372
15574
15613
16373
15575
15614
16374
15576
15615
16375
15577
15616
16376
15578
15617
16377
15579
15618
16378
15580
15619
16379
15581
15620
16380
15582
15621
16381
15583
15622
16382
15584
15623
16383
15585
15624
16384
15586
15625
16385
15587
15626
16386
15588
15627
16387
15589
15628
16388
15590
15629
16389
15591
15630
16390
15592
15631
16391
15593
15632
16392
15594
15633
16393
15595
15634
16394
15596
15635
16395
15597
15636
16396
15598
15637
16397
15599
15638
16398
15639
16399
15601
15640
16400
15602
15641
16401
15603
15642
16402
15604
15643
16403
15605
15644
16404
15606
15645
16405
15607
15646
16406
15608
15647
16407
15609
15648
16408
15610
15649
16409
15611
15650
16410
15612
15651
16411
15613
15652
16412
15614
15653
16413
15615
15654
16414
15616
15655
16415
15617
15656
16416
15618
15657
16417
15619
15658
16418
15620
15659
16419
15621
15660
16420
15622
15661
16421
15623
15662
16422
15624
15663
16423
15625
15664
16424
15626
15665
16425
15627
15666
16426
15628
15667
16427
15629
15668
16428
15630
15669
16429
15631
15670
16430
15632
15671
16431
15633
15672
16432
15634
15673
16433
15635
15674
16434
15636
15675
16435
15637
15676
16436
15638
15677
16437
15639
15678
16438
15679
16439
15641
15680
16440
15642
15681
16441
15643
15682
16442
15644
15683
16443
15645
15684
16444
15646
15685
16445
15647
15686
16446
15648
15687
16447
15649
15688
16448
15650
15689
16449
15651
15690
16450
15652
15691
16451
15653
15692
16452
15654
15693
16453
15655
15694
16454
15656
15695
16455
15657
15696
16456
15658
15697
16457
15659
15698
16458
15660
15699
16459
15661
15700
16460
15662
15701
16461
15663
15702
16462
15664
15703
16463
15665
15704
16464
15666
15705
16465
15667
15706
16466
15668
15707
16467
15669
15708
16468
15670
15709
16469
15671
15710
16470
15672
15711
16471
15673
15712
16472
15674
15713
16473
15675
15714
16474
15676
15715
16475
15677
15716
16476
15678
15717
16477
15679
15718
16478
15719
16479
15681
15720
16480
15682
15721
16481
15683
15722
16482
15684
15723
16483
15685
15724
16484
15686
15725
16485
15687
15726
16486
15688
15727
16487
15689
15728
16488
15690
15729
16489
15691
15730
16490
15692
15731
16491
15693
15732
16492
15694
15733
16493
15695
15734
16494
15696
15735
16495
15697
15736
16496
15698
15737
16497
15699
15738
16498
15700
15739
16499
15701
15740
16500
15702
15741
16501
15703
15742
16502
15704
15743
16503
15705
15744
16504
15706
15745
16505
15707
15746
16506
15708
15747
16507
15709
15748
16508
15710
15749
16509
15711
15750
16510
15712
15751
16511
15713
15752
16512
15714
15753
16513
15715
15754
16514
15716
15755
16515
15717
15756
16516
15718
15757
16517
15719
15758
16518
15759
16519
15721
15760
16520
15722
15761
16521
15723
15762
16522
15724
15763
16523
15725
15764
16524
15726
15765
16525
15727
15766
16526
15728
15767
16527
15729
15768
16528
15730
15769
16529
15731
15770
16530
15732
15771
16531
15733
15772
16532
15734
15773
16533
15735
15774
16534
15736
15775
16535
15737
15776
16536
15738
15777
16537
15739
15778
16538
15740
15779
16539
15741
15780
16540
15742
15781
16541
15743
15782
16542
15744
15783
16543
15745
15784
16544
15746
15785
16545
15747
15786
16546
15748
15787
16547
15749
15788
16548
15750
15789
16549
15751
15790
16550
15752
15791
16551
15753
15792
16552
15754
15793
16553
15755
15794
16554
15756
15795
16555
15757
15796
16556
15758
15797
16557
15759
15798
16558
15799
16559
15761
15800
16560
15762
15801
16561
15763
15802
16562
15764
15803
16563
15765
15804
16564
15766
15805
16565
15767
15806
16566
15768
15807
16567
15769
15808
16568
15770
15809
16569
15771
15810
16570
15772
15811
16571
15773
15812
16572
15774
15813
16573
15775
15814
16574
15776
15815
16575
15777
15816
16576
15778
15817
16577
15779
15818
16578
15780
15819
16579
15781
15820
16580
15782
15821
16581
15783
15822
16582
15784
15823
16583
15785
15824
16584
15786
15825
16585
15787
15826
16586
15788
15827
16587
15789
15828
16588
15790
15829
16589
15791
15830
16590
15792
15831
16591
15793
15832
16592
15794
15833
16593
15795
15834
16594
15796
15835
16595
15797
15836
16596
15798
15837
16597
15799
15838
16598
15839
16599
15801
15840
16600
15802
15841
16601
15803
15842
16602
15804
15843
16603
15805
15844
16604
15806
15845
16605
15807
15846
16606
15808
15847
16607
15809
15848
16608
15810
15849
16609
15811
15850
16610
15812
15851
16611
15813
15852
16612
15814
15853
16613
15815
15854
16614
15816
15855
16615
15817
15856
16616
15818
15857
16617
15819
15858
16618
15820
15859
16619
15821
15860
16620
15822
15861
16621
15823
15862
16622
15824
15863
16623
15825
15864
16624
15826
15865
16625
15827
15866
16626
15828
15867
16627
15829
15868
16628
15830
15869
16629
15831
15870
16630
15832
15871
16631
15833
15872
16632
15834
15873
16633
15835
15874
16634
15836
15875
16635
15837
15876
16636
15838
15877
16637
15839
15878
16638
15879
16639
15841
15880
16640
15842
15881
16641
15843
15882
16642
15844
15883
16643
15845
15884
16644
15846
15885
16645
15847
15886
16646
15848
15887
16647
15849
15888
16648
15850
15889
16649
15851
15890
16650
15852
15891
16651
15853
15892
16652
15854
15893
16653
15855
15894
16654
15856
15895
16655
15857
15896
16656
15858
15897
16657
15859
15898
16658
15860
15899
16659
15861
15900
16660
15862
15901
16661
15863
15902
16662
15864
15903
16663
15865
15904
16664
15866
15905
16665
15867
15906
16666
15868
15907
16667
15869
15908
16668
15870
15909
16669
15871
15910
16670
15872
15911
16671
15873
15912
16672
15874
15913
16673
15875
15914
16674
15876
15915
16675
15877
15916
16676
15878
15917
16677
15879
15918
16678
15919
16679
15881
15920
16680
15882
15921
16681
15883
15922
16682
15884
15923
16683
15885
15924
16684
15886
15925
16685
15887
15926
16686
15888
15927
16687
15889
15928
16688
15890
15929
16689
15891
15930
16690
15892
15931
16691
15893
15932
16692
15894
15933
16693
15895
15934
16694
15896
15935
16695
15897
15936
16696
15898
15937
16697
15899
15938
16698
15900
15939
16699
15901
15940
16700
15902
15941
16701
15903
15942
16702
15904
15943
16703
15905
15944
16704
15906
15945
16705
15907
15946
16706
15908
15947
16707
15909
15948
16708
15910
15949
16709
15911
15950
16710
15912
15951
16711
15913
15952
16712
15914
15953
16713
15915
15954
16714
15916
15955
16715
15917
15956
16716
15918
15957
16717
15919
15958
16718
15959
16719
15921
15960
16720
15922
15961
16721
15923
15962
16722
15924
15963
16723
15925
15964
16724
15926
15965
16725
15927
15966
16726
15928
15967
16727
15929
15968
16728
15930
15969
16729
15931
15970
16730
15932
15971
16731
15933
15972
16732
15934
15973
16733
15935
15974
16734
15936
15975
16735
15937
15976
16736
15938
15977
16737
15939
15978
16738
15940
15979
16739
15941
15980
16740
15942
15981
16741
15943
15982
16742
15944
15983
16743
15945
15984
16744
15946
15985
16745
15947
15986
16746
15948
15987
16747
15949
15988
16748
15950
15989
16749
15951
15990
16750
15952
15991
16751
15953
15992
16752
15954
15993
16753
15955
15994
16754
15956
15995
16755
15957
15996
16756
15958
15997
16757
15959
15998
16758
15999
16759
15961
16760
15962
16761
15963
16762
15964
16763
15965
16764
15966
16765
15967
16766
15968
16767
15969
16768
15970
16769
15971
16770
15972
16771
15973
16772
15974
16773
15975
16774
15976
16775
15977
16776
15978
16777
15979
16778
15980
16779
15981
16780
15982
16781
15983
16782
15984
16783
15985
16784
15986
16785
15987
16786
15988
16787
15989
16788
15990
16789
15991
16790
15992
16791
15993
16792
15994
16793
15995
16794
15996
16795
15997
16796
15998
16797
15999
16798
16799
16001
16040
16800
16002
16041
16801
16003
16042
16802
16004
16043
16803
16005
16044
16804
16006
16045
16805
16007
16046
16806
16008
16047
16807
16009
16048
16808
16010
16049
16809
16011
16050
16810
16012
16051
16811
16013
16052
16812
16014
16053
16813
16015
16054
16814
16016
16055
16815
16017
16056
16816
16018
16057
16817
16019
16058
16818
16020
16059
16819
16021
16060
16820
16022
16061
16821
16023
16062
16822
16024
16063
16823
16025
16064
16824
16026
16065
16825
16027
16066
16826
16028
16067
16827
16029
16068
16828
16030
16069
16829
16031
16070
16830
16032
16071
16831
16033
16072
16832
16034
16073
16833
16035
16074
16834
16036
16075
16835
16037
16076
16836
16038
16077
16837
16039
16078
16838
16079
16839
16041
16080
16840
16042
16081
16841
16043
16082
16842
16044
16083
16843
16045
16084
16844
16046
16085
16845
16047
16086
16846
16048
16087
16847
16049
16088
16848
16050
16089
16849
16051
16090
16850
16052
16091
16851
16053
16092
16852
16054
16093
16853
16055
16094
16854
16056
16095
16855
16057
16096
16856
16058
16097
16857
16059
16098
16858
16060
16099
16859
16061
16100
16860
16062
16101
16861
16063
16102
16862
16064
16103
16863
16065
16104
16864
16066
16105
16865
16067
16106
16866
16068
16107
16867
16069
16108
16868
16070
16109
16869
16071
16110
16870
16072
16111
16871
16073
16112
16872
16074
16113
16873
16075
16114
16874
16076
16115
16875
16077
16116
16876
16078
16117
16877
16079
16118
16878
16119
16879
16081
16120
16880
16082
16121
16881
16083
16122
16882
16084
16123
16883
16085
16124
16884
16086
16125
16885
16087
16126
16886
16088
16127
16887
16089
16128
16888
16090
16129
16889
16091
16130
16890
16092
16131
16891
16093
16132
16892
16094
16133
16893
16095
16134
16894
16096
16135
16895
16097
16136
16896
16098
16137
16897
16099
16138
16898
16100
16139
16899
16101
16140
16900
16102
16141
16901
16103
16142
16902
16104
16143
16903
16105
16144
16904
16106
16145
16905
16107
16146
16906
16108
16147
16907
16109
16148
16908
16110
16149
16909
16111
16150
16910
16112
16151
16911
16113
16152
16912
16114
16153
16913
16115
16154
16914
16116
16155
16915
16117
16156
16916
16118
16157
16917
16119
16158
16918
16159
16919
16121
16160
16920
16122
16161
16921
16123
16162
16922
16124
16163
16923
16125
16164
16924
16126
16165
16925
16127
16166
16926
16128
16167
16927
16129
16168
16928
16130
16169
16929
16131
16170
16930
16132
16171
16931
16133
16172
16932
16134
16173
16933
16135
16174
16934
16136
16175
16935
16137
16176
16936
16138
16177
16937
16139
16178
16938
16140
16179
16939
16141
16180
16940
16142
16181
16941
16143
16182
16942
16144
16183
16943
16145
16184
16944
16146
16185
16945
16147
16186
16946
16148
16187
16947
16149
16188
16948
16150
16189
16949
16151
16190
16950
16152
16191
16951
16153
16192
16952
16154
16193
16953
16155
16194
16954
16156
16195
16955
16157
16196
16956
16158
16197
16957
16159
16198
16958
16199
16959
16161
16200
16960
16162
16201
16961
16163
16202
16962
16164
16203
16963
16165
16204
16964
16166
16205
16965
16167
16206
16966
16168
16207
16967
16169
16208
16968
16170
16209
16969
16171
16210
16970
16172
16211
16971
16173
16212
16972
16174
16213
16973
16175
16214
16974
16176
16215
16975
16177
16216
16976
16178
16217
16977
16179
16218
16978
16180
16219
16979
16181
16220
16980
16182
16221
16981
16183
16222
16982
16184
16223
16983
16185
16224
16984
16186
16225
16985
16187
16226
16986
16188
16227
16987
16189
16228
16988
16190
16229
16989
16191
16230
16990
16192
16231
16991
16193
16232
16992
16194
16233
16993
16195
16234
16994
16196
16235
16995
16197
16236
16996
16198
16237
16997
16199
16238
16998
16239
16999
16201
16240
17000
16202
16241
17001
16203
16242
17002
16204
16243
17003
16205
16244
17004
16206
16245
17005
16207
16246
17006
16208
16247
17007
16209
16248
17008
16210
16249
17009
16211
16250
17010
16212
16251
17011
16213
16252
17012
16214
16253
17013
16215
16254
17014
16216
16255
17015
16217
16256
17016
16218
16257
17017
16219
16258
17018
16220
16259
17019
16221
16260
17020
16222
16261
17021
16223
16262
17022
16224
16263
17023
16225
16264
17024
16226
16265
17025
16227
16266
17026
16228
16267
17027
16229
16268
17028
16230
16269
17029
16231
16270
17030
16232
16271
17031
16233
16272
17032
16234
16273
17033
16235
16274
17034
16236
16275
17035
16237
16276
17036
16238
16277
17037
16239
16278
17038
16279
17039
16241
16280
17040
16242
16281
17041
16243
16282
17042
16244
16283
17043
16245
16284
17044
16246
16285
17045
16247
16286
17046
16248
16287
17047
16249
16288
17048
16250
16289
17049
16251
16290
17050
16252
16291
17051
16253
16292
17052
16254
16293
17053
16255
16294
17054
16256
16295
17055
16257
16296
17056
16258
16297
17057
16259
16298
17058
16260
16299
17059
16261
16300
17060
16262
16301
17061
16263
16302
17062
16264
16303
17063
16265
16304
17064
16266
16305
17065
16267
16306
17066
16268
16307
17067
16269
16308
17068
16270
16309
17069
16271
16310
17070
16272
16311
17071
16273
16312
17072
16274
16313
17073
16275
16314
17074
16276
16315
17075
16277
16316
17076
16278
16317
17077
16279
16318
17078
16319
17079
16281
16320
17080
16282
16321
17081
16283
16322
17082
16284
16323
17083
16285
16324
17084
16286
16325
17085
16287
16326
17086
16288
16327
17087
16289
16328
17088
16290
16329
17089
16291
16330
17090
16292
16331
17091
16293
16332
17092
16294
16333
17093
16295
16334
17094
16296
16335
17095
16297
16336
17096
16298
16337
17097
16299
16338
17098
16300
16339
17099
16301
16340
17100
16302
16341
17101
16303
16342
17102
16304
16343
17103
16305
16344
17104
16306
16345
17105
16307
16346
17106
16308
16347
17107
16309
16348
17108
16310
16349
17109
16311
16350
17110
16312
16351
17111
16313
16352
17112
16314
16353
17113
16315
16354
17114
16316
16355
17115
16317
16356
17116
16318
16357
17117
16319
16358
17118
16359
17119
16321
16360
17120
16322
16361
17121
16323
16362
17122
16324
16363
17123
16325
16364
17124
16326
16365
17125
16327
16366
17126
16328
16367
17127
16329
16368
17128
16330
16369
17129
16331
16370
17130
16332
16371
17131
16333
16372
17132
16334
16373
17133
16335
16374
17134
16336
16375
17135
16337
16376
17136
16338
16377
17137
16339
16378
17138
16340
16379
17139
16341
16380
17140
16342
16381
17141
16343
16382
17142
16344
16383
17143
16345
16384
17144
16346
16385
17145
16347
16386
17146
16348
16387
17147
16349
16388
17148
16350
16389
17149
16351
16390
17150
16352
16391
17151
16353
16392
17152
16354
16393
17153
16355
16394
17154
16356
16395
17155
16357
16396
17156
16358
16397
17157
16359
16398
17158
16399
17159
16361
16400
17160
16362
16401
17161
16363
16402
17162
16364
16403
17163
16365
16404
17164
16366
16405
17165
16367
16406
17166
16368
16407
17167
16369
16408
17168
16370
16409
17169
16371
16410
17170
16372
16411
17171
16373
16412
17172
16374
16413
17173
16375
16414
17174
16376
16415
17175
16377
16416
17176
16378
16417
17177
16379
16418
17178
16380
16419
17179
16381
16420
17180
16382
16421
17181
16383
16422
17182
16384
16423
17183
16385
16424
17184
16386
16425
17185
16387
16426
17186
16388
16427
17187
16389
16428
17188
16390
16429
17189
16391
16430
17190
16392
16431
17191
16393
16432
17192
16394
16433
17193
16395
16434
17194
16396
16435
17195
16397
16436
17196
16398
16437
17197
16399
16438
17198
16439
17199
16401
16440
17200
16402
16441
17201
16403
16442
17202
16404
16443
17203
16405
16444
17204
16406
16445
17205
16407
16446
17206
16408
16447
17207
16409
16448
17208
16410
16449
17209
16411
16450
17210
16412
16451
17211
16413
16452
17212
16414
16453
17213
16415
16454
17214
16416
16455
17215
16417
16456
17216
16418
16457
17217
16419
16458
17218
16420
16459
17219
16421
16460
17220
16422
16461
17221
16423
16462
17222
16424
16463
17223
16425
16464
17224
16426
16465
17225
16427
16466
17226
16428
16467
17227
16429
16468
17228
16430
16469
17229
16431
16470
17230
16432
16471
17231
16433
16472
17232
16434
16473
17233
16435
16474
17234
16436
16475
17235
16437
16476
17236
16438
16477
17237
16439
16478
17238
16479
17239
16441
16480
17240
16442
16481
17241
16443
16482
17242
16444
16483
17243
16445
16484
17244
16446
16485
17245
16447
16486
17246
16448
16487
17247
16449
16488
17248
16450
16489
17249
16451
16490
17250
16452
16491
17251
16453
16492
17252
16454
16493
17253
16455
16494
17254
16456
16495
17255
16457
16496
17256
16458
16497
17257
16459
16498
17258
16460
16499
17259
16461
16500
17260
16462
16501
17261
16463
16502
17262
16464
16503
17263
16465
16504
17264
16466
16505
17265
16467
16506
17266
16468
16507
17267
16469
16508
17268
16470
16509
17269
16471
16510
17270
16472
16511
17271
16473
16512
17272
16474
16513
17273
16475
16514
17274
16476
16515
17275
16477
16516
17276
16478
16517
17277
16479
16518
17278
16519
17279
16481
16520
17280
16482
16521
17281
16483
16522
17282
16484
16523
17283
16485
16524
17284
16486
16525
17285
16487
16526
17286
16488
16527
17287
16489
16528
17288
16490
16529
17289
16491
16530
17290
16492
16531
17291
16493
16532
17292
16494
16533
17293
16495
16534
17294
16496
16535
17295
16497
16536
17296
16498
16537
17297
16499
16538
17298
16500
16539
17299
16501
16540
17300
16502
16541
17301
16503
16542
17302
16504
16543
17303
16505
16544
17304
16506
16545
17305
16507
16546
17306
16508
16547
17307
16509
16548
17308
16510
16549
17309
16511
16550
17310
16512
16551
17311
16513
16552
17312
16514
16553
17313
16515
16554
17314
16516
16555
17315
16517
16556
17316
16518
16557
17317
16519
16558
17318
16559
17319
16521
16560
17320
16522
16561
17321
16523
16562
17322
16524
16563
17323
16525
16564
17324
16526
16565
17325
16527
16566
17326
16528
16567
17327
16529
16568
17328
16530
16569
17329
16531
16570
17330
16532
16571
17331
16533
16572
17332
16534
16573
17333
16535
16574
17334
16536
16575
17335
16537
16576
17336
16538
16577
17337
16539
16578
17338
16540
16579
17339
16541
16580
17340
16542
16581
17341
16543
16582
17342
16544
16583
17343
16545
16584
17344
16546
16585
17345
16547
16586
17346
16548
16587
17347
16549
16588
17348
16550
16589
17349
16551
16590
17350
16552
16591
17351
16553
16592
17352
16554
16593
17353
16555
16594
17354
16556
16595
17355
16557
16596
17356
16558
16597
17357
16559
16598
17358
16599
17359
16561
16600
17360
16562
16601
17361
16563
16602
17362
16564
16603
17363
16565
16604
17364
16566
16605
17365
16567
16606
17366
16568
16607
17367
16569
16608
17368
16570
16609
17369
16571
16610
17370
16572
16611
17371
16573
16612
17372
16574
16613
17373
16575
16614
17374
16576
16615
17375
16577
16616
17376
16578
16617
17377
16579
16618
17378
16580
16619
17379
16581
16620
17380
16582
16621
17381
16583
16622
17382
16584
16623
17383
16585
16624
17384
16586
16625
17385
16587
16626
17386
16588
16627
17387
16589
16628
17388
16590
16629
17389
16591
16630
17390
16592
16631
17391
16593
16632
17392
16594
16633
17393
16595
16634
17394
16596
16635
17395
16597
16636
17396
16598
16637
17397
16599
16638
17398
16639
17399
16601
16640
17400
16602
16641
17401
16603
16642
17402
16604
16643
17403
16605
16644
17404
16606
16645
17405
16607
16646
17406
16608
16647
17407
16609
16648
17408
16610
16649
17409
16611
16650
17410
16612
16651
17411
16613
16652
17412
16614
16653
17413
16615
16654
17414
16616
16655
17415
16617
16656
17416
16618
16657
17417
16619
16658
17418
16620
16659
17419
16621
16660
17420
16622
16661
17421
16623
16662
17422
16624
16663
17423
16625
16664
17424
16626
16665
17425
16627
16666
17426
16628
16667
17427
16629
16668
17428
16630
16669
17429
16631
16670
17430
16632
16671
17431
16633
16672
17432
16634
16673
17433
16635
16674
17434
16636
16675
17435
16637
16676
17436
16638
16677
17437
16639
16678
17438
16679
17439
16641
16680
17440
16642
16681
17441
16643
16682
17442
16644
16683
17443
16645
16684
17444
16646
16685
17445
16647
16686
17446
16648
16687
17447
16649
16688
17448
16650
16689
17449
16651
16690
17450
16652
16691
17451
16653
16692
17452
16654
16693
17453
16655
16694
17454
16656
16695
17455
16657
16696
17456
16658
16697
17457
16659
16698
17458
16660
16699
17459
16661
16700
17460
16662
16701
17461
16663
16702
17462
16664
16703
17463
16665
16704
17464
16666
16705
17465
16667
16706
17466
16668
16707
17467
16669
16708
17468
16670
16709
17469
16671
16710
17470
16672
16711
17471
16673
16712
17472
16674
16713
17473
16675
16714
17474
16676
16715
17475
16677
16716
17476
16678
16717
17477
16679
16718
17478
16719
17479
16681
16720
17480
16682
16721
17481
16683
16722
17482
16684
16723
17483
16685
16724
17484
16686
16725
17485
16687
16726
17486
16688
16727
17487
16689
16728
17488
16690
16729
17489
16691
16730
17490
16692
16731
17491
16693
16732
17492
16694
16733
17493
16695
16734
17494
16696
16735
17495
16697
16736
17496
16698
16737
17497
16699
16738
17498
16700
16739
17499
16701
16740
17500
16702
16741
17501
16703
16742
17502
16704
16743
17503
16705
16744
17504
16706
16745
17505
16707
16746
17506
16708
16747
17507
16709
16748
17508
16710
16749
17509
16711
16750
17510
16712
16751
17511
16713
16752
17512
16714
16753
17513
16715
16754
17514
16716
16755
17515
16717
16756
17516
16718
16757
17517
16719
16758
17518
16759
17519
16721
16760
17520
16722
16761
17521
16723
16762
17522
16724
16763
17523
16725
16764
17524
16726
16765
17525
16727
16766
17526
16728
16767
17527
16729
16768
17528
16730
16769
17529
16731
16770
17530
16732
16771
17531
16733
16772
17532
16734
16773
17533
16735
16774
17534
16736
16775
17535
16737
16776
17536
16738
16777
17537
16739
16778
17538
16740
16779
17539
16741
16780
17540
16742
16781
17541
16743
16782
17542
16744
16783
17543
16745
16784
17544
16746
16785
17545
16747
16786
17546
16748
16787
17547
16749
16788
17548
16750
16789
17549
16751
16790
17550
16752
16791
17551
16753
16792
17552
16754
16793
17553
16755
16794
17554
16756
16795
17555
16757
16796
17556
16758
16797
17557
16759
16798
17558
16799
17559
16761
17560
16762
17561
16763
17562
16764
17563
16765
17564
16766
17565
16767
17566
16768
17567
16769
17568
16770
17569
16771
17570
16772
17571
16773
17572
16774
17573
16775
17574
16776
17575
16777
17576
16778
17577
16779
17578
16780
17579
16781
17580
16782
17581
16783
17582
16784
17583
16785
17584
16786
17585
16787
17586
16788
17587
16789
17588
16790
17589
16791
17590
16792
17591
16793
17592
16794
17593
16795
17594
16796
17595
16797
17596
16798
17597
16799
17598
17599
16801
16840
17600
16802
16841
17601
16803
16842
17602
16804
16843
17603
16805
16844
17604
16806
16845
17605
16807
16846
17606
16808
16847
17607
16809
16848
17608
16810
16849
17609
16811
16850
17610
16812
16851
17611
16813
16852
17612
16814
16853
17613
16815
16854
17614
16816
16855
17615
16817
16856
17616
16818
16857
17617
16819
16858
17618
16820
16859
17619
16821
16860
17620
16822
16861
17621
16823
16862
17622
16824
16863
17623
16825
16864
17624
16826
16865
17625
16827
16866
17626
16828
16867
17627
16829
16868
17628
16830
16869
17629
16831
16870
17630
16832
16871
17631
16833
16872
17632
16834
16873
17633
16835
16874
17634
16836
16875
17635
16837
16876
17636
16838
16877
17637
16839
16878
17638
16879
17639
16841
16880
17640
16842
16881
17641
16843
16882
17642
16844
16883
17643
16845
16884
17644
16846
16885
17645
16847
16886
17646
16848
16887
17647
16849
16888
17648
16850
16889
17649
16851
16890
17650
16852
16891
17651
16853
16892
17652
16854
16893
17653
16855
16894
17654
16856
16895
17655
16857
16896
17656
16858
16897
17657
16859
16898
17658
16860
16899
17659
16861
16900
17660
16862
16901
17661
16863
16902
17662
16864
16903
17663
16865
16904
17664
16866
16905
17665
16867
16906
17666
16868
16907
17667
16869
16908
17668
16870
16909
17669
16871
16910
17670
16872
16911
17671
16873
16912
17672
16874
16913
17673
16875
16914
17674
16876
16915
17675
16877
16916
17676
16878
16917
17677
16879
16918
17678
16919
17679
16881
16920
17680
16882
16921
17681
16883
16922
17682
16884
16923
17683
16885
16924
17684
16886
16925
17685
16887
16926
17686
16888
16927
17687
16889
16928
17688
16890
16929
17689
16891
16930
17690
16892
16931
17691
16893
16932
17692
16894
16933
17693
16895
16934
17694
16896
16935
17695
16897
16936
17696
16898
16937
17697
16899
16938
17698
16900
16939
17699
16901
16940
17700
16902
16941
17701
16903
16942
17702
16904
16943
17703
16905
16944
17704
16906
16945
17705
16907
16946
17706
16908
16947
17707
16909
16948
17708
16910
16949
17709
16911
16950
17710
16912
16951
17711
16913
16952
17712
16914
16953
17713
16915
16954
17714
16916
16955
17715
16917
16956
17716
16918
16957
17717
16919
16958
17718
16959
17719
16921
16960
17720
16922
16961
17721
16923
16962
17722
16924
16963
17723
16925
16964
17724
16926
16965
17725
16927
16966
17726
16928
16967
17727
16929
16968
17728
16930
16969
17729
16931
16970
17730
16932
16971
17731
16933
16972
17732
16934
16973
17733
16935
16974
17734
16936
16975
17735
16937
16976
17736
16938
16977
17737
16939
16978
17738
16940
16979
17739
16941
16980
17740
16942
16981
17741
16943
16982
17742
16944
16983
17743
16945
16984
17744
16946
16985
17745
16947
16986
17746
16948
16987
17747
16949
16988
17748
16950
16989
17749
16951
16990
17750
16952
16991
17751
16953
16992
17752
16954
16993
17753
16955
16994
17754
16956
16995
17755
16957
16996
17756
16958
16997
17757
16959
16998
17758
16999
17759
16961
17000
17760
16962
17001
17761
16963
17002
17762
16964
17003
17763
16965
17004
17764
16966
17005
17765
16967
17006
17766
16968
17007
17767
16969
17008
17768
16970
17009
17769
16971
17010
17770
16972
17011
17771
16973
17012
17772
16974
17013
17773
16975
17014
17774
16976
17015
17775
16977
17016
17776
16978
17017
17777
16979
17018
17778
16980
17019
17779
16981
17020
17780
16982
17021
17781
16983
17022
17782
16984
17023
17783
16985
17024
17784
16986
17025
17785
16987
17026
17786
16988
17027
17787
16989
17028
17788
16990
17029
17789
16991
17030
17790
16992
17031
17791
16993
17032
17792
16994
17033
17793
16995
17034
17794
16996
17035
17795
16997
17036
17796
16998
17037
17797
16999
17038
17798
17039
17799
17001
17040
17800
17002
17041
17801
17003
17042
17802
17004
17043
17803
17005
17044
17804
17006
17045
17805
17007
17046
17806
17008
17047
17807
17009
17048
17808
17010
17049
17809
17011
17050
17810
17012
17051
17811
17013
17052
17812
17014
17053
17813
17015
17054
17814
17016
17055
17815
17017
17056
17816
17018
17057
17817
17019
17058
17818
17020
17059
17819
17021
17060
17820
17022
17061
17821
17023
17062
17822
17024
17063
17823
17025
17064
17824
17026
17065
17825
17027
17066
17826
17028
17067
17827
17029
17068
17828
17030
17069
17829
17031
17070
17830
17032
17071
17831
17033
17072
17832
17034
17073
17833
17035
17074
17834
17036
17075
17835
17037
17076
17836
17038
17077
17837
17039
17078
17838
17079
17839
17041
17080
17840
17042
17081
17841
17043
17082
17842
17044
17083
17843
17045
17084
17844
17046
17085
17845
17047
17086
17846
17048
17087
17847
17049
17088
17848
17050
17089
17849
17051
17090
17850
17052
17091
17851
17053
17092
17852
17054
17093
17853
17055
17094
17854
17056
17095
17855
17057
17096
17856
17058
17097
17857
17059
17098
17858
17060
17099
17859
17061
17100
17860
17062
17101
17861
17063
17102
17862
17064
17103
17863
17065
17104
17864
17066
17105
17865
17067
17106
17866
17068
17107
17867
17069
17108
17868
17070
17109
17869
17071
17110
17870
17072
17111
17871
17073
17112
17872
17074
17113
17873
17075
17114
17874
17076
17115
17875
17077
17116
17876
17078
17117
17877
17079
17118
17878
17119
17879
17081
17120
17880
17082
17121
17881
17083
17122
17882
17084
17123
17883
17085
17124
17884
17086
17125
17885
17087
17126
17886
17088
17127
17887
17089
17128
17888
17090
17129
17889
17091
17130
17890
17092
17131
17891
17093
17132
17892
17094
17133
17893
17095
17134
17894
17096
17135
17895
17097
17136
17896
17098
17137
17897
17099
17138
17898
17100
17139
17899
17101
17140
17900
17102
17141
17901
17103
17142
17902
17104
17143
17903
17105
17144
17904
17106
17145
17905
17107
17146
17906
17108
17147
17907
17109
17148
17908
17110
17149
17909
17111
17150
17910
17112
17151
17911
17113
17152
17912
17114
17153
17913
17115
17154
17914
17116
17155
17915
17117
17156
17916
17118
17157
17917
17119
17158
17918
17159
17919
17121
17160
17920
17122
17161
17921
17123
17162
17922
17124
17163
17923
17125
17164
17924
17126
17165
17925
17127
17166
17926
17128
17167
17927
17129
17168
17928
17130
17169
17929
17131
17170
17930
17132
17171
17931
17133
17172
17932
17134
17173
17933
17135
17174
17934
17136
17175
17935
17137
17176
17936
17138
17177
17937
17139
17178
17938
17140
17179
17939
17141
17180
17940
17142
17181
17941
17143
17182
17942
17144
17183
17943
17145
17184
17944
17146
17185
17945
17147
17186
17946
17148
17187
17947
17149
17188
17948
17150
17189
17949
17151
17190
17950
17152
17191
17951
17153
17192
17952
17154
17193
17953
17155
17194
17954
17156
17195
17955
17157
17196
17956
17158
17197
17957
17159
17198
17958
17199
17959
17161
17200
17960
17162
17201
17961
17163
17202
17962
17164
17203
17963
17165
17204
17964
17166
17205
17965
17167
17206
17966
17168
17207
17967
17169
17208
17968
17170
17209
17969
17171
17210
17970
17172
17211
17971
17173
17212
17972
17174
17213
17973
17175
17214
17974
17176
17215
17975
17177
17216
17976
17178
17217
17977
17179
17218
17978
17180
17219
17979
17181
17220
17980
17182
17221
17981
17183
17222
17982
17184
17223
17983
17185
17224
17984
17186
17225
17985
17187
17226
17986
17188
17227
17987
17189
17228
17988
17190
17229
17989
17191
17230
17990
17192
17231
17991
17193
17232
17992
17194
17233
17993
17195
17234
17994
17196
17235
17995
17197
17236
17996
17198
17237
17997
17199
17238
17998
17239
17999
17201
17240
18000
17202
17241
18001
17203
17242
18002
17204
17243
18003
17205
17244
18004
17206
17245
18005
17207
17246
18006
17208
17247
18007
17209
17248
18008
17210
17249
18009
17211
17250
18010
17212
17251
18011
17213
17252
18012
17214
17253
18013
17215
17254
18014
17216
17255
18015
17217
17256
18016
17218
17257
18017
17219
17258
18018
17220
17259
18019
17221
17260
18020
17222
17261
18021
17223
17262
18022
17224
17263
18023
17225
17264
18024
17226
17265
18025
17227
17266
18026
17228
17267
18027
17229
17268
18028
17230
17269
18029
17231
17270
18030
17232
17271
18031
17233
17272
18032
17234
17273
18033
17235
17274
18034
17236
17275
18035
17237
17276
18036
17238
17277
18037
17239
17278
18038
17279
18039
17241
17280
18040
17242
17281
18041
17243
17282
18042
17244
17283
18043
17245
17284
18044
17246
17285
18045
17247
17286
18046
17248
17287
18047
17249
17288
18048
17250
17289
18049
17251
17290
18050
17252
17291
18051
17253
17292
18052
17254
17293
18053
17255
17294
18054
17256
17295
18055
17257
17296
18056
17258
17297
18057
17259
17298
18058
17260
17299
18059
17261
17300
18060
17262
17301
18061
17263
17302
18062
17264
17303
18063
17265
17304
18064
17266
17305
18065
17267
17306
18066
17268
17307
18067
17269
17308
18068
17270
17309
18069
17271
17310
18070
17272
17311
18071
17273
17312
18072
17274
17313
18073
17275
17314
18074
17276
17315
18075
17277
17316
18076
17278
17317
18077
17279
17318
18078
17319
18079
17281
17320
18080
17282
17321
18081
17283
17322
18082
17284
17323
18083
17285
17324
18084
17286
17325
18085
17287
17326
18086
17288
17327
18087
17289
17328
18088
17290
17329
18089
17291
17330
18090
17292
17331
18091
17293
17332
18092
17294
17333
18093
17295
17334
18094
17296
17335
18095
17297
17336
18096
17298
17337
18097
17299
17338
18098
17300
17339
18099
17301
17340
18100
17302
17341
18101
17303
17342
18102
17304
17343
18103
17305
17344
18104
17306
17345
18105
17307
17346
18106
17308
17347
18107
17309
17348
18108
17310
17349
18109
17311
17350
18110
17312
17351
18111
17313
17352
18112
17314
17353
18113
17315
17354
18114
17316
17355
18115
17317
17356
18116
17318
17357
18117
17319
17358
18118
17359
18119
17321
17360
18120
17322
17361
18121
17323
17362
18122
17324
17363
18123
17325
17364
18124
17326
17365
18125
17327
17366
18126
17328
17367
18127
17329
17368
18128
17330
17369
18129
17331
17370
18130
17332
17371
18131
17333
17372
18132
17334
17373
18133
17335
17374
18134
17336
17375
18135
17337
17376
18136
17338
17377
18137
17339
17378
18138
17340
17379
18139
17341
17380
18140
17342
17381
18141
17343
17382
18142
17344
17383
18143
17345
17384
18144
17346
17385
18145
17347
17386
18146
17348
17387
18147
17349
17388
18148
17350
17389
18149
17351
17390
18150
17352
17391
18151
17353
17392
18152
17354
17393
18153
17355
17394
18154
17356
17395
18155
17357
17396
18156
17358
17397
18157
17359
17398
18158
17399
18159
17361
17400
18160
17362
17401
18161
17363
17402
18162
17364
17403
18163
17365
17404
18164
17366
17405
18165
17367
17406
18166
17368
17407
18167
17369
17408
18168
17370
17409
18169
17371
17410
18170
17372
17411
18171
17373
17412
18172
17374
17413
18173
17375
17414
18174
17376
17415
18175
17377
17416
18176
17378
17417
18177
17379
17418
18178
17380
17419
18179
17381
17420
18180
17382
17421
18181
17383
17422
18182
17384
17423
18183
17385
17424
18184
17386
17425
18185
17387
17426
18186
17388
17427
18187
17389
17428
18188
17390
17429
18189
17391
17430
18190
17392
17431
18191
17393
17432
18192
17394
17433
18193
17395
17434
18194
17396
17435
18195
17397
17436
18196
17398
17437
18197
17399
17438
18198
17439
18199
17401
17440
18200
17402
17441
18201
17403
17442
18202
17404
17443
18203
17405
17444
18204
17406
17445
18205
17407
17446
18206
17408
17447
18207
17409
17448
18208
17410
17449
18209
17411
17450
18210
17412
17451
18211
17413
17452
18212
17414
17453
18213
17415
17454
18214
17416
17455
18215
17417
17456
18216
17418
17457
18217
17419
17458
18218
17420
17459
18219
17421
17460
18220
17422
17461
18221
17423
17462
18222
17424
17463
18223
17425
17464
18224
17426
17465
18225
17427
17466
18226
17428
17467
18227
17429
17468
18228
17430
17469
18229
17431
17470
18230
17432
17471
18231
17433
17472
18232
17434
17473
18233
17435
17474
18234
17436
17475
18235
17437
17476
18236
17438
17477
18237
17439
17478
18238
17479
18239
17441
17480
18240
17442
17481
18241
17443
17482
18242
17444
17483
18243
17445
17484
18244
17446
17485
18245
17447
17486
18246
17448
17487
18247
17449
17488
18248
17450
17489
18249
17451
17490
18250
17452
17491
18251
17453
17492
18252
17454
17493
18253
17455
17494
18254
17456
17495
18255
17457
17496
18256
17458
17497
18257
17459
17498
18258
17460
17499
18259
17461
17500
18260
17462
17501
18261
17463
17502
18262
17464
17503
18263
17465
17504
18264
17466
17505
18265
17467
17506
18266
17468
17507
18267
17469
17508
18268
17470
17509
18269
17471
17510
18270
17472
17511
18271
17473
17512
18272
17474
17513
18273
17475
17514
18274
17476
17515
18275
17477
17516
18276
17478
17517
18277
17479
17518
18278
17519
18279
17481
17520
18280
17482
17521
18281
17483
17522
18282
17484
17523
18283
17485
17524
18284
17486
17525
18285
17487
17526
18286
17488
17527
18287
17489
17528
18288
17490
17529
18289
17491
17530
18290
17492
17531
18291
17493
17532
18292
17494
17533
18293
17495
17534
18294
17496
17535
18295
17497
17536
18296
17498
17537
18297
17499
17538
18298
17500
17539
18299
17501
17540
18300
17502
17541
18301
17503
17542
18302
17504
17543
18303
17505
17544
18304
17506
17545
18305
17507
17546
18306
17508
17547
18307
17509
17548
18308
17510
17549
18309
17511
17550
18310
17512
17551
18311
17513
17552
18312
17514
17553
18313
17515
17554
18314
17516
17555
18315
17517
17556
18316
17518
17557
18317
17519
17558
18318
17559
18319
17521
17560
18320
17522
17561
18321
17523
17562
18322
17524
17563
18323
17525
17564
18324
17526
17565
18325
17527
17566
18326
17528
17567
18327
17529
17568
18328
17530
17569
18329
17531
17570
18330
17532
17571
18331
17533
17572
18332
17534
17573
18333
17535
17574
18334
17536
17575
18335
17537
17576
18336
17538
17577
18337
17539
17578
18338
17540
17579
18339
17541
17580
18340
17542
17581
18341
17543
17582
18342
17544
17583
18343
17545
17584
18344
17546
17585
18345
17547
17586
18346
17548
17587
18347
17549
17588
18348
17550
17589
18349
17551
17590
18350
17552
17591
18351
17553
17592
18352
17554
17593
18353
17555
17594
18354
17556
17595
18355
17557
17596
18356
17558
17597
18357
17559
17598
18358
17599
18359
17561
18360
17562
18361
17563
18362
17564
18363
17565
18364
17566
18365
17567
18366
17568
18367
17569
18368
17570
18369
17571
18370
17572
18371
17573
18372
17574
18373
17575
18374
17576
18375
17577
18376
17578
18377
17579
18378
17580
18379
17581
18380
17582
18381
17583
18382
17584
18383
17585
18384
17586
18385
17587
18386
17588
18387
17589
18388
17590
18389
17591
18390
17592
18391
17593
18392
17594
18393
17595
18394
17596
18395
17597
18396
17598
18397
17599
18398
18399
17601
17640
18400
17602
17641
18401
17603
17642
18402
17604
17643
18403
17605
17644
18404
17606
17645
18405
17607
17646
18406
17608
17647
18407
17609
17648
18408
17610
17649
18409
17611
17650
18410
17612
17651
18411
17613
17652
18412
17614
17653
18413
17615
17654
18414
17616
17655
18415
17617
17656
18416
17618
17657
18417
17619
17658
18418
17620
17659
18419
17621
17660
18420
17622
17661
18421
17623
17662
18422
17624
17663
18423
17625
17664
18424
17626
17665
18425
17627
17666
18426
17628
17667
18427
17629
17668
18428
17630
17669
18429
17631
17670
18430
17632
17671
18431
17633
17672
18432
17634
17673
18433
17635
17674
18434
17636
17675
18435
17637
17676
18436
17638
17677
18437
17639
17678
18438
17679
18439
17641
17680
18440
17642
17681
18441
17643
17682
18442
17644
17683
18443
17645
17684
18444
17646
17685
18445
17647
17686
18446
17648
17687
18447
17649
17688
18448
17650
17689
18449
17651
17690
18450
17652
17691
18451
17653
17692
18452
17654
17693
18453
17655
17694
18454
17656
17695
18455
17657
17696
18456
17658
17697
18457
17659
17698
18458
17660
17699
18459
17661
17700
18460
17662
17701
18461
17663
17702
18462
17664
17703
18463
17665
17704
18464
17666
17705
18465
17667
17706
18466
17668
17707
18467
17669
17708
18468
17670
17709
18469
17671
17710
18470
17672
17711
18471
17673
17712
18472
17674
17713
18473
17675
17714
18474
17676
17715
18475
17677
17716
18476
17678
17717
18477
17679
17718
18478
17719
18479
17681
17720
18480
17682
17721
18481
17683
17722
18482
17684
17723
18483
17685
17724
18484
17686
17725
18485
17687
17726
18486
17688
17727
18487
17689
17728
18488
17690
17729
18489
17691
17730
18490
17692
17731
18491
17693
17732
18492
17694
17733
18493
17695
17734
18494
17696
17735
18495
17697
17736
18496
17698
17737
18497
17699
17738
18498
17700
17739
18499
17701
17740
18500
17702
17741
18501
17703
17742
18502
17704
17743
18503
17705
17744
18504
17706
17745
18505
17707
17746
18506
17708
17747
18507
17709
17748
18508
17710
17749
18509
17711
17750
18510
17712
17751
18511
17713
17752
18512
17714
17753
18513
17715
17754
18514
17716
17755
18515
17717
17756
18516
17718
17757
18517
17719
17758
18518
17759
18519
17721
17760
18520
17722
17761
18521
17723
17762
18522
17724
17763
18523
17725
17764
18524
17726
17765
18525
17727
17766
18526
17728
17767
18527
17729
17768
18528
17730
17769
18529
17731
17770
18530
17732
17771
18531
17733
17772
18532
17734
17773
18533
17735
17774
18534
17736
17775
18535
17737
17776
18536
17738
17777
18537
17739
17778
18538
17740
17779
18539
17741
17780
18540
17742
17781
18541
17743
17782
18542
17744
17783
18543
17745
17784
18544
17746
17785
18545
17747
17786
18546
17748
17787
18547
17749
17788
18548
17750
17789
18549
17751
17790
18550
17752
17791
18551
17753
17792
18552
17754
17793
18553
17755
17794
18554
17756
17795
18555
17757
17796
18556
17758
17797
18557
17759
17798
18558
17799
18559
17761
17800
18560
17762
17801
18561
17763
17802
18562
17764
17803
18563
17765
17804
18564
17766
17805
18565
17767
17806
18566
17768
17807
18567
17769
17808
18568
17770
17809
18569
17771
17810
18570
17772
17811
18571
17773
17812
18572
17774
17813
18573
17775
17814
18574
17776
17815
18575
17777
17816
18576
17778
17817
18577
17779
17818
18578
17780
17819
18579
17781
17820
18580
17782
17821
18581
17783
17822
18582
17784
17823
18583
17785
17824
18584
17786
17825
18585
17787
17826
18586
17788
17827
18587
17789
17828
18588
17790
17829
18589
17791
17830
18590
17792
17831
18591
17793
17832
18592
17794
17833
18593
17795
17834
18594
17796
17835
18595
17797
17836
18596
17798
17837
18597
17799
17838
18598
17839
18599
17801
17840
18600
17802
17841
18601
17803
17842
18602
17804
17843
18603
17805
17844
18604
17806
17845
18605
17807
17846
18606
17808
17847
18607
17809
17848
18608
17810
17849
18609
17811
17850
18610
17812
17851
18611
17813
17852
18612
17814
17853
18613
17815
17854
18614
17816
17855
18615
17817
17856
18616
17818
17857
18617
17819
17858
18618
17820
17859
18619
17821
17860
18620
17822
17861
18621
17823
17862
18622
17824
17863
18623
17825
17864
18624
17826
17865
18625
17827
17866
18626
17828
17867
18627
17829
17868
18628
17830
17869
18629
17831
17870
18630
17832
17871
18631
17833
17872
18632
17834
17873
18633
17835
17874
18634
17836
17875
18635
17837
17876
18636
17838
17877
18637
17839
17878
18638
17879
18639
17841
17880
18640
17842
17881
18641
17843
17882
18642
17844
17883
18643
17845
17884
18644
17846
17885
18645
17847
17886
18646
17848
17887
18647
17849
17888
18648
17850
17889
18649
17851
17890
18650
17852
17891
18651
17853
17892
18652
17854
17893
18653
17855
17894
18654
17856
17895
18655
17857
17896
18656
17858
17897
18657
17859
17898
18658
17860
17899
18659
17861
17900
18660
17862
17901
18661
17863
17902
18662
17864
17903
18663
17865
17904
18664
17866
17905
18665
17867
17906
18666
17868
17907
18667
17869
17908
18668
17870
17909
18669
17871
17910
18670
17872
17911
18671
17873
17912
18672
17874
17913
18673
17875
17914
18674
17876
17915
18675
17877
17916
18676
17878
17917
18677
17879
17918
18678
17919
18679
17881
17920
18680
17882
17921
18681
17883
17922
18682
17884
17923
18683
17885
17924
18684
17886
17925
18685
17887
17926
18686
17888
17927
18687
17889
17928
18688
17890
17929
18689
17891
17930
18690
17892
17931
18691
17893
17932
18692
17894
17933
18693
17895
17934
18694
17896
17935
18695
17897
17936
18696
17898
17937
18697
17899
17938
18698
17900
17939
18699
17901
17940
18700
17902
17941
18701
17903
17942
18702
17904
17943
18703
17905
17944
18704
17906
17945
18705
17907
17946
18706
17908
17947
18707
17909
17948
18708
17910
17949
18709
17911
17950
18710
17912
17951
18711
17913
17952
18712
17914
17953
18713
17915
17954
18714
17916
17955
18715
17917
17956
18716
17918
17957
18717
17919
17958
18718
17959
18719
17921
17960
18720
17922
17961
18721
17923
17962
18722
17924
17963
18723
17925
17964
18724
17926
17965
18725
17927
17966
18726
17928
17967
18727
17929
17968
18728
17930
17969
18729
17931
17970
18730
17932
17971
18731
17933
17972
18732
17934
17973
18733
17935
17974
18734
17936
17975
18735
17937
17976
18736
17938
17977
18737
17939
17978
18738
17940
17979
18739
17941
17980
18740
17942
17981
18741
17943
17982
18742
17944
17983
18743
17945
17984
18744
17946
17985
18745
17947
17986
18746
17948
17987
18747
17949
17988
18748
17950
17989
18749
17951
17990
18750
17952
17991
18751
17953
17992
18752
17954
17993
18753
17955
17994
18754
17956
17995
18755
17957
17996
18756
17958
17997
18757
17959
17998
18758
17999
18759
17961
18000
18760
17962
18001
18761
17963
18002
18762
17964
18003
18763
17965
18004
18764
17966
18005
18765
17967
18006
18766
17968
18007
18767
17969
18008
18768
17970
18009
18769
17971
18010
18770
17972
18011
18771
17973
18012
18772
17974
18013
18773
17975
18014
18774
17976
18015
18775
17977
18016
18776
17978
18017
18777
17979
18018
18778
17980
18019
18779
17981
18020
18780
17982
18021
18781
17983
18022
18782
17984
18023
18783
17985
18024
18784
17986
18025
18785
17987
18026
18786
17988
18027
18787
17989
18028
18788
17990
18029
18789
17991
18030
18790
17992
18031
18791
17993
18032
18792
17994
18033
18793
17995
18034
18794
17996
18035
18795
17997
18036
18796
17998
18037
18797
17999
18038
18798
18039
18799
18001
18040
18800
18002
18041
18801
18003
18042
18802
18004
18043
18803
18005
18044
18804
18006
18045
18805
18007
18046
18806
18008
18047
18807
18009
18048
18808
18010
18049
18809
18011
18050
18810
18012
18051
18811
18013
18052
18812
18014
18053
18813
18015
18054
18814
18016
18055
18815
18017
18056
18816
18018
18057
18817
18019
18058
18818
18020
18059
18819
18021
18060
18820
18022
18061
18821
18023
18062
18822
18024
18063
18823
18025
18064
18824
18026
18065
18825
18027
18066
18826
18028
18067
18827
18029
18068
18828
18030
18069
18829
18031
18070
18830
18032
18071
18831
18033
18072
18832
18034
18073
18833
18035
18074
18834
18036
18075
18835
18037
18076
18836
18038
18077
18837
18039
18078
18838
18079
18839
18041
18080
18840
18042
18081
18841
18043
18082
18842
18044
18083
18843
18045
18084
18844
18046
18085
18845
18047
18086
18846
18048
18087
18847
18049
18088
18848
18050
18089
18849
18051
18090
18850
18052
18091
18851
18053
18092
18852
18054
18093
18853
18055
18094
18854
18056
18095
18855
18057
18096
18856
18058
18097
18857
18059
18098
18858
18060
18099
18859
18061
18100
18860
18062
18101
18861
18063
18102
18862
18064
18103
18863
18065
18104
18864
18066
18105
18865
18067
18106
18866
18068
18107
18867
18069
18108
18868
18070
18109
18869
18071
18110
18870
18072
18111
18871
18073
18112
18872
18074
18113
18873
18075
18114
18874
18076
18115
18875
18077
18116
18876
18078
18117
18877
18079
18118
18878
18119
18879
18081
18120
18880
18082
18121
18881
18083
18122
18882
18084
18123
18883
18085
18124
18884
18086
18125
18885
18087
18126
18886
18088
18127
18887
18089
18128
18888
18090
18129
18889
18091
18130
18890
18092
18131
18891
18093
18132
18892
18094
18133
18893
18095
18134
18894
18096
18135
18895
18097
18136
18896
18098
18137
18897
18099
18138
18898
18100
18139
18899
18101
18140
18900
18102
18141
18901
18103
18142
18902
18104
18143
18903
18105
18144
18904
18106
18145
18905
18107
18146
18906
18108
18147
18907
18109
18148
18908
18110
18149
18909
18111
18150
18910
18112
18151
18911
18113
18152
18912
18114
18153
18913
18115
18154
18914
18116
18155
18915
18117
18156
18916
18118
18157
18917
18119
18158
18918
18159
18919
18121
18160
18920
18122
18161
18921
18123
18162
18922
18124
18163
18923
18125
18164
18924
18126
18165
18925
18127
18166
18926
18128
18167
18927
18129
18168
18928
18130
18169
18929
18131
18170
18930
18132
18171
18931
18133
18172
18932
18134
18173
18933
18135
18174
18934
18136
18175
18935
18137
18176
18936
18138
18177
18937
18139
18178
18938
18140
18179
18939
18141
18180
18940
18142
18181
18941
18143
18182
18942
18144
18183
18943
18145
18184
18944
18146
18185
18945
18147
18186
18946
18148
18187
18947
18149
18188
18948
18150
18189
18949
18151
18190
18950
18152
18191
18951
18153
18192
18952
18154
18193
18953
18155
18194
18954
18156
18195
18955
18157
18196
18956
18158
18197
18957
18159
18198
18958
18199
18959
18161
18200
18960
18162
18201
18961
18163
18202
18962
18164
18203
18963
18165
18204
18964
18166
18205
18965
18167
18206
18966
18168
18207
18967
18169
18208
18968
18170
18209
18969
18171
18210
18970
18172
18211
18971
18173
18212
18972
18174
18213
18973
18175
18214
18974
18176
18215
18975
18177
18216
18976
18178
18217
18977
18179
18218
18978
18180
18219
18979
18181
18220
18980
18182
18221
18981
18183
18222
18982
18184
18223
18983
18185
18224
18984
18186
18225
18985
18187
18226
18986
18188
18227
18987
18189
18228
18988
18190
18229
18989
18191
18230
18990
18192
18231
18991
18193
18232
18992
18194
18233
18993
18195
18234
18994
18196
18235
18995
18197
18236
18996
18198
18237
18997
18199
18238
18998
18239
18999
18201
18240
19000
18202
18241
19001
18203
18242
19002
18204
18243
19003
18205
18244
19004
18206
18245
19005
18207
18246
19006
18208
18247
19007
18209
18248
19008
18210
18249
19009
18211
18250
19010
18212
18251
19011
18213
18252
19012
18214
18253
19013
18215
18254
19014
18216
18255
19015
18217
18256
19016
18218
18257
19017
18219
18258
19018
18220
18259
19019
18221
18260
19020
18222
18261
19021
18223
18262
19022
18224
18263
19023
18225
18264
19024
18226
18265
19025
18227
18266
19026
18228
18267
19027
18229
18268
19028
18230
18269
19029
18231
18270
19030
18232
18271
19031
18233
18272
19032
18234
18273
19033
18235
18274
19034
18236
18275
19035
18237
18276
19036
18238
18277
19037
18239
18278
19038
18279
19039
18241
18280
19040
18242
18281
19041
18243
18282
19042
18244
18283
19043
18245
18284
19044
18246
18285
19045
18247
18286
19046
18248
18287
19047
18249
18288
19048
18250
18289
19049
18251
18290
19050
18252
18291
19051
18253
18292
19052
18254
18293
19053
18255
18294
19054
18256
18295
19055
18257
18296
19056
18258
18297
19057
18259
18298
19058
18260
18299
19059
18261
18300
19060
18262
18301
19061
18263
18302
19062
18264
18303
19063
18265
18304
19064
18266
18305
19065
18267
18306
19066
18268
18307
19067
18269
18308
19068
18270
18309
19069
18271
18310
19070
18272
18311
19071
18273
18312
19072
18274
18313
19073
18275
18314
19074
18276
18315
19075
18277
18316
19076
18278
18317
19077
18279
18318
19078
18319
19079
18281
18320
19080
18282
18321
19081
18283
18322
19082
18284
18323
19083
18285
18324
19084
18286
18325
19085
18287
18326
19086
18288
18327
19087
18289
18328
19088
18290
18329
19089
18291
18330
19090
18292
18331
19091
18293
18332
19092
18294
18333
19093
18295
18334
19094
18296
18335
19095
18297
18336
19096
18298
18337
19097
18299
18338
19098
18300
18339
19099
18301
18340
19100
18302
18341
19101
18303
18342
19102
18304
18343
19103
18305
18344
19104
18306
18345
19105
18307
18346
19106
18308
18347
19107
18309
18348
19108
18310
18349
19109
18311
18350
19110
18312
18351
19111
18313
18352
19112
18314
18353
19113
18315
18354
19114
18316
18355
19115
18317
18356
19116
18318
18357
19117
18319
18358
19118
18359
19119
18321
18360
19120
18322
18361
19121
18323
18362
19122
18324
18363
19123
18325
18364
19124
18326
18365
19125
18327
18366
19126
18328
18367
19127
18329
18368
19128
18330
18369
19129
18331
18370
19130
18332
18371
19131
18333
18372
19132
18334
18373
19133
18335
18374
19134
18336
18375
19135
18337
18376
19136
18338
18377
19137
18339
18378
19138
18340
18379
19139
18341
18380
19140
18342
18381
19141
18343
18382
19142
18344
18383
19143
18345
18384
19144
18346
18385
19145
18347
18386
19146
18348
18387
19147
18349
18388
19148
18350
18389
19149
18351
18390
19150
18352
18391
19151
18353
18392
19152
18354
18393
19153
18355
18394
19154
18356
18395
19155
18357
18396
19156
18358
18397
19157
18359
18398
19158
18399
19159
18361
19160
18362
19161
18363
19162
18364
19163
18365
19164
18366
19165
18367
19166
18368
19167
18369
19168
18370
19169
18371
19170
18372
19171
18373
19172
18374
19173
18375
19174
18376
19175
18377
19176
18378
19177
18379
19178
18380
19179
18381
19180
18382
19181
18383
19182
18384
19183
18385
19184
18386
19185
18387
19186
18388
19187
18389
19188
18390
19189
18391
19190
18392
19191
18393
19192
18394
19193
18395
19194
18396
19195
18397
19196
18398
19197
18399
19198
19199
18401
18440
19200
18402
18441
19201
18403
18442
19202
18404
18443
19203
18405
18444
19204
18406
18445
19205
18407
18446
19206
18408
18447
19207
18409
18448
19208
18410
18449
19209
18411
18450
19210
18412
18451
19211
18413
18452
19212
18414
18453
19213
18415
18454
19214
18416
18455
19215
18417
18456
19216
18418
18457
19217
18419
18458
19218
18420
18459
19219
18421
18460
19220
18422
18461
19221
18423
18462
19222
18424
18463
19223
18425
18464
19224
18426
18465
19225
18427
18466
19226
18428
18467
19227
18429
18468
19228
18430
18469
19229
18431
18470
19230
18432
18471
19231
18433
18472
19232
18434
18473
19233
18435
18474
19234
18436
18475
19235
18437
18476
19236
18438
18477
19237
18439
18478
19238
18479
19239
18441
18480
19240
18442
18481
19241
18443
18482
19242
18444
18483
19243
18445
18484
19244
18446
18485
19245
18447
18486
19246
18448
18487
19247
18449
18488
19248
18450
18489
19249
18451
18490
19250
18452
18491
19251
18453
18492
19252
18454
18493
19253
18455
18494
19254
18456
18495
19255
18457
18496
19256
18458
18497
19257
18459
18498
19258
18460
18499
19259
18461
18500
19260
18462
18501
19261
18463
18502
19262
18464
18503
19263
18465
18504
19264
18466
18505
19265
18467
18506
19266
18468
18507
19267
18469
18508
19268
18470
18509
19269
18471
18510
19270
18472
18511
19271
18473
18512
19272
18474
18513
19273
18475
18514
19274
18476
18515
19275
18477
18516
19276
18478
18517
19277
18479
18518
19278
18519
19279
18481
18520
19280
18482
18521
19281
18483
18522
19282
18484
18523
19283
18485
18524
19284
18486
18525
19285
18487
18526
19286
18488
18527
19287
18489
18528
19288
18490
18529
19289
18491
18530
19290
18492
18531
19291
18493
18532
19292
18494
18533
19293
18495
18534
19294
18496
18535
19295
18497
18536
19296
18498
18537
19297
18499
18538
19298
18500
18539
19299
18501
18540
19300
18502
18541
19301
18503
18542
19302
18504
18543
19303
18505
18544
19304
18506
18545
19305
18507
18546
19306
18508
18547
19307
18509
18548
19308
18510
18549
19309
18511
18550
19310
18512
18551
19311
18513
18552
19312
18514
18553
19313
18515
18554
19314
18516
18555
19315
18517
18556
19316
18518
18557
19317
18519
18558
19318
18559
19319
18521
18560
19320
18522
18561
19321
18523
18562
19322
18524
18563
19323
18525
18564
19324
18526
18565
19325
18527
18566
19326
18528
18567
19327
18529
18568
19328
18530
18569
19329
18531
18570
19330
18532
18571
19331
18533
18572
19332
18534
18573
19333
18535
18574
19334
18536
18575
19335
18537
18576
19336
18538
18577
19337
18539
18578
19338
18540
18579
19339
18541
18580
19340
18542
18581
19341
18543
18582
19342
18544
18583
19343
18545
18584
19344
18546
18585
19345
18547
18586
19346
18548
18587
19347
18549
18588
19348
18550
18589
19349
18551
18590
19350
18552
18591
19351
18553
18592
19352
18554
18593
19353
18555
18594
19354
18556
18595
19355
18557
18596
19356
18558
18597
19357
18559
18598
19358
18599
19359
18561
18600
19360
18562
18601
19361
18563
18602
19362
18564
18603
19363
18565
18604
19364
18566
18605
19365
18567
18606
19366
18568
18607
19367
18569
18608
19368
18570
18609
19369
18571
18610
19370
18572
18611
19371
18573
18612
19372
18574
18613
19373
18575
18614
19374
18576
18615
19375
18577
18616
19376
18578
18617
19377
18579
18618
19378
18580
18619
19379
18581
18620
19380
18582
18621
19381
18583
18622
19382
18584
18623
19383
18585
18624
19384
18586
18625
19385
18587
18626
19386
18588
18627
19387
18589
18628
19388
18590
18629
19389
18591
18630
19390
18592
18631
19391
18593
18632
19392
18594
18633
19393
18595
18634
19394
18596
18635
19395
18597
18636
19396
18598
18637
19397
18599
18638
19398
18639
19399
18601
18640
19400
18602
18641
19401
18603
18642
19402
18604
18643
19403
18605
18644
19404
18606
18645
19405
18607
18646
19406
18608
18647
19407
18609
18648
19408
18610
18649
19409
18611
18650
19410
18612
18651
19411
18613
18652
19412
18614
18653
19413
18615
18654
19414
18616
18655
19415
18617
18656
19416
18618
18657
19417
18619
18658
19418
18620
18659
19419
18621
18660
19420
18622
18661
19421
18623
18662
19422
18624
18663
19423
18625
18664
19424
18626
18665
19425
18627
18666
19426
18628
18667
19427
18629
18668
19428
18630
18669
19429
18631
18670
19430
18632
18671
19431
18633
18672
19432
18634
18673
19433
18635
18674
19434
18636
18675
19435
18637
18676
19436
18638
18677
19437
18639
18678
19438
18679
19439
18641
18680
19440
18642
18681
19441
18643
18682
19442
18644
18683
19443
18645
18684
19444
18646
18685
19445
18647
18686
19446
18648
18687
19447
18649
18688
19448
18650
18689
19449
18651
18690
19450
18652
18691
19451
18653
18692
19452
18654
18693
19453
18655
18694
19454
18656
18695
19455
18657
18696
19456
18658
18697
19457
18659
18698
19458
18660
18699
19459
18661
18700
19460
18662
18701
19461
18663
18702
19462
18664
18703
19463
18665
18704
19464
18666
18705
19465
18667
18706
19466
18668
18707
19467
18669
18708
19468
18670
18709
19469
18671
18710
19470
18672
18711
19471
18673
18712
19472
18674
18713
19473
18675
18714
19474
18676
18715
19475
18677
18716
19476
18678
18717
19477
18679
18718
19478
18719
19479
18681
18720
19480
18682
18721
19481
18683
18722
19482
18684
18723
19483
18685
18724
19484
18686
18725
19485
18687
18726
19486
18688
18727
19487
18689
18728
19488
18690
18729
19489
18691
18730
19490
18692
18731
19491
18693
18732
19492
18694
18733
19493
18695
18734
19494
18696
18735
19495
18697
18736
19496
18698
18737
19497
18699
18738
19498
18700
18739
19499
18701
18740
19500
18702
18741
19501
18703
18742
19502
18704
18743
19503
18705
18744
19504
18706
18745
19505
18707
18746
19506
18708
18747
19507
18709
18748
19508
18710
18749
19509
18711
18750
19510
18712
18751
19511
18713
18752
19512
18714
18753
19513
18715
18754
19514
18716
18755
19515
18717
18756
19516
18718
18757
19517
18719
18758
19518
18759
19519
18721
18760
19520
18722
18761
19521
18723
18762
19522
18724
18763
19523
18725
18764
19524
18726
18765
19525
18727
18766
19526
18728
18767
19527
18729
18768
19528
18730
18769
19529
18731
18770
19530
18732
18771
19531
18733
18772
19532
18734
18773
19533
18735
18774
19534
18736
18775
19535
18737
18776
19536
18738
18777
19537
18739
18778
19538
18740
18779
19539
18741
18780
19540
18742
18781
19541
18743
18782
19542
18744
18783
19543
18745
18784
19544
18746
18785
19545
18747
18786
19546
18748
18787
19547
18749
18788
19548
18750
18789
19549
18751
18790
19550
18752
18791
19551
18753
18792
19552
18754
18793
19553
18755
18794
19554
18756
18795
19555
18757
18796
19556
18758
18797
19557
18759
18798
19558
18799
19559
18761
18800
19560
18762
18801
19561
18763
18802
19562
18764
18803
19563
18765
18804
19564
18766
18805
19565
18767
18806
19566
18768
18807
19567
18769
18808
19568
18770
18809
19569
18771
18810
19570
18772
18811
19571
18773
18812
19572
18774
18813
19573
18775
18814
19574
18776
18815
19575
18777
18816
19576
18778
18817
19577
18779
18818
19578
18780
18819
19579
18781
18820
19580
18782
18821
19581
18783
18822
19582
18784
18823
19583
18785
18824
19584
18786
18825
19585
18787
18826
19586
18788
18827
19587
18789
18828
19588
18790
18829
19589
18791
18830
19590
18792
18831
19591
18793
18832
19592
18794
18833
19593
18795
18834
19594
18796
18835
19595
18797
18836
19596
18798
18837
19597
18799
18838
19598
18839
19599
18801
18840
19600
18802
18841
19601
18803
18842
19602
18804
18843
19603
18805
18844
19604
18806
18845
19605
18807
18846
19606
18808
18847
19607
18809
18848
19608
18810
18849
19609
18811
18850
19610
18812
18851
19611
18813
18852
19612
18814
18853
19613
18815
18854
19614
18816
18855
19615
18817
18856
19616
18818
18857
19617
18819
18858
19618
18820
18859
19619
18821
18860
19620
18822
18861
19621
18823
18862
19622
18824
18863
19623
18825
18864
19624
18826
18865
19625
18827
18866
19626
18828
18867
19627
18829
18868
19628
18830
18869
19629
18831
18870
19630
18832
18871
19631
18833
18872
19632
18834
18873
19633
18835
18874
19634
18836
18875
19635
18837
18876
19636
18838
18877
19637
18839
18878
19638
18879
19639
18841
18880
19640
18842
18881
19641
18843
18882
19642
18844
18883
19643
18845
18884
19644
18846
18885
19645
18847
18886
19646
18848
18887
19647
18849
18888
19648
18850
18889
19649
18851
18890
19650
18852
18891
19651
18853
18892
19652
18854
18893
19653
18855
18894
19654
18856
18895
19655
18857
18896
19656
18858
18897
19657
18859
18898
19658
18860
18899
19659
18861
18900
19660
18862
18901
19661
18863
18902
19662
18864
18903
19663
18865
18904
19664
18866
18905
19665
18867
18906
19666
18868
18907
19667
18869
18908
19668
18870
18909
19669
18871
18910
19670
18872
18911
19671
18873
18912
19672
18874
18913
19673
18875
18914
19674
18876
18915
19675
18877
18916
19676
18878
18917
19677
18879
18918
19678
18919
19679
18881
18920
19680
18882
18921
19681
18883
18922
19682
18884
18923
19683
18885
18924
19684
18886
18925
19685
18887
18926
19686
18888
18927
19687
18889
18928
19688
18890
18929
19689
18891
18930
19690
18892
18931
19691
18893
18932
19692
18894
18933
19693
18895
18934
19694
18896
18935
19695
18897
18936
19696
18898
18937
19697
18899
18938
19698
18900
18939
19699
18901
18940
19700
18902
18941
19701
18903
18942
19702
18904
18943
19703
18905
18944
19704
18906
18945
19705
18907
18946
19706
18908
18947
19707
18909
18948
19708
18910
18949
19709
18911
18950
19710
18912
18951
19711
18913
18952
19712
18914
18953
19713
18915
18954
19714
18916
18955
19715
18917
18956
19716
18918
18957
19717
18919
18958
19718
18959
19719
18921
18960
19720
18922
18961
19721
18923
18962
19722
18924
18963
19723
18925
18964
19724
18926
18965
19725
18927
18966
19726
18928
18967
19727
18929
18968
19728
18930
18969
19729
18931
18970
19730
18932
18971
19731
18933
18972
19732
18934
18973
19733
18935
18974
19734
18936
18975
19735
18937
18976
19736
18938
18977
19737
18939
18978
19738
18940
18979
19739
18941
18980
19740
18942
18981
19741
18943
18982
19742
18944
18983
19743
18945
18984
19744
18946
18985
19745
18947
18986
19746
18948
18987
19747
18949
18988
19748
18950
18989
19749
18951
18990
19750
18952
18991
19751
18953
18992
19752
18954
18993
19753
18955
18994
19754
18956
18995
19755
18957
18996
19756
18958
18997
19757
18959
18998
19758
18999
19759
18961
19000
19760
18962
19001
19761
18963
19002
19762
18964
19003
19763
18965
19004
19764
18966
19005
19765
18967
19006
19766
18968
19007
19767
18969
19008
19768
18970
19009
19769
18971
19010
19770
18972
19011
19771
18973
19012
19772
18974
19013
19773
18975
19014
19774
18976
19015
19775
18977
19016
19776
18978
19017
19777
18979
19018
19778
18980
19019
19779
18981
19020
19780
18982
19021
19781
18983
19022
19782
18984
19023
19783
18985
19024
19784
18986
19025
19785
18987
19026
19786
18988
19027
19787
18989
19028
19788
18990
19029
19789
18991
19030
19790
18992
19031
19791
18993
19032
19792
18994
19033
19793
18995
19034
19794
18996
19035
19795
18997
19036
19796
18998
19037
19797
18999
19038
19798
19039
19799
19001
19040
19800
19002
19041
19801
19003
19042
19802
19004
19043
19803
19005
19044
19804
19006
19045
19805
19007
19046
19806
19008
19047
19807
19009
19048
19808
19010
19049
19809
19011
19050
19810
19012
19051
19811
19013
19052
19812
19014
19053
19813
19015
19054
19814
19016
19055
19815
19017
19056
19816
19018
19057
19817
19019
19058
19818
19020
19059
19819
19021
19060
19820
19022
19061
19821
19023
19062
19822
19024
19063
19823
19025
19064
19824
19026
19065
19825
19027
19066
19826
19028
19067
19827
19029
19068
19828
19030
19069
19829
19031
19070
19830
19032
19071
19831
19033
19072
19832
19034
19073
19833
19035
19074
19834
19036
19075
19835
19037
19076
19836
19038
19077
19837
19039
19078
19838
19079
19839
19041
19080
19840
19042
19081
19841
19043
19082
19842
19044
19083
19843
19045
19084
19844
19046
19085
19845
19047
19086
19846
19048
19087
19847
19049
19088
19848
19050
19089
19849
19051
19090
19850
19052
19091
19851
19053
19092
19852
19054
19093
19853
19055
19094
19854
19056
19095
19855
19057
19096
19856
19058
19097
19857
19059
19098
19858
19060
19099
19859
19061
19100
19860
19062
19101
19861
19063
19102
19862
19064
19103
19863
19065
19104
19864
19066
19105
19865
19067
19106
19866
19068
19107
19867
19069
19108
19868
19070
19109
19869
19071
19110
19870
19072
19111
19871
19073
19112
19872
19074
19113
19873
19075
19114
19874
19076
19115
19875
19077
19116
19876
19078
19117
19877
19079
19118
19878
19119
19879
19081
19120
19880
19082
19121
19881
19083
19122
19882
19084
19123
19883
19085
19124
19884
19086
19125
19885
19087
19126
19886
19088
19127
19887
19089
19128
19888
19090
19129
19889
19091
19130
19890
19092
19131
19891
19093
19132
19892
19094
19133
19893
19095
19134
19894
19096
19135
19895
19097
19136
19896
19098
19137
19897
19099
19138
19898
19100
19139
19899
19101
19140
19900
19102
19141
19901
19103
19142
19902
19104
19143
19903
19105
19144
19904
19106
19145
19905
19107
19146
19906
19108
19147
19907
19109
19148
19908
19110
19149
19909
19111
19150
19910
19112
19151
19911
19113
19152
19912
19114
19153
19913
19115
19154
19914
19116
19155
19915
19117
19156
19916
19118
19157
19917
19119
19158
19918
19159
19919
19121
19160
19920
19122
19161
19921
19123
19162
19922
19124
19163
19923
19125
19164
19924
19126
19165
19925
19127
19166
19926
19128
19167
19927
19129
19168
19928
19130
19169
19929
19131
19170
19930
19132
19171
19931
19133
19172
19932
19134
19173
19933
19135
19174
19934
19136
19175
19935
19137
19176
19936
19138
19177
19937
19139
19178
19938
19140
19179
19939
19141
19180
19940
19142
19181
19941
19143
19182
19942
19144
19183
19943
19145
19184
19944
19146
19185
19945
19147
19186
19946
19148
19187
19947
19149
19188
19948
19150
19189
19949
19151
19190
19950
19152
19191
19951
19153
19192
19952
19154
19193
19953
19155
19194
19954
19156
19195
19955
19157
19196
19956
19158
19197
19957
19159
19198
19958
19199
19959
19161
19960
19162
19961
19163
19962
19164
19963
19165
19964
19166
19965
19167
19966
19168
19967
19169
19968
19170
19969
19171
19970
19172
19971
19173
19972
19174
19973
19175
19974
19176
19975
19177
19976
19178
19977
19179
19978
19180
19979
19181
19980
19182
19981
19183
19982
19184
19983
19185
19984
19186
19985
19187
19986
19188
19987
19189
19988
19190
19989
19191
19990
19192
19991
19193
19992
19194
19993
19195
19994
19196
19995
19197
19996
19198
19997
19199
19998
19999
19201
19240
20000
19202
19241
20001
19203
19242
20002
19204
19243
20003
19205
19244
20004
19206
19245
20005
19207
19246
20006
19208
19247
20007
19209
19248
20008
19210
19249
20009
19211
19250
20010
19212
19251
20011
19213
19252
20012
19214
19253
20013
19215
19254
20014
19216
19255
20015
19217
19256
20016
19218
19257
20017
19219
19258
20018
19220
19259
20019
19221
19260
20020
19222
19261
20021
19223
19262
20022
19224
19263
20023
19225
19264
20024
19226
19265
20025
19227
19266
20026
19228
19267
20027
19229
19268
20028
19230
19269
20029
19231
19270
20030
19232
19271
20031
19233
19272
20032
19234
19273
20033
19235
19274
20034
19236
19275
20035
19237
19276
20036
19238
19277
20037
19239
19278
20038
19279
20039
19241
19280
20040
19242
19281
20041
19243
19282
20042
19244
19283
20043
19245
19284
20044
19246
19285
20045
19247
19286
20046
19248
19287
20047
19249
19288
20048
19250
19289
20049
19251
19290
20050
19252
19291
20051
19253
19292
20052
19254
19293
20053
19255
19294
20054
19256
19295
20055
19257
19296
20056
19258
19297
20057
19259
19298
20058
19260
19299
20059
19261
19300
20060
19262
19301
20061
19263
19302
20062
19264
19303
20063
19265
19304
20064
19266
19305
20065
19267
19306
20066
19268
19307
20067
19269
19308
20068
19270
19309
20069
19271
19310
20070
19272
19311
20071
19273
19312
20072
19274
19313
20073
19275
19314
20074
19276
19315
20075
19277
19316
20076
19278
19317
20077
19279
19318
20078
19319
20079
19281
19320
20080
19282
19321
20081
19283
19322
20082
19284
19323
20083
19285
19324
20084
19286
19325
20085
19287
19326
20086
19288
19327
20087
19289
19328
20088
19290
19329
20089
19291
19330
20090
19292
19331
20091
19293
19332
20092
19294
19333
20093
19295
19334
20094
19296
19335
20095
19297
19336
20096
19298
19337
20097
19299
19338
20098
19300
19339
20099
19301
19340
20100
19302
19341
20101
19303
19342
20102
19304
19343
20103
19305
19344
20104
19306
19345
20105
19307
19346
20106
19308
19347
20107
19309
19348
20108
19310
19349
20109
19311
19350
20110
19312
19351
20111
19313
19352
20112
19314
19353
20113
19315
19354
20114
19316
19355
20115
19317
19356
20116
19318
19357
20117
19319
19358
20118
19359
20119
19321
19360
20120
19322
19361
20121
19323
19362
20122
19324
19363
20123
19325
19364
20124
19326
19365
20125
19327
19366
20126
19328
19367
20127
19329
19368
20128
19330
19369
20129
19331
19370
20130
19332
19371
20131
19333
19372
20132
19334
19373
20133
19335
19374
20134
19336
19375
20135
19337
19376
20136
19338
19377
20137
19339
19378
20138
19340
19379
20139
19341
19380
20140
19342
19381
20141
19343
19382
20142
19344
19383
20143
19345
19384
20144
19346
19385
20145
19347
19386
20146
19348
19387
20147
19349
19388
20148
19350
19389
20149
19351
19390
20150
19352
19391
20151
19353
19392
20152
19354
19393
20153
19355
19394
20154
19356
19395
20155
19357
19396
20156
19358
19397
20157
19359
19398
20158
19399
20159
19361
19400
20160
19362
19401
20161
19363
19402
20162
19364
19403
20163
19365
19404
20164
19366
19405
20165
19367
19406
20166
19368
19407
20167
19369
19408
20168
19370
19409
20169
19371
19410
20170
19372
19411
20171
19373
19412
20172
19374
19413
20173
19375
19414
20174
19376
19415
20175
19377
19416
20176
19378
19417
20177
19379
19418
20178
19380
19419
20179
19381
19420
20180
19382
19421
20181
19383
19422
20182
19384
19423
20183
19385
19424
20184
19386
19425
20185
19387
19426
20186
19388
19427
20187
19389
19428
20188
19390
19429
20189
19391
19430
20190
19392
19431
20191
19393
19432
20192
19394
19433
20193
19395
19434
20194
19396
19435
20195
19397
19436
20196
19398
19437
20197
19399
19438
20198
19439
20199
19401
19440
20200
19402
19441
20201
19403
19442
20202
19404
19443
20203
19405
19444
20204
19406
19445
20205
19407
19446
20206
19408
19447
20207
19409
19448
20208
19410
19449
20209
19411
19450
20210
19412
19451
20211
19413
19452
20212
19414
19453
20213
19415
19454
20214
19416
19455
20215
19417
19456
20216
19418
19457
20217
19419
19458
20218
19420
19459
20219
19421
19460
20220
19422
19461
20221
19423
19462
20222
19424
19463
20223
19425
19464
20224
19426
19465
20225
19427
19466
20226
19428
19467
20227
19429
19468
20228
19430
19469
20229
19431
19470
20230
19432
19471
20231
19433
19472
20232
19434
19473
20233
19435
19474
20234
19436
19475
20235
19437
19476
20236
19438
19477
20237
19439
19478
20238
19479
20239
19441
19480
20240
19442
19481
20241
19443
19482
20242
19444
19483
20243
19445
19484
20244
19446
19485
20245
19447
19486
20246
19448
19487
20247
19449
19488
20248
19450
19489
20249
19451
19490
20250
19452
19491
20251
19453
19492
20252
19454
19493
20253
19455
19494
20254
19456
19495
20255
19457
19496
20256
19458
19497
20257
19459
19498
20258
19460
19499
20259
19461
19500
20260
19462
19501
20261
19463
19502
20262
19464
19503
20263
19465
19504
20264
19466
19505
20265
19467
19506
20266
19468
19507
20267
19469
19508
20268
19470
19509
20269
19471
19510
20270
19472
19511
20271
19473
19512
20272
19474
19513
20273
19475
19514
20274
19476
19515
20275
19477
19516
20276
19478
19517
20277
19479
19518
20278
19519
20279
19481
19520
20280
19482
19521
20281
19483
19522
20282
19484
19523
20283
19485
19524
20284
19486
19525
20285
19487
19526
20286
19488
19527
20287
19489
19528
20288
19490
19529
20289
19491
19530
20290
19492
19531
20291
19493
19532
20292
19494
19533
20293
19495
19534
20294
19496
19535
20295
19497
19536
20296
19498
19537
20297
19499
19538
20298
19500
19539
20299
19501
19540
20300
19502
19541
20301
19503
19542
20302
19504
19543
20303
19505
19544
20304
19506
19545
20305
19507
19546
20306
19508
19547
20307
19509
19548
20308
19510
19549
20309
19511
19550
20310
19512
19551
20311
19513
19552
20312
19514
19553
20313
19515
19554
20314
19516
19555
20315
19517
19556
20316
19518
19557
20317
19519
19558
20318
19559
20319
19521
19560
20320
19522
19561
20321
19523
19562
20322
19524
19563
20323
19525
19564
20324
19526
19565
20325
19527
19566
20326
19528
19567
20327
19529
19568
20328
19530
19569
20329
19531
19570
20330
19532
19571
20331
19533
19572
20332
19534
19573
20333
19535
19574
20334
19536
19575
20335
19537
19576
20336
19538
19577
20337
19539
19578
20338
19540
19579
20339
19541
19580
20340
19542
19581
20341
19543
19582
20342
19544
19583
20343
19545
19584
20344
19546
19585
20345
19547
19586
20346
19548
19587
20347
19549
19588
20348
19550
19589
20349
19551
19590
20350
19552
19591
20351
19553
19592
20352
19554
19593
20353
19555
19594
20354
19556
19595
20355
19557
19596
20356
19558
19597
20357
19559
19598
20358
19599
20359
19561
19600
20360
19562
19601
20361
19563
19602
20362
19564
19603
20363
19565
19604
20364
19566
19605
20365
19567
19606
20366
19568
19607
20367
19569
19608
20368
19570
19609
20369
19571
19610
20370
19572
19611
20371
19573
19612
20372
19574
19613
20373
19575
19614
20374
19576
19615
20375
19577
19616
20376
19578
19617
20377
19579
19618
20378
19580
19619
20379
19581
19620
20380
19582
19621
20381
19583
19622
20382
19584
19623
20383
19585
19624
20384
19586
19625
20385
19587
19626
20386
19588
19627
20387
19589
19628
20388
19590
19629
20389
19591
19630
20390
19592
19631
20391
19593
19632
20392
19594
19633
20393
19595
19634
20394
19596
19635
20395
19597
19636
20396
19598
19637
20397
19599
19638
20398
19639
20399
19601
19640
20400
19602
19641
20401
19603
19642
20402
19604
19643
20403
19605
19644
20404
19606
19645
20405
19607
19646
20406
19608
19647
20407
19609
19648
20408
19610
19649
20409
19611
19650
20410
19612
19651
20411
19613
19652
20412
19614
19653
20413
19615
19654
20414
19616
19655
20415
19617
19656
20416
19618
19657
20417
19619
19658
20418
19620
19659
20419
19621
19660
20420
19622
19661
20421
19623
19662
20422
19624
19663
20423
19625
19664
20424
19626
19665
20425
19627
19666
20426
19628
19667
20427
19629
19668
20428
19630
19669
20429
19631
19670
20430
19632
19671
20431
19633
19672
20432
19634
19673
20433
19635
19674
20434
19636
19675
20435
19637
19676
20436
19638
19677
20437
19639
19678
20438
19679
20439
19641
19680
20440
19642
19681
20441
19643
19682
20442
19644
19683
20443
19645
19684
20444
19646
19685
20445
19647
19686
20446
19648
19687
20447
19649
19688
20448
19650
19689
20449
19651
19690
20450
19652
19691
20451
19653
19692
20452
19654
19693
20453
19655
19694
20454
19656
19695
20455
19657
19696
20456
19658
19697
20457
19659
19698
20458
19660
19699
20459
19661
19700
20460
19662
19701
20461
19663
19702
20462
19664
19703
20463
19665
19704
20464
19666
19705
20465
19667
19706
20466
19668
19707
20467
19669
19708
20468
19670
19709
20469
19671
19710
20470
19672
19711
20471
19673
19712
20472
19674
19713
20473
19675
19714
20474
19676
19715
20475
19677
19716
20476
19678
19717
20477
19679
19718
20478
19719
20479
19681
19720
20480
19682
19721
20481
19683
19722
20482
19684
19723
20483
19685
19724
20484
19686
19725
20485
19687
19726
20486
19688
19727
20487
19689
19728
20488
19690
19729
20489
19691
19730
20490
19692
19731
20491
19693
19732
20492
19694
19733
20493
19695
19734
20494
19696
19735
20495
19697
19736
20496
19698
19737
20497
19699
19738
20498
19700
19739
20499
19701
19740
20500
19702
19741
20501
19703
19742
20502
19704
19743
20503
19705
19744
20504
19706
19745
20505
19707
19746
20506
19708
19747
20507
19709
19748
20508
19710
19749
20509
19711
19750
20510
19712
19751
20511
19713
19752
20512
19714
19753
20513
19715
19754
20514
19716
19755
20515
19717
19756
20516
19718
19757
20517
19719
19758
20518
19759
20519
19721
19760
20520
19722
19761
20521
19723
19762
20522
19724
19763
20523
19725
19764
20524
19726
19765
20525
19727
19766
20526
19728
19767
20527
19729
19768
20528
19730
19769
20529
19731
19770
20530
19732
19771
20531
19733
19772
20532
19734
19773
20533
19735
19774
20534
19736
19775
20535
19737
19776
20536
19738
19777
20537
19739
19778
20538
19740
19779
20539
19741
19780
20540
19742
19781
20541
19743
19782
20542
19744
19783
20543
19745
19784
20544
19746
19785
20545
19747
19786
20546
19748
19787
20547
19749
19788
20548
19750
19789
20549
19751
19790
20550
19752
19791
20551
19753
19792
20552
19754
19793
20553
19755
19794
20554
19756
19795
20555
19757
19796
20556
19758
19797
20557
19759
19798
20558
19799
20559
19761
19800
20560
19762
19801
20561
19763
19802
20562
19764
19803
20563
19765
19804
20564
19766
19805
20565
19767
19806
20566
19768
19807
20567
19769
19808
20568
19770
19809
20569
19771
19810
20570
19772
19811
20571
19773
19812
20572
19774
19813
20573
19775
19814
20574
19776
19815
20575
19777
19816
20576
19778
19817
20577
19779
19818
20578
19780
19819
20579
19781
19820
20580
19782
19821
20581
19783
19822
20582
19784
19823
20583
19785
19824
20584
19786
19825
20585
19787
19826
20586
19788
19827
20587
19789
19828
20588
19790
19829
20589
19791
19830
20590
19792
19831
20591
19793
19832
20592
19794
19833
20593
19795
19834
20594
19796
19835
20595
19797
19836
20596
19798
19837
20597
19799
19838
20598
19839
20599
19801
19840
20600
19802
19841
20601
19803
19842
20602
19804
19843
20603
19805
19844
20604
19806
19845
20605
19807
19846
20606
19808
19847
20607
19809
19848
20608
19810
19849
20609
19811
19850
20610
19812
19851
20611
19813
19852
20612
19814
19853
20613
19815
19854
20614
19816
19855
20615
19817
19856
20616
19818
19857
20617
19819
19858
20618
19820
19859
20619
19821
19860
20620
19822
19861
20621
19823
19862
20622
19824
19863
20623
19825
19864
20624
19826
19865
20625
19827
19866
20626
19828
19867
20627
19829
19868
20628
19830
19869
20629
19831
19870
20630
19832
19871
20631
19833
19872
20632
19834
19873
20633
19835
19874
20634
19836
19875
20635
19837
19876
20636
19838
19877
20637
19839
19878
20638
19879
20639
19841
19880
20640
19842
19881
20641
19843
19882
20642
19844
19883
20643
19845
19884
20644
19846
19885
20645
19847
19886
20646
19848
19887
20647
19849
19888
20648
19850
19889
20649
19851
19890
20650
19852
19891
20651
19853
19892
20652
19854
19893
20653
19855
19894
20654
19856
19895
20655
19857
19896
20656
19858
19897
20657
19859
19898
20658
19860
19899
20659
19861
19900
20660
19862
19901
20661
19863
19902
20662
19864
19903
20663
19865
19904
20664
19866
19905
20665
19867
19906
20666
19868
19907
20667
19869
19908
20668
19870
19909
20669
19871
19910
20670
19872
19911
20671
19873
19912
20672
19874
19913
20673
19875
19914
20674
19876
19915
20675
19877
19916
20676
19878
19917
20677
19879
19918
20678
19919
20679
19881
19920
20680
19882
19921
20681
19883
19922
20682
19884
19923
20683
19885
19924
20684
19886
19925
20685
19887
19926
20686
19888
19927
20687
19889
19928
20688
19890
19929
20689
19891
19930
20690
19892
19931
20691
19893
19932
20692
19894
19933
20693
19895
19934
20694
19896
19935
20695
19897
19936
20696
19898
19937
20697
19899
19938
20698
19900
19939
20699
19901
19940
20700
19902
19941
20701
19903
19942
20702
19904
19943
20703
19905
19944
20704
19906
19945
20705
19907
19946
20706
19908
19947
20707
19909
19948
20708
19910
19949
20709
19911
19950
20710
19912
19951
20711
19913
19952
20712
19914
19953
20713
19915
19954
20714
19916
19955
20715
19917
19956
20716
19918
19957
20717
19919
19958
20718
19959
20719
19921
19960
20720
19922
19961
20721
19923
19962
20722
19924
19963
20723
19925
19964
20724
19926
19965
20725
19927
19966
20726
19928
19967
20727
19929
19968
20728
19930
19969
20729
19931
19970
20730
19932
19971
20731
19933
19972
20732
19934
19973
20733
19935
19974
20734
19936
19975
20735
19937
19976
20736
19938
19977
20737
19939
19978
20738
19940
19979
20739
19941
19980
20740
19942
19981
20741
19943
19982
20742
19944
19983
20743
19945
19984
20744
19946
19985
20745
19947
19986
20746
19948
19987
20747
19949
19988
20748
19950
19989
20749
19951
19990
20750
19952
19991
20751
19953
19992
20752
19954
19993
20753
19955
19994
20754
19956
19995
20755
19957
19996
20756
19958
19997
20757
19959
19998
20758
19999
20759
19961
20760
19962
20761
19963
20762
19964
20763
19965
20764
19966
20765
19967
20766
19968
20767
19969
20768
19970
20769
19971
20770
19972
20771
19973
20772
19974
20773
19975
20774
19976
20775
19977
20776
19978
20777
19979
20778
19980
20779
19981
20780
19982
20781
19983
20782
19984
20783
19985
20784
19986
20785
19987
20786
19988
20787
19989
20788
19990
20789
19991
20790
19992
20791
19993
20792
19994
20793
19995
20794
19996
20795
19997
20796
19998
20797
19999
20798
20799
20001
20040
20800
20002
20041
20801
20003
20042
20802
20004
20043
20803
20005
20044
20804
20006
20045
20805
20007
20046
20806
20008
20047
20807
20009
20048
20808
20010
20049
20809
20011
20050
20810
20012
20051
20811
20013
20052
20812
20014
20053
20813
20015
20054
20814
20016
20055
20815
20017
20056
20816
20018
20057
20817
20019
20058
20818
20020
20059
20819
20021
20060
20820
20022
20061
20821
20023
20062
20822
20024
20063
20823
20025
20064
20824
20026
20065
20825
20027
20066
20826
20028
20067
20827
20029
20068
20828
20030
20069
20829
20031
20070
20830
20032
20071
20831
20033
20072
20832
20034
20073
20833
20035
20074
20834
20036
20075
20835
20037
20076
20836
20038
20077
20837
20039
20078
20838
20079
20839
20041
20080
20840
20042
20081
20841
20043
20082
20842
20044
20083
20843
20045
20084
20844
20046
20085
20845
20047
20086
20846
20048
20087
20847
20049
20088
20848
20050
20089
20849
20051
20090
20850
20052
20091
20851
20053
20092
20852
20054
20093
20853
20055
20094
20854
20056
20095
20855
20057
20096
20856
20058
20097
20857
20059
20098
20858
20060
20099
20859
20061
20100
20860
20062
20101
20861
20063
20102
20862
20064
20103
20863
20065
20104
20864
20066
20105
20865
20067
20106
20866
20068
20107
20867
20069
20108
20868
20070
20109
20869
20071
20110
20870
20072
20111
20871
20073
20112
20872
20074
20113
20873
20075
20114
20874
20076
20115
20875
20077
20116
20876
20078
20117
20877
20079
20118
20878
20119
20879
20081
20120
20880
20082
20121
20881
20083
20122
20882
20084
20123
20883
20085
20124
20884
20086
20125
20885
20087
20126
20886
20088
20127
20887
20089
20128
20888
20090
20129
20889
20091
20130
20890
20092
20131
20891
20093
20132
20892
20094
20133
20893
20095
20134
20894
20096
20135
20895
20097
20136
20896
20098
20137
20897
20099
20138
20898
20100
20139
20899
20101
20140
20900
20102
20141
20901
20103
20142
20902
20104
20143
20903
20105
20144
20904
20106
20145
20905
20107
20146
20906
20108
20147
20907
20109
20148
20908
20110
20149
20909
20111
20150
20910
20112
20151
20911
20113
20152
20912
20114
20153
20913
20115
20154
20914
20116
20155
20915
20117
20156
20916
20118
20157
20917
20119
20158
20918
20159
20919
20121
20160
20920
20122
20161
20921
20123
20162
20922
20124
20163
20923
20125
20164
20924
20126
20165
20925
20127
20166
20926
20128
20167
20927
20129
20168
20928
20130
20169
20929
20131
20170
20930
20132
20171
20931
20133
20172
20932
20134
20173
20933
20135
20174
20934
20136
20175
20935
20137
20176
20936
20138
20177
20937
20139
20178
20938
20140
20179
20939
20141
20180
20940
20142
20181
20941
20143
20182
20942
20144
20183
20943
20145
20184
20944
20146
20185
20945
20147
20186
20946
20148
20187
20947
20149
20188
20948
20150
20189
20949
20151
20190
20950
20152
20191
20951
20153
20192
20952
20154
20193
20953
20155
20194
20954
20156
20195
20955
20157
20196
20956
20158
20197
20957
20159
20198
20958
20199
20959
20161
20200
20960
20162
20201
20961
20163
20202
20962
20164
20203
20963
20165
20204
20964
20166
20205
20965
20167
20206
20966
20168
20207
20967
20169
20208
20968
20170
20209
20969
20171
20210
20970
20172
20211
20971
20173
20212
20972
20174
20213
20973
20175
20214
20974
20176
20215
20975
20177
20216
20976
20178
20217
20977
20179
20218
20978
20180
20219
20979
20181
20220
20980
20182
20221
20981
20183
20222
20982
20184
20223
20983
20185
20224
20984
20186
20225
20985
20187
20226
20986
20188
20227
20987
20189
20228
20988
20190
20229
20989
20191
20230
20990
20192
20231
20991
20193
20232
20992
20194
20233
20993
20195
20234
20994
20196
20235
20995
20197
20236
20996
20198
20237
20997
20199
20238
20998
20239
20999
20201
20240
21000
20202
20241
21001
20203
20242
21002
20204
20243
21003
20205
20244
21004
20206
20245
21005
20207
20246
21006
20208
20247
21007
20209
20248
21008
20210
20249
21009
20211
20250
21010
20212
20251
21011
20213
20252
21012
20214
20253
21013
20215
20254
21014
20216
20255
21015
20217
20256
21016
20218
20257
21017
20219
20258
21018
20220
20259
21019
20221
20260
21020
20222
20261
21021
20223
20262
21022
20224
20263
21023
20225
20264
21024
20226
20265
21025
20227
20266
21026
20228
20267
21027
20229
20268
21028
20230
20269
21029
20231
20270
21030
20232
20271
21031
20233
20272
21032
20234
20273
21033
20235
20274
21034
20236
20275
21035
20237
20276
21036
20238
20277
21037
20239
20278
21038
20279
21039
20241
20280
21040
20242
20281
21041
20243
20282
21042
20244
20283
21043
20245
20284
21044
20246
20285
21045
20247
20286
21046
20248
20287
21047
20249
20288
21048
20250
20289
21049
20251
20290
21050
20252
20291
21051
20253
20292
21052
20254
20293
21053
20255
20294
21054
20256
20295
21055
20257
20296
21056
20258
20297
21057
20259
20298
21058
20260
20299
21059
20261
20300
21060
20262
20301
21061
20263
20302
21062
20264
20303
21063
20265
20304
21064
20266
20305
21065
20267
20306
21066
20268
20307
21067
20269
20308
21068
20270
20309
21069
20271
20310
21070
20272
20311
21071
20273
20312
21072
20274
20313
21073
20275
20314
21074
20276
20315
21075
20277
20316
21076
20278
20317
21077
20279
20318
21078
20319
21079
20281
20320
21080
20282
20321
21081
20283
20322
21082
20284
20323
21083
20285
20324
21084
20286
20325
21085
20287
20326
21086
20288
20327
21087
20289
20328
21088
20290
20329
21089
20291
20330
21090
20292
20331
21091
20293
20332
21092
20294
20333
21093
20295
20334
21094
20296
20335
21095
20297
20336
21096
20298
20337
21097
20299
20338
21098
20300
20339
21099
20301
20340
21100
20302
20341
21101
20303
20342
21102
20304
20343
21103
20305
20344
21104
20306
20345
21105
20307
20346
21106
20308
20347
21107
20309
20348
21108
20310
20349
21109
20311
20350
21110
20312
20351
21111
20313
20352
21112
20314
20353
21113
20315
20354
21114
20316
20355
21115
20317
20356
21116
20318
20357
21117
20319
20358
21118
20359
21119
20321
20360
21120
20322
20361
21121
20323
20362
21122
20324
20363
21123
20325
20364
21124
20326
20365
21125
20327
20366
21126
20328
20367
21127
20329
20368
21128
20330
20369
21129
20331
20370
21130
20332
20371
21131
20333
20372
21132
20334
20373
21133
20335
20374
21134
20336
20375
21135
20337
20376
21136
20338
20377
21137
20339
20378
21138
20340
20379
21139
20341
20380
21140
20342
20381
21141
20343
20382
21142
20344
20383
21143
20345
20384
21144
20346
20385
21145
20347
20386
21146
20348
20387
21147
20349
20388
21148
20350
20389
21149
20351
20390
21150
20352
20391
21151
20353
20392
21152
20354
20393
21153
20355
20394
21154
20356
20395
21155
20357
20396
21156
20358
20397
21157
20359
20398
21158
20399
21159
20361
20400
21160
20362
20401
21161
20363
20402
21162
20364
20403
21163
20365
20404
21164
20366
20405
21165
20367
20406
21166
20368
20407
21167
20369
20408
21168
20370
20409
21169
20371
20410
21170
20372
20411
21171
20373
20412
21172
20374
20413
21173
20375
20414
21174
20376
20415
21175
20377
20416
21176
20378
20417
21177
20379
20418
21178
20380
20419
21179
20381
20420
21180
20382
20421
21181
20383
20422
21182
20384
20423
21183
20385
20424
21184
20386
20425
21185
20387
20426
21186
20388
20427
21187
20389
20428
21188
20390
20429
21189
20391
20430
21190
20392
20431
21191
20393
20432
21192
20394
20433
21193
20395
20434
21194
20396
20435
21195
20397
20436
21196
20398
20437
21197
20399
20438
21198
20439
21199
20401
20440
21200
20402
20441
21201
20403
20442
21202
20404
20443
21203
20405
20444
21204
20406
20445
21205
20407
20446
21206
20408
20447
21207
20409
20448
21208
20410
20449
21209
20411
20450
21210
20412
20451
21211
20413
20452
21212
20414
20453
21213
20415
20454
21214
20416
20455
21215
20417
20456
21216
20418
20457
21217
20419
20458
21218
20420
20459
21219
20421
20460
21220
20422
20461
21221
20423
20462
21222
20424
20463
21223
20425
20464
21224
20426
20465
21225
20427
20466
21226
20428
20467
21227
20429
20468
21228
20430
20469
21229
20431
20470
21230
20432
20471
21231
20433
20472
21232
20434
20473
21233
20435
20474
21234
20436
20475
21235
20437
20476
21236
20438
20477
21237
20439
20478
21238
20479
21239
20441
20480
21240
20442
20481
21241
20443
20482
21242
20444
20483
21243
20445
20484
21244
20446
20485
21245
20447
20486
21246
20448
20487
21247
20449
20488
21248
20450
20489
21249
20451
20490
21250
20452
20491
21251
20453
20492
21252
20454
20493
21253
20455
20494
21254
20456
20495
21255
20457
20496
21256
20458
20497
21257
20459
20498
21258
20460
20499
21259
20461
20500
21260
20462
20501
21261
20463
20502
21262
20464
20503
21263
20465
20504
21264
20466
20505
21265
20467
20506
21266
20468
20507
21267
20469
20508
21268
20470
20509
21269
20471
20510
21270
20472
20511
21271
20473
20512
21272
20474
20513
21273
20475
20514
21274
20476
20515
21275
20477
20516
21276
20478
20517
21277
20479
20518
21278
20519
21279
20481
20520
21280
20482
20521
21281
20483
20522
21282
20484
20523
21283
20485
20524
21284
20486
20525
21285
20487
20526
21286
20488
20527
21287
20489
20528
21288
20490
20529
21289
20491
20530
21290
20492
20531
21291
20493
20532
21292
20494
20533
21293
20495
20534
21294
20496
20535
21295
20497
20536
21296
20498
20537
21297
20499
20538
21298
20500
20539
21299
20501
20540
21300
20502
20541
21301
20503
20542
21302
20504
20543
21303
20505
20544
21304
20506
20545
21305
20507
20546
21306
20508
20547
21307
20509
20548
21308
20510
20549
21309
20511
20550
21310
20512
20551
21311
20513
20552
21312
20514
20553
21313
20515
20554
21314
20516
20555
21315
20517
20556
21316
20518
20557
21317
20519
20558
21318
20559
21319
20521
20560
21320
20522
20561
21321
20523
20562
21322
20524
20563
21323
20525
20564
21324
20526
20565
21325
20527
20566
21326
20528
20567
21327
20529
20568
21328
20530
20569
21329
20531
20570
21330
20532
20571
21331
20533
20572
21332
20534
20573
21333
20535
20574
21334
20536
20575
21335
20537
20576
21336
20538
20577
21337
20539
20578
21338
20540
20579
21339
20541
20580
21340
20542
20581
21341
20543
20582
21342
20544
20583
21343
20545
20584
21344
20546
20585
21345
20547
20586
21346
20548
20587
21347
20549
20588
21348
20550
20589
21349
20551
20590
21350
20552
20591
21351
20553
20592
21352
20554
20593
21353
20555
20594
21354
20556
20595
21355
20557
20596
21356
20558
20597
21357
20559
20598
21358
20599
21359
20561
20600
21360
20562
20601
21361
20563
20602
21362
20564
20603
21363
20565
20604
21364
20566
20605
21365
20567
20606
21366
20568
20607
21367
20569
20608
21368
20570
20609
21369
20571
20610
21370
20572
20611
21371
20573
20612
21372
20574
20613
21373
20575
20614
21374
20576
20615
21375
20577
20616
21376
20578
20617
21377
20579
20618
21378
20580
20619
21379
20581
20620
21380
20582
20621
21381
20583
20622
21382
20584
20623
21383
20585
20624
21384
20586
20625
21385
20587
20626
21386
20588
20627
21387
20589
20628
21388
20590
20629
21389
20591
20630
21390
20592
20631
21391
20593
20632
21392
20594
20633
21393
20595
20634
21394
20596
20635
21395
20597
20636
21396
20598
20637
21397
20599
20638
21398
20639
21399
20601
20640
21400
20602
20641
21401
20603
20642
21402
20604
20643
21403
20605
20644
21404
20606
20645
21405
20607
20646
21406
20608
20647
21407
20609
20648
21408
20610
20649
21409
20611
20650
21410
20612
20651
21411
20613
20652
21412
20614
20653
21413
20615
20654
21414
20616
20655
21415
20617
20656
21416
20618
20657
21417
20619
20658
21418
20620
20659
21419
20621
20660
21420
20622
20661
21421
20623
20662
21422
20624
20663
21423
20625
20664
21424
20626
20665
21425
20627
20666
21426
20628
20667
21427
20629
20668
21428
20630
20669
21429
20631
20670
21430
20632
20671
21431
20633
20672
21432
20634
20673
21433
20635
20674
21434
20636
20675
21435
20637
20676
21436
20638
20677
21437
20639
20678
21438
20679
21439
20641
20680
21440
20642
20681
21441
20643
20682
21442
20644
20683
21443
20645
20684
21444
20646
20685
21445
20647
20686
21446
20648
20687
21447
20649
20688
21448
20650
20689
21449
20651
20690
21450
20652
20691
21451
20653
20692
21452
20654
20693
21453
20655
20694
21454
20656
20695
21455
20657
20696
21456
20658
20697
21457
20659
20698
21458
20660
20699
21459
20661
20700
21460
20662
20701
21461
20663
20702
21462
20664
20703
21463
20665
20704
21464
20666
20705
21465
20667
20706
21466
20668
20707
21467
20669
20708
21468
20670
20709
21469
20671
20710
21470
20672
20711
21471
20673
20712
21472
20674
20713
21473
20675
20714
21474
20676
20715
21475
20677
20716
21476
20678
20717
21477
20679
20718
21478
20719
21479
20681
20720
21480
20682
20721
21481
20683
20722
21482
20684
20723
21483
20685
20724
21484
20686
20725
21485
20687
20726
21486
20688
20727
21487
20689
20728
21488
20690
20729
21489
20691
20730
21490
20692
20731
21491
20693
20732
21492
20694
20733
21493
20695
20734
21494
20696
20735
21495
20697
20736
21496
20698
20737
21497
20699
20738
21498
20700
20739
21499
20701
20740
21500
20702
20741
21501
20703
20742
21502
20704
20743
21503
20705
20744
21504
20706
20745
21505
20707
20746
21506
20708
20747
21507
20709
20748
21508
20710
20749
21509
20711
20750
21510
20712
20751
21511
20713
20752
21512
20714
20753
21513
20715
20754
21514
20716
20755
21515
20717
20756
21516
20718
20757
21517
20719
20758
21518
20759
21519
20721
20760
21520
20722
20761
21521
20723
20762
21522
20724
20763
21523
20725
20764
21524
20726
20765
21525
20727
20766
21526
20728
20767
21527
20729
20768
21528
20730
20769
21529
20731
20770
21530
20732
20771
21531
20733
20772
21532
20734
20773
21533
20735
20774
21534
20736
20775
21535
20737
20776
21536
20738
20777
21537
20739
20778
21538
20740
20779
21539
20741
20780
21540
20742
20781
21541
20743
20782
21542
20744
20783
21543
20745
20784
21544
20746
20785
21545
20747
20786
21546
20748
20787
21547
20749
20788
21548
20750
20789
21549
20751
20790
21550
20752
20791
21551
20753
20792
21552
20754
20793
21553
20755
20794
21554
20756
20795
21555
20757
20796
21556
20758
20797
21557
20759
20798
21558
20799
21559
20761
21560
20762
21561
20763
21562
20764
21563
20765
21564
20766
21565
20767
21566
20768
21567
20769
21568
20770
21569
20771
21570
20772
21571
20773
21572
20774
21573
20775
21574
20776
21575
20777
21576
20778
21577
20779
21578
20780
21579
20781
21580
20782
21581
20783
21582
20784
21583
20785
21584
20786
21585
20787
21586
20788
21587
20789
21588
20790
21589
20791
21590
20792
21591
20793
21592
20794
21593
20795
21594
20796
21595
20797
21596
20798
21597
20799
21598
21599
20801
20840
21600
20802
20841
21601
20803
20842
21602
20804
20843
21603
20805
20844
21604
20806
20845
21605
20807
20846
21606
20808
20847
21607
20809
20848
21608
20810
20849
21609
20811
20850
21610
20812
20851
21611
20813
20852
21612
20814
20853
21613
20815
20854
21614
20816
20855
21615
20817
20856
21616
20818
20857
21617
20819
20858
21618
20820
20859
21619
20821
20860
21620
20822
20861
21621
20823
20862
21622
20824
20863
21623
20825
20864
21624
20826
20865
21625
20827
20866
21626
20828
20867
21627
20829
20868
21628
20830
20869
21629
20831
20870
21630
20832
20871
21631
20833
20872
21632
20834
20873
21633
20835
20874
21634
20836
20875
21635
20837
20876
21636
20838
20877
21637
20839
20878
21638
20879
21639
20841
20880
21640
20842
20881
21641
20843
20882
21642
20844
20883
21643
20845
20884
21644
20846
20885
21645
20847
20886
21646
20848
20887
21647
20849
20888
21648
20850
20889
21649
20851
20890
21650
20852
20891
21651
20853
20892
21652
20854
20893
21653
20855
20894
21654
20856
20895
21655
20857
20896
21656
20858
20897
21657
20859
20898
21658
20860
20899
21659
20861
20900
21660
20862
20901
21661
20863
20902
21662
20864
20903
21663
20865
20904
21664
20866
20905
21665
20867
20906
21666
20868
20907
21667
20869
20908
21668
20870
20909
21669
20871
20910
21670
20872
20911
21671
20873
20912
21672
20874
20913
21673
20875
20914
21674
20876
20915
21675
20877
20916
21676
20878
20917
21677
20879
20918
21678
20919
21679
20881
20920
21680
20882
20921
21681
20883
20922
21682
20884
20923
21683
20885
20924
21684
20886
20925
21685
20887
20926
21686
20888
20927
21687
20889
20928
21688
20890
20929
21689
20891
20930
21690
20892
20931
21691
20893
20932
21692
20894
20933
21693
20895
20934
21694
20896
20935
21695
20897
20936
21696
20898
20937
21697
20899
20938
21698
20900
20939
21699
20901
20940
21700
20902
20941
21701
20903
20942
21702
20904
20943
21703
20905
20944
21704
20906
20945
21705
20907
20946
21706
20908
20947
21707
20909
20948
21708
20910
20949
21709
20911
20950
21710
20912
20951
21711
20913
20952
21712
20914
20953
21713
20915
20954
21714
20916
20955
21715
20917
20956
21716
20918
20957
21717
20919
20958
21718
20959
21719
20921
20960
21720
20922
20961
21721
20923
20962
21722
20924
20963
21723
20925
20964
21724
20926
20965
21725
20927
20966
21726
20928
20967
21727
20929
20968
21728
20930
20969
21729
20931
20970
21730
20932
20971
21731
20933
20972
21732
20934
20973
21733
20935
20974
21734
20936
20975
21735
20937
20976
21736
20938
20977
21737
20939
20978
21738
20940
20979
21739
20941
20980
21740
20942
20981
21741
20943
20982
21742
20944
20983
21743
20945
20984
21744
20946
20985
21745
20947
20986
21746
20948
20987
21747
20949
20988
21748
20950
20989
21749
20951
20990
21750
20952
20991
21751
20953
20992
21752
20954
20993
21753
20955
20994
21754
20956
20995
21755
20957
20996
21756
20958
20997
21757
20959
20998
21758
20999
21759
20961
21000
21760
20962
21001
21761
20963
21002
21762
20964
21003
21763
20965
21004
21764
20966
21005
21765
20967
21006
21766
20968
21007
21767
20969
21008
21768
20970
21009
21769
20971
21010
21770
20972
21011
21771
20973
21012
21772
20974
21013
21773
20975
21014
21774
20976
21015
21775
20977
21016
21776
20978
21017
21777
20979
21018
21778
20980
21019
21779
20981
21020
21780
20982
21021
21781
20983
21022
21782
20984
21023
21783
20985
21024
21784
20986
21025
21785
20987
21026
21786
20988
21027
21787
20989
21028
21788
20990
21029
21789
20991
21030
21790
20992
21031
21791
20993
21032
21792
20994
21033
21793
20995
21034
21794
20996
21035
21795
20997
21036
21796
20998
21037
21797
20999
21038
21798
21039
21799
21001
21040
21800
21002
21041
21801
21003
21042
21802
21004
21043
21803
21005
21044
21804
21006
21045
21805
21007
21046
21806
21008
21047
21807
21009
21048
21808
21010
21049
21809
21011
21050
21810
21012
21051
21811
21013
21052
21812
21014
21053
21813
21015
21054
21814
21016
21055
21815
21017
21056
21816
21018
21057
21817
21019
21058
21818
21020
21059
21819
21021
21060
21820
21022
21061
21821
21023
21062
21822
21024
21063
21823
21025
21064
21824
21026
21065
21825
21027
21066
21826
21028
21067
21827
21029
21068
21828
21030
21069
21829
21031
21070
21830
21032
21071
21831
21033
21072
21832
21034
21073
21833
21035
21074
21834
21036
21075
21835
21037
21076
21836
21038
21077
21837
21039
21078
21838
21079
21839
21041
21080
21840
21042
21081
21841
21043
21082
21842
21044
21083
21843
21045
21084
21844
21046
21085
21845
21047
21086
21846
21048
21087
21847
21049
21088
21848
21050
21089
21849
21051
21090
21850
21052
21091
21851
21053
21092
21852
21054
21093
21853
21055
21094
21854
21056
21095
21855
21057
21096
21856
21058
21097
21857
21059
21098
21858
21060
21099
21859
21061
21100
21860
21062
21101
21861
21063
21102
21862
21064
21103
21863
21065
21104
21864
21066
21105
21865
21067
21106
21866
21068
21107
21867
21069
21108
21868
21070
21109
21869
21071
21110
21870
21072
21111
21871
21073
21112
21872
21074
21113
21873
21075
21114
21874
21076
21115
21875
21077
21116
21876
21078
21117
21877
21079
21118
21878
21119
21879
21081
21120
21880
21082
21121
21881
21083
21122
21882
21084
21123
21883
21085
21124
21884
21086
21125
21885
21087
21126
21886
21088
21127
21887
21089
21128
21888
21090
21129
21889
21091
21130
21890
21092
21131
21891
21093
21132
21892
21094
21133
21893
21095
21134
21894
21096
21135
21895
21097
21136
21896
21098
21137
21897
21099
21138
21898
21100
21139
21899
21101
21140
21900
21102
21141
21901
21103
21142
21902
21104
21143
21903
21105
21144
21904
21106
21145
21905
21107
21146
21906
21108
21147
21907
21109
21148
21908
21110
21149
21909
21111
21150
21910
21112
21151
21911
21113
21152
21912
21114
21153
21913
21115
21154
21914
21116
21155
21915
21117
21156
21916
21118
21157
21917
21119
21158
21918
21159
21919
21121
21160
21920
21122
21161
21921
21123
21162
21922
21124
21163
21923
21125
21164
21924
21126
21165
21925
21127
21166
21926
21128
21167
21927
21129
21168
21928
21130
21169
21929
21131
21170
21930
21132
21171
21931
21133
21172
21932
21134
21173
21933
21135
21174
21934
21136
21175
21935
21137
21176
21936
21138
21177
21937
21139
21178
21938
21140
21179
21939
21141
21180
21940
21142
21181
21941
21143
21182
21942
21144
21183
21943
21145
21184
21944
21146
21185
21945
21147
21186
21946
21148
21187
21947
21149
21188
21948
21150
21189
21949
21151
21190
21950
21152
21191
21951
21153
21192
21952
21154
21193
21953
21155
21194
21954
21156
21195
21955
21157
21196
21956
21158
21197
21957
21159
21198
21958
21199
21959
21161
21200
21960
21162
21201
21961
21163
21202
21962
21164
21203
21963
21165
21204
21964
21166
21205
21965
21167
21206
21966
21168
21207
21967
21169
21208
21968
21170
21209
21969
21171
21210
21970
21172
21211
21971
21173
21212
21972
21174
21213
21973
21175
21214
21974
21176
21215
21975
21177
21216
21976
21178
21217
21977
21179
21218
21978
21180
21219
21979
21181
21220
21980
21182
21221
21981
21183
21222
21982
21184
21223
21983
21185
21224
21984
21186
21225
21985
21187
21226
21986
21188
21227
21987
21189
21228
21988
21190
21229
21989
21191
21230
21990
21192
21231
21991
21193
21232
21992
21194
21233
21993
21195
21234
21994
21196
21235
21995
21197
21236
21996
21198
21237
21997
21199
21238
21998
21239
21999
21201
21240
22000
21202
21241
22001
21203
21242
22002
21204
21243
22003
21205
21244
22004
21206
21245
22005
21207
21246
22006
21208
21247
22007
21209
21248
22008
21210
21249
22009
21211
21250
22010
21212
21251
22011
21213
21252
22012
21214
21253
22013
21215
21254
22014
21216
21255
22015
21217
21256
22016
21218
21257
22017
21219
21258
22018
21220
21259
22019
21221
21260
22020
21222
21261
22021
21223
21262
22022
21224
21263
22023
21225
21264
22024
21226
21265
22025
21227
21266
22026
21228
21267
22027
21229
21268
22028
21230
21269
22029
21231
21270
22030
21232
21271
22031
21233
21272
22032
21234
21273
22033
21235
21274
22034
21236
21275
22035
21237
21276
22036
21238
21277
22037
21239
21278
22038
21279
22039
21241
21280
22040
21242
21281
22041
21243
21282
22042
21244
21283
22043
21245
21284
22044
21246
21285
22045
21247
21286
22046
21248
21287
22047
21249
21288
22048
21250
21289
22049
21251
21290
22050
21252
21291
22051
21253
21292
22052
21254
21293
22053
21255
21294
22054
21256
21295
22055
21257
21296
22056
21258
21297
22057
21259
21298
22058
21260
21299
22059
21261
21300
22060
21262
21301
22061
21263
21302
22062
21264
21303
22063
21265
21304
22064
21266
21305
22065
21267
21306
22066
21268
21307
22067
21269
21308
22068
21270
21309
22069
21271
21310
22070
21272
21311
22071
21273
21312
22072
21274
21313
22073
21275
21314
22074
21276
21315
22075
21277
21316
22076
21278
21317
22077
21279
21318
22078
21319
22079
21281
21320
22080
21282
21321
22081
21283
21322
22082
21284
21323
22083
21285
21324
22084
21286
21325
22085
21287
21326
22086
21288
21327
22087
21289
21328
22088
21290
21329
22089
21291
21330
22090
21292
21331
22091
21293
21332
22092
21294
21333
22093
21295
21334
22094
21296
21335
22095
21297
21336
22096
21298
21337
22097
21299
21338
22098
21300
21339
22099
21301
21340
22100
21302
21341
22101
21303
21342
22102
21304
21343
22103
21305
21344
22104
21306
21345
22105
21307
21346
22106
21308
21347
22107
21309
21348
22108
21310
21349
22109
21311
21350
22110
21312
21351
22111
21313
21352
22112
21314
21353
22113
21315
21354
22114
21316
21355
22115
21317
21356
22116
21318
21357
22117
21319
21358
22118
21359
22119
21321
21360
22120
21322
21361
22121
21323
21362
22122
21324
21363
22123
21325
21364
22124
21326
21365
22125
21327
21366
22126
21328
21367
22127
21329
21368
22128
21330
21369
22129
21331
21370
22130
21332
21371
22131
21333
21372
22132
21334
21373
22133
21335
21374
22134
21336
21375
22135
21337
21376
22136
21338
21377
22137
21339
21378
22138
21340
21379
22139
21341
21380
22140
21342
21381
22141
21343
21382
22142
21344
21383
22143
21345
21384
22144
21346
21385
22145
21347
21386
22146
21348
21387
22147
21349
21388
22148
21350
21389
22149
21351
21390
22150
21352
21391
22151
21353
21392
22152
21354
21393
22153
21355
21394
22154
21356
21395
22155
21357
21396
22156
21358
21397
22157
21359
21398
22158
21399
22159
21361
21400
22160
21362
21401
22161
21363
21402
22162
21364
21403
22163
21365
21404
22164
21366
21405
22165
21367
21406
22166
21368
21407
22167
21369
21408
22168
21370
21409
22169
21371
21410
22170
21372
21411
22171
21373
21412
22172
21374
21413
22173
21375
21414
22174
21376
21415
22175
21377
21416
22176
21378
21417
22177
21379
21418
22178
21380
21419
22179
21381
21420
22180
21382
21421
22181
21383
21422
22182
21384
21423
22183
21385
21424
22184
21386
21425
22185
21387
21426
22186
21388
21427
22187
21389
21428
22188
21390
21429
22189
21391
21430
22190
21392
21431
22191
21393
21432
22192
21394
21433
22193
21395
21434
22194
21396
21435
22195
21397
21436
22196
21398
21437
22197
21399
21438
22198
21439
22199
21401
21440
22200
21402
21441
22201
21403
21442
22202
21404
21443
22203
21405
21444
22204
21406
21445
22205
21407
21446
22206
21408
21447
22207
21409
21448
22208
21410
21449
22209
21411
21450
22210
21412
21451
22211
21413
21452
22212
21414
21453
22213
21415
21454
22214
21416
21455
22215
21417
21456
22216
21418
21457
22217
21419
21458
22218
21420
21459
22219
21421
21460
22220
21422
21461
22221
21423
21462
22222
21424
21463
22223
21425
21464
22224
21426
21465
22225
21427
21466
22226
21428
21467
22227
21429
21468
22228
21430
21469
22229
21431
21470
22230
21432
21471
22231
21433
21472
22232
21434
21473
22233
21435
21474
22234
21436
21475
22235
21437
21476
22236
21438
21477
22237
21439
21478
22238
21479
22239
21441
21480
22240
21442
21481
22241
21443
21482
22242
21444
21483
22243
21445
21484
22244
21446
21485
22245
21447
21486
22246
21448
21487
22247
21449
21488
22248
21450
21489
22249
21451
21490
22250
21452
21491
22251
21453
21492
22252
21454
21493
22253
21455
21494
22254
21456
21495
22255
21457
21496
22256
21458
21497
22257
21459
21498
22258
21460
21499
22259
21461
21500
22260
21462
21501
22261
21463
21502
22262
21464
21503
22263
21465
21504
22264
21466
21505
22265
21467
21506
22266
21468
21507
22267
21469
21508
22268
21470
21509
22269
21471
21510
22270
21472
21511
22271
21473
21512
22272
21474
21513
22273
21475
21514
22274
21476
21515
22275
21477
21516
22276
21478
21517
22277
21479
21518
22278
21519
22279
21481
21520
22280
21482
21521
22281
21483
21522
22282
21484
21523
22283
21485
21524
22284
21486
21525
22285
21487
21526
22286
21488
21527
22287
21489
21528
22288
21490
21529
22289
21491
21530
22290
21492
21531
22291
21493
21532
22292
21494
21533
22293
21495
21534
22294
21496
21535
22295
21497
21536
22296
21498
21537
22297
21499
21538
22298
21500
21539
22299
21501
21540
22300
21502
21541
22301
21503
21542
22302
21504
21543
22303
21505
21544
22304
21506
21545
22305
21507
21546
22306
21508
21547
22307
21509
21548
22308
21510
21549
22309
21511
21550
22310
21512
21551
22311
21513
21552
22312
21514
21553
22313
21515
21554
22314
21516
21555
22315
21517
21556
22316
21518
21557
22317
21519
21558
22318
21559
22319
21521
21560
22320
21522
21561
22321
21523
21562
22322
21524
21563
22323
21525
21564
22324
21526
21565
22325
21527
21566
22326
21528
21567
22327
21529
21568
22328
21530
21569
22329
21531
21570
22330
21532
21571
22331
21533
21572
22332
21534
21573
22333
21535
21574
22334
21536
21575
22335
21537
21576
22336
21538
21577
22337
21539
21578
22338
21540
21579
22339
21541
21580
22340
21542
21581
22341
21543
21582
22342
21544
21583
22343
21545
21584
22344
21546
21585
22345
21547
21586
22346
21548
21587
22347
21549
21588
22348
21550
21589
22349
21551
21590
22350
21552
21591
22351
21553
21592
22352
21554
21593
22353
21555
21594
22354
21556
21595
22355
21557
21596
22356
21558
21597
22357
21559
21598
22358
21599
22359
21561
22360
21562
22361
21563
22362
21564
22363
21565
22364
21566
22365
21567
22366
21568
22367
21569
22368
21570
22369
21571
22370
21572
22371
21573
22372
21574
22373
21575
22374
21576
22375
21577
22376
21578
22377
21579
22378
21580
22379
21581
22380
21582
22381
21583
22382
21584
22383
21585
22384
21586
22385
21587
22386
21588
22387
21589
22388
21590
22389
21591
22390
21592
22391
21593
22392
21594
22393
21595
22394
21596
22395
21597
22396
21598
22397
21599
22398
22399
21601
21640
22400
21602
21641
22401
21603
21642
22402
21604
21643
22403
21605
21644
22404
21606
21645
22405
21607
21646
22406
21608
21647
22407
21609
21648
22408
21610
21649
22409
21611
21650
22410
21612
21651
22411
21613
21652
22412
21614
21653
22413
21615
21654
22414
21616
21655
22415
21617
21656
22416
21618
21657
22417
21619
21658
22418
21620
21659
22419
21621
21660
22420
21622
21661
22421
21623
21662
22422
21624
21663
22423
21625
21664
22424
21626
21665
22425
21627
21666
22426
21628
21667
22427
21629
21668
22428
21630
21669
22429
21631
21670
22430
21632
21671
22431
21633
21672
22432
21634
21673
22433
21635
21674
22434
21636
21675
22435
21637
21676
22436
21638
21677
22437
21639
21678
22438
21679
22439
21641
21680
22440
21642
21681
22441
21643
21682
22442
21644
21683
22443
21645
21684
22444
21646
21685
22445
21647
21686
22446
21648
21687
22447
21649
21688
22448
21650
21689
22449
21651
21690
22450
21652
21691
22451
21653
21692
22452
21654
21693
22453
21655
21694
22454
21656
21695
22455
21657
21696
22456
21658
21697
22457
21659
21698
22458
21660
21699
22459
21661
21700
22460
21662
21701
22461
21663
21702
22462
21664
21703
22463
21665
21704
22464
21666
21705
22465
21667
21706
22466
21668
21707
22467
21669
21708
22468
21670
21709
22469
21671
21710
22470
21672
21711
22471
21673
21712
22472
21674
21713
22473
21675
21714
22474
21676
21715
22475
21677
21716
22476
21678
21717
22477
21679
21718
22478
21719
22479
21681
21720
22480
21682
21721
22481
21683
21722
22482
21684
21723
22483
21685
21724
22484
21686
21725
22485
21687
21726
22486
21688
21727
22487
21689
21728
22488
21690
21729
22489
21691
21730
22490
21692
21731
22491
21693
21732
22492
21694
21733
22493
21695
21734
22494
21696
21735
22495
21697
21736
22496
21698
21737
22497
21699
21738
22498
21700
21739
22499
21701
21740
22500
21702
21741
22501
21703
21742
22502
21704
21743
22503
21705
21744
22504
21706
21745
22505
21707
21746
22506
21708
21747
22507
21709
21748
22508
21710
21749
22509
21711
21750
22510
21712
21751
22511
21713
21752
22512
21714
21753
22513
21715
21754
22514
21716
21755
22515
21717
21756
22516
21718
21757
22517
21719
21758
22518
21759
22519
21721
21760
22520
21722
21761
22521
21723
21762
22522
21724
21763
22523
21725
21764
22524
21726
21765
22525
21727
21766
22526
21728
21767
22527
21729
21768
22528
21730
21769
22529
21731
21770
22530
21732
21771
22531
21733
21772
22532
21734
21773
22533
21735
21774
22534
21736
21775
22535
21737
21776
22536
21738
21777
22537
21739
21778
22538
21740
21779
22539
21741
21780
22540
21742
21781
22541
21743
21782
22542
21744
21783
22543
21745
21784
22544
21746
21785
22545
21747
21786
22546
21748
21787
22547
21749
21788
22548
21750
21789
22549
21751
21790
22550
21752
21791
22551
21753
21792
22552
21754
21793
22553
21755
21794
22554
21756
21795
22555
21757
21796
22556
21758
21797
22557
21759
21798
22558
21799
22559
21761
21800
22560
21762
21801
22561
21763
21802
22562
21764
21803
22563
21765
21804
22564
21766
21805
22565
21767
21806
22566
21768
21807
22567
21769
21808
22568
21770
21809
22569
21771
21810
22570
21772
21811
22571
21773
21812
22572
21774
21813
22573
21775
21814
22574
21776
21815
22575
21777
21816
22576
21778
21817
22577
21779
21818
22578
21780
21819
22579
21781
21820
22580
21782
21821
22581
21783
21822
22582
21784
21823
22583
21785
21824
22584
21786
21825
22585
21787
21826
22586
21788
21827
22587
21789
21828
22588
21790
21829
22589
21791
21830
22590
21792
21831
22591
21793
21832
22592
21794
21833
22593
21795
21834
22594
21796
21835
22595
21797
21836
22596
21798
21837
22597
21799
21838
22598
21839
22599
21801
21840
22600
21802
21841
22601
21803
21842
22602
21804
21843
22603
21805
21844
22604
21806
21845
22605
21807
21846
22606
21808
21847
22607
21809
21848
22608
21810
21849
22609
21811
21850
22610
21812
21851
22611
21813
21852
22612
21814
21853
22613
21815
21854
22614
21816
21855
22615
21817
21856
22616
21818
21857
22617
21819
21858
22618
21820
21859
22619
21821
21860
22620
21822
21861
22621
21823
21862
22622
21824
21863
22623
21825
21864
22624
21826
21865
22625
21827
21866
22626
21828
21867
22627
21829
21868
22628
21830
21869
22629
21831
21870
22630
21832
21871
22631
21833
21872
22632
21834
21873
22633
21835
21874
22634
21836
21875
22635
21837
21876
22636
21838
21877
22637
21839
21878
22638
21879
22639
21841
21880
22640
21842
21881
22641
21843
21882
22642
21844
21883
22643
21845
21884
22644
21846
21885
22645
21847
21886
22646
21848
21887
22647
21849
21888
22648
21850
21889
22649
21851
21890
22650
21852
21891
22651
21853
21892
22652
21854
21893
22653
21855
21894
22654
21856
21895
22655
21857
21896
22656
21858
21897
22657
21859
21898
22658
21860
21899
22659
21861
21900
22660
21862
21901
22661
21863
21902
22662
21864
21903
22663
21865
21904
22664
21866
21905
22665
21867
21906
22666
21868
21907
22667
21869
21908
22668
21870
21909
22669
21871
21910
22670
21872
21911
22671
21873
21912
22672
21874
21913
22673
21875
21914
22674
21876
21915
22675
21877
21916
22676
21878
21917
22677
21879
21918
22678
21919
22679
21881
21920
22680
21882
21921
22681
21883
21922
22682
21884
21923
22683
21885
21924
22684
21886
21925
22685
21887
21926
22686
21888
21927
22687
21889
21928
22688
21890
21929
22689
21891
21930
22690
21892
21931
22691
21893
21932
22692
21894
21933
22693
21895
21934
22694
21896
21935
22695
21897
21936
22696
21898
21937
22697
21899
21938
22698
21900
21939
22699
21901
21940
22700
21902
21941
22701
21903
21942
22702
21904
21943
22703
21905
21944
22704
21906
21945
22705
21907
21946
22706
21908
21947
22707
21909
21948
22708
21910
21949
22709
21911
21950
22710
21912
21951
22711
21913
21952
22712
21914
21953
22713
21915
21954
22714
21916
21955
22715
21917
21956
22716
21918
21957
22717
21919
21958
22718
21959
22719
21921
21960
22720
21922
21961
22721
21923
21962
22722
21924
21963
22723
21925
21964
22724
21926
21965
22725
21927
21966
22726
21928
21967
22727
21929
21968
22728
21930
21969
22729
21931
21970
22730
21932
21971
22731
21933
21972
22732
21934
21973
22733
21935
21974
22734
21936
21975
22735
21937
21976
22736
21938
21977
22737
21939
21978
22738
21940
21979
22739
21941
21980
22740
21942
21981
22741
21943
21982
22742
21944
21983
22743
21945
21984
22744
21946
21985
22745
21947
21986
22746
21948
21987
22747
21949
21988
22748
21950
21989
22749
21951
21990
22750
21952
21991
22751
21953
21992
22752
21954
21993
22753
21955
21994
22754
21956
21995
22755
21957
21996
22756
21958
21997
22757
21959
21998
22758
21999
22759
21961
22000
22760
21962
22001
22761
21963
22002
22762
21964
22003
22763
21965
22004
22764
21966
22005
22765
21967
22006
22766
21968
22007
22767
21969
22008
22768
21970
22009
22769
21971
22010
22770
21972
22011
22771
21973
22012
22772
21974
22013
22773
21975
22014
22774
21976
22015
22775
21977
22016
22776
21978
22017
22777
21979
22018
22778
21980
22019
22779
21981
22020
22780
21982
22021
22781
21983
22022
22782
21984
22023
22783
21985
22024
22784
21986
22025
22785
21987
22026
22786
21988
22027
22787
21989
22028
22788
21990
22029
22789
21991
22030
22790
21992
22031
22791
21993
22032
22792
21994
22033
22793
21995
22034
22794
21996
22035
22795
21997
22036
22796
21998
22037
22797
21999
22038
22798
22039
22799
22001
22040
22800
22002
22041
22801
22003
22042
22802
22004
22043
22803
22005
22044
22804
22006
22045
22805
22007
22046
22806
22008
22047
22807
22009
22048
22808
22010
22049
22809
22011
22050
22810
22012
22051
22811
22013
22052
22812
22014
22053
22813
22015
22054
22814
22016
22055
22815
22017
22056
22816
22018
22057
22817
22019
22058
22818
22020
22059
22819
22021
22060
22820
22022
22061
22821
22023
22062
22822
22024
22063
22823
22025
22064
22824
22026
22065
22825
22027
22066
22826
22028
22067
22827
22029
22068
22828
22030
22069
22829
22031
22070
22830
22032
22071
22831
22033
22072
22832
22034
22073
22833
22035
22074
22834
22036
22075
22835
22037
22076
22836
22038
22077
22837
22039
22078
22838
22079
22839
22041
22080
22840
22042
22081
22841
22043
22082
22842
22044
22083
22843
22045
22084
22844
22046
22085
22845
22047
22086
22846
22048
22087
22847
22049
22088
22848
22050
22089
22849
22051
22090
22850
22052
22091
22851
22053
22092
22852
22054
22093
22853
22055
22094
22854
22056
22095
22855
22057
22096
22856
22058
22097
22857
22059
22098
22858
22060
22099
22859
22061
22100
22860
22062
22101
22861
22063
22102
22862
22064
22103
22863
22065
22104
22864
22066
22105
22865
22067
22106
22866
22068
22107
22867
22069
22108
22868
22070
22109
22869
22071
22110
22870
22072
22111
22871
22073
22112
22872
22074
22113
22873
22075
22114
22874
22076
22115
22875
22077
22116
22876
22078
22117
22877
22079
22118
22878
22119
22879
22081
22120
22880
22082
22121
22881
22083
22122
22882
22084
22123
22883
22085
22124
22884
22086
22125
22885
22087
22126
22886
22088
22127
22887
22089
22128
22888
22090
22129
22889
22091
22130
22890
22092
22131
22891
22093
22132
22892
22094
22133
22893
22095
22134
22894
22096
22135
22895
22097
22136
22896
22098
22137
22897
22099
22138
22898
22100
22139
22899
22101
22140
22900
22102
22141
22901
22103
22142
22902
22104
22143
22903
22105
22144
22904
22106
22145
22905
22107
22146
22906
22108
22147
22907
22109
22148
22908
22110
22149
22909
22111
22150
22910
22112
22151
22911
22113
22152
22912
22114
22153
22913
22115
22154
22914
22116
22155
22915
22117
22156
22916
22118
22157
22917
22119
22158
22918
22159
22919
22121
22160
22920
22122
22161
22921
22123
22162
22922
22124
22163
22923
22125
22164
22924
22126
22165
22925
22127
22166
22926
22128
22167
22927
22129
22168
22928
22130
22169
22929
22131
22170
22930
22132
22171
22931
22133
22172
22932
22134
22173
22933
22135
22174
22934
22136
22175
22935
22137
22176
22936
22138
22177
22937
22139
22178
22938
22140
22179
22939
22141
22180
22940
22142
22181
22941
22143
22182
22942
22144
22183
22943
22145
22184
22944
22146
22185
22945
22147
22186
22946
22148
22187
22947
22149
22188
22948
22150
22189
22949
22151
22190
22950
22152
22191
22951
22153
22192
22952
22154
22193
22953
22155
22194
22954
22156
22195
22955
22157
22196
22956
22158
22197
22957
22159
22198
22958
22199
22959
22161
22200
22960
22162
22201
22961
22163
22202
22962
22164
22203
22963
22165
22204
22964
22166
22205
22965
22167
22206
22966
22168
22207
22967
22169
22208
22968
22170
22209
22969
22171
22210
22970
22172
22211
22971
22173
22212
22972
22174
22213
22973
22175
22214
22974
22176
22215
22975
22177
22216
22976
22178
22217
22977
22179
22218
22978
22180
22219
22979
22181
22220
22980
22182
22221
22981
22183
22222
22982
22184
22223
22983
22185
22224
22984
22186
22225
22985
22187
22226
22986
22188
22227
22987
22189
22228
22988
22190
22229
22989
22191
22230
22990
22192
22231
22991
22193
22232
22992
22194
22233
22993
22195
22234
22994
22196
22235
22995
22197
22236
22996
22198
22237
22997
22199
22238
22998
22239
22999
22201
22240
23000
22202
22241
23001
22203
22242
23002
22204
22243
23003
22205
22244
23004
22206
22245
23005
22207
22246
23006
22208
22247
23007
22209
22248
23008
22210
22249
23009
22211
22250
23010
22212
22251
23011
22213
22252
23012
22214
22253
23013
22215
22254
23014
22216
22255
23015
22217
22256
23016
22218
22257
23017
22219
22258
23018
22220
22259
23019
22221
22260
23020
22222
22261
23021
22223
22262
23022
22224
22263
23023
22225
22264
23024
22226
22265
23025
22227
22266
23026
22228
22267
23027
22229
22268
23028
22230
22269
23029
22231
22270
23030
22232
22271
23031
22233
22272
23032
22234
22273
23033
22235
22274
23034
22236
22275
23035
22237
22276
23036
22238
22277
23037
22239
22278
23038
22279
23039
22241
22280
23040
22242
22281
23041
22243
22282
23042
22244
22283
23043
22245
22284
23044
22246
22285
23045
22247
22286
23046
22248
22287
23047
22249
22288
23048
22250
22289
23049
22251
22290
23050
22252
22291
23051
22253
22292
23052
22254
22293
23053
22255
22294
23054
22256
22295
23055
22257
22296
23056
22258
22297
23057
22259
22298
23058
22260
22299
23059
22261
22300
23060
22262
22301
23061
22263
22302
23062
22264
22303
23063
22265
22304
23064
22266
22305
23065
22267
22306
23066
22268
22307
23067
22269
22308
23068
22270
22309
23069
22271
22310
23070
22272
22311
23071
22273
22312
23072
22274
22313
23073
22275
22314
23074
22276
22315
23075
22277
22316
23076
22278
22317
23077
22279
22318
23078
22319
23079
22281
22320
23080
22282
22321
23081
22283
22322
23082
22284
22323
23083
22285
22324
23084
22286
22325
23085
22287
22326
23086
22288
22327
23087
22289
22328
23088
22290
22329
23089
22291
22330
23090
22292
22331
23091
22293
22332
23092
22294
22333
23093
22295
22334
23094
22296
22335
23095
22297
22336
23096
22298
22337
23097
22299
22338
23098
22300
22339
23099
22301
22340
23100
22302
22341
23101
22303
22342
23102
22304
22343
23103
22305
22344
23104
22306
22345
23105
22307
22346
23106
22308
22347
23107
22309
22348
23108
22310
22349
23109
22311
22350
23110
22312
22351
23111
22313
22352
23112
22314
22353
23113
22315
22354
23114
22316
22355
23115
22317
22356
23116
22318
22357
23117
22319
22358
23118
22359
23119
22321
22360
23120
22322
22361
23121
22323
22362
23122
22324
22363
23123
22325
22364
23124
22326
22365
23125
22327
22366
23126
22328
22367
23127
22329
22368
23128
22330
22369
23129
22331
22370
23130
22332
22371
23131
22333
22372
23132
22334
22373
23133
22335
22374
23134
22336
22375
23135
22337
22376
23136
22338
22377
23137
22339
22378
23138
22340
22379
23139
22341
22380
23140
22342
22381
23141
22343
22382
23142
22344
22383
23143
22345
22384
23144
22346
22385
23145
22347
22386
23146
22348
22387
23147
22349
22388
23148
22350
22389
23149
22351
22390
23150
22352
22391
23151
22353
22392
23152
22354
22393
23153
22355
22394
23154
22356
22395
23155
22357
22396
23156
22358
22397
23157
22359
22398
23158
22399
23159
22361
23160
22362
23161
22363
23162
22364
23163
22365
23164
22366
23165
22367
23166
22368
23167
22369
23168
22370
23169
22371
23170
22372
23171
22373
23172
22374
23173
22375
23174
22376
23175
22377
23176
22378
23177
22379
23178
22380
23179
22381
23180
22382
23181
22383
23182
22384
23183
22385
23184
22386
23185
22387
23186
22388
23187
22389
23188
22390
23189
22391
23190
22392
23191
22393
23192
22394
23193
22395
23194
22396
23195
22397
23196
22398
23197
22399
23198
23199
22401
22440
23200
22402
22441
23201
22403
22442
23202
22404
22443
23203
22405
22444
23204
22406
22445
23205
22407
22446
23206
22408
22447
23207
22409
22448
23208
22410
22449
23209
22411
22450
23210
22412
22451
23211
22413
22452
23212
22414
22453
23213
22415
22454
23214
22416
22455
23215
22417
22456
23216
22418
22457
23217
22419
22458
23218
22420
22459
23219
22421
22460
23220
22422
22461
23221
22423
22462
23222
22424
22463
23223
22425
22464
23224
22426
22465
23225
22427
22466
23226
22428
22467
23227
22429
22468
23228
22430
22469
23229
22431
22470
23230
22432
22471
23231
22433
22472
23232
22434
22473
23233
22435
22474
23234
22436
22475
23235
22437
22476
23236
22438
22477
23237
22439
22478
23238
22479
23239
22441
22480
23240
22442
22481
23241
22443
22482
23242
22444
22483
23243
22445
22484
23244
22446
22485
23245
22447
22486
23246
22448
22487
23247
22449
22488
23248
22450
22489
23249
22451
22490
23250
22452
22491
23251
22453
22492
23252
22454
22493
23253
22455
22494
23254
22456
22495
23255
22457
22496
23256
22458
22497
23257
22459
22498
23258
22460
22499
23259
22461
22500
23260
22462
22501
23261
22463
22502
23262
22464
22503
23263
22465
22504
23264
22466
22505
23265
22467
22506
23266
22468
22507
23267
22469
22508
23268
22470
22509
23269
22471
22510
23270
22472
22511
23271
22473
22512
23272
22474
22513
23273
22475
22514
23274
22476
22515
23275
22477
22516
23276
22478
22517
23277
22479
22518
23278
22519
23279
22481
22520
23280
22482
22521
23281
22483
22522
23282
22484
22523
23283
22485
22524
23284
22486
22525
23285
22487
22526
23286
22488
22527
23287
22489
22528
23288
22490
22529
23289
22491
22530
23290
22492
22531
23291
22493
22532
23292
22494
22533
23293
22495
22534
23294
22496
22535
23295
22497
22536
23296
22498
22537
23297
22499
22538
23298
22500
22539
23299
22501
22540
23300
22502
22541
23301
22503
22542
23302
22504
22543
23303
22505
22544
23304
22506
22545
23305
22507
22546
23306
22508
22547
23307
22509
22548
23308
22510
22549
23309
22511
22550
23310
22512
22551
23311
22513
22552
23312
22514
22553
23313
22515
22554
23314
22516
22555
23315
22517
22556
23316
22518
22557
23317
22519
22558
23318
22559
23319
22521
22560
23320
22522
22561
23321
22523
22562
23322
22524
22563
23323
22525
22564
23324
22526
22565
23325
22527
22566
23326
22528
22567
23327
22529
22568
23328
22530
22569
23329
22531
22570
23330
22532
22571
23331
22533
22572
23332
22534
22573
23333
22535
22574
23334
22536
22575
23335
22537
22576
23336
22538
22577
23337
22539
22578
23338
22540
22579
23339
22541
22580
23340
22542
22581
23341
22543
22582
23342
22544
22583
23343
22545
22584
23344
22546
22585
23345
22547
22586
23346
22548
22587
23347
22549
22588
23348
22550
22589
23349
22551
22590
23350
22552
22591
23351
22553
22592
23352
22554
22593
23353
22555
22594
23354
22556
22595
23355
22557
22596
23356
22558
22597
23357
22559
22598
23358
22599
23359
22561
22600
23360
22562
22601
23361
22563
22602
23362
22564
22603
23363
22565
22604
23364
22566
22605
23365
22567
22606
23366
22568
22607
23367
22569
22608
23368
22570
22609
23369
22571
22610
23370
22572
22611
23371
22573
22612
23372
22574
22613
23373
22575
22614
23374
22576
22615
23375
22577
22616
23376
22578
22617
23377
22579
22618
23378
22580
22619
23379
22581
22620
23380
22582
22621
23381
22583
22622
23382
22584
22623
23383
22585
22624
23384
22586
22625
23385
22587
22626
23386
22588
22627
23387
22589
22628
23388
22590
22629
23389
22591
22630
23390
22592
22631
23391
22593
22632
23392
22594
22633
23393
22595
22634
23394
22596
22635
23395
22597
22636
23396
22598
22637
23397
22599
22638
23398
22639
23399
22601
22640
23400
22602
22641
23401
22603
22642
23402
22604
22643
23403
22605
22644
23404
22606
22645
23405
22607
22646
23406
22608
22647
23407
22609
22648
23408
22610
22649
23409
22611
22650
23410
22612
22651
23411
22613
22652
23412
22614
22653
23413
22615
22654
23414
22616
22655
23415
22617
22656
23416
22618
22657
23417
22619
22658
23418
22620
22659
23419
22621
22660
23420
22622
22661
23421
22623
22662
23422
22624
22663
23423
22625
22664
23424
22626
22665
23425
22627
22666
23426
22628
22667
23427
22629
22668
23428
22630
22669
23429
22631
22670
23430
22632
22671
23431
22633
22672
23432
22634
22673
23433
22635
22674
23434
22636
22675
23435
22637
22676
23436
22638
22677
23437
22639
22678
23438
22679
23439
22641
22680
23440
22642
22681
23441
22643
22682
23442
22644
22683
23443
22645
22684
23444
22646
22685
23445
22647
22686
23446
22648
22687
23447
22649
22688
23448
22650
22689
23449
22651
22690
23450
22652
22691
23451
22653
22692
23452
22654
22693
23453
22655
22694
23454
22656
22695
23455
22657
22696
23456
22658
22697
23457
22659
22698
23458
22660
22699
23459
22661
22700
23460
22662
22701
23461
22663
22702
23462
22664
22703
23463
22665
22704
23464
22666
22705
23465
22667
22706
23466
22668
22707
23467
22669
22708
23468
22670
22709
23469
22671
22710
23470
22672
22711
23471
22673
22712
23472
22674
22713
23473
22675
22714
23474
22676
22715
23475
22677
22716
23476
22678
22717
23477
22679
22718
23478
22719
23479
22681
22720
23480
22682
22721
23481
22683
22722
23482
22684
22723
23483
22685
22724
23484
22686
22725
23485
22687
22726
23486
22688
22727
23487
22689
22728
23488
22690
22729
23489
22691
22730
23490
22692
22731
23491
22693
22732
23492
22694
22733
23493
22695
22734
23494
22696
22735
23495
22697
22736
23496
22698
22737
23497
22699
22738
23498
22700
22739
23499
22701
22740
23500
22702
22741
23501
22703
22742
23502
22704
22743
23503
22705
22744
23504
22706
22745
23505
22707
22746
23506
22708
22747
23507
22709
22748
23508
22710
22749
23509
22711
22750
23510
22712
22751
23511
22713
22752
23512
22714
22753
23513
22715
22754
23514
22716
22755
23515
22717
22756
23516
22718
22757
23517
22719
22758
23518
22759
23519
22721
22760
23520
22722
22761
23521
22723
22762
23522
22724
22763
23523
22725
22764
23524
22726
22765
23525
22727
22766
23526
22728
22767
23527
22729
22768
23528
22730
22769
23529
22731
22770
23530
22732
22771
23531
22733
22772
23532
22734
22773
23533
22735
22774
23534
22736
22775
23535
22737
22776
23536
22738
22777
23537
22739
22778
23538
22740
22779
23539
22741
22780
23540
22742
22781
23541
22743
22782
23542
22744
22783
23543
22745
22784
23544
22746
22785
23545
22747
22786
23546
22748
22787
23547
22749
22788
23548
22750
22789
23549
22751
22790
23550
22752
22791
23551
22753
22792
23552
22754
22793
23553
22755
22794
23554
22756
22795
23555
22757
22796
23556
22758
22797
23557
22759
22798
23558
22799
23559
22761
22800
23560
22762
22801
23561
22763
22802
23562
22764
22803
23563
22765
22804
23564
22766
22805
23565
22767
22806
23566
22768
22807
23567
22769
22808
23568
22770
22809
23569
22771
22810
23570
22772
22811
23571
22773
22812
23572
22774
22813
23573
22775
22814
23574
22776
22815
23575
22777
22816
23576
22778
22817
23577
22779
22818
23578
22780
22819
23579
22781
22820
23580
22782
22821
23581
22783
22822
23582
22784
22823
23583
22785
22824
23584
22786
22825
23585
22787
22826
23586
22788
22827
23587
22789
22828
23588
22790
22829
23589
22791
22830
23590
22792
22831
23591
22793
22832
23592
22794
22833
23593
22795
22834
23594
22796
22835
23595
22797
22836
23596
22798
22837
23597
22799
22838
23598
22839
23599
22801
22840
23600
22802
22841
23601
22803
22842
23602
22804
22843
23603
22805
22844
23604
22806
22845
23605
22807
22846
23606
22808
22847
23607
22809
22848
23608
22810
22849
23609
22811
22850
23610
22812
22851
23611
22813
22852
23612
22814
22853
23613
22815
22854
23614
22816
22855
23615
22817
22856
23616
22818
22857
23617
22819
22858
23618
22820
22859
23619
22821
22860
23620
22822
22861
23621
22823
22862
23622
22824
22863
23623
22825
22864
23624
22826
22865
23625
22827
22866
23626
22828
22867
23627
22829
22868
23628
22830
22869
23629
22831
22870
23630
22832
22871
23631
22833
22872
23632
22834
22873
23633
22835
22874
23634
22836
22875
23635
22837
22876
23636
22838
22877
23637
22839
22878
23638
22879
23639
22841
22880
23640
22842
22881
23641
22843
22882
23642
22844
22883
23643
22845
22884
23644
22846
22885
23645
22847
22886
23646
22848
22887
23647
22849
22888
23648
22850
22889
23649
22851
22890
23650
22852
22891
23651
22853
22892
23652
22854
22893
23653
22855
22894
23654
22856
22895
23655
22857
22896
23656
22858
22897
23657
22859
22898
23658
22860
22899
23659
22861
22900
23660
22862
22901
23661
22863
22902
23662
22864
22903
23663
22865
22904
23664
22866
22905
23665
22867
22906
23666
22868
22907
23667
22869
22908
23668
22870
22909
23669
22871
22910
23670
22872
22911
23671
22873
22912
23672
22874
22913
23673
22875
22914
23674
22876
22915
23675
22877
22916
23676
22878
22917
23677
22879
22918
23678
22919
23679
22881
22920
23680
22882
22921
23681
22883
22922
23682
22884
22923
23683
22885
22924
23684
22886
22925
23685
22887
22926
23686
22888
22927
23687
22889
22928
23688
22890
22929
23689
22891
22930
23690
22892
22931
23691
22893
22932
23692
22894
22933
23693
22895
22934
23694
22896
22935
23695
22897
22936
23696
22898
22937
23697
22899
22938
23698
22900
22939
23699
22901
22940
23700
22902
22941
23701
22903
22942
23702
22904
22943
23703
22905
22944
23704
22906
22945
23705
22907
22946
23706
22908
22947
23707
22909
22948
23708
22910
22949
23709
22911
22950
23710
22912
22951
23711
22913
22952
23712
22914
22953
23713
22915
22954
23714
22916
22955
23715
22917
22956
23716
22918
22957
23717
22919
22958
23718
22959
23719
22921
22960
23720
22922
22961
23721
22923
22962
23722
22924
22963
23723
22925
22964
23724
22926
22965
23725
22927
22966
23726
22928
22967
23727
22929
22968
23728
22930
22969
23729
22931
22970
23730
22932
22971
23731
22933
22972
23732
22934
22973
23733
22935
22974
23734
22936
22975
23735
22937
22976
23736
22938
22977
23737
22939
22978
23738
22940
22979
23739
22941
22980
23740
22942
22981
23741
22943
22982
23742
22944
22983
23743
22945
22984
23744
22946
22985
23745
22947
22986
23746
22948
22987
23747
22949
22988
23748
22950
22989
23749
22951
22990
23750
22952
22991
23751
22953
22992
23752
22954
22993
23753
22955
22994
23754
22956
22995
23755
22957
22996
23756
22958
22997
23757
22959
22998
23758
22999
23759
22961
23000
23760
22962
23001
23761
22963
23002
23762
22964
23003
23763
22965
23004
23764
22966
23005
23765
22967
23006
23766
22968
23007
23767
22969
23008
23768
22970
23009
23769
22971
23010
23770
22972
23011
23771
22973
23012
23772
22974
23013
23773
22975
23014
23774
22976
23015
23775
22977
23016
23776
22978
23017
23777
22979
23018
23778
22980
23019
23779
22981
23020
23780
22982
23021
23781
22983
23022
23782
22984
23023
23783
22985
23024
23784
22986
23025
23785
22987
23026
23786
22988
23027
23787
22989
23028
23788
22990
23029
23789
22991
23030
23790
22992
23031
23791
22993
23032
23792
22994
23033
23793
22995
23034
23794
22996
23035
23795
22997
23036
23796
22998
23037
23797
22999
23038
23798
23039
23799
23001
23040
23800
23002
23041
23801
23003
23042
23802
23004
23043
23803
23005
23044
23804
23006
23045
23805
23007
23046
23806
23008
23047
23807
23009
23048
23808
23010
23049
23809
23011
23050
23810
23012
23051
23811
23013
23052
23812
23014
23053
23813
23015
23054
23814
23016
23055
23815
23017
23056
23816
23018
23057
23817
23019
23058
23818
23020
23059
23819
23021
23060
23820
23022
23061
23821
23023
23062
23822
23024
23063
23823
23025
23064
23824
23026
23065
23825
23027
23066
23826
23028
23067
23827
23029
23068
23828
23030
23069
23829
23031
23070
23830
23032
23071
23831
23033
23072
23832
23034
23073
23833
23035
23074
23834
23036
23075
23835
23037
23076
23836
23038
23077
23837
23039
23078
23838
23079
23839
23041
23080
23840
23042
23081
23841
23043
23082
23842
23044
23083
23843
23045
23084
23844
23046
23085
23845
23047
23086
23846
23048
23087
23847
23049
23088
23848
23050
23089
23849
23051
23090
23850
23052
23091
23851
23053
23092
23852
23054
23093
23853
23055
23094
23854
23056
23095
23855
23057
23096
23856
23058
23097
23857
23059
23098
23858
23060
23099
23859
23061
23100
23860
23062
23101
23861
23063
23102
23862
23064
23103
23863
23065
23104
23864
23066
23105
23865
23067
23106
23866
23068
23107
23867
23069
23108
23868
23070
23109
23869
23071
23110
23870
23072
23111
23871
23073
23112
23872
23074
23113
23873
23075
23114
23874
23076
23115
23875
23077
23116
23876
23078
23117
23877
23079
23118
23878
23119
23879
23081
23120
23880
23082
23121
23881
23083
23122
23882
23084
23123
23883
23085
23124
23884
23086
23125
23885
23087
23126
23886
23088
23127
23887
23089
23128
23888
23090
23129
23889
23091
23130
23890
23092
23131
23891
23093
23132
23892
23094
23133
23893
23095
23134
23894
23096
23135
23895
23097
23136
23896
23098
23137
23897
23099
23138
23898
23100
23139
23899
23101
23140
23900
23102
23141
23901
23103
23142
23902
23104
23143
23903
23105
23144
23904
23106
23145
23905
23107
23146
23906
23108
23147
23907
23109
23148
23908
23110
23149
23909
23111
23150
23910
23112
23151
23911
23113
23152
23912
23114
23153
23913
23115
23154
23914
23116
23155
23915
23117
23156
23916
23118
23157
23917
23119
23158
23918
23159
23919
23121
23160
23920
23122
23161
23921
23123
23162
23922
23124
23163
23923
23125
23164
23924
23126
23165
23925
23127
23166
23926
23128
23167
23927
23129
23168
23928
23130
23169
23929
23131
23170
23930
23132
23171
23931
23133
23172
23932
23134
23173
23933
23135
23174
23934
23136
23175
23935
23137
23176
23936
23138
23177
23937
23139
23178
23938
23140
23179
23939
23141
23180
23940
23142
23181
23941
23143
23182
23942
23144
23183
23943
23145
23184
23944
23146
23185
23945
23147
23186
23946
23148
23187
23947
23149
23188
23948
23150
23189
23949
23151
23190
23950
23152
23191
23951
23153
23192
23952
23154
23193
23953
23155
23194
23954
23156
23195
23955
23157
23196
23956
23158
23197
23957
23159
23198
23958
23199
23959
23161
23960
23162
23961
23163
23962
23164
23963
23165
23964
23166
23965
23167
23966
23168
23967
23169
23968
23170
23969
23171
23970
23172
23971
23173
23972
23174
23973
23175
23974
23176
23975
23177
23976
23178
23977
23179
23978
23180
23979
23181
23980
23182
23981
23183
23982
23184
23983
23185
23984
23186
23985
23187
23986
23188
23987
23189
23988
23190
23989
23191
23990
23192
23991
23193
23992
23194
23993
23195
23994
23196
23995
23197
23996
23198
23997
23199
23998
23999
23201
23240
24000
23202
23241
24001
23203
23242
24002
23204
23243
24003
23205
23244
24004
23206
23245
24005
23207
23246
24006
23208
23247
24007
23209
23248
24008
23210
23249
24009
23211
23250
24010
23212
23251
24011
23213
23252
24012
23214
23253
24013
23215
23254
24014
23216
23255
24015
23217
23256
24016
23218
23257
24017
23219
23258
24018
23220
23259
24019
23221
23260
24020
23222
23261
24021
23223
23262
24022
23224
23263
24023
23225
23264
24024
23226
23265
24025
23227
23266
24026
23228
23267
24027
23229
23268
24028
23230
23269
24029
23231
23270
24030
23232
23271
24031
23233
23272
24032
23234
23273
24033
23235
23274
24034
23236
23275
24035
23237
23276
24036
23238
23277
24037
23239
23278
24038
23279
24039
23241
23280
24040
23242
23281
24041
23243
23282
24042
23244
23283
24043
23245
23284
24044
23246
23285
24045
23247
23286
24046
23248
23287
24047
23249
23288
24048
23250
23289
24049
23251
23290
24050
23252
23291
24051
23253
23292
24052
23254
23293
24053
23255
23294
24054
23256
23295
24055
23257
23296
24056
23258
23297
24057
23259
23298
24058
23260
23299
24059
23261
23300
24060
23262
23301
24061
23263
23302
24062
23264
23303
24063
23265
23304
24064
23266
23305
24065
23267
23306
24066
23268
23307
24067
23269
23308
24068
23270
23309
24069
23271
23310
24070
23272
23311
24071
23273
23312
24072
23274
23313
24073
23275
23314
24074
23276
23315
24075
23277
23316
24076
23278
23317
24077
23279
23318
24078
23319
24079
23281
23320
24080
23282
23321
24081
23283
23322
24082
23284
23323
24083
23285
23324
24084
23286
23325
24085
23287
23326
24086
23288
23327
24087
23289
23328
24088
23290
23329
24089
23291
23330
24090
23292
23331
24091
23293
23332
24092
23294
23333
24093
23295
23334
24094
23296
23335
24095
23297
23336
24096
23298
23337
24097
23299
23338
24098
23300
23339
24099
23301
23340
24100
23302
23341
24101
23303
23342
24102
23304
23343
24103
23305
23344
24104
23306
23345
24105
23307
23346
24106
23308
23347
24107
23309
23348
24108
23310
23349
24109
23311
23350
24110
23312
23351
24111
23313
23352
24112
23314
23353
24113
23315
23354
24114
23316
23355
24115
23317
23356
24116
23318
23357
24117
23319
23358
24118
23359
24119
23321
23360
24120
23322
23361
24121
23323
23362
24122
23324
23363
24123
23325
23364
24124
23326
23365
24125
23327
23366
24126
23328
23367
24127
23329
23368
24128
23330
23369
24129
23331
23370
24130
23332
23371
24131
23333
23372
24132
23334
23373
24133
23335
23374
24134
23336
23375
24135
23337
23376
24136
23338
23377
24137
23339
23378
24138
23340
23379
24139
23341
23380
24140
23342
23381
24141
23343
23382
24142
23344
23383
24143
23345
23384
24144
23346
23385
24145
23347
23386
24146
23348
23387
24147
23349
23388
24148
23350
23389
24149
23351
23390
24150
23352
23391
24151
23353
23392
24152
23354
23393
24153
23355
23394
24154
23356
23395
24155
23357
23396
24156
23358
23397
24157
23359
23398
24158
23399
24159
23361
23400
24160
23362
23401
24161
23363
23402
24162
23364
23403
24163
23365
23404
24164
23366
23405
24165
23367
23406
24166
23368
23407
24167
23369
23408
24168
23370
23409
24169
23371
23410
24170
23372
23411
24171
23373
23412
24172
23374
23413
24173
23375
23414
24174
23376
23415
24175
23377
23416
24176
23378
23417
24177
23379
23418
24178
23380
23419
24179
23381
23420
24180
23382
23421
24181
23383
23422
24182
23384
23423
24183
23385
23424
24184
23386
23425
24185
23387
23426
24186
23388
23427
24187
23389
23428
24188
23390
23429
24189
23391
23430
24190
23392
23431
24191
23393
23432
24192
23394
23433
24193
23395
23434
24194
23396
23435
24195
23397
23436
24196
23398
23437
24197
23399
23438
24198
23439
24199
23401
23440
24200
23402
23441
24201
23403
23442
24202
23404
23443
24203
23405
23444
24204
23406
23445
24205
23407
23446
24206
23408
23447
24207
23409
23448
24208
23410
23449
24209
23411
23450
24210
23412
23451
24211
23413
23452
24212
23414
23453
24213
23415
23454
24214
23416
23455
24215
23417
23456
24216
23418
23457
24217
23419
23458
24218
23420
23459
24219
23421
23460
24220
23422
23461
24221
23423
23462
24222
23424
23463
24223
23425
23464
24224
23426
23465
24225
23427
23466
24226
23428
23467
24227
23429
23468
24228
23430
23469
24229
23431
23470
24230
23432
23471
24231
23433
23472
24232
23434
23473
24233
23435
23474
24234
23436
23475
24235
23437
23476
24236
23438
23477
24237
23439
23478
24238
23479
24239
23441
23480
24240
23442
23481
24241
23443
23482
24242
23444
23483
24243
23445
23484
24244
23446
23485
24245
23447
23486
24246
23448
23487
24247
23449
23488
24248
23450
23489
24249
23451
23490
24250
23452
23491
24251
23453
23492
24252
23454
23493
24253
23455
23494
24254
23456
23495
24255
23457
23496
24256
23458
23497
24257
23459
23498
24258
23460
23499
24259
23461
23500
24260
23462
23501
24261
23463
23502
24262
23464
23503
24263
23465
23504
24264
23466
23505
24265
23467
23506
24266
23468
23507
24267
23469
23508
24268
23470
23509
24269
23471
23510
24270
23472
23511
24271
23473
23512
24272
23474
23513
24273
23475
23514
24274
23476
23515
24275
23477
23516
24276
23478
23517
24277
23479
23518
24278
23519
24279
23481
23520
24280
23482
23521
24281
23483
23522
24282
23484
23523
24283
23485
23524
24284
23486
23525
24285
23487
23526
24286
23488
23527
24287
23489
23528
24288
23490
23529
24289
23491
23530
24290
23492
23531
24291
23493
23532
24292
23494
23533
24293
23495
23534
24294
23496
23535
24295
23497
23536
24296
23498
23537
24297
23499
23538
24298
23500
23539
24299
23501
23540
24300
23502
23541
24301
23503
23542
24302
23504
23543
24303
23505
23544
24304
23506
23545
24305
23507
23546
24306
23508
23547
24307
23509
23548
24308
23510
23549
24309
23511
23550
24310
23512
23551
24311
23513
23552
24312
23514
23553
24313
23515
23554
24314
23516
23555
24315
23517
23556
24316
23518
23557
24317
23519
23558
24318
23559
24319
23521
23560
24320
23522
23561
24321
23523
23562
24322
23524
23563
24323
23525
23564
24324
23526
23565
24325
23527
23566
24326
23528
23567
24327
23529
23568
24328
23530
23569
24329
23531
23570
24330
23532
23571
24331
23533
23572
24332
23534
23573
24333
23535
23574
24334
23536
23575
24335
23537
23576
24336
23538
23577
24337
23539
23578
24338
23540
23579
24339
23541
23580
24340
23542
23581
24341
23543
23582
24342
23544
23583
24343
23545
23584
24344
23546
23585
24345
23547
23586
24346
23548
23587
24347
23549
23588
24348
23550
23589
24349
23551
23590
24350
23552
23591
24351
23553
23592
24352
23554
23593
24353
23555
23594
24354
23556
23595
24355
23557
23596
24356
23558
23597
24357
23559
23598
24358
23599
24359
23561
23600
24360
23562
23601
24361
23563
23602
24362
23564
23603
24363
23565
23604
24364
23566
23605
24365
23567
23606
24366
23568
23607
24367
23569
23608
24368
23570
23609
24369
23571
23610
24370
23572
23611
24371
23573
23612
24372
23574
23613
24373
23575
23614
24374
23576
23615
24375
23577
23616
24376
23578
23617
24377
23579
23618
24378
23580
23619
24379
23581
23620
24380
23582
23621
24381
23583
23622
24382
23584
23623
24383
23585
23624
24384
23586
23625
24385
23587
23626
24386
23588
23627
24387
23589
23628
24388
23590
23629
24389
23591
23630
24390
23592
23631
24391
23593
23632
24392
23594
23633
24393
23595
23634
24394
23596
23635
24395
23597
23636
24396
23598
23637
24397
23599
23638
24398
23639
24399
23601
23640
24400
23602
23641
24401
23603
23642
24402
23604
23643
24403
23605
23644
24404
23606
23645
24405
23607
23646
24406
23608
23647
24407
23609
23648
24408
23610
23649
24409
23611
23650
24410
23612
23651
24411
23613
23652
24412
23614
23653
24413
23615
23654
24414
23616
23655
24415
23617
23656
24416
23618
23657
24417
23619
23658
24418
23620
23659
24419
23621
23660
24420
23622
23661
24421
23623
23662
24422
23624
23663
24423
23625
23664
24424
23626
23665
24425
23627
23666
24426
23628
23667
24427
23629
23668
24428
23630
23669
24429
23631
23670
24430
23632
23671
24431
23633
23672
24432
23634
23673
24433
23635
23674
24434
23636
23675
24435
23637
23676
24436
23638
23677
24437
23639
23678
24438
23679
24439
23641
23680
24440
23642
23681
24441
23643
23682
24442
23644
23683
24443
23645
23684
24444
23646
23685
24445
23647
23686
24446
23648
23687
24447
23649
23688
24448
23650
23689
24449
23651
23690
24450
23652
23691
24451
23653
23692
24452
23654
23693
24453
23655
23694
24454
23656
23695
24455
23657
23696
24456
23658
23697
24457
23659
23698
24458
23660
23699
24459
23661
23700
24460
23662
23701
24461
23663
23702
24462
23664
23703
24463
23665
23704
24464
23666
23705
24465
23667
23706
24466
23668
23707
24467
23669
23708
24468
23670
23709
24469
23671
23710
24470
23672
23711
24471
23673
23712
24472
23674
23713
24473
23675
23714
24474
23676
23715
24475
23677
23716
24476
23678
23717
24477
23679
23718
24478
23719
24479
23681
23720
24480
23682
23721
24481
23683
23722
24482
23684
23723
24483
23685
23724
24484
23686
23725
24485
23687
23726
24486
23688
23727
24487
23689
23728
24488
23690
23729
24489
23691
23730
24490
23692
23731
24491
23693
23732
24492
23694
23733
24493
23695
23734
24494
23696
23735
24495
23697
23736
24496
23698
23737
24497
23699
23738
24498
23700
23739
24499
23701
23740
24500
23702
23741
24501
23703
23742
24502
23704
23743
24503
23705
23744
24504
23706
23745
24505
23707
23746
24506
23708
23747
24507
23709
23748
24508
23710
23749
24509
23711
23750
24510
23712
23751
24511
23713
23752
24512
23714
23753
24513
23715
23754
24514
23716
23755
24515
23717
23756
24516
23718
23757
24517
23719
23758
24518
23759
24519
23721
23760
24520
23722
23761
24521
23723
23762
24522
23724
23763
24523
23725
23764
24524
23726
23765
24525
23727
23766
24526
23728
23767
24527
23729
23768
24528
23730
23769
24529
23731
23770
24530
23732
23771
24531
23733
23772
24532
23734
23773
24533
23735
23774
24534
23736
23775
24535
23737
23776
24536
23738
23777
24537
23739
23778
24538
23740
23779
24539
23741
23780
24540
23742
23781
24541
23743
23782
24542
23744
23783
24543
23745
23784
24544
23746
23785
24545
23747
23786
24546
23748
23787
24547
23749
23788
24548
23750
23789
24549
23751
23790
24550
23752
23791
24551
23753
23792
24552
23754
23793
24553
23755
23794
24554
23756
23795
24555
23757
23796
24556
23758
23797
24557
23759
23798
24558
23799
24559
23761
23800
24560
23762
23801
24561
23763
23802
24562
23764
23803
24563
23765
23804
24564
23766
23805
24565
23767
23806
24566
23768
23807
24567
23769
23808
24568
23770
23809
24569
23771
23810
24570
23772
23811
24571
23773
23812
24572
23774
23813
24573
23775
23814
24574
23776
23815
24575
23777
23816
24576
23778
23817
24577
23779
23818
24578
23780
23819
24579
23781
23820
24580
23782
23821
24581
23783
23822
24582
23784
23823
24583
23785
23824
24584
23786
23825
24585
23787
23826
24586
23788
23827
24587
23789
23828
24588
23790
23829
24589
23791
23830
24590
23792
23831
24591
23793
23832
24592
23794
23833
24593
23795
23834
24594
23796
23835
24595
23797
23836
24596
23798
23837
24597
23799
23838
24598
23839
24599
23801
23840
24600
23802
23841
24601
23803
23842
24602
23804
23843
24603
23805
23844
24604
23806
23845
24605
23807
23846
24606
23808
23847
24607
23809
23848
24608
23810
23849
24609
23811
23850
24610
23812
23851
24611
23813
23852
24612
23814
23853
24613
23815
23854
24614
23816
23855
24615
23817
23856
24616
23818
23857
24617
23819
23858
24618
23820
23859
24619
23821
23860
24620
23822
23861
24621
23823
23862
24622
23824
23863
24623
23825
23864
24624
23826
23865
24625
23827
23866
24626
23828
23867
24627
23829
23868
24628
23830
23869
24629
23831
23870
24630
23832
23871
24631
23833
23872
24632
23834
23873
24633
23835
23874
24634
23836
23875
24635
23837
23876
24636
23838
23877
24637
23839
23878
24638
23879
24639
23841
23880
24640
23842
23881
24641
23843
23882
24642
23844
23883
24643
23845
23884
24644
23846
23885
24645
23847
23886
24646
23848
23887
24647
23849
23888
24648
23850
23889
24649
23851
23890
24650
23852
23891
24651
23853
23892
24652
23854
23893
24653
23855
23894
24654
23856
23895
24655
23857
23896
24656
23858
23897
24657
23859
23898
24658
23860
23899
24659
23861
23900
24660
23862
23901
24661
23863
23902
24662
23864
23903
24663
23865
23904
24664
23866
23905
24665
23867
23906
24666
23868
23907
24667
23869
23908
24668
23870
23909
24669
23871
23910
24670
23872
23911
24671
23873
23912
24672
23874
23913
24673
23875
23914
24674
23876
23915
24675
23877
23916
24676
23878
23917
24677
23879
23918
24678
23919
24679
23881
23920
24680
23882
23921
24681
23883
23922
24682
23884
23923
24683
23885
23924
24684
23886
23925
24685
23887
23926
24686
23888
23927
24687
23889
23928
24688
23890
23929
24689
23891
23930
24690
23892
23931
24691
23893
23932
24692
23894
23933
24693
23895
23934
24694
23896
23935
24695
23897
23936
24696
23898
23937
24697
23899
23938
24698
23900
23939
24699
23901
23940
24700
23902
23941
24701
23903
23942
24702
23904
23943
24703
23905
23944
24704
23906
23945
24705
23907
23946
24706
23908
23947
24707
23909
23948
24708
23910
23949
24709
23911
23950
24710
23912
23951
24711
23913
23952
24712
23914
23953
24713
23915
23954
24714
23916
23955
24715
23917
23956
24716
23918
23957
24717
23919
23958
24718
23959
24719
23921
23960
24720
23922
23961
24721
23923
23962
24722
23924
23963
24723
23925
23964
24724
23926
23965
24725
23927
23966
24726
23928
23967
24727
23929
23968
24728
23930
23969
24729
23931
23970
24730
23932
23971
24731
23933
23972
24732
23934
23973
24733
23935
23974
24734
23936
23975
24735
23937
23976
24736
23938
23977
24737
23939
23978
24738
23940
23979
24739
23941
23980
24740
23942
23981
24741
23943
23982
24742
23944
23983
24743
23945
23984
24744
23946
23985
24745
23947
23986
24746
23948
23987
24747
23949
23988
24748
23950
23989
24749
23951
23990
24750
23952
23991
24751
23953
23992
24752
23954
23993
24753
23955
23994
24754
23956
23995
24755
23957
23996
24756
23958
23997
24757
23959
23998
24758
23999
24759
23961
24760
23962
24761
23963
24762
23964
24763
23965
24764
23966
24765
23967
24766
23968
24767
23969
24768
23970
24769
23971
24770
23972
24771
23973
24772
23974
24773
23975
24774
23976
24775
23977
24776
23978
24777
23979
24778
23980
24779
23981
24780
23982
24781
23983
24782
23984
24783
23985
24784
23986
24785
23987
24786
23988
24787
23989
24788
23990
24789
23991
24790
23992
24791
23993
24792
23994
24793
23995
24794
23996
24795
23997
24796
23998
24797
23999
24798
24799
24001
24040
24800
24002
24041
24801
24003
24042
24802
24004
24043
24803
24005
24044
24804
24006
24045
24805
24007
24046
24806
24008
24047
24807
24009
24048
24808
24010
24049
24809
24011
24050
24810
24012
24051
24811
24013
24052
24812
24014
24053
24813
24015
24054
24814
24016
24055
24815
24017
24056
24816
24018
24057
24817
24019
24058
24818
24020
24059
24819
24021
24060
24820
24022
24061
24821
24023
24062
24822
24024
24063
24823
24025
24064
24824
24026
24065
24825
24027
24066
24826
24028
24067
24827
24029
24068
24828
24030
24069
24829
24031
24070
24830
24032
24071
24831
24033
24072
24832
24034
24073
24833
24035
24074
24834
24036
24075
24835
24037
24076
24836
24038
24077
24837
24039
24078
24838
24079
24839
24041
24080
24840
24042
24081
24841
24043
24082
24842
24044
24083
24843
24045
24084
24844
24046
24085
24845
24047
24086
24846
24048
24087
24847
24049
24088
24848
24050
24089
24849
24051
24090
24850
24052
24091
24851
24053
24092
24852
24054
24093
24853
24055
24094
24854
24056
24095
24855
24057
24096
24856
24058
24097
24857
24059
24098
24858
24060
24099
24859
24061
24100
24860
24062
24101
24861
24063
24102
24862
24064
24103
24863
24065
24104
24864
24066
24105
24865
24067
24106
24866
24068
24107
24867
24069
24108
24868
24070
24109
24869
24071
24110
24870
24072
24111
24871
24073
24112
24872
24074
24113
24873
24075
24114
24874
24076
24115
24875
24077
24116
24876
24078
24117
24877
24079
24118
24878
24119
24879
24081
24120
24880
24082
24121
24881
24083
24122
24882
24084
24123
24883
24085
24124
24884
24086
24125
24885
24087
24126
24886
24088
24127
24887
24089
24128
24888
24090
24129
24889
24091
24130
24890
24092
24131
24891
24093
24132
24892
24094
24133
24893
24095
24134
24894
24096
24135
24895
24097
24136
24896
24098
24137
24897
24099
24138
24898
24100
24139
24899
24101
24140
24900
24102
24141
24901
24103
24142
24902
24104
24143
24903
24105
24144
24904
24106
24145
24905
24107
24146
24906
24108
24147
24907
24109
24148
24908
24110
24149
24909
24111
24150
24910
24112
24151
24911
24113
24152
24912
24114
24153
24913
24115
24154
24914
24116
24155
24915
24117
24156
24916
24118
24157
24917
24119
24158
24918
24159
24919
24121
24160
24920
24122
24161
24921
24123
24162
24922
24124
24163
24923
24125
24164
24924
24126
24165
24925
24127
24166
24926
24128
24167
24927
24129
24168
24928
24130
24169
24929
24131
24170
24930
24132
24171
24931
24133
24172
24932
24134
24173
24933
24135
24174
24934
24136
24175
24935
24137
24176
24936
24138
24177
24937
24139
24178
24938
24140
24179
24939
24141
24180
24940
24142
24181
24941
24143
24182
24942
24144
24183
24943
24145
24184
24944
24146
24185
24945
24147
24186
24946
24148
24187
24947
24149
24188
24948
24150
24189
24949
24151
24190
24950
24152
24191
24951
24153
24192
24952
24154
24193
24953
24155
24194
24954
24156
24195
24955
24157
24196
24956
24158
24197
24957
24159
24198
24958
24199
24959
24161
24200
24960
24162
24201
24961
24163
24202
24962
24164
24203
24963
24165
24204
24964
24166
24205
24965
24167
24206
24966
24168
24207
24967
24169
24208
24968
24170
24209
24969
24171
24210
24970
24172
24211
24971
24173
24212
24972
24174
24213
24973
24175
24214
24974
24176
24215
24975
24177
24216
24976
24178
24217
24977
24179
24218
24978
24180
24219
24979
24181
24220
24980
24182
24221
24981
24183
24222
24982
24184
24223
24983
24185
24224
24984
24186
24225
24985
24187
24226
24986
24188
24227
24987
24189
24228
24988
24190
24229
24989
24191
24230
24990
24192
24231
24991
24193
24232
24992
24194
24233
24993
24195
24234
24994
24196
24235
24995
24197
24236
24996
24198
24237
24997
24199
24238
24998
24239
24999
24201
24240
25000
24202
24241
25001
24203
24242
25002
24204
24243
25003
24205
24244
25004
24206
24245
25005
24207
24246
25006
24208
24247
25007
24209
24248
25008
24210
24249
25009
24211
24250
25010
24212
24251
25011
24213
24252
25012
24214
24253
25013
24215
24254
25014
24216
24255
25015
24217
24256
25016
24218
24257
25017
24219
24258
25018
24220
24259
25019
24221
24260
25020
24222
24261
25021
24223
24262
25022
24224
24263
25023
24225
24264
25024
24226
24265
25025
24227
24266
25026
24228
24267
25027
24229
24268
25028
24230
24269
25029
24231
24270
25030
24232
24271
25031
24233
24272
25032
24234
24273
25033
24235
24274
25034
24236
24275
25035
24237
24276
25036
24238
24277
25037
24239
24278
25038
24279
25039
24241
24280
25040
24242
24281
25041
24243
24282
25042
24244
24283
25043
24245
24284
25044
24246
24285
25045
24247
24286
25046
24248
24287
25047
24249
24288
25048
24250
24289
25049
24251
24290
25050
24252
24291
25051
24253
24292
25052
24254
24293
25053
24255
24294
25054
24256
24295
25055
24257
24296
25056
24258
24297
25057
24259
24298
25058
24260
24299
25059
24261
24300
25060
24262
24301
25061
24263
24302
25062
24264
24303
25063
24265
24304
25064
24266
24305
25065
24267
24306
25066
24268
24307
25067
24269
24308
25068
24270
24309
25069
24271
24310
25070
24272
24311
25071
24273
24312
25072
24274
24313
25073
24275
24314
25074
24276
24315
25075
24277
24316
25076
24278
24317
25077
24279
24318
25078
24319
25079
24281
24320
25080
24282
24321
25081
24283
24322
25082
24284
24323
25083
24285
24324
25084
24286
24325
25085
24287
24326
25086
24288
24327
25087
24289
24328
25088
24290
24329
25089
24291
24330
25090
24292
24331
25091
24293
24332
25092
24294
24333
25093
24295
24334
25094
24296
24335
25095
24297
24336
25096
24298
24337
25097
24299
24338
25098
24300
24339
25099
24301
24340
25100
24302
24341
25101
24303
24342
25102
24304
24343
25103
24305
24344
25104
24306
24345
25105
24307
24346
25106
24308
24347
25107
24309
24348
25108
24310
24349
25109
24311
24350
25110
24312
24351
25111
24313
24352
25112
24314
24353
25113
24315
24354
25114
24316
24355
25115
24317
24356
25116
24318
24357
25117
24319
24358
25118
24359
25119
24321
24360
25120
24322
24361
25121
24323
24362
25122
24324
24363
25123
24325
24364
25124
24326
24365
25125
24327
24366
25126
24328
24367
25127
24329
24368
25128
24330
24369
25129
24331
24370
25130
24332
24371
25131
24333
24372
25132
24334
24373
25133
24335
24374
25134
24336
24375
25135
24337
24376
25136
24338
24377
25137
24339
24378
25138
24340
24379
25139
24341
24380
25140
24342
24381
25141
24343
24382
25142
24344
24383
25143
24345
24384
25144
24346
24385
25145
24347
24386
25146
24348
24387
25147
24349
24388
25148
24350
24389
25149
24351
24390
25150
24352
24391
25151
24353
24392
25152
24354
24393
25153
24355
24394
25154
24356
24395
25155
24357
24396
25156
24358
24397
25157
24359
24398
25158
24399
25159
24361
24400
25160
24362
24401
25161
24363
24402
25162
24364
24403
25163
24365
24404
25164
24366
24405
25165
24367
24406
25166
24368
24407
25167
24369
24408
25168
24370
24409
25169
24371
24410
25170
24372
24411
25171
24373
24412
25172
24374
24413
25173
24375
24414
25174
24376
24415
25175
24377
24416
25176
24378
24417
25177
24379
24418
25178
24380
24419
25179
24381
24420
25180
24382
24421
25181
24383
24422
25182
24384
24423
25183
24385
24424
25184
24386
24425
25185
24387
24426
25186
24388
24427
25187
24389
24428
25188
24390
24429
25189
24391
24430
25190
24392
24431
25191
24393
24432
25192
24394
24433
25193
24395
24434
25194
24396
24435
25195
24397
24436
25196
24398
24437
25197
24399
24438
25198
24439
25199
24401
24440
25200
24402
24441
25201
24403
24442
25202
24404
24443
25203
24405
24444
25204
24406
24445
25205
24407
24446
25206
24408
24447
25207
24409
24448
25208
24410
24449
25209
24411
24450
25210
24412
24451
25211
24413
24452
25212
24414
24453
25213
24415
24454
25214
24416
24455
25215
24417
24456
25216
24418
24457
25217
24419
24458
25218
24420
24459
25219
24421
24460
25220
24422
24461
25221
24423
24462
25222
24424
24463
25223
24425
24464
25224
24426
24465
25225
24427
24466
25226
24428
24467
25227
24429
24468
25228
24430
24469
25229
24431
24470
25230
24432
24471
25231
24433
24472
25232
24434
24473
25233
24435
24474
25234
24436
24475
25235
24437
24476
25236
24438
24477
25237
24439
24478
25238
24479
25239
24441
24480
25240
24442
24481
25241
24443
24482
25242
24444
24483
25243
24445
24484
25244
24446
24485
25245
24447
24486
25246
24448
24487
25247
24449
24488
25248
24450
24489
25249
24451
24490
25250
24452
24491
25251
24453
24492
25252
24454
24493
25253
24455
24494
25254
24456
24495
25255
24457
24496
25256
24458
24497
25257
24459
24498
25258
24460
24499
25259
24461
24500
25260
24462
24501
25261
24463
24502
25262
24464
24503
25263
24465
24504
25264
24466
24505
25265
24467
24506
25266
24468
24507
25267
24469
24508
25268
24470
24509
25269
24471
24510
25270
24472
24511
25271
24473
24512
25272
24474
24513
25273
24475
24514
25274
24476
24515
25275
24477
24516
25276
24478
24517
25277
24479
24518
25278
24519
25279
24481
24520
25280
24482
24521
25281
24483
24522
25282
24484
24523
25283
24485
24524
25284
24486
24525
25285
24487
24526
25286
24488
24527
25287
24489
24528
25288
24490
24529
25289
24491
24530
25290
24492
24531
25291
24493
24532
25292
24494
24533
25293
24495
24534
25294
24496
24535
25295
24497
24536
25296
24498
24537
25297
24499
24538
25298
24500
24539
25299
24501
24540
25300
24502
24541
25301
24503
24542
25302
24504
24543
25303
24505
24544
25304
24506
24545
25305
24507
24546
25306
24508
24547
25307
24509
24548
25308
24510
24549
25309
24511
24550
25310
24512
24551
25311
24513
24552
25312
24514
24553
25313
24515
24554
25314
24516
24555
25315
24517
24556
25316
24518
24557
25317
24519
24558
25318
24559
25319
24521
24560
25320
24522
24561
25321
24523
24562
25322
24524
24563
25323
24525
24564
25324
24526
24565
25325
24527
24566
25326
24528
24567
25327
24529
24568
25328
24530
24569
25329
24531
24570
25330
24532
24571
25331
24533
24572
25332
24534
24573
25333
24535
24574
25334
24536
24575
25335
24537
24576
25336
24538
24577
25337
24539
24578
25338
24540
24579
25339
24541
24580
25340
24542
24581
25341
24543
24582
25342
24544
24583
25343
24545
24584
25344
24546
24585
25345
24547
24586
25346
24548
24587
25347
24549
24588
25348
24550
24589
25349
24551
24590
25350
24552
24591
25351
24553
24592
25352
24554
24593
25353
24555
24594
25354
24556
24595
25355
24557
24596
25356
24558
24597
25357
24559
24598
25358
24599
25359
24561
24600
25360
24562
24601
25361
24563
24602
25362
24564
24603
25363
24565
24604
25364
24566
24605
25365
24567
24606
25366
24568
24607
25367
24569
24608
25368
24570
24609
25369
24571
24610
25370
24572
24611
25371
24573
24612
25372
24574
24613
25373
24575
24614
25374
24576
24615
25375
24577
24616
25376
24578
24617
25377
24579
24618
25378
24580
24619
25379
24581
24620
25380
24582
24621
25381
24583
24622
25382
24584
24623
25383
24585
24624
25384
24586
24625
25385
24587
24626
25386
24588
24627
25387
24589
24628
25388
24590
24629
25389
24591
24630
25390
24592
24631
25391
24593
24632
25392
24594
24633
25393
24595
24634
25394
24596
24635
25395
24597
24636
25396
24598
24637
25397
24599
24638
25398
24639
25399
24601
24640
25400
24602
24641
25401
24603
24642
25402
24604
24643
25403
24605
24644
25404
24606
24645
25405
24607
24646
25406
24608
24647
25407
24609
24648
25408
24610
24649
25409
24611
24650
25410
24612
24651
25411
24613
24652
25412
24614
24653
25413
24615
24654
25414
24616
24655
25415
24617
24656
25416
24618
24657
25417
24619
24658
25418
24620
24659
25419
24621
24660
25420
24622
24661
25421
24623
24662
25422
24624
24663
25423
24625
24664
25424
24626
24665
25425
24627
24666
25426
24628
24667
25427
24629
24668
25428
24630
24669
25429
24631
24670
25430
24632
24671
25431
24633
24672
25432
24634
24673
25433
24635
24674
25434
24636
24675
25435
24637
24676
25436
24638
24677
25437
24639
24678
25438
24679
25439
24641
24680
25440
24642
24681
25441
24643
24682
25442
24644
24683
25443
24645
24684
25444
24646
24685
25445
24647
24686
25446
24648
24687
25447
24649
24688
25448
24650
24689
25449
24651
24690
25450
24652
24691
25451
24653
24692
25452
24654
24693
25453
24655
24694
25454
24656
24695
25455
24657
24696
25456
24658
24697
25457
24659
24698
25458
24660
24699
25459
24661
24700
25460
24662
24701
25461
24663
24702
25462
24664
24703
25463
24665
24704
25464
24666
24705
25465
24667
24706
25466
24668
24707
25467
24669
24708
25468
24670
24709
25469
24671
24710
25470
24672
24711
25471
24673
24712
25472
24674
24713
25473
24675
24714
25474
24676
24715
25475
24677
24716
25476
24678
24717
25477
24679
24718
25478
24719
25479
24681
24720
25480
24682
24721
25481
24683
24722
25482
24684
24723
25483
24685
24724
25484
24686
24725
25485
24687
24726
25486
24688
24727
25487
24689
24728
25488
24690
24729
25489
24691
24730
25490
24692
24731
25491
24693
24732
25492
24694
24733
25493
24695
24734
25494
24696
24735
25495
24697
24736
25496
24698
24737
25497
24699
24738
25498
24700
24739
25499
24701
24740
25500
24702
24741
25501
24703
24742
25502
24704
24743
25503
24705
24744
25504
24706
24745
25505
24707
24746
25506
24708
24747
25507
24709
24748
25508
24710
24749
25509
24711
24750
25510
24712
24751
25511
24713
24752
25512
24714
24753
25513
24715
24754
25514
24716
24755
25515
24717
24756
25516
24718
24757
25517
24719
24758
25518
24759
25519
24721
24760
25520
24722
24761
25521
24723
24762
25522
24724
24763
25523
24725
24764
25524
24726
24765
25525
24727
24766
25526
24728
24767
25527
24729
24768
25528
24730
24769
25529
24731
24770
25530
24732
24771
25531
24733
24772
25532
24734
24773
25533
24735
24774
25534
24736
24775
25535
24737
24776
25536
24738
24777
25537
24739
24778
25538
24740
24779
25539
24741
24780
25540
24742
24781
25541
24743
24782
25542
24744
24783
25543
24745
24784
25544
24746
24785
25545
24747
24786
25546
24748
24787
25547
24749
24788
25548
24750
24789
25549
24751
24790
25550
24752
24791
25551
24753
24792
25552
24754
24793
25553
24755
24794
25554
24756
24795
25555
24757
24796
25556
24758
24797
25557
24759
24798
25558
24799
25559
24761
25560
24762
25561
24763
25562
24764
25563
24765
25564
24766
25565
24767
25566
24768
25567
24769
25568
24770
25569
24771
25570
24772
25571
24773
25572
24774
25573
24775
25574
24776
25575
24777
25576
24778
25577
24779
25578
24780
25579
24781
25580
24782
25581
24783
25582
24784
25583
24785
25584
24786
25585
24787
25586
24788
25587
24789
25588
24790
25589
24791
25590
24792
25591
24793
25592
24794
25593
24795
25594
24796
25595
24797
25596
24798
25597
24799
25598
25599
24801
24840
25600
24802
24841
25601
24803
24842
25602
24804
24843
25603
24805
24844
25604
24806
24845
25605
24807
24846
25606
24808
24847
25607
24809
24848
25608
24810
24849
25609
24811
24850
25610
24812
24851
25611
24813
24852
25612
24814
24853
25613
24815
24854
25614
24816
24855
25615
24817
24856
25616
24818
24857
25617
24819
24858
25618
24820
24859
25619
24821
24860
25620
24822
24861
25621
24823
24862
25622
24824
24863
25623
24825
24864
25624
24826
24865
25625
24827
24866
25626
24828
24867
25627
24829
24868
25628
24830
24869
25629
24831
24870
25630
24832
24871
25631
24833
24872
25632
24834
24873
25633
24835
24874
25634
24836
24875
25635
24837
24876
25636
24838
24877
25637
24839
24878
25638
24879
25639
24841
24880
25640
24842
24881
25641
24843
24882
25642
24844
24883
25643
24845
24884
25644
24846
24885
25645
24847
24886
25646
24848
24887
25647
24849
24888
25648
24850
24889
25649
24851
24890
25650
24852
24891
25651
24853
24892
25652
24854
24893
25653
24855
24894
25654
24856
24895
25655
24857
24896
25656
24858
24897
25657
24859
24898
25658
24860
24899
25659
24861
24900
25660
24862
24901
25661
24863
24902
25662
24864
24903
25663
24865
24904
25664
24866
24905
25665
24867
24906
25666
24868
24907
25667
24869
24908
25668
24870
24909
25669
24871
24910
25670
24872
24911
25671
24873
24912
25672
24874
24913
25673
24875
24914
25674
24876
24915
25675
24877
24916
25676
24878
24917
25677
24879
24918
25678
24919
25679
24881
24920
25680
24882
24921
25681
24883
24922
25682
24884
24923
25683
24885
24924
25684
24886
24925
25685
24887
24926
25686
24888
24927
25687
24889
24928
25688
24890
24929
25689
24891
24930
25690
24892
24931
25691
24893
24932
25692
24894
24933
25693
24895
24934
25694
24896
24935
25695
24897
24936
25696
24898
24937
25697
24899
24938
25698
24900
24939
25699
24901
24940
25700
24902
24941
25701
24903
24942
25702
24904
24943
25703
24905
24944
25704
24906
24945
25705
24907
24946
25706
24908
24947
25707
24909
24948
25708
24910
24949
25709
24911
24950
25710
24912
24951
25711
24913
24952
25712
24914
24953
25713
24915
24954
25714
24916
24955
25715
24917
24956
25716
24918
24957
25717
24919
24958
25718
24959
25719
24921
24960
25720
24922
24961
25721
24923
24962
25722
24924
24963
25723
24925
24964
25724
24926
24965
25725
24927
24966
25726
24928
24967
25727
24929
24968
25728
24930
24969
25729
24931
24970
25730
24932
24971
25731
24933
24972
25732
24934
24973
25733
24935
24974
25734
24936
24975
25735
24937
24976
25736
24938
24977
25737
24939
24978
25738
24940
24979
25739
24941
24980
25740
24942
24981
25741
24943
24982
25742
24944
24983
25743
24945
24984
25744
24946
24985
25745
24947
24986
25746
24948
24987
25747
24949
24988
25748
24950
24989
25749
24951
24990
25750
24952
24991
25751
24953
24992
25752
24954
24993
25753
24955
24994
25754
24956
24995
25755
24957
24996
25756
24958
24997
25757
24959
24998
25758
24999
25759
24961
25000
25760
24962
25001
25761
24963
25002
25762
24964
25003
25763
24965
25004
25764
24966
25005
25765
24967
25006
25766
24968
25007
25767
24969
25008
25768
24970
25009
25769
24971
25010
25770
24972
25011
25771
24973
25012
25772
24974
25013
25773
24975
25014
25774
24976
25015
25775
24977
25016
25776
24978
25017
25777
24979
25018
25778
24980
25019
25779
24981
25020
25780
24982
25021
25781
24983
25022
25782
24984
25023
25783
24985
25024
25784
24986
25025
25785
24987
25026
25786
24988
25027
25787
24989
25028
25788
24990
25029
25789
24991
25030
25790
24992
25031
25791
24993
25032
25792
24994
25033
25793
24995
25034
25794
24996
25035
25795
24997
25036
25796
24998
25037
25797
24999
25038
25798
25039
25799
25001
25040
25800
25002
25041
25801
25003
25042
25802
25004
25043
25803
25005
25044
25804
25006
25045
25805
25007
25046
25806
25008
25047
25807
25009
25048
25808
25010
25049
25809
25011
25050
25810
25012
25051
25811
25013
25052
25812
25014
25053
25813
25015
25054
25814
25016
25055
25815
25017
25056
25816
25018
25057
25817
25019
25058
25818
25020
25059
25819
25021
25060
25820
25022
25061
25821
25023
25062
25822
25024
25063
25823
25025
25064
25824
25026
25065
25825
25027
25066
25826
25028
25067
25827
25029
25068
25828
25030
25069
25829
25031
25070
25830
25032
25071
25831
25033
25072
25832
25034
25073
25833
25035
25074
25834
25036
25075
25835
25037
25076
25836
25038
25077
25837
25039
25078
25838
25079
25839
25041
25080
25840
25042
25081
25841
25043
25082
25842
25044
25083
25843
25045
25084
25844
25046
25085
25845
25047
25086
25846
25048
25087
25847
25049
25088
25848
25050
25089
25849
25051
25090
25850
25052
25091
25851
25053
25092
25852
25054
25093
25853
25055
25094
25854
25056
25095
25855
25057
25096
25856
25058
25097
25857
25059
25098
25858
25060
25099
25859
25061
25100
25860
25062
25101
25861
25063
25102
25862
25064
25103
25863
25065
25104
25864
25066
25105
25865
25067
25106
25866
25068
25107
25867
25069
25108
25868
25070
25109
25869
25071
25110
25870
25072
25111
25871
25073
25112
25872
25074
25113
25873
25075
25114
25874
25076
25115
25875
25077
25116
25876
25078
25117
25877
25079
25118
25878
25119
25879
25081
25120
25880
25082
25121
25881
25083
25122
25882
25084
25123
25883
25085
25124
25884
25086
25125
25885
25087
25126
25886
25088
25127
25887
25089
25128
25888
25090
25129
25889
25091
25130
25890
25092
25131
25891
25093
25132
25892
25094
25133
25893
25095
25134
25894
25096
25135
25895
25097
25136
25896
25098
25137
25897
25099
25138
25898
25100
25139
25899
25101
25140
25900
25102
25141
25901
25103
25142
25902
25104
25143
25903
25105
25144
25904
25106
25145
25905
25107
25146
25906
25108
25147
25907
25109
25148
25908
25110
25149
25909
25111
25150
25910
25112
25151
25911
25113
25152
25912
25114
25153
25913
25115
25154
25914
25116
25155
25915
25117
25156
25916
25118
25157
25917
25119
25158
25918
25159
25919
25121
25160
25920
25122
25161
25921
25123
25162
25922
25124
25163
25923
25125
25164
25924
25126
25165
25925
25127
25166
25926
25128
25167
25927
25129
25168
25928
25130
25169
25929
25131
25170
25930
25132
25171
25931
25133
25172
25932
25134
25173
25933
25135
25174
25934
25136
25175
25935
25137
25176
25936
25138
25177
25937
25139
25178
25938
25140
25179
25939
25141
25180
25940
25142
25181
25941
25143
25182
25942
25144
25183
25943
25145
25184
25944
25146
25185
25945
25147
25186
25946
25148
25187
25947
25149
25188
25948
25150
25189
25949
25151
25190
25950
25152
25191
25951
25153
25192
25952
25154
25193
25953
25155
25194
25954
25156
25195
25955
25157
25196
25956
25158
25197
25957
25159
25198
25958
25199
25959
25161
25200
25960
25162
25201
25961
25163
25202
25962
25164
25203
25963
25165
25204
25964
25166
25205
25965
25167
25206
25966
25168
25207
25967
25169
25208
25968
25170
25209
25969
25171
25210
25970
25172
25211
25971
25173
25212
25972
25174
25213
25973
25175
25214
25974
25176
25215
25975
25177
25216
25976
25178
25217
25977
25179
25218
25978
25180
25219
25979
25181
25220
25980
25182
25221
25981
25183
25222
25982
25184
25223
25983
25185
25224
25984
25186
25225
25985
25187
25226
25986
25188
25227
25987
25189
25228
25988
25190
25229
25989
25191
25230
25990
25192
25231
25991
25193
25232
25992
25194
25233
25993
25195
25234
25994
25196
25235
25995
25197
25236
25996
25198
25237
25997
25199
25238
25998
25239
25999
25201
25240
26000
25202
25241
26001
25203
25242
26002
25204
25243
26003
25205
25244
26004
25206
25245
26005
25207
25246
26006
25208
25247
26007
25209
25248
26008
25210
25249
26009
25211
25250
26010
25212
25251
26011
25213
25252
26012
25214
25253
26013
25215
25254
26014
25216
25255
26015
25217
25256
26016
25218
25257
26017
25219
25258
26018
25220
25259
26019
25221
25260
26020
25222
25261
26021
25223
25262
26022
25224
25263
26023
25225
25264
26024
25226
25265
26025
25227
25266
26026
25228
25267
26027
25229
25268
26028
25230
25269
26029
25231
25270
26030
25232
25271
26031
25233
25272
26032
25234
25273
26033
25235
25274
26034
25236
25275
26035
25237
25276
26036
25238
25277
26037
25239
25278
26038
25279
26039
25241
25280
26040
25242
25281
26041
25243
25282
26042
25244
25283
26043
25245
25284
26044
25246
25285
26045
25247
25286
26046
25248
25287
26047
25249
25288
26048
25250
25289
26049
25251
25290
26050
25252
25291
26051
25253
25292
26052
25254
25293
26053
25255
25294
26054
25256
25295
26055
25257
25296
26056
25258
25297
26057
25259
25298
26058
25260
25299
26059
25261
25300
26060
25262
25301
26061
25263
25302
26062
25264
25303
26063
25265
25304
26064
25266
25305
26065
25267
25306
26066
25268
25307
26067
25269
25308
26068
25270
25309
26069
25271
25310
26070
25272
25311
26071
25273
25312
26072
25274
25313
26073
25275
25314
26074
25276
25315
26075
25277
25316
26076
25278
25317
26077
25279
25318
26078
25319
26079
25281
25320
26080
25282
25321
26081
25283
25322
26082
25284
25323
26083
25285
25324
26084
25286
25325
26085
25287
25326
26086
25288
25327
26087
25289
25328
26088
25290
25329
26089
25291
25330
26090
25292
25331
26091
25293
25332
26092
25294
25333
26093
25295
25334
26094
25296
25335
26095
25297
25336
26096
25298
25337
26097
25299
25338
26098
25300
25339
26099
25301
25340
26100
25302
25341
26101
25303
25342
26102
25304
25343
26103
25305
25344
26104
25306
25345
26105
25307
25346
26106
25308
25347
26107
25309
25348
26108
25310
25349
26109
25311
25350
26110
25312
25351
26111
25313
25352
26112
25314
25353
26113
25315
25354
26114
25316
25355
26115
25317
25356
26116
25318
25357
26117
25319
25358
26118
25359
26119
25321
25360
26120
25322
25361
26121
25323
25362
26122
25324
25363
26123
25325
25364
26124
25326
25365
26125
25327
25366
26126
25328
25367
26127
25329
25368
26128
25330
25369
26129
25331
25370
26130
25332
25371
26131
25333
25372
26132
25334
25373
26133
25335
25374
26134
25336
25375
26135
25337
25376
26136
25338
25377
26137
25339
25378
26138
25340
25379
26139
25341
25380
26140
25342
25381
26141
25343
25382
26142
25344
25383
26143
25345
25384
26144
25346
25385
26145
25347
25386
26146
25348
25387
26147
25349
25388
26148
25350
25389
26149
25351
25390
26150
25352
25391
26151
25353
25392
26152
25354
25393
26153
25355
25394
26154
25356
25395
26155
25357
25396
26156
25358
25397
26157
25359
25398
26158
25399
26159
25361
25400
26160
25362
25401
26161
25363
25402
26162
25364
25403
26163
25365
25404
26164
25366
25405
26165
25367
25406
26166
25368
25407
26167
25369
25408
26168
25370
25409
26169
25371
25410
26170
25372
25411
26171
25373
25412
26172
25374
25413
26173
25375
25414
26174
25376
25415
26175
25377
25416
26176
25378
25417
26177
25379
25418
26178
25380
25419
26179
25381
25420
26180
25382
25421
26181
25383
25422
26182
25384
25423
26183
25385
25424
26184
25386
25425
26185
25387
25426
26186
25388
25427
26187
25389
25428
26188
25390
25429
26189
25391
25430
26190
25392
25431
26191
25393
25432
26192
25394
25433
26193
25395
25434
26194
25396
25435
26195
25397
25436
26196
25398
25437
26197
25399
25438
26198
25439
26199
25401
25440
26200
25402
25441
26201
25403
25442
26202
25404
25443
26203
25405
25444
26204
25406
25445
26205
25407
25446
26206
25408
25447
26207
25409
25448
26208
25410
25449
26209
25411
25450
26210
25412
25451
26211
25413
25452
26212
25414
25453
26213
25415
25454
26214
25416
25455
26215
25417
25456
26216
25418
25457
26217
25419
25458
26218
25420
25459
26219
25421
25460
26220
25422
25461
26221
25423
25462
26222
25424
25463
26223
25425
25464
26224
25426
25465
26225
25427
25466
26226
25428
25467
26227
25429
25468
26228
25430
25469
26229
25431
25470
26230
25432
25471
26231
25433
25472
26232
25434
25473
26233
25435
25474
26234
25436
25475
26235
25437
25476
26236
25438
25477
26237
25439
25478
26238
25479
26239
25441
25480
26240
25442
25481
26241
25443
25482
26242
25444
25483
26243
25445
25484
26244
25446
25485
26245
25447
25486
26246
25448
25487
26247
25449
25488
26248
25450
25489
26249
25451
25490
26250
25452
25491
26251
25453
25492
26252
25454
25493
26253
25455
25494
26254
25456
25495
26255
25457
25496
26256
25458
25497
26257
25459
25498
26258
25460
25499
26259
25461
25500
26260
25462
25501
26261
25463
25502
26262
25464
25503
26263
25465
25504
26264
25466
25505
26265
25467
25506
26266
25468
25507
26267
25469
25508
26268
25470
25509
26269
25471
25510
26270
25472
25511
26271
25473
25512
26272
25474
25513
26273
25475
25514
26274
25476
25515
26275
25477
25516
26276
25478
25517
26277
25479
25518
26278
25519
26279
25481
25520
26280
25482
25521
26281
25483
25522
26282
25484
25523
26283
25485
25524
26284
25486
25525
26285
25487
25526
26286
25488
25527
26287
25489
25528
26288
25490
25529
26289
25491
25530
26290
25492
25531
26291
25493
25532
26292
25494
25533
26293
25495
25534
26294
25496
25535
26295
25497
25536
26296
25498
25537
26297
25499
25538
26298
25500
25539
26299
25501
25540
26300
25502
25541
26301
25503
25542
26302
25504
25543
26303
25505
25544
26304
25506
25545
26305
25507
25546
26306
25508
25547
26307
25509
25548
26308
25510
25549
26309
25511
25550
26310
25512
25551
26311
25513
25552
26312
25514
25553
26313
25515
25554
26314
25516
25555
26315
25517
25556
26316
25518
25557
26317
25519
25558
26318
25559
26319
25521
25560
26320
25522
25561
26321
25523
25562
26322
25524
25563
26323
25525
25564
26324
25526
25565
26325
25527
25566
26326
25528
25567
26327
25529
25568
26328
25530
25569
26329
25531
25570
26330
25532
25571
26331
25533
25572
26332
25534
25573
26333
25535
25574
26334
25536
25575
26335
25537
25576
26336
25538
25577
26337
25539
25578
26338
25540
25579
26339
25541
25580
26340
25542
25581
26341
25543
25582
26342
25544
25583
26343
25545
25584
26344
25546
25585
26345
25547
25586
26346
25548
25587
26347
25549
25588
26348
25550
25589
26349
25551
25590
26350
25552
25591
26351
25553
25592
26352
25554
25593
26353
25555
25594
26354
25556
25595
26355
25557
25596
26356
25558
25597
26357
25559
25598
26358
25599
26359
25561
26360
25562
26361
25563
26362
25564
26363
25565
26364
25566
26365
25567
26366
25568
26367
25569
26368
25570
26369
25571
26370
25572
26371
25573
26372
25574
26373
25575
26374
25576
26375
25577
26376
25578
26377
25579
26378
25580
26379
25581
26380
25582
26381
25583
26382
25584
26383
25585
26384
25586
26385
25587
26386
25588
26387
25589
26388
25590
26389
25591
26390
25592
26391
25593
26392
25594
26393
25595
26394
25596
26395
25597
26396
25598
26397
25599
26398
26399
25601
25640
26400
25602
25641
26401
25603
25642
26402
25604
25643
26403
25605
25644
26404
25606
25645
26405
25607
25646
26406
25608
25647
26407
25609
25648
26408
25610
25649
26409
25611
25650
26410
25612
25651
26411
25613
25652
26412
25614
25653
26413
25615
25654
26414
25616
25655
26415
25617
25656
26416
25618
25657
26417
25619
25658
26418
25620
25659
26419
25621
25660
26420
25622
25661
26421
25623
25662
26422
25624
25663
26423
25625
25664
26424
25626
25665
26425
25627
25666
26426
25628
25667
26427
25629
25668
26428
25630
25669
26429
25631
25670
26430
25632
25671
26431
25633
25672
26432
25634
25673
26433
25635
25674
26434
25636
25675
26435
25637
25676
26436
25638
25677
26437
25639
25678
26438
25679
26439
25641
25680
26440
25642
25681
26441
25643
25682
26442
25644
25683
26443
25645
25684
26444
25646
25685
26445
25647
25686
26446
25648
25687
26447
25649
25688
26448
25650
25689
26449
25651
25690
26450
25652
25691
26451
25653
25692
26452
25654
25693
26453
25655
25694
26454
25656
25695
26455
25657
25696
26456
25658
25697
26457
25659
25698
26458
25660
25699
26459
25661
25700
26460
25662
25701
26461
25663
25702
26462
25664
25703
26463
25665
25704
26464
25666
25705
26465
25667
25706
26466
25668
25707
26467
25669
25708
26468
25670
25709
26469
25671
25710
26470
25672
25711
26471
25673
25712
26472
25674
25713
26473
25675
25714
26474
25676
25715
26475
25677
25716
26476
25678
25717
26477
25679
25718
26478
25719
26479
25681
25720
26480
25682
25721
26481
25683
25722
26482
25684
25723
26483
25685
25724
26484
25686
25725
26485
25687
25726
26486
25688
25727
26487
25689
25728
26488
25690
25729
26489
25691
25730
26490
25692
25731
26491
25693
25732
26492
25694
25733
26493
25695
25734
26494
25696
25735
26495
25697
25736
26496
25698
25737
26497
25699
25738
26498
25700
25739
26499
25701
25740
26500
25702
25741
26501
25703
25742
26502
25704
25743
26503
25705
25744
26504
25706
25745
26505
25707
25746
26506
25708
25747
26507
25709
25748
26508
25710
25749
26509
25711
25750
26510
25712
25751
26511
25713
25752
26512
25714
25753
26513
25715
25754
26514
25716
25755
26515
25717
25756
26516
25718
25757
26517
25719
25758
26518
25759
26519
25721
25760
26520
25722
25761
26521
25723
25762
26522
25724
25763
26523
25725
25764
26524
25726
25765
26525
25727
25766
26526
25728
25767
26527
25729
25768
26528
25730
25769
26529
25731
25770
26530
25732
25771
26531
25733
25772
26532
25734
25773
26533
25735
25774
26534
25736
25775
26535
25737
25776
26536
25738
25777
26537
25739
25778
26538
25740
25779
26539
25741
25780
26540
25742
25781
26541
25743
25782
26542
25744
25783
26543
25745
25784
26544
25746
25785
26545
25747
25786
26546
25748
25787
26547
25749
25788
26548
25750
25789
26549
25751
25790
26550
25752
25791
26551
25753
25792
26552
25754
25793
26553
25755
25794
26554
25756
25795
26555
25757
25796
26556
25758
25797
26557
25759
25798
26558
25799
26559
25761
25800
26560
25762
25801
26561
25763
25802
26562
25764
25803
26563
25765
25804
26564
25766
25805
26565
25767
25806
26566
25768
25807
26567
25769
25808
26568
25770
25809
26569
25771
25810
26570
25772
25811
26571
25773
25812
26572
25774
25813
26573
25775
25814
26574
25776
25815
26575
25777
25816
26576
25778
25817
26577
25779
25818
26578
25780
25819
26579
25781
25820
26580
25782
25821
26581
25783
25822
26582
25784
25823
26583
25785
25824
26584
25786
25825
26585
25787
25826
26586
25788
25827
26587
25789
25828
26588
25790
25829
26589
25791
25830
26590
25792
25831
26591
25793
25832
26592
25794
25833
26593
25795
25834
26594
25796
25835
26595
25797
25836
26596
25798
25837
26597
25799
25838
26598
25839
26599
25801
25840
26600
25802
25841
26601
25803
25842
26602
25804
25843
26603
25805
25844
26604
25806
25845
26605
25807
25846
26606
25808
25847
26607
25809
25848
26608
25810
25849
26609
25811
25850
26610
25812
25851
26611
25813
25852
26612
25814
25853
26613
25815
25854
26614
25816
25855
26615
25817
25856
26616
25818
25857
26617
25819
25858
26618
25820
25859
26619
25821
25860
26620
25822
25861
26621
25823
25862
26622
25824
25863
26623
25825
25864
26624
25826
25865
26625
25827
25866
26626
25828
25867
26627
25829
25868
26628
25830
25869
26629
25831
25870
26630
25832
25871
26631
25833
25872
26632
25834
25873
26633
25835
25874
26634
25836
25875
26635
25837
25876
26636
25838
25877
26637
25839
25878
26638
25879
26639
25841
25880
26640
25842
25881
26641
25843
25882
26642
25844
25883
26643
25845
25884
26644
25846
25885
26645
25847
25886
26646
25848
25887
26647
25849
25888
26648
25850
25889
26649
25851
25890
26650
25852
25891
26651
25853
25892
26652
25854
25893
26653
25855
25894
26654
25856
25895
26655
25857
25896
26656
25858
25897
26657
25859
25898
26658
25860
25899
26659
25861
25900
26660
25862
25901
26661
25863
25902
26662
25864
25903
26663
25865
25904
26664
25866
25905
26665
25867
25906
26666
25868
25907
26667
25869
25908
26668
25870
25909
26669
25871
25910
26670
25872
25911
26671
25873
25912
26672
25874
25913
26673
25875
25914
26674
25876
25915
26675
25877
25916
26676
25878
25917
26677
25879
25918
26678
25919
26679
25881
25920
26680
25882
25921
26681
25883
25922
26682
25884
25923
26683
25885
25924
26684
25886
25925
26685
25887
25926
26686
25888
25927
26687
25889
25928
26688
25890
25929
26689
25891
25930
26690
25892
25931
26691
25893
25932
26692
25894
25933
26693
25895
25934
26694
25896
25935
26695
25897
25936
26696
25898
25937
26697
25899
25938
26698
25900
25939
26699
25901
25940
26700
25902
25941
26701
25903
25942
26702
25904
25943
26703
25905
25944
26704
25906
25945
26705
25907
25946
26706
25908
25947
26707
25909
25948
26708
25910
25949
26709
25911
25950
26710
25912
25951
26711
25913
25952
26712
25914
25953
26713
25915
25954
26714
25916
25955
26715
25917
25956
26716
25918
25957
26717
25919
25958
26718
25959
26719
25921
25960
26720
25922
25961
26721
25923
25962
26722
25924
25963
26723
25925
25964
26724
25926
25965
26725
25927
25966
26726
25928
25967
26727
25929
25968
26728
25930
25969
26729
25931
25970
26730
25932
25971
26731
25933
25972
26732
25934
25973
26733
25935
25974
26734
25936
25975
26735
25937
25976
26736
25938
25977
26737
25939
25978
26738
25940
25979
26739
25941
25980
26740
25942
25981
26741
25943
25982
26742
25944
25983
26743
25945
25984
26744
25946
25985
26745
25947
25986
26746
25948
25987
26747
25949
25988
26748
25950
25989
26749
25951
25990
26750
25952
25991
26751
25953
25992
26752
25954
25993
26753
25955
25994
26754
25956
25995
26755
25957
25996
26756
25958
25997
26757
25959
25998
26758
25999
26759
25961
26000
26760
25962
26001
26761
25963
26002
26762
25964
26003
26763
25965
26004
26764
25966
26005
26765
25967
26006
26766
25968
26007
26767
25969
26008
26768
25970
26009
26769
25971
26010
26770
25972
26011
26771
25973
26012
26772
25974
26013
26773
25975
26014
26774
25976
26015
26775
25977
26016
26776
25978
26017
26777
25979
26018
26778
25980
26019
26779
25981
26020
26780
25982
26021
26781
25983
26022
26782
25984
26023
26783
25985
26024
26784
25986
26025
26785
25987
26026
26786
25988
26027
26787
25989
26028
26788
25990
26029
26789
25991
26030
26790
25992
26031
26791
25993
26032
26792
25994
26033
26793
25995
26034
26794
25996
26035
26795
25997
26036
26796
25998
26037
26797
25999
26038
26798
26039
26799
26001
26040
26800
26002
26041
26801
26003
26042
26802
26004
26043
26803
26005
26044
26804
26006
26045
26805
26007
26046
26806
26008
26047
26807
26009
26048
26808
26010
26049
26809
26011
26050
26810
26012
26051
26811
26013
26052
26812
26014
26053
26813
26015
26054
26814
26016
26055
26815
26017
26056
26816
26018
26057
26817
26019
26058
26818
26020
26059
26819
26021
26060
26820
26022
26061
26821
26023
26062
26822
26024
26063
26823
26025
26064
26824
26026
26065
26825
26027
26066
26826
26028
26067
26827
26029
26068
26828
26030
26069
26829
26031
26070
26830
26032
26071
26831
26033
26072
26832
26034
26073
26833
26035
26074
26834
26036
26075
26835
26037
26076
26836
26038
26077
26837
26039
26078
26838
26079
26839
26041
26080
26840
26042
26081
26841
26043
26082
26842
26044
26083
26843
26045
26084
26844
26046
26085
26845
26047
26086
26846
26048
26087
26847
26049
26088
26848
26050
26089
26849
26051
26090
26850
26052
26091
26851
26053
26092
26852
26054
26093
26853
26055
26094
26854
26056
26095
26855
26057
26096
26856
26058
26097
26857
26059
26098
26858
26060
26099
26859
26061
26100
26860
26062
26101
26861
26063
26102
26862
26064
26103
26863
26065
26104
26864
26066
26105
26865
26067
26106
26866
26068
26107
26867
26069
26108
26868
26070
26109
26869
26071
26110
26870
26072
26111
26871
26073
26112
26872
26074
26113
26873
26075
26114
26874
26076
26115
26875
26077
26116
26876
26078
26117
26877
26079
26118
26878
26119
26879
26081
26120
26880
26082
26121
26881
26083
26122
26882
26084
26123
26883
26085
26124
26884
26086
26125
26885
26087
26126
26886
26088
26127
26887
26089
26128
26888
26090
26129
26889
26091
26130
26890
26092
26131
26891
26093
26132
26892
26094
26133
26893
26095
26134
26894
26096
26135
26895
26097
26136
26896
26098
26137
26897
26099
26138
26898
26100
26139
26899
26101
26140
26900
26102
26141
26901
26103
26142
26902
26104
26143
26903
26105
26144
26904
26106
26145
26905
26107
26146
26906
26108
26147
26907
26109
26148
26908
26110
26149
26909
26111
26150
26910
26112
26151
26911
26113
26152
26912
26114
26153
26913
26115
26154
26914
26116
26155
26915
26117
26156
26916
26118
26157
26917
26119
26158
26918
26159
26919
26121
26160
26920
26122
26161
26921
26123
26162
26922
26124
26163
26923
26125
26164
26924
26126
26165
26925
26127
26166
26926
26128
26167
26927
26129
26168
26928
26130
26169
26929
26131
26170
26930
26132
26171
26931
26133
26172
26932
26134
26173
26933
26135
26174
26934
26136
26175
26935
26137
26176
26936
26138
26177
26937
26139
26178
26938
26140
26179
26939
26141
26180
26940
26142
26181
26941
26143
26182
26942
26144
26183
26943
26145
26184
26944
26146
26185
26945
26147
26186
26946
26148
26187
26947
26149
26188
26948
26150
26189
26949
26151
26190
26950
26152
26191
26951
26153
26192
26952
26154
26193
26953
26155
26194
26954
26156
26195
26955
26157
26196
26956
26158
26197
26957
26159
26198
26958
26199
26959
26161
26200
26960
26162
26201
26961
26163
26202
26962
26164
26203
26963
26165
26204
26964
26166
26205
26965
26167
26206
26966
26168
26207
26967
26169
26208
26968
26170
26209
26969
26171
26210
26970
26172
26211
26971
26173
26212
26972
26174
26213
26973
26175
26214
26974
26176
26215
26975
26177
26216
26976
26178
26217
26977
26179
26218
26978
26180
26219
26979
26181
26220
26980
26182
26221
26981
26183
26222
26982
26184
26223
26983
26185
26224
26984
26186
26225
26985
26187
26226
26986
26188
26227
26987
26189
26228
26988
26190
26229
26989
26191
26230
26990
26192
26231
26991
26193
26232
26992
26194
26233
26993
26195
26234
26994
26196
26235
26995
26197
26236
26996
26198
26237
26997
26199
26238
26998
26239
26999
26201
26240
27000
26202
26241
27001
26203
26242
27002
26204
26243
27003
26205
26244
27004
26206
26245
27005
26207
26246
27006
26208
26247
27007
26209
26248
27008
26210
26249
27009
26211
26250
27010
26212
26251
27011
26213
26252
27012
26214
26253
27013
26215
26254
27014
26216
26255
27015
26217
26256
27016
26218
26257
27017
26219
26258
27018
26220
26259
27019
26221
26260
27020
26222
26261
27021
26223
26262
27022
26224
26263
27023
26225
26264
27024
26226
26265
27025
26227
26266
27026
26228
26267
27027
26229
26268
27028
26230
26269
27029
26231
26270
27030
26232
26271
27031
26233
26272
27032
26234
26273
27033
26235
26274
27034
26236
26275
27035
26237
26276
27036
26238
26277
27037
26239
26278
27038
26279
27039
26241
26280
27040
26242
26281
27041
26243
26282
27042
26244
26283
27043
26245
26284
27044
26246
26285
27045
26247
26286
27046
26248
26287
27047
26249
26288
27048
26250
26289
27049
26251
26290
27050
26252
26291
27051
26253
26292
27052
26254
26293
27053
26255
26294
27054
26256
26295
27055
26257
26296
27056
26258
26297
27057
26259
26298
27058
26260
26299
27059
26261
26300
27060
26262
26301
27061
26263
26302
27062
26264
26303
27063
26265
26304
27064
26266
26305
27065
26267
26306
27066
26268
26307
27067
26269
26308
27068
26270
26309
27069
26271
26310
27070
26272
26311
27071
26273
26312
27072
26274
26313
27073
26275
26314
27074
26276
26315
27075
26277
26316
27076
26278
26317
27077
26279
26318
27078
26319
27079
26281
26320
27080
26282
26321
27081
26283
26322
27082
26284
26323
27083
26285
26324
27084
26286
26325
27085
26287
26326
27086
26288
26327
27087
26289
26328
27088
26290
26329
27089
26291
26330
27090
26292
26331
27091
26293
26332
27092
26294
26333
27093
26295
26334
27094
26296
26335
27095
26297
26336
27096
26298
26337
27097
26299
26338
27098
26300
26339
27099
26301
26340
27100
26302
26341
27101
26303
26342
27102
26304
26343
27103
26305
26344
27104
26306
26345
27105
26307
26346
27106
26308
26347
27107
26309
26348
27108
26310
26349
27109
26311
26350
27110
26312
26351
27111
26313
26352
27112
26314
26353
27113
26315
26354
27114
26316
26355
27115
26317
26356
27116
26318
26357
27117
26319
26358
27118
26359
27119
26321
26360
27120
26322
26361
27121
26323
26362
27122
26324
26363
27123
26325
26364
27124
26326
26365
27125
26327
26366
27126
26328
26367
27127
26329
26368
27128
26330
26369
27129
26331
26370
27130
26332
26371
27131
26333
26372
27132
26334
26373
27133
26335
26374
27134
26336
26375
27135
26337
26376
27136
26338
26377
27137
26339
26378
27138
26340
26379
27139
26341
26380
27140
26342
26381
27141
26343
26382
27142
26344
26383
27143
26345
26384
27144
26346
26385
27145
26347
26386
27146
26348
26387
27147
26349
26388
27148
26350
26389
27149
26351
26390
27150
26352
26391
27151
26353
26392
27152
26354
26393
27153
26355
26394
27154
26356
26395
27155
26357
26396
27156
26358
26397
27157
26359
26398
27158
26399
27159
26361
27160
26362
27161
26363
27162
26364
27163
26365
27164
26366
27165
26367
27166
26368
27167
26369
27168
26370
27169
26371
27170
26372
27171
26373
27172
26374
27173
26375
27174
26376
27175
26377
27176
26378
27177
26379
27178
26380
27179
26381
27180
26382
27181
26383
27182
26384
27183
26385
27184
26386
27185
26387
27186
26388
27187
26389
27188
26390
27189
26391
27190
26392
27191
26393
27192
26394
27193
26395
27194
26396
27195
26397
27196
26398
27197
26399
27198
27199
26401
26440
27200
26402
26441
27201
26403
26442
27202
26404
26443
27203
26405
26444
27204
26406
26445
27205
26407
26446
27206
26408
26447
27207
26409
26448
27208
26410
26449
27209
26411
26450
27210
26412
26451
27211
26413
26452
27212
26414
26453
27213
26415
26454
27214
26416
26455
27215
26417
26456
27216
26418
26457
27217
26419
26458
27218
26420
26459
27219
26421
26460
27220
26422
26461
27221
26423
26462
27222
26424
26463
27223
26425
26464
27224
26426
26465
27225
26427
26466
27226
26428
26467
27227
26429
26468
27228
26430
26469
27229
26431
26470
27230
26432
26471
27231
26433
26472
27232
26434
26473
27233
26435
26474
27234
26436
26475
27235
26437
26476
27236
26438
26477
27237
26439
26478
27238
26479
27239
26441
26480
27240
26442
26481
27241
26443
26482
27242
26444
26483
27243
26445
26484
27244
26446
26485
27245
26447
26486
27246
26448
26487
27247
26449
26488
27248
26450
26489
27249
26451
26490
27250
26452
26491
27251
26453
26492
27252
26454
26493
27253
26455
26494
27254
26456
26495
27255
26457
26496
27256
26458
26497
27257
26459
26498
27258
26460
26499
27259
26461
26500
27260
26462
26501
27261
26463
26502
27262
26464
26503
27263
26465
26504
27264
26466
26505
27265
26467
26506
27266
26468
26507
27267
26469
26508
27268
26470
26509
27269
26471
26510
27270
26472
26511
27271
26473
26512
27272
26474
26513
27273
26475
26514
27274
26476
26515
27275
26477
26516
27276
26478
26517
27277
26479
26518
27278
26519
27279
26481
26520
27280
26482
26521
27281
26483
26522
27282
26484
26523
27283
26485
26524
27284
26486
26525
27285
26487
26526
27286
26488
26527
27287
26489
26528
27288
26490
26529
27289
26491
26530
27290
26492
26531
27291
26493
26532
27292
26494
26533
27293
26495
26534
27294
26496
26535
27295
26497
26536
27296
26498
26537
27297
26499
26538
27298
26500
26539
27299
26501
26540
27300
26502
26541
27301
26503
26542
27302
26504
26543
27303
26505
26544
27304
26506
26545
27305
26507
26546
27306
26508
26547
27307
26509
26548
27308
26510
26549
27309
26511
26550
27310
26512
26551
27311
26513
26552
27312
26514
26553
27313
26515
26554
27314
26516
26555
27315
26517
26556
27316
26518
26557
27317
26519
26558
27318
26559
27319
26521
26560
27320
26522
26561
27321
26523
26562
27322
26524
26563
27323
26525
26564
27324
26526
26565
27325
26527
26566
27326
26528
26567
27327
26529
26568
27328
26530
26569
27329
26531
26570
27330
26532
26571
27331
26533
26572
27332
26534
26573
27333
26535
26574
27334
26536
26575
27335
26537
26576
27336
26538
26577
27337
26539
26578
27338
26540
26579
27339
26541
26580
27340
26542
26581
27341
26543
26582
27342
26544
26583
27343
26545
26584
27344
26546
26585
27345
26547
26586
27346
26548
26587
27347
26549
26588
27348
26550
26589
27349
26551
26590
27350
26552
26591
27351
26553
26592
27352
26554
26593
27353
26555
26594
27354
26556
26595
27355
26557
26596
27356
26558
26597
27357
26559
26598
27358
26599
27359
26561
26600
27360
26562
26601
27361
26563
26602
27362
26564
26603
27363
26565
26604
27364
26566
26605
27365
26567
26606
27366
26568
26607
27367
26569
26608
27368
26570
26609
27369
26571
26610
27370
26572
26611
27371
26573
26612
27372
26574
26613
27373
26575
26614
27374
26576
26615
27375
26577
26616
27376
26578
26617
27377
26579
26618
27378
26580
26619
27379
26581
26620
27380
26582
26621
27381
26583
26622
27382
26584
26623
27383
26585
26624
27384
26586
26625
27385
26587
26626
27386
26588
26627
27387
26589
26628
27388
26590
26629
27389
26591
26630
27390
26592
26631
27391
26593
26632
27392
26594
26633
27393
26595
26634
27394
26596
26635
27395
26597
26636
27396
26598
26637
27397
26599
26638
27398
26639
27399
26601
26640
27400
26602
26641
27401
26603
26642
27402
26604
26643
27403
26605
26644
27404
26606
26645
27405
26607
26646
27406
26608
26647
27407
26609
26648
27408
26610
26649
27409
26611
26650
27410
26612
26651
27411
26613
26652
27412
26614
26653
27413
26615
26654
27414
26616
26655
27415
26617
26656
27416
26618
26657
27417
26619
26658
27418
26620
26659
27419
26621
26660
27420
26622
26661
27421
26623
26662
27422
26624
26663
27423
26625
26664
27424
26626
26665
27425
26627
26666
27426
26628
26667
27427
26629
26668
27428
26630
26669
27429
26631
26670
27430
26632
26671
27431
26633
26672
27432
26634
26673
27433
26635
26674
27434
26636
26675
27435
26637
26676
27436
26638
26677
27437
26639
26678
27438
26679
27439
26641
26680
27440
26642
26681
27441
26643
26682
27442
26644
26683
27443
26645
26684
27444
26646
26685
27445
26647
26686
27446
26648
26687
27447
26649
26688
27448
26650
26689
27449
26651
26690
27450
26652
26691
27451
26653
26692
27452
26654
26693
27453
26655
26694
27454
26656
26695
27455
26657
26696
27456
26658
26697
27457
26659
26698
27458
26660
26699
27459
26661
26700
27460
26662
26701
27461
26663
26702
27462
26664
26703
27463
26665
26704
27464
26666
26705
27465
26667
26706
27466
26668
26707
27467
26669
26708
27468
26670
26709
27469
26671
26710
27470
26672
26711
27471
26673
26712
27472
26674
26713
27473
26675
26714
27474
26676
26715
27475
26677
26716
27476
26678
26717
27477
26679
26718
27478
26719
27479
26681
26720
27480
26682
26721
27481
26683
26722
27482
26684
26723
27483
26685
26724
27484
26686
26725
27485
26687
26726
27486
26688
26727
27487
26689
26728
27488
26690
26729
27489
26691
26730
27490
26692
26731
27491
26693
26732
27492
26694
26733
27493
26695
26734
27494
26696
26735
27495
26697
26736
27496
26698
26737
27497
26699
26738
27498
26700
26739
27499
26701
26740
27500
26702
26741
27501
26703
26742
27502
26704
26743
27503
26705
26744
27504
26706
26745
27505
26707
26746
27506
26708
26747
27507
26709
26748
27508
26710
26749
27509
26711
26750
27510
26712
26751
27511
26713
26752
27512
26714
26753
27513
26715
26754
27514
26716
26755
27515
26717
26756
27516
26718
26757
27517
26719
26758
27518
26759
27519
26721
26760
27520
26722
26761
27521
26723
26762
27522
26724
26763
27523
26725
26764
27524
26726
26765
27525
26727
26766
27526
26728
26767
27527
26729
26768
27528
26730
26769
27529
26731
26770
27530
26732
26771
27531
26733
26772
27532
26734
26773
27533
26735
26774
27534
26736
26775
27535
26737
26776
27536
26738
26777
27537
26739
26778
27538
26740
26779
27539
26741
26780
27540
26742
26781
27541
26743
26782
27542
26744
26783
27543
26745
26784
27544
26746
26785
27545
26747
26786
27546
26748
26787
27547
26749
26788
27548
26750
26789
27549
26751
26790
27550
26752
26791
27551
26753
26792
27552
26754
26793
27553
26755
26794
27554
26756
26795
27555
26757
26796
27556
26758
26797
27557
26759
26798
27558
26799
27559
26761
26800
27560
26762
26801
27561
26763
26802
27562
26764
26803
27563
26765
26804
27564
26766
26805
27565
26767
26806
27566
26768
26807
27567
26769
26808
27568
26770
26809
27569
26771
26810
27570
26772
26811
27571
26773
26812
27572
26774
26813
27573
26775
26814
27574
26776
26815
27575
26777
26816
27576
26778
26817
27577
26779
26818
27578
26780
26819
27579
26781
26820
27580
26782
26821
27581
26783
26822
27582
26784
26823
27583
26785
26824
27584
26786
26825
27585
26787
26826
27586
26788
26827
27587
26789
26828
27588
26790
26829
27589
26791
26830
27590
26792
26831
27591
26793
26832
27592
26794
26833
27593
26795
26834
27594
26796
26835
27595
26797
26836
27596
26798
26837
27597
26799
26838
27598
26839
27599
26801
26840
27600
26802
26841
27601
26803
26842
27602
26804
26843
27603
26805
26844
27604
26806
26845
27605
26807
26846
27606
26808
26847
27607
26809
26848
27608
26810
26849
27609
26811
26850
27610
26812
26851
27611
26813
26852
27612
26814
26853
27613
26815
26854
27614
26816
26855
27615
26817
26856
27616
26818
26857
27617
26819
26858
27618
26820
26859
27619
26821
26860
27620
26822
26861
27621
26823
26862
27622
26824
26863
27623
26825
26864
27624
26826
26865
27625
26827
26866
27626
26828
26867
27627
26829
26868
27628
26830
26869
27629
26831
26870
27630
26832
26871
27631
26833
26872
27632
26834
26873
27633
26835
26874
27634
26836
26875
27635
26837
26876
27636
26838
26877
27637
26839
26878
27638
26879
27639
26841
26880
27640
26842
26881
27641
26843
26882
27642
26844
26883
27643
26845
26884
27644
26846
26885
27645
26847
26886
27646
26848
26887
27647
26849
26888
27648
26850
26889
27649
26851
26890
27650
26852
26891
27651
26853
26892
27652
26854
26893
27653
26855
26894
27654
26856
26895
27655
26857
26896
27656
26858
26897
27657
26859
26898
27658
26860
26899
27659
26861
26900
27660
26862
26901
27661
26863
26902
27662
26864
26903
27663
26865
26904
27664
26866
26905
27665
26867
26906
27666
26868
26907
27667
26869
26908
27668
26870
26909
27669
26871
26910
27670
26872
26911
27671
26873
26912
27672
26874
26913
27673
26875
26914
27674
26876
26915
27675
26877
26916
27676
26878
26917
27677
26879
26918
27678
26919
27679
26881
26920
27680
26882
26921
27681
26883
26922
27682
26884
26923
27683
26885
26924
27684
26886
26925
27685
26887
26926
27686
26888
26927
27687
26889
26928
27688
26890
26929
27689
26891
26930
27690
26892
26931
27691
26893
26932
27692
26894
26933
27693
26895
26934
27694
26896
26935
27695
26897
26936
27696
26898
26937
27697
26899
26938
27698
26900
26939
27699
26901
26940
27700
26902
26941
27701
26903
26942
27702
26904
26943
27703
26905
26944
27704
26906
26945
27705
26907
26946
27706
26908
26947
27707
26909
26948
27708
26910
26949
27709
26911
26950
27710
26912
26951
27711
26913
26952
27712
26914
26953
27713
26915
26954
27714
26916
26955
27715
26917
26956
27716
26918
26957
27717
26919
26958
27718
26959
27719
26921
26960
27720
26922
26961
27721
26923
26962
27722
26924
26963
27723
26925
26964
27724
26926
26965
27725
26927
26966
27726
26928
26967
27727
26929
26968
27728
26930
26969
27729
26931
26970
27730
26932
26971
27731
26933
26972
27732
26934
26973
27733
26935
26974
27734
26936
26975
27735
26937
26976
27736
26938
26977
27737
26939
26978
27738
26940
26979
27739
26941
26980
27740
26942
26981
27741
26943
26982
27742
26944
26983
27743
26945
26984
27744
26946
26985
27745
26947
26986
27746
26948
26987
27747
26949
26988
27748
26950
26989
27749
26951
26990
27750
26952
26991
27751
26953
26992
27752
26954
26993
27753
26955
26994
27754
26956
26995
27755
26957
26996
27756
26958
26997
27757
26959
26998
27758
26999
27759
26961
27000
27760
26962
27001
27761
26963
27002
27762
26964
27003
27763
26965
27004
27764
26966
27005
27765
26967
27006
27766
26968
27007
27767
26969
27008
27768
26970
27009
27769
26971
27010
27770
26972
27011
27771
26973
27012
27772
26974
27013
27773
26975
27014
27774
26976
27015
27775
26977
27016
27776
26978
27017
27777
26979
27018
27778
26980
27019
27779
26981
27020
27780
26982
27021
27781
26983
27022
27782
26984
27023
27783
26985
27024
27784
26986
27025
27785
26987
27026
27786
26988
27027
27787
26989
27028
27788
26990
27029
27789
26991
27030
27790
26992
27031
27791
26993
27032
27792
26994
27033
27793
26995
27034
27794
26996
27035
27795
26997
27036
27796
26998
27037
27797
26999
27038
27798
27039
27799
27001
27040
27800
27002
27041
27801
27003
27042
27802
27004
27043
27803
27005
27044
27804
27006
27045
27805
27007
27046
27806
27008
27047
27807
27009
27048
27808
27010
27049
27809
27011
27050
27810
27012
27051
27811
27013
27052
27812
27014
27053
27813
27015
27054
27814
27016
27055
27815
27017
27056
27816
27018
27057
27817
27019
27058
27818
27020
27059
27819
27021
27060
27820
27022
27061
27821
27023
27062
27822
27024
27063
27823
27025
27064
27824
27026
27065
27825
27027
27066
27826
27028
27067
27827
27029
27068
27828
27030
27069
27829
27031
27070
27830
27032
27071
27831
27033
27072
27832
27034
27073
27833
27035
27074
27834
27036
27075
27835
27037
27076
27836
27038
27077
27837
27039
27078
27838
27079
27839
27041
27080
27840
27042
27081
27841
27043
27082
27842
27044
27083
27843
27045
27084
27844
27046
27085
27845
27047
27086
27846
27048
27087
27847
27049
27088
27848
27050
27089
27849
27051
27090
27850
27052
27091
27851
27053
27092
27852
27054
27093
27853
27055
27094
27854
27056
27095
27855
27057
27096
27856
27058
27097
27857
27059
27098
27858
27060
27099
27859
27061
27100
27860
27062
27101
27861
27063
27102
27862
27064
27103
27863
27065
27104
27864
27066
27105
27865
27067
27106
27866
27068
27107
27867
27069
27108
27868
27070
27109
27869
27071
27110
27870
27072
27111
27871
27073
27112
27872
27074
27113
27873
27075
27114
27874
27076
27115
27875
27077
27116
27876
27078
27117
27877
27079
27118
27878
27119
27879
27081
27120
27880
27082
27121
27881
27083
27122
27882
27084
27123
27883
27085
27124
27884
27086
27125
27885
27087
27126
27886
27088
27127
27887
27089
27128
27888
27090
27129
27889
27091
27130
27890
27092
27131
27891
27093
27132
27892
27094
27133
27893
27095
27134
27894
27096
27135
27895
27097
27136
27896
27098
27137
27897
27099
27138
27898
27100
27139
27899
27101
27140
27900
27102
27141
27901
27103
27142
27902
27104
27143
27903
27105
27144
27904
27106
27145
27905
27107
27146
27906
27108
27147
27907
27109
27148
27908
27110
27149
27909
27111
27150
27910
27112
27151
27911
27113
27152
27912
27114
27153
27913
27115
27154
27914
27116
27155
27915
27117
27156
27916
27118
27157
27917
27119
27158
27918
27159
27919
27121
27160
27920
27122
27161
27921
27123
27162
27922
27124
27163
27923
27125
27164
27924
27126
27165
27925
27127
27166
27926
27128
27167
27927
27129
27168
27928
27130
27169
27929
27131
27170
27930
27132
27171
27931
27133
27172
27932
27134
27173
27933
27135
27174
27934
27136
27175
27935
27137
27176
27936
27138
27177
27937
27139
27178
27938
27140
27179
27939
27141
27180
27940
27142
27181
27941
27143
27182
27942
27144
27183
27943
27145
27184
27944
27146
27185
27945
27147
27186
27946
27148
27187
27947
27149
27188
27948
27150
27189
27949
27151
27190
27950
27152
27191
27951
27153
27192
27952
27154
27193
27953
27155
27194
27954
27156
27195
27955
27157
27196
27956
27158
27197
27957
27159
27198
27958
27199
27959
27161
27960
27162
27961
27163
27962
27164
27963
27165
27964
27166
27965
27167
27966
27168
27967
27169
27968
27170
27969
27171
27970
27172
27971
27173
27972
27174
27973
27175
27974
27176
27975
27177
27976
27178
27977
27179
27978
27180
27979
27181
27980
27182
27981
27183
27982
27184
27983
27185
27984
27186
27985
27187
27986
27188
27987
27189
27988
27190
27989
27191
27990
27192
27991
27193
27992
27194
27993
27195
27994
27196
27995
27197
27996
27198
27997
27199
27998
27999
27201
27240
28000
27202
27241
28001
27203
27242
28002
27204
27243
28003
27205
27244
28004
27206
27245
28005
27207
27246
28006
27208
27247
28007
27209
27248
28008
27210
27249
28009
27211
27250
28010
27212
27251
28011
27213
27252
28012
27214
27253
28013
27215
27254
28014
27216
27255
28015
27217
27256
28016
27218
27257
28017
27219
27258
28018
27220
27259
28019
27221
27260
28020
27222
27261
28021
27223
27262
28022
27224
27263
28023
27225
27264
28024
27226
27265
28025
27227
27266
28026
27228
27267
28027
27229
27268
28028
27230
27269
28029
27231
27270
28030
27232
27271
28031
27233
27272
28032
27234
27273
28033
27235
27274
28034
27236
27275
28035
27237
27276
28036
27238
27277
28037
27239
27278
28038
27279
28039
27241
27280
28040
27242
27281
28041
27243
27282
28042
27244
27283
28043
27245
27284
28044
27246
27285
28045
27247
27286
28046
27248
27287
28047
27249
27288
28048
27250
27289
28049
27251
27290
28050
27252
27291
28051
27253
27292
28052
27254
27293
28053
27255
27294
28054
27256
27295
28055
27257
27296
28056
27258
27297
28057
27259
27298
28058
27260
27299
28059
27261
27300
28060
27262
27301
28061
27263
27302
28062
27264
27303
28063
27265
27304
28064
27266
27305
28065
27267
27306
28066
27268
27307
28067
27269
27308
28068
27270
27309
28069
27271
27310
28070
27272
27311
28071
27273
27312
28072
27274
27313
28073
27275
27314
28074
27276
27315
28075
27277
27316
28076
27278
27317
28077
27279
27318
28078
27319
28079
27281
27320
28080
27282
27321
28081
27283
27322
28082
27284
27323
28083
27285
27324
28084
27286
27325
28085
27287
27326
28086
27288
27327
28087
27289
27328
28088
27290
27329
28089
27291
27330
28090
27292
27331
28091
27293
27332
28092
27294
27333
28093
27295
27334
28094
27296
27335
28095
27297
27336
28096
27298
27337
28097
27299
27338
28098
27300
27339
28099
27301
27340
28100
27302
27341
28101
27303
27342
28102
27304
27343
28103
27305
27344
28104
27306
27345
28105
27307
27346
28106
27308
27347
28107
27309
27348
28108
27310
27349
28109
27311
27350
28110
27312
27351
28111
27313
27352
28112
27314
27353
28113
27315
27354
28114
27316
27355
28115
27317
27356
28116
27318
27357
28117
27319
27358
28118
27359
28119
27321
27360
28120
27322
27361
28121
27323
27362
28122
27324
27363
28123
27325
27364
28124
27326
27365
28125
27327
27366
28126
27328
27367
28127
27329
27368
28128
27330
27369
28129
27331
27370
28130
27332
27371
28131
27333
27372
28132
27334
27373
28133
27335
27374
28134
27336
27375
28135
27337
27376
28136
27338
27377
28137
27339
27378
28138
27340
27379
28139
27341
27380
28140
27342
27381
28141
27343
27382
28142
27344
27383
28143
27345
27384
28144
27346
27385
28145
27347
27386
28146
27348
27387
28147
27349
27388
28148
27350
27389
28149
27351
27390
28150
27352
27391
28151
27353
27392
28152
27354
27393
28153
27355
27394
28154
27356
27395
28155
27357
27396
28156
27358
27397
28157
27359
27398
28158
27399
28159
27361
27400
28160
27362
27401
28161
27363
27402
28162
27364
27403
28163
27365
27404
28164
27366
27405
28165
27367
27406
28166
27368
27407
28167
27369
27408
28168
27370
27409
28169
27371
27410
28170
27372
27411
28171
27373
27412
28172
27374
27413
28173
27375
27414
28174
27376
27415
28175
27377
27416
28176
27378
27417
28177
27379
27418
28178
27380
27419
28179
27381
27420
28180
27382
27421
28181
27383
27422
28182
27384
27423
28183
27385
27424
28184
27386
27425
28185
27387
27426
28186
27388
27427
28187
27389
27428
28188
27390
27429
28189
27391
27430
28190
27392
27431
28191
27393
27432
28192
27394
27433
28193
27395
27434
28194
27396
27435
28195
27397
27436
28196
27398
27437
28197
27399
27438
28198
27439
28199
27401
27440
28200
27402
27441
28201
27403
27442
28202
27404
27443
28203
27405
27444
28204
27406
27445
28205
27407
27446
28206
27408
27447
28207
27409
27448
28208
27410
27449
28209
27411
27450
28210
27412
27451
28211
27413
27452
28212
27414
27453
28213
27415
27454
28214
27416
27455
28215
27417
27456
28216
27418
27457
28217
27419
27458
28218
27420
27459
28219
27421
27460
28220
27422
27461
28221
27423
27462
28222
27424
27463
28223
27425
27464
28224
27426
27465
28225
27427
27466
28226
27428
27467
28227
27429
27468
28228
27430
27469
28229
27431
27470
28230
27432
27471
28231
27433
27472
28232
27434
27473
28233
27435
27474
28234
27436
27475
28235
27437
27476
28236
27438
27477
28237
27439
27478
28238
27479
28239
27441
27480
28240
27442
27481
28241
27443
27482
28242
27444
27483
28243
27445
27484
28244
27446
27485
28245
27447
27486
28246
27448
27487
28247
27449
27488
28248
27450
27489
28249
27451
27490
28250
27452
27491
28251
27453
27492
28252
27454
27493
28253
27455
27494
28254
27456
27495
28255
27457
27496
28256
27458
27497
28257
27459
27498
28258
27460
27499
28259
27461
27500
28260
27462
27501
28261
27463
27502
28262
27464
27503
28263
27465
27504
28264
27466
27505
28265
27467
27506
28266
27468
27507
28267
27469
27508
28268
27470
27509
28269
27471
27510
28270
27472
27511
28271
27473
27512
28272
27474
27513
28273
27475
27514
28274
27476
27515
28275
27477
27516
28276
27478
27517
28277
27479
27518
28278
27519
28279
27481
27520
28280
27482
27521
28281
27483
27522
28282
27484
27523
28283
27485
27524
28284
27486
27525
28285
27487
27526
28286
27488
27527
28287
27489
27528
28288
27490
27529
28289
27491
27530
28290
27492
27531
28291
27493
27532
28292
27494
27533
28293
27495
27534
28294
27496
27535
28295
27497
27536
28296
27498
27537
28297
27499
27538
28298
27500
27539
28299
27501
27540
28300
27502
27541
28301
27503
27542
28302
27504
27543
28303
27505
27544
28304
27506
27545
28305
27507
27546
28306
27508
27547
28307
27509
27548
28308
27510
27549
28309
27511
27550
28310
27512
27551
28311
27513
27552
28312
27514
27553
28313
27515
27554
28314
27516
27555
28315
27517
27556
28316
27518
27557
28317
27519
27558
28318
27559
28319
27521
27560
28320
27522
27561
28321
27523
27562
28322
27524
27563
28323
27525
27564
28324
27526
27565
28325
27527
27566
28326
27528
27567
28327
27529
27568
28328
27530
27569
28329
27531
27570
28330
27532
27571
28331
27533
27572
28332
27534
27573
28333
27535
27574
28334
27536
27575
28335
27537
27576
28336
27538
27577
28337
27539
27578
28338
27540
27579
28339
27541
27580
28340
27542
27581
28341
27543
27582
28342
27544
27583
28343
27545
27584
28344
27546
27585
28345
27547
27586
28346
27548
27587
28347
27549
27588
28348
27550
27589
28349
27551
27590
28350
27552
27591
28351
27553
27592
28352
27554
27593
28353
27555
27594
28354
27556
27595
28355
27557
27596
28356
27558
27597
28357
27559
27598
28358
27599
28359
27561
27600
28360
27562
27601
28361
27563
27602
28362
27564
27603
28363
27565
27604
28364
27566
27605
28365
27567
27606
28366
27568
27607
28367
27569
27608
28368
27570
27609
28369
27571
27610
28370
27572
27611
28371
27573
27612
28372
27574
27613
28373
27575
27614
28374
27576
27615
28375
27577
27616
28376
27578
27617
28377
27579
27618
28378
27580
27619
28379
27581
27620
28380
27582
27621
28381
27583
27622
28382
27584
27623
28383
27585
27624
28384
27586
27625
28385
27587
27626
28386
27588
27627
28387
27589
27628
28388
27590
27629
28389
27591
27630
28390
27592
27631
28391
27593
27632
28392
27594
27633
28393
27595
27634
28394
27596
27635
28395
27597
27636
28396
27598
27637
28397
27599
27638
28398
27639
28399
27601
27640
28400
27602
27641
28401
27603
27642
28402
27604
27643
28403
27605
27644
28404
27606
27645
28405
27607
27646
28406
27608
27647
28407
27609
27648
28408
27610
27649
28409
27611
27650
28410
27612
27651
28411
27613
27652
28412
27614
27653
28413
27615
27654
28414
27616
27655
28415
27617
27656
28416
27618
27657
28417
27619
27658
28418
27620
27659
28419
27621
27660
28420
27622
27661
28421
27623
27662
28422
27624
27663
28423
27625
27664
28424
27626
27665
28425
27627
27666
28426
27628
27667
28427
27629
27668
28428
27630
27669
28429
27631
27670
28430
27632
27671
28431
27633
27672
28432
27634
27673
28433
27635
27674
28434
27636
27675
28435
27637
27676
28436
27638
27677
28437
27639
27678
28438
27679
28439
27641
27680
28440
27642
27681
28441
27643
27682
28442
27644
27683
28443
27645
27684
28444
27646
27685
28445
27647
27686
28446
27648
27687
28447
27649
27688
28448
27650
27689
28449
27651
27690
28450
27652
27691
28451
27653
27692
28452
27654
27693
28453
27655
27694
28454
27656
27695
28455
27657
27696
28456
27658
27697
28457
27659
27698
28458
27660
27699
28459
27661
27700
28460
27662
27701
28461
27663
27702
28462
27664
27703
28463
27665
27704
28464
27666
27705
28465
27667
27706
28466
27668
27707
28467
27669
27708
28468
27670
27709
28469
27671
27710
28470
27672
27711
28471
27673
27712
28472
27674
27713
28473
27675
27714
28474
27676
27715
28475
27677
27716
28476
27678
27717
28477
27679
27718
28478
27719
28479
27681
27720
28480
27682
27721
28481
27683
27722
28482
27684
27723
28483
27685
27724
28484
27686
27725
28485
27687
27726
28486
27688
27727
28487
27689
27728
28488
27690
27729
28489
27691
27730
28490
27692
27731
28491
27693
27732
28492
27694
27733
28493
27695
27734
28494
27696
27735
28495
27697
27736
28496
27698
27737
28497
27699
27738
28498
27700
27739
28499
27701
27740
28500
27702
27741
28501
27703
27742
28502
27704
27743
28503
27705
27744
28504
27706
27745
28505
27707
27746
28506
27708
27747
28507
27709
27748
28508
27710
27749
28509
27711
27750
28510
27712
27751
28511
27713
27752
28512
27714
27753
28513
27715
27754
28514
27716
27755
28515
27717
27756
28516
27718
27757
28517
27719
27758
28518
27759
28519
27721
27760
28520
27722
27761
28521
27723
27762
28522
27724
27763
28523
27725
27764
28524
27726
27765
28525
27727
27766
28526
27728
27767
28527
27729
27768
28528
27730
27769
28529
27731
27770
28530
27732
27771
28531
27733
27772
28532
27734
27773
28533
27735
27774
28534
27736
27775
28535
27737
27776
28536
27738
27777
28537
27739
27778
28538
27740
27779
28539
27741
27780
28540
27742
27781
28541
27743
27782
28542
27744
27783
28543
27745
27784
28544
27746
27785
28545
27747
27786
28546
27748
27787
28547
27749
27788
28548
27750
27789
28549
27751
27790
28550
27752
27791
28551
27753
27792
28552
27754
27793
28553
27755
27794
28554
27756
27795
28555
27757
27796
28556
27758
27797
28557
27759
27798
28558
27799
28559
27761
27800
28560
27762
27801
28561
27763
27802
28562
27764
27803
28563
27765
27804
28564
27766
27805
28565
27767
27806
28566
27768
27807
28567
27769
27808
28568
27770
27809
28569
27771
27810
28570
27772
27811
28571
27773
27812
28572
27774
27813
28573
27775
27814
28574
27776
27815
28575
27777
27816
28576
27778
27817
28577
27779
27818
28578
27780
27819
28579
27781
27820
28580
27782
27821
28581
27783
27822
28582
27784
27823
28583
27785
27824
28584
27786
27825
28585
27787
27826
28586
27788
27827
28587
27789
27828
28588
27790
27829
28589
27791
27830
28590
27792
27831
28591
27793
27832
28592
27794
27833
28593
27795
27834
28594
27796
27835
28595
27797
27836
28596
27798
27837
28597
27799
27838
28598
27839
28599
27801
27840
28600
27802
27841
28601
27803
27842
28602
27804
27843
28603
27805
27844
28604
27806
27845
28605
27807
27846
28606
27808
27847
28607
27809
27848
28608
27810
27849
28609
27811
27850
28610
27812
27851
28611
27813
27852
28612
27814
27853
28613
27815
27854
28614
27816
27855
28615
27817
27856
28616
27818
27857
28617
27819
27858
28618
27820
27859
28619
27821
27860
28620
27822
27861
28621
27823
27862
28622
27824
27863
28623
27825
27864
28624
27826
27865
28625
27827
27866
28626
27828
27867
28627
27829
27868
28628
27830
27869
28629
27831
27870
28630
27832
27871
28631
27833
27872
28632
27834
27873
28633
27835
27874
28634
27836
27875
28635
27837
27876
28636
27838
27877
28637
27839
27878
28638
27879
28639
27841
27880
28640
27842
27881
28641
27843
27882
28642
27844
27883
28643
27845
27884
28644
27846
27885
28645
27847
27886
28646
27848
27887
28647
27849
27888
28648
27850
27889
28649
27851
27890
28650
27852
27891
28651
27853
27892
28652
27854
27893
28653
27855
27894
28654
27856
27895
28655
27857
27896
28656
27858
27897
28657
27859
27898
28658
27860
27899
28659
27861
27900
28660
27862
27901
28661
27863
27902
28662
27864
27903
28663
27865
27904
28664
27866
27905
28665
27867
27906
28666
27868
27907
28667
27869
27908
28668
27870
27909
28669
27871
27910
28670
27872
27911
28671
27873
27912
28672
27874
27913
28673
27875
27914
28674
27876
27915
28675
27877
27916
28676
27878
27917
28677
27879
27918
28678
27919
28679
27881
27920
28680
27882
27921
28681
27883
27922
28682
27884
27923
28683
27885
27924
28684
27886
27925
28685
27887
27926
28686
27888
27927
28687
27889
27928
28688
27890
27929
28689
27891
27930
28690
27892
27931
28691
27893
27932
28692
27894
27933
28693
27895
27934
28694
27896
27935
28695
27897
27936
28696
27898
27937
28697
27899
27938
28698
27900
27939
28699
27901
27940
28700
27902
27941
28701
27903
27942
28702
27904
27943
28703
27905
27944
28704
27906
27945
28705
27907
27946
28706
27908
27947
28707
27909
27948
28708
27910
27949
28709
27911
27950
28710
27912
27951
28711
27913
27952
28712
27914
27953
28713
27915
27954
28714
27916
27955
28715
27917
27956
28716
27918
27957
28717
27919
27958
28718
27959
28719
27921
27960
28720
27922
27961
28721
27923
27962
28722
27924
27963
28723
27925
27964
28724
27926
27965
28725
27927
27966
28726
27928
27967
28727
27929
27968
28728
27930
27969
28729
27931
27970
28730
27932
27971
28731
27933
27972
28732
27934
27973
28733
27935
27974
28734
27936
27975
28735
27937
27976
28736
27938
27977
28737
27939
27978
28738
27940
27979
28739
27941
27980
28740
27942
27981
28741
27943
27982
28742
27944
27983
28743
27945
27984
28744
27946
27985
28745
27947
27986
28746
27948
27987
28747
27949
27988
28748
27950
27989
28749
27951
27990
28750
27952
27991
28751
27953
27992
28752
27954
27993
28753
27955
27994
28754
27956
27995
28755
27957
27996
28756
27958
27997
28757
27959
27998
28758
27999
28759
27961
28760
27962
28761
27963
28762
27964
28763
27965
28764
27966
28765
27967
28766
27968
28767
27969
28768
27970
28769
27971
28770
27972
28771
27973
28772
27974
28773
27975
28774
27976
28775
27977
28776
27978
28777
27979
28778
27980
28779
27981
28780
27982
28781
27983
28782
27984
28783
27985
28784
27986
28785
27987
28786
27988
28787
27989
28788
27990
28789
27991
28790
27992
28791
27993
28792
27994
28793
27995
28794
27996
28795
27997
28796
27998
28797
27999
28798
28799
28001
28040
28800
28002
28041
28801
28003
28042
28802
28004
28043
28803
28005
28044
28804
28006
28045
28805
28007
28046
28806
28008
28047
28807
28009
28048
28808
28010
28049
28809
28011
28050
28810
28012
28051
28811
28013
28052
28812
28014
28053
28813
28015
28054
28814
28016
28055
28815
28017
28056
28816
28018
28057
28817
28019
28058
28818
28020
28059
28819
28021
28060
28820
28022
28061
28821
28023
28062
28822
28024
28063
28823
28025
28064
28824
28026
28065
28825
28027
28066
28826
28028
28067
28827
28029
28068
28828
28030
28069
28829
28031
28070
28830
28032
28071
28831
28033
28072
28832
28034
28073
28833
28035
28074
28834
28036
28075
28835
28037
28076
28836
28038
28077
28837
28039
28078
28838
28079
28839
28041
28080
28840
28042
28081
28841
28043
28082
28842
28044
28083
28843
28045
28084
28844
28046
28085
28845
28047
28086
28846
28048
28087
28847
28049
28088
28848
28050
28089
28849
28051
28090
28850
28052
28091
28851
28053
28092
28852
28054
28093
28853
28055
28094
28854
28056
28095
28855
28057
28096
28856
28058
28097
28857
28059
28098
28858
28060
28099
28859
28061
28100
28860
28062
28101
28861
28063
28102
28862
28064
28103
28863
28065
28104
28864
28066
28105
28865
28067
28106
28866
28068
28107
28867
28069
28108
28868
28070
28109
28869
28071
28110
28870
28072
28111
28871
28073
28112
28872
28074
28113
28873
28075
28114
28874
28076
28115
28875
28077
28116
28876
28078
28117
28877
28079
28118
28878
28119
28879
28081
28120
28880
28082
28121
28881
28083
28122
28882
28084
28123
28883
28085
28124
28884
28086
28125
28885
28087
28126
28886
28088
28127
28887
28089
28128
28888
28090
28129
28889
28091
28130
28890
28092
28131
28891
28093
28132
28892
28094
28133
28893
28095
28134
28894
28096
28135
28895
28097
28136
28896
28098
28137
28897
28099
28138
28898
28100
28139
28899
28101
28140
28900
28102
28141
28901
28103
28142
28902
28104
28143
28903
28105
28144
28904
28106
28145
28905
28107
28146
28906
28108
28147
28907
28109
28148
28908
28110
28149
28909
28111
28150
28910
28112
28151
28911
28113
28152
28912
28114
28153
28913
28115
28154
28914
28116
28155
28915
28117
28156
28916
28118
28157
28917
28119
28158
28918
28159
28919
28121
28160
28920
28122
28161
28921
28123
28162
28922
28124
28163
28923
28125
28164
28924
28126
28165
28925
28127
28166
28926
28128
28167
28927
28129
28168
28928
28130
28169
28929
28131
28170
28930
28132
28171
28931
28133
28172
28932
28134
28173
28933
28135
28174
28934
28136
28175
28935
28137
28176
28936
28138
28177
28937
28139
28178
28938
28140
28179
28939
28141
28180
28940
28142
28181
28941
28143
28182
28942
28144
28183
28943
28145
28184
28944
28146
28185
28945
28147
28186
28946
28148
28187
28947
28149
28188
28948
28150
28189
28949
28151
28190
28950
28152
28191
28951
28153
28192
28952
28154
28193
28953
28155
28194
28954
28156
28195
28955
28157
28196
28956
28158
28197
28957
28159
28198
28958
28199
28959
28161
28200
28960
28162
28201
28961
28163
28202
28962
28164
28203
28963
28165
28204
28964
28166
28205
28965
28167
28206
28966
28168
28207
28967
28169
28208
28968
28170
28209
28969
28171
28210
28970
28172
28211
28971
28173
28212
28972
28174
28213
28973
28175
28214
28974
28176
28215
28975
28177
28216
28976
28178
28217
28977
28179
28218
28978
28180
28219
28979
28181
28220
28980
28182
28221
28981
28183
28222
28982
28184
28223
28983
28185
28224
28984
28186
28225
28985
28187
28226
28986
28188
28227
28987
28189
28228
28988
28190
28229
28989
28191
28230
28990
28192
28231
28991
28193
28232
28992
28194
28233
28993
28195
28234
28994
28196
28235
28995
28197
28236
28996
28198
28237
28997
28199
28238
28998
28239
28999
28201
28240
29000
28202
28241
29001
28203
28242
29002
28204
28243
29003
28205
28244
29004
28206
28245
29005
28207
28246
29006
28208
28247
29007
28209
28248
29008
28210
28249
29009
28211
28250
29010
28212
28251
29011
28213
28252
29012
28214
28253
29013
28215
28254
29014
28216
28255
29015
28217
28256
29016
28218
28257
29017
28219
28258
29018
28220
28259
29019
28221
28260
29020
28222
28261
29021
28223
28262
29022
28224
28263
29023
28225
28264
29024
28226
28265
29025
28227
28266
29026
28228
28267
29027
28229
28268
29028
28230
28269
29029
28231
28270
29030
28232
28271
29031
28233
28272
29032
28234
28273
29033
28235
28274
29034
28236
28275
29035
28237
28276
29036
28238
28277
29037
28239
28278
29038
28279
29039
28241
28280
29040
28242
28281
29041
28243
28282
29042
28244
28283
29043
28245
28284
29044
28246
28285
29045
28247
28286
29046
28248
28287
29047
28249
28288
29048
28250
28289
29049
28251
28290
29050
28252
28291
29051
28253
28292
29052
28254
28293
29053
28255
28294
29054
28256
28295
29055
28257
28296
29056
28258
28297
29057
28259
28298
29058
28260
28299
29059
28261
28300
29060
28262
28301
29061
28263
28302
29062
28264
28303
29063
28265
28304
29064
28266
28305
29065
28267
28306
29066
28268
28307
29067
28269
28308
29068
28270
28309
29069
28271
28310
29070
28272
28311
29071
28273
28312
29072
28274
28313
29073
28275
28314
29074
28276
28315
29075
28277
28316
29076
28278
28317
29077
28279
28318
29078
28319
29079
28281
28320
29080
28282
28321
29081
28283
28322
29082
28284
28323
29083
28285
28324
29084
28286
28325
29085
28287
28326
29086
28288
28327
29087
28289
28328
29088
28290
28329
29089
28291
28330
29090
28292
28331
29091
28293
28332
29092
28294
28333
29093
28295
28334
29094
28296
28335
29095
28297
28336
29096
28298
28337
29097
28299
28338
29098
28300
28339
29099
28301
28340
29100
28302
28341
29101
28303
28342
29102
28304
28343
29103
28305
28344
29104
28306
28345
29105
28307
28346
29106
28308
28347
29107
28309
28348
29108
28310
28349
29109
28311
28350
29110
28312
28351
29111
28313
28352
29112
28314
28353
29113
28315
28354
29114
28316
28355
29115
28317
28356
29116
28318
28357
29117
28319
28358
29118
28359
29119
28321
28360
29120
28322
28361
29121
28323
28362
29122
28324
28363
29123
28325
28364
29124
28326
28365
29125
28327
28366
29126
28328
28367
29127
28329
28368
29128
28330
28369
29129
28331
28370
29130
28332
28371
29131
28333
28372
29132
28334
28373
29133
28335
28374
29134
28336
28375
29135
28337
28376
29136
28338
28377
29137
28339
28378
29138
28340
28379
29139
28341
28380
29140
28342
28381
29141
28343
28382
29142
28344
28383
29143
28345
28384
29144
28346
28385
29145
28347
28386
29146
28348
28387
29147
28349
28388
29148
28350
28389
29149
28351
28390
29150
28352
28391
29151
28353
28392
29152
28354
28393
29153
28355
28394
29154
28356
28395
29155
28357
28396
29156
28358
28397
29157
28359
28398
29158
28399
29159
28361
28400
29160
28362
28401
29161
28363
28402
29162
28364
28403
29163
28365
28404
29164
28366
28405
29165
28367
28406
29166
28368
28407
29167
28369
28408
29168
28370
28409
29169
28371
28410
29170
28372
28411
29171
28373
28412
29172
28374
28413
29173
28375
28414
29174
28376
28415
29175
28377
28416
29176
28378
28417
29177
28379
28418
29178
28380
28419
29179
28381
28420
29180
28382
28421
29181
28383
28422
29182
28384
28423
29183
28385
28424
29184
28386
28425
29185
28387
28426
29186
28388
28427
29187
28389
28428
29188
28390
28429
29189
28391
28430
29190
28392
28431
29191
28393
28432
29192
28394
28433
29193
28395
28434
29194
28396
28435
29195
28397
28436
29196
28398
28437
29197
28399
28438
29198
28439
29199
28401
28440
29200
28402
28441
29201
28403
28442
29202
28404
28443
29203
28405
28444
29204
28406
28445
29205
28407
28446
29206
28408
28447
29207
28409
28448
29208
28410
28449
29209
28411
28450
29210
28412
28451
29211
28413
28452
29212
28414
28453
29213
28415
28454
29214
28416
28455
29215
28417
28456
29216
28418
28457
29217
28419
28458
29218
28420
28459
29219
28421
28460
29220
28422
28461
29221
28423
28462
29222
28424
28463
29223
28425
28464
29224
28426
28465
29225
28427
28466
29226
28428
28467
29227
28429
28468
29228
28430
28469
29229
28431
28470
29230
28432
28471
29231
28433
28472
29232
28434
28473
29233
28435
28474
29234
28436
28475
29235
28437
28476
29236
28438
28477
29237
28439
28478
29238
28479
29239
28441
28480
29240
28442
28481
29241
28443
28482
29242
28444
28483
29243
28445
28484
29244
28446
28485
29245
28447
28486
29246
28448
28487
29247
28449
28488
29248
28450
28489
29249
28451
28490
29250
28452
28491
29251
28453
28492
29252
28454
28493
29253
28455
28494
29254
28456
28495
29255
28457
28496
29256
28458
28497
29257
28459
28498
29258
28460
28499
29259
28461
28500
29260
28462
28501
29261
28463
28502
29262
28464
28503
29263
28465
28504
29264
28466
28505
29265
28467
28506
29266
28468
28507
29267
28469
28508
29268
28470
28509
29269
28471
28510
29270
28472
28511
29271
28473
28512
29272
28474
28513
29273
28475
28514
29274
28476
28515
29275
28477
28516
29276
28478
28517
29277
28479
28518
29278
28519
29279
28481
28520
29280
28482
28521
29281
28483
28522
29282
28484
28523
29283
28485
28524
29284
28486
28525
29285
28487
28526
29286
28488
28527
29287
28489
28528
29288
28490
28529
29289
28491
28530
29290
28492
28531
29291
28493
28532
29292
28494
28533
29293
28495
28534
29294
28496
28535
29295
28497
28536
29296
28498
28537
29297
28499
28538
29298
28500
28539
29299
28501
28540
29300
28502
28541
29301
28503
28542
29302
28504
28543
29303
28505
28544
29304
28506
28545
29305
28507
28546
29306
28508
28547
29307
28509
28548
29308
28510
28549
29309
28511
28550
29310
28512
28551
29311
28513
28552
29312
28514
28553
29313
28515
28554
29314
28516
28555
29315
28517
28556
29316
28518
28557
29317
28519
28558
29318
28559
29319
28521
28560
29320
28522
28561
29321
28523
28562
29322
28524
28563
29323
28525
28564
29324
28526
28565
29325
28527
28566
29326
28528
28567
29327
28529
28568
29328
28530
28569
29329
28531
28570
29330
28532
28571
29331
28533
28572
29332
28534
28573
29333
28535
28574
29334
28536
28575
29335
28537
28576
29336
28538
28577
29337
28539
28578
29338
28540
28579
29339
28541
28580
29340
28542
28581
29341
28543
28582
29342
28544
28583
29343
28545
28584
29344
28546
28585
29345
28547
28586
29346
28548
28587
29347
28549
28588
29348
28550
28589
29349
28551
28590
29350
28552
28591
29351
28553
28592
29352
28554
28593
29353
28555
28594
29354
28556
28595
29355
28557
28596
29356
28558
28597
29357
28559
28598
29358
28599
29359
28561
28600
29360
28562
28601
29361
28563
28602
29362
28564
28603
29363
28565
28604
29364
28566
28605
29365
28567
28606
29366
28568
28607
29367
28569
28608
29368
28570
28609
29369
28571
28610
29370
28572
28611
29371
28573
28612
29372
28574
28613
29373
28575
28614
29374
28576
28615
29375
28577
28616
29376
28578
28617
29377
28579
28618
29378
28580
28619
29379
28581
28620
29380
28582
28621
29381
28583
28622
29382
28584
28623
29383
28585
28624
29384
28586
28625
29385
28587
28626
29386
28588
28627
29387
28589
28628
29388
28590
28629
29389
28591
28630
29390
28592
28631
29391
28593
28632
29392
28594
28633
29393
28595
28634
29394
28596
28635
29395
28597
28636
29396
28598
28637
29397
28599
28638
29398
28639
29399
28601
28640
29400
28602
28641
29401
28603
28642
29402
28604
28643
29403
28605
28644
29404
28606
28645
29405
28607
28646
29406
28608
28647
29407
28609
28648
29408
28610
28649
29409
28611
28650
29410
28612
28651
29411
28613
28652
29412
28614
28653
29413
28615
28654
29414
28616
28655
29415
28617
28656
29416
28618
28657
29417
28619
28658
29418
28620
28659
29419
28621
28660
29420
28622
28661
29421
28623
28662
29422
28624
28663
29423
28625
28664
29424
28626
28665
29425
28627
28666
29426
28628
28667
29427
28629
28668
29428
28630
28669
29429
28631
28670
29430
28632
28671
29431
28633
28672
29432
28634
28673
29433
28635
28674
29434
28636
28675
29435
28637
28676
29436
28638
28677
29437
28639
28678
29438
28679
29439
28641
28680
29440
28642
28681
29441
28643
28682
29442
28644
28683
29443
28645
28684
29444
28646
28685
29445
28647
28686
29446
28648
28687
29447
28649
28688
29448
28650
28689
29449
28651
28690
29450
28652
28691
29451
28653
28692
29452
28654
28693
29453
28655
28694
29454
28656
28695
29455
28657
28696
29456
28658
28697
29457
28659
28698
29458
28660
28699
29459
28661
28700
29460
28662
28701
29461
28663
28702
29462
28664
28703
29463
28665
28704
29464
28666
28705
29465
28667
28706
29466
28668
28707
29467
28669
28708
29468
28670
28709
29469
28671
28710
29470
28672
28711
29471
28673
28712
29472
28674
28713
29473
28675
28714
29474
28676
28715
29475
28677
28716
29476
28678
28717
29477
28679
28718
29478
28719
29479
28681
28720
29480
28682
28721
29481
28683
28722
29482
28684
28723
29483
28685
28724
29484
28686
28725
29485
28687
28726
29486
28688
28727
29487
28689
28728
29488
28690
28729
29489
28691
28730
29490
28692
28731
29491
28693
28732
29492
28694
28733
29493
28695
28734
29494
28696
28735
29495
28697
28736
29496
28698
28737
29497
28699
28738
29498
28700
28739
29499
28701
28740
29500
28702
28741
29501
28703
28742
29502
28704
28743
29503
28705
28744
29504
28706
28745
29505
28707
28746
29506
28708
28747
29507
28709
28748
29508
28710
28749
29509
28711
28750
29510
28712
28751
29511
28713
28752
29512
28714
28753
29513
28715
28754
29514
28716
28755
29515
28717
28756
29516
28718
28757
29517
28719
28758
29518
28759
29519
28721
28760
29520
28722
28761
29521
28723
28762
29522
28724
28763
29523
28725
28764
29524
28726
28765
29525
28727
28766
29526
28728
28767
29527
28729
28768
29528
28730
28769
29529
28731
28770
29530
28732
28771
29531
28733
28772
29532
28734
28773
29533
28735
28774
29534
28736
28775
29535
28737
28776
29536
28738
28777
29537
28739
28778
29538
28740
28779
29539
28741
28780
29540
28742
28781
29541
28743
28782
29542
28744
28783
29543
28745
28784
29544
28746
28785
29545
28747
28786
29546
28748
28787
29547
28749
28788
29548
28750
28789
29549
28751
28790
29550
28752
28791
29551
28753
28792
29552
28754
28793
29553
28755
28794
29554
28756
28795
29555
28757
28796
29556
28758
28797
29557
28759
28798
29558
28799
29559
28761
29560
28762
29561
28763
29562
28764
29563
28765
29564
28766
29565
28767
29566
28768
29567
28769
29568
28770
29569
28771
29570
28772
29571
28773
29572
28774
29573
28775
29574
28776
29575
28777
29576
28778
29577
28779
29578
28780
29579
28781
29580
28782
29581
28783
29582
28784
29583
28785
29584
28786
29585
28787
29586
28788
29587
28789
29588
28790
29589
28791
29590
28792
29591
28793
29592
28794
29593
28795
29594
28796
29595
28797
29596
28798
29597
28799
29598
29599
28801
28840
29600
28802
28841
29601
28803
28842
29602
28804
28843
29603
28805
28844
29604
28806
28845
29605
28807
28846
29606
28808
28847
29607
28809
28848
29608
28810
28849
29609
28811
28850
29610
28812
28851
29611
28813
28852
29612
28814
28853
29613
28815
28854
29614
28816
28855
29615
28817
28856
29616
28818
28857
29617
28819
28858
29618
28820
28859
29619
28821
28860
29620
28822
28861
29621
28823
28862
29622
28824
28863
29623
28825
28864
29624
28826
28865
29625
28827
28866
29626
28828
28867
29627
28829
28868
29628
28830
28869
29629
28831
28870
29630
28832
28871
29631
28833
28872
29632
28834
28873
29633
28835
28874
29634
28836
28875
29635
28837
28876
29636
28838
28877
29637
28839
28878
29638
28879
29639
28841
28880
29640
28842
28881
29641
28843
28882
29642
28844
28883
29643
28845
28884
29644
28846
28885
29645
28847
28886
29646
28848
28887
29647
28849
28888
29648
28850
28889
29649
28851
28890
29650
28852
28891
29651
28853
28892
29652
28854
28893
29653
28855
28894
29654
28856
28895
29655
28857
28896
29656
28858
28897
29657
28859
28898
29658
28860
28899
29659
28861
28900
29660
28862
28901
29661
28863
28902
29662
28864
28903
29663
28865
28904
29664
28866
28905
29665
28867
28906
29666
28868
28907
29667
28869
28908
29668
28870
28909
29669
28871
28910
29670
28872
28911
29671
28873
28912
29672
28874
28913
29673
28875
28914
29674
28876
28915
29675
28877
28916
29676
28878
28917
29677
28879
28918
29678
28919
29679
28881
28920
29680
28882
28921
29681
28883
28922
29682
28884
28923
29683
28885
28924
29684
28886
28925
29685
28887
28926
29686
28888
28927
29687
28889
28928
29688
28890
28929
29689
28891
28930
29690
28892
28931
29691
28893
28932
29692
28894
28933
29693
28895
28934
29694
28896
28935
29695
28897
28936
29696
28898
28937
29697
28899
28938
29698
28900
28939
29699
28901
28940
29700
28902
28941
29701
28903
28942
29702
28904
28943
29703
28905
28944
29704
28906
28945
29705
28907
28946
29706
28908
28947
29707
28909
28948
29708
28910
28949
29709
28911
28950
29710
28912
28951
29711
28913
28952
29712
28914
28953
29713
28915
28954
29714
28916
28955
29715
28917
28956
29716
28918
28957
29717
28919
28958
29718
28959
29719
28921
28960
29720
28922
28961
29721
28923
28962
29722
28924
28963
29723
28925
28964
29724
28926
28965
29725
28927
28966
29726
28928
28967
29727
28929
28968
29728
28930
28969
29729
28931
28970
29730
28932
28971
29731
28933
28972
29732
28934
28973
29733
28935
28974
29734
28936
28975
29735
28937
28976
29736
28938
28977
29737
28939
28978
29738
28940
28979
29739
28941
28980
29740
28942
28981
29741
28943
28982
29742
28944
28983
29743
28945
28984
29744
28946
28985
29745
28947
28986
29746
28948
28987
29747
28949
28988
29748
28950
28989
29749
28951
28990
29750
28952
28991
29751
28953
28992
29752
28954
28993
29753
28955
28994
29754
28956
28995
29755
28957
28996
29756
28958
28997
29757
28959
28998
29758
28999
29759
28961
29000
29760
28962
29001
29761
28963
29002
29762
28964
29003
29763
28965
29004
29764
28966
29005
29765
28967
29006
29766
28968
29007
29767
28969
29008
29768
28970
29009
29769
28971
29010
29770
28972
29011
29771
28973
29012
29772
28974
29013
29773
28975
29014
29774
28976
29015
29775
28977
29016
29776
28978
29017
29777
28979
29018
29778
28980
29019
29779
28981
29020
29780
28982
29021
29781
28983
29022
29782
28984
29023
29783
28985
29024
29784
28986
29025
29785
28987
29026
29786
28988
29027
29787
28989
29028
29788
28990
29029
29789
28991
29030
29790
28992
29031
29791
28993
29032
29792
28994
29033
29793
28995
29034
29794
28996
29035
29795
28997
29036
29796
28998
29037
29797
28999
29038
29798
29039
29799
29001
29040
29800
29002
29041
29801
29003
29042
29802
29004
29043
29803
29005
29044
29804
29006
29045
29805
29007
29046
29806
29008
29047
29807
29009
29048
29808
29010
29049
29809
29011
29050
29810
29012
29051
29811
29013
29052
29812
29014
29053
29813
29015
29054
29814
29016
29055
29815
29017
29056
29816
29018
29057
29817
29019
29058
29818
29020
29059
29819
29021
29060
29820
29022
29061
29821
29023
29062
29822
29024
29063
29823
29025
29064
29824
29026
29065
29825
29027
29066
29826
29028
29067
29827
29029
29068
29828
29030
29069
29829
29031
29070
29830
29032
29071
29831
29033
29072
29832
29034
29073
29833
29035
29074
29834
29036
29075
29835
29037
29076
29836
29038
29077
29837
29039
29078
29838
29079
29839
29041
29080
29840
29042
29081
29841
29043
29082
29842
29044
29083
29843
29045
29084
29844
29046
29085
29845
29047
29086
29846
29048
29087
29847
29049
29088
29848
29050
29089
29849
29051
29090
29850
29052
29091
29851
29053
29092
29852
29054
29093
29853
29055
29094
29854
29056
29095
29855
29057
29096
29856
29058
29097
29857
29059
29098
29858
29060
29099
29859
29061
29100
29860
29062
29101
29861
29063
29102
29862
29064
29103
29863
29065
29104
29864
29066
29105
29865
29067
29106
29866
29068
29107
29867
29069
29108
29868
29070
29109
29869
29071
29110
29870
29072
29111
29871
29073
29112
29872
29074
29113
29873
29075
29114
29874
29076
29115
29875
29077
29116
29876
29078
29117
29877
29079
29118
29878
29119
29879
29081
29120
29880
29082
29121
29881
29083
29122
29882
29084
29123
29883
29085
29124
29884
29086
29125
29885
29087
29126
29886
29088
29127
29887
29089
29128
29888
29090
29129
29889
29091
29130
29890
29092
29131
29891
29093
29132
29892
29094
29133
29893
29095
29134
29894
29096
29135
29895
29097
29136
29896
29098
29137
29897
29099
29138
29898
29100
29139
29899
29101
29140
29900
29102
29141
29901
29103
29142
29902
29104
29143
29903
29105
29144
29904
29106
29145
29905
29107
29146
29906
29108
29147
29907
29109
29148
29908
29110
29149
29909
29111
29150
29910
29112
29151
29911
29113
29152
29912
29114
29153
29913
29115
29154
29914
29116
29155
29915
29117
29156
29916
29118
29157
29917
29119
29158
29918
29159
29919
29121
29160
29920
29122
29161
29921
29123
29162
29922
29124
29163
29923
29125
29164
29924
29126
29165
29925
29127
29166
29926
29128
29167
29927
29129
29168
29928
29130
29169
29929
29131
29170
29930
29132
29171
29931
29133
29172
29932
29134
29173
29933
29135
29174
29934
29136
29175
29935
29137
29176
29936
29138
29177
29937
29139
29178
29938
29140
29179
29939
29141
29180
29940
29142
29181
29941
29143
29182
29942
29144
29183
29943
29145
29184
29944
29146
29185
29945
29147
29186
29946
29148
29187
29947
29149
29188
29948
29150
29189
29949
29151
29190
29950
29152
29191
29951
29153
29192
29952
29154
29193
29953
29155
29194
29954
29156
29195
29955
29157
29196
29956
29158
29197
29957
29159
29198
29958
29199
29959
29161
29200
29960
29162
29201
29961
29163
29202
29962
29164
29203
29963
29165
29204
29964
29166
29205
29965
29167
29206
29966
29168
29207
29967
29169
29208
29968
29170
29209
29969
29171
29210
29970
29172
29211
29971
29173
29212
29972
29174
29213
29973
29175
29214
29974
29176
29215
29975
29177
29216
29976
29178
29217
29977
29179
29218
29978
29180
29219
29979
29181
29220
29980
29182
29221
29981
29183
29222
29982
29184
29223
29983
29185
29224
29984
29186
29225
29985
29187
29226
29986
29188
29227
29987
29189
29228
29988
29190
29229
29989
29191
29230
29990
29192
29231
29991
29193
29232
29992
29194
29233
29993
29195
29234
29994
29196
29235
29995
29197
29236
29996
29198
29237
29997
29199
29238
29998
29239
29999
29201
29240
30000
29202
29241
30001
29203
29242
30002
29204
29243
30003
29205
29244
30004
29206
29245
30005
29207
29246
30006
29208
29247
30007
29209
29248
30008
29210
29249
30009
29211
29250
30010
29212
29251
30011
29213
29252
30012
29214
29253
30013
29215
29254
30014
29216
29255
30015
29217
29256
30016
29218
29257
30017
29219
29258
30018
29220
29259
30019
29221
29260
30020
29222
29261
30021
29223
29262
30022
29224
29263
30023
29225
29264
30024
29226
29265
30025
29227
29266
30026
29228
29267
30027
29229
29268
30028
29230
29269
30029
29231
29270
30030
29232
29271
30031
29233
29272
30032
29234
29273
30033
29235
29274
30034
29236
29275
30035
29237
29276
30036
29238
29277
30037
29239
29278
30038
29279
30039
29241
29280
30040
29242
29281
30041
29243
29282
30042
29244
29283
30043
29245
29284
30044
29246
29285
30045
29247
29286
30046
29248
29287
30047
29249
29288
30048
29250
29289
30049
29251
29290
30050
29252
29291
30051
29253
29292
30052
29254
29293
30053
29255
29294
30054
29256
29295
30055
29257
29296
30056
29258
29297
30057
29259
29298
30058
29260
29299
30059
29261
29300
30060
29262
29301
30061
29263
29302
30062
29264
29303
30063
29265
29304
30064
29266
29305
30065
29267
29306
30066
29268
29307
30067
29269
29308
30068
29270
29309
30069
29271
29310
30070
29272
29311
30071
29273
29312
30072
29274
29313
30073
29275
29314
30074
29276
29315
30075
29277
29316
30076
29278
29317
30077
29279
29318
30078
29319
30079
29281
29320
30080
29282
29321
30081
29283
29322
30082
29284
29323
30083
29285
29324
30084
29286
29325
30085
29287
29326
30086
29288
29327
30087
29289
29328
30088
29290
29329
30089
29291
29330
30090
29292
29331
30091
29293
29332
30092
29294
29333
30093
29295
29334
30094
29296
29335
30095
29297
29336
30096
29298
29337
30097
29299
29338
30098
29300
29339
30099
29301
29340
30100
29302
29341
30101
29303
29342
30102
29304
29343
30103
29305
29344
30104
29306
29345
30105
29307
29346
30106
29308
29347
30107
29309
29348
30108
29310
29349
30109
29311
29350
30110
29312
29351
30111
29313
29352
30112
29314
29353
30113
29315
29354
30114
29316
29355
30115
29317
29356
30116
29318
29357
30117
29319
29358
30118
29359
30119
29321
29360
30120
29322
29361
30121
29323
29362
30122
29324
29363
30123
29325
29364
30124
29326
29365
30125
29327
29366
30126
29328
29367
30127
29329
29368
30128
29330
29369
30129
29331
29370
30130
29332
29371
30131
29333
29372
30132
29334
29373
30133
29335
29374
30134
29336
29375
30135
29337
29376
30136
29338
29377
30137
29339
29378
30138
29340
29379
30139
29341
29380
30140
29342
29381
30141
29343
29382
30142
29344
29383
30143
29345
29384
30144
29346
29385
30145
29347
29386
30146
29348
29387
30147
29349
29388
30148
29350
29389
30149
29351
29390
30150
29352
29391
30151
29353
29392
30152
29354
29393
30153
29355
29394
30154
29356
29395
30155
29357
29396
30156
29358
29397
30157
29359
29398
30158
29399
30159
29361
29400
30160
29362
29401
30161
29363
29402
30162
29364
29403
30163
29365
29404
30164
29366
29405
30165
29367
29406
30166
29368
29407
30167
29369
29408
30168
29370
29409
30169
29371
29410
30170
29372
29411
30171
29373
29412
30172
29374
29413
30173
29375
29414
30174
29376
29415
30175
29377
29416
30176
29378
29417
30177
29379
29418
30178
29380
29419
30179
29381
29420
30180
29382
29421
30181
29383
29422
30182
29384
29423
30183
29385
29424
30184
29386
29425
30185
29387
29426
30186
29388
29427
30187
29389
29428
30188
29390
29429
30189
29391
29430
30190
29392
29431
30191
29393
29432
30192
29394
29433
30193
29395
29434
30194
29396
29435
30195
29397
29436
30196
29398
29437
30197
29399
29438
30198
29439
30199
29401
29440
30200
29402
29441
30201
29403
29442
30202
29404
29443
30203
29405
29444
30204
29406
29445
30205
29407
29446
30206
29408
29447
30207
29409
29448
30208
29410
29449
30209
29411
29450
30210
29412
29451
30211
29413
29452
30212
29414
29453
30213
29415
29454
30214
29416
29455
30215
29417
29456
30216
29418
29457
30217
29419
29458
30218
29420
29459
30219
29421
29460
30220
29422
29461
30221
29423
29462
30222
29424
29463
30223
29425
29464
30224
29426
29465
30225
29427
29466
30226
29428
29467
30227
29429
29468
30228
29430
29469
30229
29431
29470
30230
29432
29471
30231
29433
29472
30232
29434
29473
30233
29435
29474
30234
29436
29475
30235
29437
29476
30236
29438
29477
30237
29439
29478
30238
29479
30239
29441
29480
30240
29442
29481
30241
29443
29482
30242
29444
29483
30243
29445
29484
30244
29446
29485
30245
29447
29486
30246
29448
29487
30247
29449
29488
30248
29450
29489
30249
29451
29490
30250
29452
29491
30251
29453
29492
30252
29454
29493
30253
29455
29494
30254
29456
29495
30255
29457
29496
30256
29458
29497
30257
29459
29498
30258
29460
29499
30259
29461
29500
30260
29462
29501
30261
29463
29502
30262
29464
29503
30263
29465
29504
30264
29466
29505
30265
29467
29506
30266
29468
29507
30267
29469
29508
30268
29470
29509
30269
29471
29510
30270
29472
29511
30271
29473
29512
30272
29474
29513
30273
29475
29514
30274
29476
29515
30275
29477
29516
30276
29478
29517
30277
29479
29518
30278
29519
30279
29481
29520
30280
29482
29521
30281
29483
29522
30282
29484
29523
30283
29485
29524
30284
29486
29525
30285
29487
29526
30286
29488
29527
30287
29489
29528
30288
29490
29529
30289
29491
29530
30290
29492
29531
30291
29493
29532
30292
29494
29533
30293
29495
29534
30294
29496
29535
30295
29497
29536
30296
29498
29537
30297
29499
29538
30298
29500
29539
30299
29501
29540
30300
29502
29541
30301
29503
29542
30302
29504
29543
30303
29505
29544
30304
29506
29545
30305
29507
29546
30306
29508
29547
30307
29509
29548
30308
29510
29549
30309
29511
29550
30310
29512
29551
30311
29513
29552
30312
29514
29553
30313
29515
29554
30314
29516
29555
30315
29517
29556
30316
29518
29557
30317
29519
29558
30318
29559
30319
29521
29560
30320
29522
29561
30321
29523
29562
30322
29524
29563
30323
29525
29564
30324
29526
29565
30325
29527
29566
30326
29528
29567
30327
29529
29568
30328
29530
29569
30329
29531
29570
30330
29532
29571
30331
29533
29572
30332
29534
29573
30333
29535
29574
30334
29536
29575
30335
29537
29576
30336
29538
29577
30337
29539
29578
30338
29540
29579
30339
29541
29580
30340
29542
29581
30341
29543
29582
30342
29544
29583
30343
29545
29584
30344
29546
29585
30345
29547
29586
30346
29548
29587
30347
29549
29588
30348
29550
29589
30349
29551
29590
30350
29552
29591
30351
29553
29592
30352
29554
29593
30353
29555
29594
30354
29556
29595
30355
29557
29596
30356
29558
29597
30357
29559
29598
30358
29599
30359
29561
30360
29562
30361
29563
30362
29564
30363
29565
30364
29566
30365
29567
30366
29568
30367
29569
30368
29570
30369
29571
30370
29572
30371
29573
30372
29574
30373
29575
30374
29576
30375
29577
30376
29578
30377
29579
30378
29580
30379
29581
30380
29582
30381
29583
30382
29584
30383
29585
30384
29586
30385
29587
30386
29588
30387
29589
30388
29590
30389
29591
30390
29592
30391
29593
30392
29594
30393
29595
30394
29596
30395
29597
30396
29598
30397
29599
30398
30399
29601
29640
30400
29602
29641
30401
29603
29642
30402
29604
29643
30403
29605
29644
30404
29606
29645
30405
29607
29646
30406
29608
29647
30407
29609
29648
30408
29610
29649
30409
29611
29650
30410
29612
29651
30411
29613
29652
30412
29614
29653
30413
29615
29654
30414
29616
29655
30415
29617
29656
30416
29618
29657
30417
29619
29658
30418
29620
29659
30419
29621
29660
30420
29622
29661
30421
29623
29662
30422
29624
29663
30423
29625
29664
30424
29626
29665
30425
29627
29666
30426
29628
29667
30427
29629
29668
30428
29630
29669
30429
29631
29670
30430
29632
29671
30431
29633
29672
30432
29634
29673
30433
29635
29674
30434
29636
29675
30435
29637
29676
30436
29638
29677
30437
29639
29678
30438
29679
30439
29641
29680
30440
29642
29681
30441
29643
29682
30442
29644
29683
30443
29645
29684
30444
29646
29685
30445
29647
29686
30446
29648
29687
30447
29649
29688
30448
29650
29689
30449
29651
29690
30450
29652
29691
30451
29653
29692
30452
29654
29693
30453
29655
29694
30454
29656
29695
30455
29657
29696
30456
29658
29697
30457
29659
29698
30458
29660
29699
30459
29661
29700
30460
29662
29701
30461
29663
29702
30462
29664
29703
30463
29665
29704
30464
29666
29705
30465
29667
29706
30466
29668
29707
30467
29669
29708
30468
29670
29709
30469
29671
29710
30470
29672
29711
30471
29673
29712
30472
29674
29713
30473
29675
29714
30474
29676
29715
30475
29677
29716
30476
29678
29717
30477
29679
29718
30478
29719
30479
29681
29720
30480
29682
29721
30481
29683
29722
30482
29684
29723
30483
29685
29724
30484
29686
29725
30485
29687
29726
30486
29688
29727
30487
29689
29728
30488
29690
29729
30489
29691
29730
30490
29692
29731
30491
29693
29732
30492
29694
29733
30493
29695
29734
30494
29696
29735
30495
29697
29736
30496
29698
29737
30497
29699
29738
30498
29700
29739
30499
29701
29740
30500
29702
29741
30501
29703
29742
30502
29704
29743
30503
29705
29744
30504
29706
29745
30505
29707
29746
30506
29708
29747
30507
29709
29748
30508
29710
29749
30509
29711
29750
30510
29712
29751
30511
29713
29752
30512
29714
29753
30513
29715
29754
30514
29716
29755
30515
29717
29756
30516
29718
29757
30517
29719
29758
30518
29759
30519
29721
29760
30520
29722
29761
30521
29723
29762
30522
29724
29763
30523
29725
29764
30524
29726
29765
30525
29727
29766
30526
29728
29767
30527
29729
29768
30528
29730
29769
30529
29731
29770
30530
29732
29771
30531
29733
29772
30532
29734
29773
30533
29735
29774
30534
29736
29775
30535
29737
29776
30536
29738
29777
30537
29739
29778
30538
29740
29779
30539
29741
29780
30540
29742
29781
30541
29743
29782
30542
29744
29783
30543
29745
29784
30544
29746
29785
30545
29747
29786
30546
29748
29787
30547
29749
29788
30548
29750
29789
30549
29751
29790
30550
29752
29791
30551
29753
29792
30552
29754
29793
30553
29755
29794
30554
29756
29795
30555
29757
29796
30556
29758
29797
30557
29759
29798
30558
29799
30559
29761
29800
30560
29762
29801
30561
29763
29802
30562
29764
29803
30563
29765
29804
30564
29766
29805
30565
29767
29806
30566
29768
29807
30567
29769
29808
30568
29770
29809
30569
29771
29810
30570
29772
29811
30571
29773
29812
30572
29774
29813
30573
29775
29814
30574
29776
29815
30575
29777
29816
30576
29778
29817
30577
29779
29818
30578
29780
29819
30579
29781
29820
30580
29782
29821
30581
29783
29822
30582
29784
29823
30583
29785
29824
30584
29786
29825
30585
29787
29826
30586
29788
29827
30587
29789
29828
30588
29790
29829
30589
29791
29830
30590
29792
29831
30591
29793
29832
30592
29794
29833
30593
29795
29834
30594
29796
29835
30595
29797
29836
30596
29798
29837
30597
29799
29838
30598
29839
30599
29801
29840
30600
29802
29841
30601
29803
29842
30602
29804
29843
30603
29805
29844
30604
29806
29845
30605
29807
29846
30606
29808
29847
30607
29809
29848
30608
29810
29849
30609
29811
29850
30610
29812
29851
30611
29813
29852
30612
29814
29853
30613
29815
29854
30614
29816
29855
30615
29817
29856
30616
29818
29857
30617
29819
29858
30618
29820
29859
30619
29821
29860
30620
29822
29861
30621
29823
29862
30622
29824
29863
30623
29825
29864
30624
29826
29865
30625
29827
29866
30626
29828
29867
30627
29829
29868
30628
29830
29869
30629
29831
29870
30630
29832
29871
30631
29833
29872
30632
29834
29873
30633
29835
29874
30634
29836
29875
30635
29837
29876
30636
29838
29877
30637
29839
29878
30638
29879
30639
29841
29880
30640
29842
29881
30641
29843
29882
30642
29844
29883
30643
29845
29884
30644
29846
29885
30645
29847
29886
30646
29848
29887
30647
29849
29888
30648
29850
29889
30649
29851
29890
30650
29852
29891
30651
29853
29892
30652
29854
29893
30653
29855
29894
30654
29856
29895
30655
29857
29896
30656
29858
29897
30657
29859
29898
30658
29860
29899
30659
29861
29900
30660
29862
29901
30661
29863
29902
30662
29864
29903
30663
29865
29904
30664
29866
29905
30665
29867
29906
30666
29868
29907
30667
29869
29908
30668
29870
29909
30669
29871
29910
30670
29872
29911
30671
29873
29912
30672
29874
29913
30673
29875
29914
30674
29876
29915
30675
29877
29916
30676
29878
29917
30677
29879
29918
30678
29919
30679
29881
29920
30680
29882
29921
30681
29883
29922
30682
29884
29923
30683
29885
29924
30684
29886
29925
30685
29887
29926
30686
29888
29927
30687
29889
29928
30688
29890
29929
30689
29891
29930
30690
29892
29931
30691
29893
29932
30692
29894
29933
30693
29895
29934
30694
29896
29935
30695
29897
29936
30696
29898
29937
30697
29899
29938
30698
29900
29939
30699
29901
29940
30700
29902
29941
30701
29903
29942
30702
29904
29943
30703
29905
29944
30704
29906
29945
30705
29907
29946
30706
29908
29947
30707
29909
29948
30708
29910
29949
30709
29911
29950
30710
29912
29951
30711
29913
29952
30712
29914
29953
30713
29915
29954
30714
29916
29955
30715
29917
29956
30716
29918
29957
30717
29919
29958
30718
29959
30719
29921
29960
30720
29922
29961
30721
29923
29962
30722
29924
29963
30723
29925
29964
30724
29926
29965
30725
29927
29966
30726
29928
29967
30727
29929
29968
30728
29930
29969
30729
29931
29970
30730
29932
29971
30731
29933
29972
30732
29934
29973
30733
29935
29974
30734
29936
29975
30735
29937
29976
30736
29938
29977
30737
29939
29978
30738
29940
29979
30739
29941
29980
30740
29942
29981
30741
29943
29982
30742
29944
29983
30743
29945
29984
30744
29946
29985
30745
29947
29986
30746
29948
29987
30747
29949
29988
30748
29950
29989
30749
29951
29990
30750
29952
29991
30751
29953
29992
30752
29954
29993
30753
29955
29994
30754
29956
29995
30755
29957
29996
30756
29958
29997
30757
29959
29998
30758
29999
30759
29961
30000
30760
29962
30001
30761
29963
30002
30762
29964
30003
30763
29965
30004
30764
29966
30005
30765
29967
30006
30766
29968
30007
30767
29969
30008
30768
29970
30009
30769
29971
30010
30770
29972
30011
30771
29973
30012
30772
29974
30013
30773
29975
30014
30774
29976
30015
30775
29977
30016
30776
29978
30017
30777
29979
30018
30778
29980
30019
30779
29981
30020
30780
29982
30021
30781
29983
30022
30782
29984
30023
30783
29985
30024
30784
29986
30025
30785
29987
30026
30786
29988
30027
30787
29989
30028
30788
29990
30029
30789
29991
30030
30790
29992
30031
30791
29993
30032
30792
29994
30033
30793
29995
30034
30794
29996
30035
30795
29997
30036
30796
29998
30037
30797
29999
30038
30798
30039
30799
30001
30040
30800
30002
30041
30801
30003
30042
30802
30004
30043
30803
30005
30044
30804
30006
30045
30805
30007
30046
30806
30008
30047
30807
30009
30048
30808
30010
30049
30809
30011
30050
30810
30012
30051
30811
30013
30052
30812
30014
30053
30813
30015
30054
30814
30016
30055
30815
30017
30056
30816
30018
30057
30817
30019
30058
30818
30020
30059
30819
30021
30060
30820
30022
30061
30821
30023
30062
30822
30024
30063
30823
30025
30064
30824
30026
30065
30825
30027
30066
30826
30028
30067
30827
30029
30068
30828
30030
30069
30829
30031
30070
30830
30032
30071
30831
30033
30072
30832
30034
30073
30833
30035
30074
30834
30036
30075
30835
30037
30076
30836
30038
30077
30837
30039
30078
30838
30079
30839
30041
30080
30840
30042
30081
30841
30043
30082
30842
30044
30083
30843
30045
30084
30844
30046
30085
30845
30047
30086
30846
30048
30087
30847
30049
30088
30848
30050
30089
30849
30051
30090
30850
30052
30091
30851
30053
30092
30852
30054
30093
30853
30055
30094
30854
30056
30095
30855
30057
30096
30856
30058
30097
30857
30059
30098
30858
30060
30099
30859
30061
30100
30860
30062
30101
30861
30063
30102
30862
30064
30103
30863
30065
30104
30864
30066
30105
30865
30067
30106
30866
30068
30107
30867
30069
30108
30868
30070
30109
30869
30071
30110
30870
30072
30111
30871
30073
30112
30872
30074
30113
30873
30075
30114
30874
30076
30115
30875
30077
30116
30876
30078
30117
30877
30079
30118
30878
30119
30879
30081
30120
30880
30082
30121
30881
30083
30122
30882
30084
30123
30883
30085
30124
30884
30086
30125
30885
30087
30126
30886
30088
30127
30887
30089
30128
30888
30090
30129
30889
30091
30130
30890
30092
30131
30891
30093
30132
30892
30094
30133
30893
30095
30134
30894
30096
30135
30895
30097
30136
30896
30098
30137
30897
30099
30138
30898
30100
30139
30899
30101
30140
30900
30102
30141
30901
30103
30142
30902
30104
30143
30903
30105
30144
30904
30106
30145
30905
30107
30146
30906
30108
30147
30907
30109
30148
30908
30110
30149
30909
30111
30150
30910
30112
30151
30911
30113
30152
30912
30114
30153
30913
30115
30154
30914
30116
30155
30915
30117
30156
30916
30118
30157
30917
30119
30158
30918
30159
30919
30121
30160
30920
30122
30161
30921
30123
30162
30922
30124
30163
30923
30125
30164
30924
30126
30165
30925
30127
30166
30926
30128
30167
30927
30129
30168
30928
30130
30169
30929
30131
30170
30930
30132
30171
30931
30133
30172
30932
30134
30173
30933
30135
30174
30934
30136
30175
30935
30137
30176
30936
30138
30177
30937
30139
30178
30938
30140
30179
30939
30141
30180
30940
30142
30181
30941
30143
30182
30942
30144
30183
30943
30145
30184
30944
30146
30185
30945
30147
30186
30946
30148
30187
30947
30149
30188
30948
30150
30189
30949
30151
30190
30950
30152
30191
30951
30153
30192
30952
30154
30193
30953
30155
30194
30954
30156
30195
30955
30157
30196
30956
30158
30197
30957
30159
30198
30958
30199
30959
30161
30200
30960
30162
30201
30961
30163
30202
30962
30164
30203
30963
30165
30204
30964
30166
30205
30965
30167
30206
30966
30168
30207
30967
30169
30208
30968
30170
30209
30969
30171
30210
30970
30172
30211
30971
30173
30212
30972
30174
30213
30973
30175
30214
30974
30176
30215
30975
30177
30216
30976
30178
30217
30977
30179
30218
30978
30180
30219
30979
30181
30220
30980
30182
30221
30981
30183
30222
30982
30184
30223
30983
30185
30224
30984
30186
30225
30985
30187
30226
30986
30188
30227
30987
30189
30228
30988
30190
30229
30989
30191
30230
30990
30192
30231
30991
30193
30232
30992
30194
30233
30993
30195
30234
30994
30196
30235
30995
30197
30236
30996
30198
30237
30997
30199
30238
30998
30239
30999
30201
30240
31000
30202
30241
31001
30203
30242
31002
30204
30243
31003
30205
30244
31004
30206
30245
31005
30207
30246
31006
30208
30247
31007
30209
30248
31008
30210
30249
31009
30211
30250
31010
30212
30251
31011
30213
30252
31012
30214
30253
31013
30215
30254
31014
30216
30255
31015
30217
30256
31016
30218
30257
31017
30219
30258
31018
30220
30259
31019
30221
30260
31020
30222
30261
31021
30223
30262
31022
30224
30263
31023
30225
30264
31024
30226
30265
31025
30227
30266
31026
30228
30267
31027
30229
30268
31028
30230
30269
31029
30231
30270
31030
30232
30271
31031
30233
30272
31032
30234
30273
31033
30235
30274
31034
30236
30275
31035
30237
30276
31036
30238
30277
31037
30239
30278
31038
30279
31039
30241
30280
31040
30242
30281
31041
30243
30282
31042
30244
30283
31043
30245
30284
31044
30246
30285
31045
30247
30286
31046
30248
30287
31047
30249
30288
31048
30250
30289
31049
30251
30290
31050
30252
30291
31051
30253
30292
31052
30254
30293
31053
30255
30294
31054
30256
30295
31055
30257
30296
31056
30258
30297
31057
30259
30298
31058
30260
30299
31059
30261
30300
31060
30262
30301
31061
30263
30302
31062
30264
30303
31063
30265
30304
31064
30266
30305
31065
30267
30306
31066
30268
30307
31067
30269
30308
31068
30270
30309
31069
30271
30310
31070
30272
30311
31071
30273
30312
31072
30274
30313
31073
30275
30314
31074
30276
30315
31075
30277
30316
31076
30278
30317
31077
30279
30318
31078
30319
31079
30281
30320
31080
30282
30321
31081
30283
30322
31082
30284
30323
31083
30285
30324
31084
30286
30325
31085
30287
30326
31086
30288
30327
31087
30289
30328
31088
30290
30329
31089
30291
30330
31090
30292
30331
31091
30293
30332
31092
30294
30333
31093
30295
30334
31094
30296
30335
31095
30297
30336
31096
30298
30337
31097
30299
30338
31098
30300
30339
31099
30301
30340
31100
30302
30341
31101
30303
30342
31102
30304
30343
31103
30305
30344
31104
30306
30345
31105
30307
30346
31106
30308
30347
31107
30309
30348
31108
30310
30349
31109
30311
30350
31110
30312
30351
31111
30313
30352
31112
30314
30353
31113
30315
30354
31114
30316
30355
31115
30317
30356
31116
30318
30357
31117
30319
30358
31118
30359
31119
30321
30360
31120
30322
30361
31121
30323
30362
31122
30324
30363
31123
30325
30364
31124
30326
30365
31125
30327
30366
31126
30328
30367
31127
30329
30368
31128
30330
30369
31129
30331
30370
31130
30332
30371
31131
30333
30372
31132
30334
30373
31133
30335
30374
31134
30336
30375
31135
30337
30376
31136
30338
30377
31137
30339
30378
31138
30340
30379
31139
30341
30380
31140
30342
30381
31141
30343
30382
31142
30344
30383
31143
30345
30384
31144
30346
30385
31145
30347
30386
31146
30348
30387
31147
30349
30388
31148
30350
30389
31149
30351
30390
31150
30352
30391
31151
30353
30392
31152
30354
30393
31153
30355
30394
31154
30356
30395
31155
30357
30396
31156
30358
30397
31157
30359
30398
31158
30399
31159
30361
31160
30362
31161
30363
31162
30364
31163
30365
31164
30366
31165
30367
31166
30368
31167
30369
31168
30370
31169
30371
31170
30372
31171
30373
31172
30374
31173
30375
31174
30376
31175
30377
31176
30378
31177
30379
31178
30380
31179
30381
31180
30382
31181
30383
31182
30384
31183
30385
31184
30386
31185
30387
31186
30388
31187
30389
31188
30390
31189
30391
31190
30392
31191
30393
31192
30394
31193
30395
31194
30396
31195
30397
31196
30398
31197
30399
31198
31199
30401
30440
31200
30402
30441
31201
30403
30442
31202
30404
30443
31203
30405
30444
31204
30406
30445
31205
30407
30446
31206
30408
30447
31207
30409
30448
31208
30410
30449
31209
30411
30450
31210
30412
30451
31211
30413
30452
31212
30414
30453
31213
30415
30454
31214
30416
30455
31215
30417
30456
31216
30418
30457
31217
30419
30458
31218
30420
30459
31219
30421
30460
31220
30422
30461
31221
30423
30462
31222
30424
30463
31223
30425
30464
31224
30426
30465
31225
30427
30466
31226
30428
30467
31227
30429
30468
31228
30430
30469
31229
30431
30470
31230
30432
30471
31231
30433
30472
31232
30434
30473
31233
30435
30474
31234
30436
30475
31235
30437
30476
31236
30438
30477
31237
30439
30478
31238
30479
31239
30441
30480
31240
30442
30481
31241
30443
30482
31242
30444
30483
31243
30445
30484
31244
30446
30485
31245
30447
30486
31246
30448
30487
31247
30449
30488
31248
30450
30489
31249
30451
30490
31250
30452
30491
31251
30453
30492
31252
30454
30493
31253
30455
30494
31254
30456
30495
31255
30457
30496
31256
30458
30497
31257
30459
30498
31258
30460
30499
31259
30461
30500
31260
30462
30501
31261
30463
30502
31262
30464
30503
31263
30465
30504
31264
30466
30505
31265
30467
30506
31266
30468
30507
31267
30469
30508
31268
30470
30509
31269
30471
30510
31270
30472
30511
31271
30473
30512
31272
30474
30513
31273
30475
30514
31274
30476
30515
31275
30477
30516
31276
30478
30517
31277
30479
30518
31278
30519
31279
30481
30520
31280
30482
30521
31281
30483
30522
31282
30484
30523
31283
30485
30524
31284
30486
30525
31285
30487
30526
31286
30488
30527
31287
30489
30528
31288
30490
30529
31289
30491
30530
31290
30492
30531
31291
30493
30532
31292
30494
30533
31293
30495
30534
31294
30496
30535
31295
30497
30536
31296
30498
30537
31297
30499
30538
31298
30500
30539
31299
30501
30540
31300
30502
30541
31301
30503
30542
31302
30504
30543
31303
30505
30544
31304
30506
30545
31305
30507
30546
31306
30508
30547
31307
30509
30548
31308
30510
30549
31309
30511
30550
31310
30512
30551
31311
30513
30552
31312
30514
30553
31313
30515
30554
31314
30516
30555
31315
30517
30556
31316
30518
30557
31317
30519
30558
31318
30559
31319
30521
30560
31320
30522
30561
31321
30523
30562
31322
30524
30563
31323
30525
30564
31324
30526
30565
31325
30527
30566
31326
30528
30567
31327
30529
30568
31328
30530
30569
31329
30531
30570
31330
30532
30571
31331
30533
30572
31332
30534
30573
31333
30535
30574
31334
30536
30575
31335
30537
30576
31336
30538
30577
31337
30539
30578
31338
30540
30579
31339
30541
30580
31340
30542
30581
31341
30543
30582
31342
30544
30583
31343
30545
30584
31344
30546
30585
31345
30547
30586
31346
30548
30587
31347
30549
30588
31348
30550
30589
31349
30551
30590
31350
30552
30591
31351
30553
30592
31352
30554
30593
31353
30555
30594
31354
30556
30595
31355
30557
30596
31356
30558
30597
31357
30559
30598
31358
30599
31359
30561
30600
31360
30562
30601
31361
30563
30602
31362
30564
30603
31363
30565
30604
31364
30566
30605
31365
30567
30606
31366
30568
30607
31367
30569
30608
31368
30570
30609
31369
30571
30610
31370
30572
30611
31371
30573
30612
31372
30574
30613
31373
30575
30614
31374
30576
30615
31375
30577
30616
31376
30578
30617
31377
30579
30618
31378
30580
30619
31379
30581
30620
31380
30582
30621
31381
30583
30622
31382
30584
30623
31383
30585
30624
31384
30586
30625
31385
30587
30626
31386
30588
30627
31387
30589
30628
31388
30590
30629
31389
30591
30630
31390
30592
30631
31391
30593
30632
31392
30594
30633
31393
30595
30634
31394
30596
30635
31395
30597
30636
31396
30598
30637
31397
30599
30638
31398
30639
31399
30601
30640
31400
30602
30641
31401
30603
30642
31402
30604
30643
31403
30605
30644
31404
30606
30645
31405
30607
30646
31406
30608
30647
31407
30609
30648
31408
30610
30649
31409
30611
30650
31410
30612
30651
31411
30613
30652
31412
30614
30653
31413
30615
30654
31414
30616
30655
31415
30617
30656
31416
30618
30657
31417
30619
30658
31418
30620
30659
31419
30621
30660
31420
30622
30661
31421
30623
30662
31422
30624
30663
31423
30625
30664
31424
30626
30665
31425
30627
30666
31426
30628
30667
31427
30629
30668
31428
30630
30669
31429
30631
30670
31430
30632
30671
31431
30633
30672
31432
30634
30673
31433
30635
30674
31434
30636
30675
31435
30637
30676
31436
30638
30677
31437
30639
30678
31438
30679
31439
30641
30680
31440
30642
30681
31441
30643
30682
31442
30644
30683
31443
30645
30684
31444
30646
30685
31445
30647
30686
31446
30648
30687
31447
30649
30688
31448
30650
30689
31449
30651
30690
31450
30652
30691
31451
30653
30692
31452
30654
30693
31453
30655
30694
31454
30656
30695
31455
30657
30696
31456
30658
30697
31457
30659
30698
31458
30660
30699
31459
30661
30700
31460
30662
30701
31461
30663
30702
31462
30664
30703
31463
30665
30704
31464
30666
30705
31465
30667
30706
31466
30668
30707
31467
30669
30708
31468
30670
30709
31469
30671
30710
31470
30672
30711
31471
30673
30712
31472
30674
30713
31473
30675
30714
31474
30676
30715
31475
30677
30716
31476
30678
30717
31477
30679
30718
31478
30719
31479
30681
30720
31480
30682
30721
31481
30683
30722
31482
30684
30723
31483
30685
30724
31484
30686
30725
31485
30687
30726
31486
30688
30727
31487
30689
30728
31488
30690
30729
31489
30691
30730
31490
30692
30731
31491
30693
30732
31492
30694
30733
31493
30695
30734
31494
30696
30735
31495
30697
30736
31496
30698
30737
31497
30699
30738
31498
30700
30739
31499
30701
30740
31500
30702
30741
31501
30703
30742
31502
30704
30743
31503
30705
30744
31504
30706
30745
31505
30707
30746
31506
30708
30747
31507
30709
30748
31508
30710
30749
31509
30711
30750
31510
30712
30751
31511
30713
30752
31512
30714
30753
31513
30715
30754
31514
30716
30755
31515
30717
30756
31516
30718
30757
31517
30719
30758
31518
30759
31519
30721
30760
31520
30722
30761
31521
30723
30762
31522
30724
30763
31523
30725
30764
31524
30726
30765
31525
30727
30766
31526
30728
30767
31527
30729
30768
31528
30730
30769
31529
30731
30770
31530
30732
30771
31531
30733
30772
31532
30734
30773
31533
30735
30774
31534
30736
30775
31535
30737
30776
31536
30738
30777
31537
30739
30778
31538
30740
30779
31539
30741
30780
31540
30742
30781
31541
30743
30782
31542
30744
30783
31543
30745
30784
31544
30746
30785
31545
30747
30786
31546
30748
30787
31547
30749
30788
31548
30750
30789
31549
30751
30790
31550
30752
30791
31551
30753
30792
31552
30754
30793
31553
30755
30794
31554
30756
30795
31555
30757
30796
31556
30758
30797
31557
30759
30798
31558
30799
31559
30761
30800
31560
30762
30801
31561
30763
30802
31562
30764
30803
31563
30765
30804
31564
30766
30805
31565
30767
30806
31566
30768
30807
31567
30769
30808
31568
30770
30809
31569
30771
30810
31570
30772
30811
31571
30773
30812
31572
30774
30813
31573
30775
30814
31574
30776
30815
31575
30777
30816
31576
30778
30817
31577
30779
30818
31578
30780
30819
31579
30781
30820
31580
30782
30821
31581
30783
30822
31582
30784
30823
31583
30785
30824
31584
30786
30825
31585
30787
30826
31586
30788
30827
31587
30789
30828
31588
30790
30829
31589
30791
30830
31590
30792
30831
31591
30793
30832
31592
30794
30833
31593
30795
30834
31594
30796
30835
31595
30797
30836
31596
30798
30837
31597
30799
30838
31598
30839
31599
30801
30840
31600
30802
30841
31601
30803
30842
31602
30804
30843
31603
30805
30844
31604
30806
30845
31605
30807
30846
31606
30808
30847
31607
30809
30848
31608
30810
30849
31609
30811
30850
31610
30812
30851
31611
30813
30852
31612
30814
30853
31613
30815
30854
31614
30816
30855
31615
30817
30856
31616
30818
30857
31617
30819
30858
31618
30820
30859
31619
30821
30860
31620
30822
30861
31621
30823
30862
31622
30824
30863
31623
30825
30864
31624
30826
30865
31625
30827
30866
31626
30828
30867
31627
30829
30868
31628
30830
30869
31629
30831
30870
31630
30832
30871
31631
30833
30872
31632
30834
30873
31633
30835
30874
31634
30836
30875
31635
30837
30876
31636
30838
30877
31637
30839
30878
31638
30879
31639
30841
30880
31640
30842
30881
31641
30843
30882
31642
30844
30883
31643
30845
30884
31644
30846
30885
31645
30847
30886
31646
30848
30887
31647
30849
30888
31648
30850
30889
31649
30851
30890
31650
30852
30891
31651
30853
30892
31652
30854
30893
31653
30855
30894
31654
30856
30895
31655
30857
30896
31656
30858
30897
31657
30859
30898
31658
30860
30899
31659
30861
30900
31660
30862
30901
31661
30863
30902
31662
30864
30903
31663
30865
30904
31664
30866
30905
31665
30867
30906
31666
30868
30907
31667
30869
30908
31668
30870
30909
31669
30871
30910
31670
30872
30911
31671
30873
30912
31672
30874
30913
31673
30875
30914
31674
30876
30915
31675
30877
30916
31676
30878
30917
31677
30879
30918
31678
30919
31679
30881
30920
31680
30882
30921
31681
30883
30922
31682
30884
30923
31683
30885
30924
31684
30886
30925
31685
30887
30926
31686
30888
30927
31687
30889
30928
31688
30890
30929
31689
30891
30930
31690
30892
30931
31691
30893
30932
31692
30894
30933
31693
30895
30934
31694
30896
30935
31695
30897
30936
31696
30898
30937
31697
30899
30938
31698
30900
30939
31699
30901
30940
31700
30902
30941
31701
30903
30942
31702
30904
30943
31703
30905
30944
31704
30906
30945
31705
30907
30946
31706
30908
30947
31707
30909
30948
31708
30910
30949
31709
30911
30950
31710
30912
30951
31711
30913
30952
31712
30914
30953
31713
30915
30954
31714
30916
30955
31715
30917
30956
31716
30918
30957
31717
30919
30958
31718
30959
31719
30921
30960
31720
30922
30961
31721
30923
30962
31722
30924
30963
31723
30925
30964
31724
30926
30965
31725
30927
30966
31726
30928
30967
31727
30929
30968
31728
30930
30969
31729
30931
30970
31730
30932
30971
31731
30933
30972
31732
30934
30973
31733
30935
30974
31734
30936
30975
31735
30937
30976
31736
30938
30977
31737
30939
30978
31738
30940
30979
31739
30941
30980
31740
30942
30981
31741
30943
30982
31742
30944
30983
31743
30945
30984
31744
30946
30985
31745
30947
30986
31746
30948
30987
31747
30949
30988
31748
30950
30989
31749
30951
30990
31750
30952
30991
31751
30953
30992
31752
30954
30993
31753
30955
30994
31754
30956
30995
31755
30957
30996
31756
30958
30997
31757
30959
30998
31758
30999
31759
30961
31000
31760
30962
31001
31761
30963
31002
31762
30964
31003
31763
30965
31004
31764
30966
31005
31765
30967
31006
31766
30968
31007
31767
30969
31008
31768
30970
31009
31769
30971
31010
31770
30972
31011
31771
30973
31012
31772
30974
31013
31773
30975
31014
31774
30976
31015
31775
30977
31016
31776
30978
31017
31777
30979
31018
31778
30980
31019
31779
30981
31020
31780
30982
31021
31781
30983
31022
31782
30984
31023
31783
30985
31024
31784
30986
31025
31785
30987
31026
31786
30988
31027
31787
30989
31028
31788
30990
31029
31789
30991
31030
31790
30992
31031
31791
30993
31032
31792
30994
31033
31793
30995
31034
31794
30996
31035
31795
30997
31036
31796
30998
31037
31797
30999
31038
31798
31039
31799
31001
31040
31800
31002
31041
31801
31003
31042
31802
31004
31043
31803
31005
31044
31804
31006
31045
31805
31007
31046
31806
31008
31047
31807
31009
31048
31808
31010
31049
31809
31011
31050
31810
31012
31051
31811
31013
31052
31812
31014
31053
31813
31015
31054
31814
31016
31055
31815
31017
31056
31816
31018
31057
31817
31019
31058
31818
31020
31059
31819
31021
31060
31820
31022
31061
31821
31023
31062
31822
31024
31063
31823
31025
31064
31824
31026
31065
31825
31027
31066
31826
31028
31067
31827
31029
31068
31828
31030
31069
31829
31031
31070
31830
31032
31071
31831
31033
31072
31832
31034
31073
31833
31035
31074
31834
31036
31075
31835
31037
31076
31836
31038
31077
31837
31039
31078
31838
31079
31839
31041
31080
31840
31042
31081
31841
31043
31082
31842
31044
31083
31843
31045
31084
31844
31046
31085
31845
31047
31086
31846
31048
31087
31847
31049
31088
31848
31050
31089
31849
31051
31090
31850
31052
31091
31851
31053
31092
31852
31054
31093
31853
31055
31094
31854
31056
31095
31855
31057
31096
31856
31058
31097
31857
31059
31098
31858
31060
31099
31859
31061
31100
31860
31062
31101
31861
31063
31102
31862
31064
31103
31863
31065
31104
31864
31066
31105
31865
31067
31106
31866
31068
31107
31867
31069
31108
31868
31070
31109
31869
31071
31110
31870
31072
31111
31871
31073
31112
31872
31074
31113
31873
31075
31114
31874
31076
31115
31875
31077
31116
31876
31078
31117
31877
31079
31118
31878
31119
31879
31081
31120
31880
31082
31121
31881
31083
31122
31882
31084
31123
31883
31085
31124
31884
31086
31125
31885
31087
31126
31886
31088
31127
31887
31089
31128
31888
31090
31129
31889
31091
31130
31890
31092
31131
31891
31093
31132
31892
31094
31133
31893
31095
31134
31894
31096
31135
31895
31097
31136
31896
31098
31137
31897
31099
31138
31898
31100
31139
31899
31101
31140
31900
31102
31141
31901
31103
31142
31902
31104
31143
31903
31105
31144
31904
31106
31145
31905
31107
31146
31906
31108
31147
31907
31109
31148
31908
31110
31149
31909
31111
31150
31910
31112
31151
31911
31113
31152
31912
31114
31153
31913
31115
31154
31914
31116
31155
31915
31117
31156
31916
31118
31157
31917
31119
31158
31918
31159
31919
31121
31160
31920
31122
31161
31921
31123
31162
31922
31124
31163
31923
31125
31164
31924
31126
31165
31925
31127
31166
31926
31128
31167
31927
31129
31168
31928
31130
31169
31929
31131
31170
31930
31132
31171
31931
31133
31172
31932
31134
31173
31933
31135
31174
31934
31136
31175
31935
31137
31176
31936
31138
31177
31937
31139
31178
31938
31140
31179
31939
31141
31180
31940
31142
31181
31941
31143
31182
31942
31144
31183
31943
31145
31184
31944
31146
31185
31945
31147
31186
31946
31148
31187
31947
31149
31188
31948
31150
31189
31949
31151
31190
31950
31152
31191
31951
31153
31192
31952
31154
31193
31953
31155
31194
31954
31156
31195
31955
31157
31196
31956
31158
31197
31957
31159
31198
31958
31199
31959
31161
31960
31162
31961
31163
31962
31164
31963
31165
31964
31166
31965
31167
31966
31168
31967
31169
31968
31170
31969
31171
31970
31172
31971
31173
31972
31174
31973
31175
31974
31176
31975
31177
31976
31178
31977
31179
31978
31180
31979
31181
31980
31182
31981
31183
31982
31184
31983
31185
31984
31186
31985
31187
31986
31188
31987
31189
31988
31190
31989
31191
31990
31192
31991
31193
31992
31194
31993
31195
31994
31196
31995
31197
31996
31198
31997
31199
31998
31999
31201
31240
31202
31241
31203
31242
31204
31243
31205
31244
31206
31245
31207
31246
31208
31247
31209
31248
31210
31249
31211
31250
31212
31251
31213
31252
31214
31253
31215
31254
31216
31255
31217
31256
31218
31257
31219
31258
31220
31259
31221
31260
31222
31261
31223
31262
31224
31263
31225
31264
31226
31265
31227
31266
31228
31267
31229
31268
31230
31269
31231
31270
31232
31271
31233
31272
31234
31273
31235
31274
31236
31275
31237
31276
31238
31277
31239
31278
31279
31241
31280
31242
31281
31243
31282
31244
31283
31245
31284
31246
31285
31247
31286
31248
31287
31249
31288
31250
31289
31251
31290
31252
31291
31253
31292
31254
31293
31255
31294
31256
31295
31257
31296
31258
31297
31259
31298
31260
31299
31261
31300
31262
31301
31263
31302
31264
31303
31265
31304
31266
31305
31267
31306
31268
31307
31269
31308
31270
31309
31271
31310
31272
31311
31273
31312
31274
31313
31275
31314
31276
31315
31277
31316
31278
31317
31279
31318
31319
31281
31320
31282
31321
31283
31322
31284
31323
31285
31324
31286
31325
31287
31326
31288
31327
31289
31328
31290
31329
31291
31330
31292
31331
31293
31332
31294
31333
31295
31334
31296
31335
31297
31336
31298
31337
31299
31338
31300
31339
31301
31340
31302
31341
31303
31342
31304
31343
31305
31344
31306
31345
31307
31346
31308
31347
31309
31348
31310
31349
31311
31350
31312
31351
31313
31352
31314
31353
31315
31354
31316
31355
31317
31356
31318
31357
31319
31358
31359
31321
31360
31322
31361
31323
31362
31324
31363
31325
31364
31326
31365
31327
31366
31328
31367
31329
31368
31330
31369
31331
31370
31332
31371
31333
31372
31334
31373
31335
31374
31336
31375
31337
31376
31338
31377
31339
31378
31340
31379
31341
31380
31342
31381
31343
31382
31344
31383
31345
31384
31346
31385
31347
31386
31348
31387
31349
31388
31350
31389
31351
31390
31352
31391
31353
31392
31354
31393
31355
31394
31356
31395
31357
31396
31358
31397
31359
31398
31399
31361
31400
31362
31401
31363
31402
31364
31403
31365
31404
31366
31405
31367
31406
31368
31407
31369
31408
31370
31409
31371
31410
31372
31411
31373
31412
31374
31413
31375
31414
31376
31415
31377
31416
31378
31417
31379
31418
31380
31419
31381
31420
31382
31421
31383
31422
31384
31423
31385
31424
31386
31425
31387
31426
31388
31427
31389
31428
31390
31429
31391
31430
31392
31431
31393
31432
31394
31433
31395
31434
31396
31435
31397
31436
31398
31437
31399
31438
31439
31401
31440
31402
31441
31403
31442
31404
31443
31405
31444
31406
31445
31407
31446
31408
31447
31409
31448
31410
31449
31411
31450
31412
31451
31413
31452
31414
31453
31415
31454
31416
31455
31417
31456
31418
31457
31419
31458
31420
31459
31421
31460
31422
31461
31423
31462
31424
31463
31425
31464
31426
31465
31427
31466
31428
31467
31429
31468
31430
31469
31431
31470
31432
31471
31433
31472
31434
31473
31435
31474
31436
31475
31437
31476
31438
31477
31439
31478
31479
31441
31480
31442
31481
31443
31482
31444
31483
31445
31484
31446
31485
31447
31486
31448
31487
31449
31488
31450
31489
31451
31490
31452
31491
31453
31492
31454
31493
31455
31494
31456
31495
31457
31496
31458
31497
31459
31498
31460
31499
31461
31500
31462
31501
31463
31502
31464
31503
31465
31504
31466
31505
31467
31506
31468
31507
31469
31508
31470
31509
31471
31510
31472
31511
31473
31512
31474
31513
31475
31514
31476
31515
31477
31516
31478
31517
31479
31518
31519
31481
31520
31482
31521
31483
31522
31484
31523
31485
31524
31486
31525
31487
31526
31488
31527
31489
31528
31490
31529
31491
31530
31492
31531
31493
31532
31494
31533
31495
31534
31496
31535
31497
31536
31498
31537
31499
31538
31500
31539
31501
31540
31502
31541
31503
31542
31504
31543
31505
31544
31506
31545
31507
31546
31508
31547
31509
31548
31510
31549
31511
31550
31512
31551
31513
31552
31514
31553
31515
31554
31516
31555
31517
31556
31518
31557
31519
31558
31559
31521
31560
31522
31561
31523
31562
31524
31563
31525
31564
31526
31565
31527
31566
31528
31567
31529
31568
31530
31569
31531
31570
31532
31571
31533
31572
31534
31573
31535
31574
31536
31575
31537
31576
31538
31577
31539
31578
31540
31579
31541
31580
31542
31581
31543
31582
31544
31583
31545
31584
31546
31585
31547
31586
31548
31587
31549
31588
31550
31589
31551
31590
31552
31591
31553
31592
31554
31593
31555
31594
31556
31595
31557
31596
31558
31597
31559
31598
31599
31561
31600
31562
31601
31563
31602
31564
31603
31565
31604
31566
31605
31567
31606
31568
31607
31569
31608
31570
31609
31571
31610
31572
31611
31573
31612
31574
31613
31575
31614
31576
31615
31577
31616
31578
31617
31579
31618
31580
31619
31581
31620
31582
31621
31583
31622
31584
31623
31585
31624
31586
31625
31587
31626
31588
31627
31589
31628
31590
31629
31591
31630
31592
31631
31593
31632
31594
31633
31595
31634
31596
31635
31597
31636
31598
31637
31599
31638
31639
31601
31640
31602
31641
31603
31642
31604
31643
31605
31644
31606
31645
31607
31646
31608
31647
31609
31648
31610
31649
31611
31650
31612
31651
31613
31652
31614
31653
31615
31654
31616
31655
31617
31656
31618
31657
31619
31658
31620
31659
31621
31660
31622
31661
31623
31662
31624
31663
31625
31664
31626
31665
31627
31666
31628
31667
31629
31668
31630
31669
31631
31670
31632
31671
31633
31672
31634
31673
31635
31674
31636
31675
31637
31676
31638
31677
31639
31678
31679
31641
31680
31642
31681
31643
31682
31644
31683
31645
31684
31646
31685
31647
31686
31648
31687
31649
31688
31650
31689
31651
31690
31652
31691
31653
31692
31654
31693
31655
31694
31656
31695
31657
31696
31658
31697
31659
31698
31660
31699
31661
31700
31662
31701
31663
31702
31664
31703
31665
31704
31666
31705
31667
31706
31668
31707
31669
31708
31670
31709
31671
31710
31672
31711
31673
31712
31674
31713
31675
31714
31676
31715
31677
31716
31678
31717
31679
31718
31719
31681
31720
31682
31721
31683
31722
31684
31723
31685
31724
31686
31725
31687
31726
31688
31727
31689
31728
31690
31729
31691
31730
31692
31731
31693
31732
31694
31733
31695
31734
31696
31735
31697
31736
31698
31737
31699
31738
31700
31739
31701
31740
31702
31741
31703
31742
31704
31743
31705
31744
31706
31745
31707
31746
31708
31747
31709
31748
31710
31749
31711
31750
31712
31751
31713
31752
31714
31753
31715
31754
31716
31755
31717
31756
31718
31757
31719
31758
31759
31721
31760
31722
31761
31723
31762
31724
31763
31725
31764
31726
31765
31727
31766
31728
31767
31729
31768
31730
31769
31731
31770
31732
31771
31733
31772
31734
31773
31735
31774
31736
31775
31737
31776
31738
31777
31739
31778
31740
31779
31741
31780
31742
31781
31743
31782
31744
31783
31745
31784
31746
31785
31747
31786
31748
31787
31749
31788
31750
31789
31751
31790
31752
31791
31753
31792
31754
31793
31755
31794
31756
31795
31757
31796
31758
31797
31759
31798
31799
31761
31800
31762
31801
31763
31802
31764
31803
31765
31804
31766
31805
31767
31806
31768
31807
31769
31808
31770
31809
31771
31810
31772
31811
31773
31812
31774
31813
31775
31814
31776
31815
31777
31816
31778
31817
31779
31818
31780
31819
31781
31820
31782
31821
31783
31822
31784
31823
31785
31824
31786
31825
31787
31826
31788
31827
31789
31828
31790
31829
31791
31830
31792
31831
31793
31832
31794
31833
31795
31834
31796
31835
31797
31836
31798
31837
31799
31838
31839
31801
31840
31802
31841
31803
31842
31804
31843
31805
31844
31806
31845
31807
31846
31808
31847
31809
31848
31810
31849
31811
31850
31812
31851
31813
31852
31814
31853
31815
31854
31816
31855
31817
31856
31818
31857
31819
31858
31820
31859
31821
31860
31822
31861
31823
31862
31824
31863
31825
31864
31826
31865
31827
31866
31828
31867
31829
31868
31830
31869
31831
31870
31832
31871
31833
31872
31834
31873
31835
31874
31836
31875
31837
31876
31838
31877
31839
31878
31879
31841
31880
31842
31881
31843
31882
31844
31883
31845
31884
31846
31885
31847
31886
31848
31887
31849
31888
31850
31889
31851
31890
31852
31891
31853
31892
31854
31893
31855
31894
31856
31895
31857
31896
31858
31897
31859
31898
31860
31899
31861
31900
31862
31901
31863
31902
31864
31903
31865
31904
31866
31905
31867
31906
31868
31907
31869
31908
31870
31909
31871
31910
31872
31911
31873
31912
31874
31913
31875
31914
31876
31915
31877
31916
31878
31917
31879
31918
31919
31881
31920
31882
31921
31883
31922
31884
31923
31885
31924
31886
31925
31887
31926
31888
31927
31889
31928
31890
31929
31891
31930
31892
31931
31893
31932
31894
31933
31895
31934
31896
31935
31897
31936
31898
31937
31899
31938
31900
31939
31901
31940
31902
31941
31903
31942
31904
31943
31905
31944
31906
31945
31907
31946
31908
31947
31909
31948
31910
31949
31911
31950
31912
31951
31913
31952
31914
31953
31915
31954
31916
31955
31917
31956
31918
31957
31919
31958
31959
31921
31960
31922
31961
31923
31962
31924
31963
31925
31964
31926
31965
31927
31966
31928
31967
31929
31968
31930
31969
31931
31970
31932
31971
31933
31972
31934
31973
31935
31974
31936
31975
31937
31976
31938
31977
31939
31978
31940
31979
31941
31980
31942
31981
31943
31982
31944
31983
31945
31984
31946
31985
31947
31986
31948
31987
31949
31988
31950
31989
31951
31990
31952
31991
31953
31992
31954
31993
31955
31994
31956
31995
31957
31996
31958
31997
31959
31998
31999
31961
31962
31963
31964
31965
31966
31967
31968
31969
31970
31971
31972
31973
31974
31975
31976
31977
31978
31979
31980
31981
31982
31983
31984
31985
31986
31987
31988
31989
31990
31991
31992
31993
31994
31995
31996
31997
31998
31999
)


// ************************************************************************* //
