/*--------------------------------*- C++ -*----------------------------------*\
| =========                 |                                                 |
| \\      /  F ield         | OpenFOAM: The Open Source CFD Toolbox           |
|  \\    /   O peration     | Version:  v2012                                 |
|   \\  /    A nd           | Website:  www.openfoam.com                      |
|    \\/     M anipulation  |                                                 |
\*---------------------------------------------------------------------------*/
FoamFile
{
    version     2.0;
    format      ascii;
    class       vectorField;
    location    "constant/polyMesh";
    object      points;
}
// * * * * * * * * * * * * * * * * * * * * * * * * * * * * * * * * * * * * * //


35301
(
(-1 0 0)
(-0.9500000000000001 0 0)
(-0.9 0 0)
(-0.85 0 0)
(-0.8 0 0)
(-0.75 0 0)
(-0.7000000000000001 0 0)
(-0.65 0 0)
(-0.6 0 0)
(-0.55 0 0)
(-0.5 0 0)
(-0.45 0 0)
(-0.4 0 0)
(-0.35 0 0)
(-0.3 0 0)
(-0.25 0 0)
(-0.2 0 0)
(-0.15 0 0)
(-0.1 0 0)
(-0.05 0 0)
(0 0 0)
(0.05 0 0)
(0.1000000000000001 0 0)
(0.1499999999999999 0 0)
(0.2 0 0)
(0.25 0 0)
(0.3 0 0)
(0.35 0 0)
(0.4 0 0)
(0.45 0 0)
(0.5 0 0)
(0.55 0 0)
(0.6 0 0)
(0.65 0 0)
(0.7000000000000001 0 0)
(0.75 0 0)
(0.8 0 0)
(0.85 0 0)
(0.9 0 0)
(0.9500000000000001 0 0)
(1 0 0)
(-1 0.005 0)
(-0.9500000000000001 0.005 0)
(-0.9 0.005 0)
(-0.85 0.005000000000000001 0)
(-0.8 0.005 0)
(-0.75 0.005 0)
(-0.7000000000000001 0.005 0)
(-0.65 0.005 0)
(-0.6 0.005000000000000001 0)
(-0.55 0.005000000000000001 0)
(-0.5 0.005 0)
(-0.45 0.005 0)
(-0.4 0.005 0)
(-0.35 0.005 0)
(-0.3 0.005 0)
(-0.25 0.005 0)
(-0.2 0.005 0)
(-0.15 0.005 0)
(-0.09999999999999998 0.005 0)
(-0.05 0.005 0)
(0 0.005 0)
(0.05 0.005 0)
(0.1000000000000001 0.005000000000000001 0)
(0.1499999999999999 0.005000000000000001 0)
(0.2 0.005 0)
(0.2500000000000001 0.005 0)
(0.3 0.005000000000000001 0)
(0.3500000000000001 0.005000000000000001 0)
(0.3999999999999999 0.005 0)
(0.45 0.005 0)
(0.5 0.005 0)
(0.55 0.005000000000000001 0)
(0.6 0.005 0)
(0.65 0.005 0)
(0.7000000000000001 0.005 0)
(0.75 0.005 0)
(0.8 0.005000000000000001 0)
(0.85 0.005 0)
(0.9 0.005 0)
(0.9500000000000001 0.005 0)
(1 0.005 0)
(-1 0.01 0)
(-0.9500000000000001 0.01 0)
(-0.9 0.01 0)
(-0.85 0.01 0)
(-0.8 0.01 0)
(-0.75 0.01 0)
(-0.7000000000000001 0.01 0)
(-0.65 0.01 0)
(-0.6 0.01 0)
(-0.55 0.01 0)
(-0.5 0.01 0)
(-0.45 0.01 0)
(-0.4 0.01 0)
(-0.35 0.01 0)
(-0.3000000000000001 0.009999999999999998 0)
(-0.25 0.01 0)
(-0.2 0.01 0)
(-0.15 0.01 0)
(-0.1 0.009999999999999998 0)
(-0.05 0.01 0)
(0 0.01 0)
(0.05 0.01 0)
(0.1000000000000001 0.01 0)
(0.1499999999999999 0.01 0)
(0.2 0.009999999999999998 0)
(0.25 0.01 0)
(0.3000000000000001 0.01 0)
(0.35 0.01 0)
(0.3999999999999999 0.01 0)
(0.45 0.01 0)
(0.5 0.01 0)
(0.55 0.01 0)
(0.6 0.01 0)
(0.65 0.01 0)
(0.7000000000000001 0.01 0)
(0.75 0.01 0)
(0.8 0.01 0)
(0.85 0.01 0)
(0.9 0.01 0)
(0.9500000000000001 0.01 0)
(1 0.01 0)
(-1 0.015 0)
(-0.9500000000000001 0.015 0)
(-0.9 0.015 0)
(-0.85 0.015 0)
(-0.8 0.015 0)
(-0.75 0.015 0)
(-0.7000000000000001 0.015 0)
(-0.65 0.015 0)
(-0.6 0.015 0)
(-0.55 0.015 0)
(-0.5 0.015 0)
(-0.45 0.015 0)
(-0.4 0.015 0)
(-0.35 0.015 0)
(-0.3 0.015 0)
(-0.25 0.015 0)
(-0.2 0.015 0)
(-0.15 0.015 0)
(-0.1 0.015 0)
(-0.05 0.015 0)
(0 0.015 0)
(0.05 0.015 0)
(0.1000000000000001 0.015 0)
(0.1499999999999999 0.015 0)
(0.2 0.015 0)
(0.25 0.015 0)
(0.3 0.015 0)
(0.35 0.015 0)
(0.4 0.015 0)
(0.45 0.015 0)
(0.5 0.015 0)
(0.55 0.015 0)
(0.6 0.015 0)
(0.65 0.015 0)
(0.7000000000000001 0.015 0)
(0.75 0.015 0)
(0.8 0.015 0)
(0.85 0.015 0)
(0.9 0.015 0)
(0.9500000000000001 0.015 0)
(1 0.015 0)
(-1 0.02 0)
(-0.9500000000000001 0.02 0)
(-0.9 0.02 0)
(-0.85 0.02 0)
(-0.8 0.02 0)
(-0.75 0.02 0)
(-0.7000000000000001 0.02 0)
(-0.65 0.02 0)
(-0.6 0.02 0)
(-0.5499999999999999 0.02 0)
(-0.5000000000000001 0.02 0)
(-0.45 0.02 0)
(-0.4 0.02 0)
(-0.35 0.02 0)
(-0.3 0.02 0)
(-0.25 0.02 0)
(-0.2 0.02 0)
(-0.15 0.02 0)
(-0.09999999999999998 0.02 0)
(-0.05000000000000003 0.02 0)
(0 0.02 0)
(0.05000000000000003 0.02 0)
(0.1000000000000001 0.02 0)
(0.1499999999999999 0.02 0)
(0.2 0.02 0)
(0.25 0.02 0)
(0.3 0.02 0)
(0.35 0.02 0)
(0.4 0.02 0)
(0.45 0.02 0)
(0.5000000000000001 0.02 0)
(0.55 0.02 0)
(0.6000000000000001 0.02 0)
(0.65 0.02 0)
(0.7000000000000001 0.02 0)
(0.75 0.02 0)
(0.8 0.02 0)
(0.85 0.02 0)
(0.9 0.02 0)
(0.9500000000000001 0.02 0)
(1 0.02 0)
(-1 0.025 0)
(-0.9500000000000001 0.025 0)
(-0.9 0.025 0)
(-0.85 0.025 0)
(-0.8 0.025 0)
(-0.75 0.025 0)
(-0.7000000000000001 0.025 0)
(-0.65 0.025 0)
(-0.6 0.025 0)
(-0.55 0.025 0)
(-0.5 0.025 0)
(-0.45 0.025 0)
(-0.4 0.025 0)
(-0.35 0.025 0)
(-0.3 0.025 0)
(-0.25 0.025 0)
(-0.2 0.025 0)
(-0.15 0.025 0)
(-0.1 0.025 0)
(-0.05000000000000004 0.025 0)
(0 0.025 0)
(0.05000000000000004 0.025 0)
(0.1000000000000001 0.025 0)
(0.1499999999999999 0.025 0)
(0.2 0.025 0)
(0.25 0.025 0)
(0.3 0.025 0)
(0.35 0.025 0)
(0.4 0.025 0)
(0.45 0.025 0)
(0.5 0.025 0)
(0.55 0.025 0)
(0.6 0.025 0)
(0.65 0.025 0)
(0.7000000000000001 0.025 0)
(0.75 0.025 0)
(0.8 0.025 0)
(0.85 0.025 0)
(0.9 0.025 0)
(0.9500000000000001 0.025 0)
(1 0.025 0)
(-1 0.03 0)
(-0.9500000000000001 0.03 0)
(-0.9 0.03 0)
(-0.85 0.03 0)
(-0.8 0.03 0)
(-0.75 0.03 0)
(-0.7000000000000001 0.03 0)
(-0.65 0.03000000000000001 0)
(-0.6 0.03 0)
(-0.55 0.03 0)
(-0.5 0.03 0)
(-0.45 0.03 0)
(-0.4 0.03 0)
(-0.35 0.03 0)
(-0.3 0.03 0)
(-0.25 0.03 0)
(-0.2 0.03 0)
(-0.15 0.03 0)
(-0.1 0.03 0)
(-0.05000000000000003 0.03 0)
(0 0.03 0)
(0.05000000000000003 0.03 0)
(0.1000000000000001 0.03 0)
(0.1499999999999999 0.03 0)
(0.2 0.03 0)
(0.2500000000000001 0.03 0)
(0.3 0.03 0)
(0.35 0.03 0)
(0.4 0.03 0)
(0.45 0.03 0)
(0.5 0.03 0)
(0.55 0.03 0)
(0.6 0.03 0)
(0.65 0.03 0)
(0.7000000000000001 0.03 0)
(0.75 0.03 0)
(0.8 0.03 0)
(0.85 0.03 0)
(0.9 0.03000000000000001 0)
(0.9500000000000001 0.03 0)
(1 0.03 0)
(-1 0.035 0)
(-0.9500000000000001 0.035 0)
(-0.9 0.035 0)
(-0.85 0.035 0)
(-0.8 0.035 0)
(-0.75 0.035 0)
(-0.7000000000000001 0.035 0)
(-0.65 0.035 0)
(-0.6 0.035 0)
(-0.55 0.035 0)
(-0.5 0.035 0)
(-0.45 0.035 0)
(-0.4 0.035 0)
(-0.35 0.035 0)
(-0.3 0.035 0)
(-0.25 0.035 0)
(-0.2 0.035 0)
(-0.15 0.035 0)
(-0.1 0.035 0)
(-0.05000000000000004 0.035 0)
(0 0.035 0)
(0.05000000000000004 0.035 0)
(0.1000000000000001 0.035 0)
(0.1499999999999999 0.035 0)
(0.2 0.035 0)
(0.25 0.035 0)
(0.3 0.035 0)
(0.35 0.035 0)
(0.4 0.035 0)
(0.45 0.035 0)
(0.5 0.035 0)
(0.55 0.035 0)
(0.6 0.035 0)
(0.65 0.035 0)
(0.7000000000000001 0.035 0)
(0.75 0.035 0)
(0.8 0.035 0)
(0.85 0.035 0)
(0.9 0.035 0)
(0.9500000000000001 0.035 0)
(1 0.035 0)
(-1 0.04 0)
(-0.9500000000000001 0.04 0)
(-0.9 0.04 0)
(-0.85 0.04 0)
(-0.8 0.04 0)
(-0.75 0.04 0)
(-0.7000000000000001 0.04 0)
(-0.65 0.04 0)
(-0.6 0.04000000000000001 0)
(-0.55 0.04000000000000001 0)
(-0.5 0.04 0)
(-0.45 0.04 0)
(-0.4 0.04 0)
(-0.35 0.04 0)
(-0.3 0.04 0)
(-0.25 0.04 0)
(-0.2 0.04 0)
(-0.15 0.04 0)
(-0.09999999999999995 0.04 0)
(-0.05000000000000003 0.04 0)
(0 0.04 0)
(0.05000000000000003 0.04 0)
(0.1000000000000001 0.04 0)
(0.1499999999999999 0.04000000000000001 0)
(0.2 0.04 0)
(0.25 0.04 0)
(0.3 0.04 0)
(0.35 0.04 0)
(0.4 0.04000000000000001 0)
(0.45 0.04 0)
(0.5 0.04 0)
(0.55 0.04000000000000001 0)
(0.6 0.04 0)
(0.65 0.04 0)
(0.7000000000000001 0.04 0)
(0.75 0.04 0)
(0.8 0.04000000000000001 0)
(0.85 0.04 0)
(0.9 0.04 0)
(0.9500000000000001 0.04 0)
(1 0.04 0)
(-1 0.045 0)
(-0.9500000000000001 0.045 0)
(-0.9 0.04499999999999999 0)
(-0.85 0.04500000000000001 0)
(-0.8 0.045 0)
(-0.75 0.045 0)
(-0.7000000000000001 0.045 0)
(-0.65 0.045 0)
(-0.6 0.04500000000000001 0)
(-0.55 0.045 0)
(-0.5 0.045 0)
(-0.45 0.045 0)
(-0.4 0.045 0)
(-0.35 0.04500000000000001 0)
(-0.3000000000000001 0.04500000000000001 0)
(-0.25 0.045 0)
(-0.2 0.04500000000000001 0)
(-0.1499999999999999 0.045 0)
(-0.1 0.04500000000000001 0)
(-0.05000000000000007 0.045 0)
(0 0.045 0)
(0.05000000000000007 0.045 0)
(0.1000000000000001 0.045 0)
(0.1499999999999999 0.045 0)
(0.2 0.045 0)
(0.25 0.045 0)
(0.3000000000000001 0.04500000000000001 0)
(0.35 0.045 0)
(0.4 0.04500000000000001 0)
(0.45 0.045 0)
(0.5 0.045 0)
(0.55 0.045 0)
(0.6 0.045 0)
(0.65 0.04499999999999999 0)
(0.7000000000000001 0.045 0)
(0.75 0.045 0)
(0.8 0.045 0)
(0.85 0.045 0)
(0.9 0.045 0)
(0.9500000000000001 0.045 0)
(1 0.045 0)
(-1 0.05 0)
(-0.9500000000000001 0.05 0)
(-0.9 0.05 0)
(-0.85 0.05 0)
(-0.8 0.05 0)
(-0.75 0.05 0)
(-0.7000000000000001 0.05 0)
(-0.65 0.05 0)
(-0.6 0.05 0)
(-0.55 0.05 0)
(-0.5 0.05 0)
(-0.45 0.05 0)
(-0.4 0.05 0)
(-0.35 0.05 0)
(-0.3 0.05 0)
(-0.25 0.05 0)
(-0.2 0.05 0)
(-0.15 0.05 0)
(-0.1 0.05 0)
(-0.05 0.05 0)
(0 0.05 0)
(0.05 0.05 0)
(0.1000000000000002 0.05 0)
(0.1499999999999999 0.05 0)
(0.2 0.05 0)
(0.25 0.05 0)
(0.3 0.05 0)
(0.35 0.05 0)
(0.4 0.05 0)
(0.45 0.05 0)
(0.5 0.05 0)
(0.55 0.05 0)
(0.6 0.05 0)
(0.65 0.05 0)
(0.7000000000000001 0.05 0)
(0.75 0.05 0)
(0.8 0.05 0)
(0.85 0.05 0)
(0.9 0.05 0)
(0.9500000000000001 0.05 0)
(1 0.05 0)
(-1 0.055 0)
(-0.9500000000000001 0.055 0)
(-0.9 0.055 0)
(-0.85 0.055 0)
(-0.8 0.055 0)
(-0.75 0.055 0)
(-0.7000000000000001 0.055 0)
(-0.65 0.055 0)
(-0.6 0.055 0)
(-0.55 0.055 0)
(-0.5 0.055 0)
(-0.45 0.055 0)
(-0.4 0.055 0)
(-0.35 0.055 0)
(-0.3 0.055 0)
(-0.25 0.055 0)
(-0.2 0.055 0)
(-0.15 0.055 0)
(-0.1 0.055 0)
(-0.05000000000000004 0.055 0)
(0 0.055 0)
(0.05000000000000004 0.055 0)
(0.1000000000000001 0.055 0)
(0.1499999999999999 0.05500000000000001 0)
(0.2 0.055 0)
(0.25 0.055 0)
(0.3 0.055 0)
(0.35 0.055 0)
(0.4 0.055 0)
(0.45 0.055 0)
(0.5 0.055 0)
(0.55 0.055 0)
(0.6 0.055 0)
(0.65 0.055 0)
(0.7000000000000001 0.055 0)
(0.75 0.055 0)
(0.8 0.055 0)
(0.85 0.055 0)
(0.9 0.055 0)
(0.9500000000000001 0.055 0)
(1 0.055 0)
(-1 0.06 0)
(-0.9500000000000001 0.06 0)
(-0.9 0.06 0)
(-0.85 0.06 0)
(-0.8 0.06 0)
(-0.75 0.06 0)
(-0.7000000000000001 0.06 0)
(-0.65 0.06 0)
(-0.6 0.06 0)
(-0.55 0.06 0)
(-0.5 0.06 0)
(-0.45 0.06 0)
(-0.4 0.06 0)
(-0.35 0.06 0)
(-0.3 0.06 0)
(-0.25 0.06 0)
(-0.2 0.06 0)
(-0.15 0.06 0)
(-0.09999999999999998 0.06 0)
(-0.05000000000000003 0.06 0)
(0 0.06 0)
(0.05000000000000001 0.06 0)
(0.1000000000000001 0.06 0)
(0.1499999999999999 0.06 0)
(0.2 0.06 0)
(0.25 0.06 0)
(0.3 0.06 0)
(0.35 0.06 0)
(0.4 0.06 0)
(0.45 0.06 0)
(0.5 0.06 0)
(0.55 0.06 0)
(0.6 0.06 0)
(0.65 0.06 0)
(0.7000000000000001 0.06 0)
(0.75 0.06 0)
(0.8 0.06 0)
(0.85 0.06 0)
(0.9 0.06 0)
(0.9500000000000001 0.06 0)
(1 0.06 0)
(-1 0.065 0)
(-0.9500000000000001 0.065 0)
(-0.9 0.065 0)
(-0.85 0.065 0)
(-0.8 0.06500000000000002 0)
(-0.75 0.065 0)
(-0.7000000000000001 0.065 0)
(-0.65 0.065 0)
(-0.6 0.065 0)
(-0.55 0.06500000000000002 0)
(-0.5 0.065 0)
(-0.45 0.065 0)
(-0.4 0.065 0)
(-0.35 0.065 0)
(-0.3 0.06500000000000002 0)
(-0.25 0.065 0)
(-0.2 0.065 0)
(-0.15 0.065 0)
(-0.1 0.06500000000000002 0)
(-0.05000000000000004 0.065 0)
(0 0.065 0)
(0.05000000000000007 0.065 0)
(0.1000000000000001 0.065 0)
(0.1499999999999999 0.065 0)
(0.2 0.065 0)
(0.25 0.065 0)
(0.3 0.065 0)
(0.35 0.065 0)
(0.4 0.065 0)
(0.45 0.065 0)
(0.5 0.065 0)
(0.55 0.065 0)
(0.6 0.065 0)
(0.65 0.065 0)
(0.7000000000000001 0.065 0)
(0.75 0.065 0)
(0.8 0.065 0)
(0.85 0.06500000000000002 0)
(0.9 0.06499999999999999 0)
(0.9500000000000001 0.065 0)
(1 0.065 0)
(-1 0.07000000000000001 0)
(-0.9500000000000001 0.07000000000000001 0)
(-0.9 0.06999999999999999 0)
(-0.85 0.07000000000000001 0)
(-0.8 0.06999999999999999 0)
(-0.75 0.07000000000000001 0)
(-0.7000000000000001 0.07000000000000001 0)
(-0.65 0.06999999999999999 0)
(-0.6 0.07000000000000001 0)
(-0.55 0.07000000000000001 0)
(-0.5 0.07000000000000001 0)
(-0.45 0.07000000000000001 0)
(-0.4 0.06999999999999999 0)
(-0.35 0.07000000000000001 0)
(-0.3 0.07000000000000001 0)
(-0.25 0.07000000000000001 0)
(-0.2 0.07000000000000001 0)
(-0.15 0.06999999999999999 0)
(-0.09999999999999998 0.07000000000000001 0)
(-0.05000000000000003 0.07000000000000001 0)
(0 0.07000000000000001 0)
(0.05000000000000003 0.07000000000000001 0)
(0.1000000000000001 0.07000000000000001 0)
(0.1499999999999999 0.07000000000000001 0)
(0.2 0.07000000000000001 0)
(0.25 0.07000000000000001 0)
(0.3 0.07000000000000001 0)
(0.35 0.07000000000000001 0)
(0.4 0.07000000000000001 0)
(0.45 0.07000000000000001 0)
(0.5 0.07000000000000001 0)
(0.55 0.07000000000000001 0)
(0.6 0.07000000000000001 0)
(0.65 0.07000000000000001 0)
(0.7000000000000001 0.07000000000000001 0)
(0.75 0.07000000000000001 0)
(0.8 0.07000000000000001 0)
(0.85 0.07000000000000001 0)
(0.9 0.07000000000000001 0)
(0.9500000000000001 0.07000000000000001 0)
(1 0.07000000000000001 0)
(-1 0.075 0)
(-0.9500000000000001 0.075 0)
(-0.9 0.075 0)
(-0.85 0.075 0)
(-0.8 0.075 0)
(-0.75 0.075 0)
(-0.7000000000000001 0.075 0)
(-0.65 0.075 0)
(-0.6 0.075 0)
(-0.55 0.075 0)
(-0.5 0.075 0)
(-0.45 0.075 0)
(-0.4 0.075 0)
(-0.35 0.075 0)
(-0.3 0.075 0)
(-0.25 0.075 0)
(-0.2 0.075 0)
(-0.15 0.075 0)
(-0.1 0.075 0)
(-0.05000000000000004 0.075 0)
(0 0.075 0)
(0.05000000000000004 0.075 0)
(0.1000000000000001 0.075 0)
(0.1499999999999999 0.075 0)
(0.2 0.075 0)
(0.25 0.075 0)
(0.3 0.075 0)
(0.35 0.075 0)
(0.4 0.075 0)
(0.45 0.075 0)
(0.5 0.075 0)
(0.55 0.075 0)
(0.6 0.075 0)
(0.65 0.075 0)
(0.7000000000000001 0.075 0)
(0.75 0.075 0)
(0.8 0.075 0)
(0.85 0.075 0)
(0.9 0.075 0)
(0.9500000000000001 0.075 0)
(1 0.075 0)
(-1 0.08 0)
(-0.9500000000000001 0.08 0)
(-0.9 0.08 0)
(-0.85 0.08000000000000002 0)
(-0.8 0.08 0)
(-0.75 0.08 0)
(-0.7000000000000001 0.08 0)
(-0.65 0.08 0)
(-0.6 0.08000000000000002 0)
(-0.55 0.08 0)
(-0.5 0.08 0)
(-0.45 0.08 0)
(-0.4 0.08 0)
(-0.35 0.08 0)
(-0.3 0.08 0)
(-0.25 0.08 0)
(-0.2 0.08 0)
(-0.15 0.08 0)
(-0.1 0.08 0)
(-0.05000000000000004 0.08 0)
(0 0.08 0)
(0.05000000000000003 0.08 0)
(0.1000000000000001 0.08 0)
(0.1499999999999999 0.08000000000000002 0)
(0.2 0.08 0)
(0.25 0.08 0)
(0.3 0.08 0)
(0.35 0.08 0)
(0.4 0.08 0)
(0.45 0.08 0)
(0.5 0.08 0)
(0.55 0.08000000000000002 0)
(0.6 0.08 0)
(0.65 0.08 0)
(0.7000000000000001 0.08 0)
(0.75 0.08 0)
(0.8 0.08000000000000002 0)
(0.85 0.08 0)
(0.9 0.08 0)
(0.9500000000000001 0.08 0)
(1 0.08 0)
(-1 0.08500000000000001 0)
(-0.9500000000000001 0.08500000000000001 0)
(-0.9 0.08500000000000001 0)
(-0.85 0.08500000000000001 0)
(-0.8 0.08500000000000001 0)
(-0.75 0.08500000000000001 0)
(-0.7000000000000001 0.08500000000000001 0)
(-0.65 0.08500000000000001 0)
(-0.6 0.08500000000000001 0)
(-0.55 0.08500000000000001 0)
(-0.5 0.08500000000000001 0)
(-0.45 0.08500000000000001 0)
(-0.4 0.08500000000000001 0)
(-0.35 0.08500000000000001 0)
(-0.3 0.08500000000000001 0)
(-0.25 0.08500000000000001 0)
(-0.2 0.08500000000000001 0)
(-0.15 0.08500000000000001 0)
(-0.1 0.08500000000000001 0)
(-0.05 0.08500000000000001 0)
(0 0.08500000000000001 0)
(0.05 0.08500000000000001 0)
(0.1000000000000001 0.08500000000000001 0)
(0.1499999999999999 0.08500000000000001 0)
(0.2 0.08500000000000001 0)
(0.25 0.08500000000000001 0)
(0.3 0.08500000000000001 0)
(0.35 0.08500000000000001 0)
(0.4 0.08500000000000001 0)
(0.45 0.08500000000000001 0)
(0.5 0.08500000000000001 0)
(0.55 0.08500000000000001 0)
(0.6 0.08500000000000001 0)
(0.65 0.08500000000000001 0)
(0.7000000000000001 0.08500000000000001 0)
(0.75 0.08500000000000001 0)
(0.8 0.08500000000000001 0)
(0.85 0.08500000000000001 0)
(0.9 0.08500000000000001 0)
(0.9500000000000001 0.08500000000000001 0)
(1 0.08500000000000001 0)
(-1 0.09 0)
(-0.9500000000000001 0.09 0)
(-0.9 0.08999999999999998 0)
(-0.85 0.09000000000000002 0)
(-0.8 0.09 0)
(-0.75 0.09 0)
(-0.7000000000000001 0.09 0)
(-0.65 0.09 0)
(-0.6 0.09000000000000002 0)
(-0.55 0.09 0)
(-0.5 0.09 0)
(-0.45 0.09 0)
(-0.4 0.09 0)
(-0.35 0.09000000000000002 0)
(-0.3 0.09 0)
(-0.25 0.09 0)
(-0.2 0.09000000000000002 0)
(-0.15 0.09 0)
(-0.1000000000000001 0.09000000000000002 0)
(-0.05 0.09 0)
(0 0.09 0)
(0.05 0.09 0)
(0.1000000000000001 0.09 0)
(0.1499999999999999 0.09 0)
(0.2 0.09 0)
(0.25 0.09 0)
(0.3 0.09000000000000002 0)
(0.35 0.09 0)
(0.4 0.09000000000000002 0)
(0.45 0.09 0)
(0.5 0.09 0)
(0.55 0.09 0)
(0.6 0.09000000000000002 0)
(0.65 0.08999999999999998 0)
(0.7000000000000001 0.09 0)
(0.75 0.09 0)
(0.8 0.09 0)
(0.85 0.09 0)
(0.9 0.09 0)
(0.9500000000000001 0.09 0)
(1 0.09 0)
(-1 0.095 0)
(-0.9500000000000001 0.095 0)
(-0.9 0.095 0)
(-0.85 0.095 0)
(-0.8 0.095 0)
(-0.75 0.095 0)
(-0.7000000000000001 0.09500000000000001 0)
(-0.65 0.095 0)
(-0.6 0.095 0)
(-0.55 0.095 0)
(-0.5 0.095 0)
(-0.45 0.095 0)
(-0.3999999999999999 0.095 0)
(-0.35 0.095 0)
(-0.3 0.095 0)
(-0.25 0.095 0)
(-0.2 0.095 0)
(-0.1499999999999999 0.095 0)
(-0.1 0.095 0)
(-0.05 0.095 0)
(0 0.095 0)
(0.05 0.095 0)
(0.1000000000000001 0.095 0)
(0.1499999999999999 0.095 0)
(0.2 0.095 0)
(0.25 0.095 0)
(0.3 0.09499999999999999 0)
(0.35 0.095 0)
(0.4 0.095 0)
(0.45 0.095 0)
(0.5 0.095 0)
(0.55 0.095 0)
(0.6 0.095 0)
(0.65 0.095 0)
(0.7000000000000001 0.095 0)
(0.75 0.095 0)
(0.8 0.095 0)
(0.85 0.095 0)
(0.9 0.095 0)
(0.9500000000000001 0.095 0)
(1 0.095 0)
(-1 0.1 0)
(-0.9500000000000001 0.1 0)
(-0.9 0.1 0)
(-0.85 0.1 0)
(-0.8 0.1 0)
(-0.75 0.1 0)
(-0.7000000000000001 0.1 0)
(-0.65 0.1 0)
(-0.6 0.1 0)
(-0.55 0.1 0)
(-0.5 0.1 0)
(-0.45 0.1 0)
(-0.4 0.1 0)
(-0.35 0.1 0)
(-0.3 0.1 0)
(-0.25 0.1 0)
(-0.2 0.1 0)
(-0.15 0.1 0)
(-0.1 0.1 0)
(-0.05 0.1 0)
(0 0.1 0)
(0.05 0.1 0)
(0.1000000000000001 0.1 0)
(0.1499999999999999 0.1 0)
(0.2 0.1 0)
(0.25 0.1 0)
(0.3 0.1 0)
(0.35 0.1 0)
(0.4 0.1 0)
(0.45 0.1 0)
(0.5 0.1 0)
(0.55 0.1 0)
(0.6 0.1 0)
(0.65 0.1 0)
(0.7000000000000001 0.1 0)
(0.75 0.1 0)
(0.8 0.1 0)
(0.85 0.1 0)
(0.9 0.1 0)
(0.9500000000000001 0.1 0)
(1 0.1 0)
(-1 0 0.03)
(-0.9500000000000001 0 0.03)
(-0.9 0 0.03000000000000001)
(-0.85 0 0.03000000000000001)
(-0.8 0 0.03000000000000001)
(-0.75 0 0.03)
(-0.7000000000000001 0 0.03)
(-0.65 0 0.03)
(-0.6 0 0.03000000000000001)
(-0.55 0 0.03000000000000001)
(-0.5 0 0.03)
(-0.45 0 0.03)
(-0.4 0 0.03)
(-0.35 0 0.03)
(-0.3 0 0.03)
(-0.25 0 0.03)
(-0.2 0 0.03)
(-0.1499999999999999 0 0.03)
(-0.1 0 0.03)
(-0.05000000000000003 0 0.03)
(0 0 0.03)
(0.05000000000000003 0 0.03000000000000001)
(0.1000000000000001 0 0.03)
(0.1499999999999999 0 0.03)
(0.2 0 0.03)
(0.25 0 0.03)
(0.3 0 0.03)
(0.35 0 0.03)
(0.4 0 0.03)
(0.45 0 0.03)
(0.5 0 0.03)
(0.55 0 0.03)
(0.6 0 0.03)
(0.65 0 0.03)
(0.7000000000000001 0 0.03)
(0.75 0 0.03)
(0.8 0 0.03)
(0.85 0 0.03)
(0.9 0 0.03)
(0.9500000000000001 0 0.03)
(1 0 0.03)
(-1 0.005 0.03000000000000001)
(-0.9500000000000001 0.005 0.03)
(-0.9 0.005000000000000001 0.03000000000000001)
(-0.85 0.005 0.03)
(-0.8 0.005000000000000001 0.03000000000000001)
(-0.75 0.005000000000000001 0.03000000000000001)
(-0.7000000000000001 0.005 0.03)
(-0.65 0.005 0.03)
(-0.6 0.005000000000000001 0.03)
(-0.55 0.005000000000000001 0.03000000000000001)
(-0.5 0.005 0.03000000000000001)
(-0.45 0.005 0.03000000000000001)
(-0.4 0.005 0.03)
(-0.35 0.005 0.03000000000000001)
(-0.3 0.005000000000000001 0.03000000000000001)
(-0.25 0.005 0.03)
(-0.2 0.005 0.03)
(-0.1499999999999999 0.005 0.03000000000000001)
(-0.09999999999999998 0.005 0.03000000000000001)
(-0.05000000000000003 0.005000000000000001 0.03)
(0 0.005000000000000001 0.03)
(0.05000000000000003 0.005000000000000001 0.03)
(0.1000000000000001 0.005000000000000001 0.03000000000000001)
(0.1499999999999999 0.005000000000000001 0.03000000000000001)
(0.2 0.005 0.03000000000000001)
(0.25 0.005 0.03)
(0.3 0.005000000000000001 0.03000000000000001)
(0.35 0.005 0.03000000000000001)
(0.3999999999999999 0.005 0.03)
(0.45 0.005000000000000001 0.03000000000000001)
(0.5 0.005 0.03000000000000001)
(0.55 0.005000000000000001 0.03000000000000001)
(0.6 0.005000000000000001 0.03)
(0.65 0.005000000000000001 0.03)
(0.7000000000000001 0.005 0.03000000000000001)
(0.75 0.005 0.03000000000000001)
(0.8 0.005000000000000001 0.03000000000000001)
(0.85 0.005000000000000001 0.03)
(0.9 0.005 0.03)
(0.9500000000000001 0.005 0.03000000000000001)
(1 0.005 0.03000000000000001)
(-1 0.01 0.03000000000000001)
(-0.9500000000000001 0.01 0.03000000000000001)
(-0.9 0.01 0.03000000000000001)
(-0.85 0.01 0.03000000000000001)
(-0.8 0.01 0.03)
(-0.75 0.01 0.03)
(-0.7000000000000001 0.01 0.03000000000000001)
(-0.65 0.01 0.03)
(-0.6 0.01 0.03)
(-0.55 0.01 0.03000000000000001)
(-0.5 0.01 0.03)
(-0.45 0.01 0.03)
(-0.4 0.01 0.03000000000000001)
(-0.35 0.01 0.03000000000000001)
(-0.3 0.01 0.03)
(-0.2500000000000001 0.01 0.03)
(-0.2 0.01 0.03)
(-0.15 0.01 0.03)
(-0.1 0.01 0.03000000000000001)
(-0.05000000000000003 0.01 0.03000000000000001)
(0 0.01 0.03000000000000001)
(0.05000000000000003 0.01 0.03000000000000001)
(0.1000000000000001 0.01 0.03000000000000001)
(0.1499999999999999 0.01 0.03)
(0.2 0.01 0.03)
(0.2500000000000001 0.01 0.03000000000000001)
(0.3 0.01 0.03000000000000001)
(0.3500000000000001 0.01 0.03)
(0.4 0.01 0.03000000000000001)
(0.45 0.01 0.03)
(0.5 0.01 0.03)
(0.55 0.01 0.03000000000000001)
(0.6000000000000001 0.01 0.03)
(0.65 0.009999999999999998 0.03000000000000001)
(0.7000000000000001 0.01 0.03000000000000001)
(0.75 0.01 0.03)
(0.8 0.01 0.03)
(0.85 0.01 0.03)
(0.9 0.01 0.03000000000000001)
(0.9500000000000001 0.009999999999999998 0.03)
(1 0.01 0.03000000000000001)
(-1 0.015 0.03)
(-0.9500000000000001 0.015 0.03000000000000001)
(-0.9 0.015 0.03)
(-0.85 0.015 0.03)
(-0.8 0.015 0.03000000000000001)
(-0.75 0.015 0.03)
(-0.7000000000000001 0.015 0.03000000000000001)
(-0.65 0.015 0.03)
(-0.6 0.015 0.03)
(-0.55 0.015 0.03000000000000001)
(-0.5 0.015 0.03000000000000001)
(-0.45 0.015 0.03000000000000001)
(-0.4 0.015 0.03)
(-0.35 0.015 0.03000000000000001)
(-0.3 0.015 0.03)
(-0.25 0.015 0.03)
(-0.2 0.015 0.03)
(-0.15 0.015 0.03)
(-0.1 0.015 0.03000000000000001)
(-0.05 0.015 0.03)
(0 0.015 0.03)
(0.05 0.015 0.03)
(0.1000000000000001 0.015 0.03000000000000001)
(0.1499999999999999 0.015 0.03)
(0.2 0.015 0.03)
(0.25 0.015 0.03)
(0.3 0.015 0.03000000000000001)
(0.35 0.015 0.03000000000000001)
(0.4000000000000001 0.015 0.03)
(0.45 0.015 0.03)
(0.5 0.015 0.03000000000000001)
(0.55 0.015 0.03000000000000001)
(0.6 0.015 0.03)
(0.65 0.015 0.03)
(0.7000000000000001 0.015 0.03000000000000001)
(0.75 0.015 0.03000000000000001)
(0.8 0.015 0.03)
(0.85 0.015 0.03)
(0.9 0.015 0.03000000000000001)
(0.9500000000000001 0.015 0.03000000000000001)
(1 0.015 0.03)
(-1 0.02 0.03000000000000001)
(-0.9500000000000001 0.02 0.03000000000000001)
(-0.9 0.02 0.03)
(-0.85 0.02 0.03000000000000001)
(-0.8 0.02 0.03)
(-0.75 0.02 0.03)
(-0.7000000000000001 0.02 0.03)
(-0.65 0.02 0.03)
(-0.6 0.02 0.03)
(-0.55 0.02 0.03000000000000001)
(-0.5 0.02 0.03)
(-0.45 0.02 0.03000000000000001)
(-0.4 0.02 0.03)
(-0.35 0.02 0.03)
(-0.3 0.02 0.03000000000000001)
(-0.25 0.02 0.03)
(-0.2 0.02 0.03000000000000001)
(-0.15 0.02 0.03000000000000001)
(-0.1000000000000001 0.02 0.03000000000000001)
(-0.05000000000000003 0.02 0.03)
(0 0.02 0.03000000000000001)
(0.05000000000000003 0.02 0.03)
(0.1000000000000001 0.02 0.03)
(0.1499999999999999 0.02 0.03000000000000001)
(0.2 0.02 0.03)
(0.25 0.02 0.03)
(0.3 0.02 0.03000000000000001)
(0.35 0.02 0.03)
(0.4 0.02 0.03)
(0.45 0.02 0.03)
(0.5 0.02 0.03)
(0.55 0.02 0.03)
(0.6000000000000002 0.02 0.03)
(0.65 0.02 0.03)
(0.7000000000000001 0.02 0.03000000000000001)
(0.75 0.02 0.03)
(0.8 0.02 0.03000000000000001)
(0.85 0.02 0.03)
(0.9 0.02 0.03)
(0.9500000000000001 0.02 0.03000000000000001)
(1 0.02 0.03000000000000001)
(-1 0.025 0.03)
(-0.9500000000000001 0.025 0.03)
(-0.9 0.025 0.03000000000000001)
(-0.85 0.025 0.03)
(-0.8 0.025 0.03000000000000001)
(-0.75 0.025 0.03000000000000001)
(-0.7000000000000001 0.025 0.03000000000000001)
(-0.65 0.025 0.03)
(-0.6 0.025 0.03)
(-0.55 0.025 0.03000000000000001)
(-0.5 0.025 0.03000000000000001)
(-0.45 0.025 0.03000000000000001)
(-0.4 0.025 0.03)
(-0.35 0.025 0.03)
(-0.3 0.025 0.03000000000000001)
(-0.25 0.025 0.03)
(-0.2 0.025 0.03)
(-0.15 0.025 0.03)
(-0.1 0.025 0.03)
(-0.05000000000000007 0.025 0.03)
(0 0.025 0.03)
(0.05000000000000007 0.02499999999999999 0.03)
(0.1000000000000001 0.025 0.03)
(0.1499999999999999 0.025 0.03)
(0.2 0.025 0.03)
(0.25 0.025 0.03)
(0.3000000000000001 0.025 0.03)
(0.35 0.025 0.03)
(0.3999999999999999 0.025 0.03)
(0.45 0.025 0.03000000000000001)
(0.5 0.025 0.03)
(0.55 0.025 0.03000000000000001)
(0.6 0.025 0.03)
(0.65 0.025 0.03)
(0.7000000000000001 0.025 0.03000000000000001)
(0.75 0.025 0.03000000000000001)
(0.8 0.025 0.03)
(0.85 0.025 0.03)
(0.9 0.025 0.03)
(0.9500000000000001 0.025 0.03)
(1 0.025 0.03)
(-1 0.03 0.03)
(-0.9500000000000001 0.03000000000000001 0.03000000000000001)
(-0.9 0.03 0.03)
(-0.8500000000000002 0.03000000000000001 0.03000000000000001)
(-0.8 0.03 0.03000000000000001)
(-0.75 0.03 0.03)
(-0.7000000000000001 0.03 0.03)
(-0.65 0.03 0.03)
(-0.6 0.03 0.03)
(-0.55 0.03 0.03000000000000001)
(-0.5 0.03 0.03)
(-0.45 0.03 0.03000000000000001)
(-0.4 0.03000000000000001 0.03)
(-0.35 0.03000000000000001 0.03000000000000001)
(-0.3 0.03 0.03)
(-0.25 0.03 0.03000000000000001)
(-0.2 0.03 0.03)
(-0.15 0.03000000000000001 0.03000000000000001)
(-0.09999999999999998 0.03 0.03)
(-0.05000000000000005 0.03 0.03)
(0 0.03 0.03)
(0.05000000000000005 0.03 0.03000000000000001)
(0.1000000000000001 0.03 0.03)
(0.1499999999999999 0.03 0.03000000000000001)
(0.2 0.03 0.03)
(0.25 0.03 0.03000000000000001)
(0.3 0.03000000000000001 0.03000000000000001)
(0.35 0.03000000000000001 0.03)
(0.4 0.03000000000000001 0.03000000000000001)
(0.45 0.03 0.03000000000000001)
(0.5 0.03 0.03000000000000001)
(0.55 0.03 0.03000000000000001)
(0.6 0.03 0.03)
(0.65 0.03 0.03000000000000001)
(0.7000000000000001 0.03 0.03000000000000001)
(0.75 0.03000000000000001 0.03000000000000001)
(0.8 0.03000000000000001 0.03000000000000001)
(0.8500000000000002 0.03000000000000001 0.03)
(0.9 0.03000000000000001 0.03000000000000001)
(0.9500000000000001 0.03 0.03)
(1 0.03 0.03)
(-1 0.035 0.03)
(-0.9500000000000001 0.035 0.03)
(-0.9 0.035 0.03000000000000001)
(-0.85 0.035 0.03000000000000001)
(-0.8 0.035 0.03)
(-0.75 0.035 0.03)
(-0.7000000000000001 0.035 0.03)
(-0.65 0.035 0.03)
(-0.6 0.035 0.03)
(-0.55 0.035 0.03)
(-0.5 0.035 0.03)
(-0.45 0.035 0.03)
(-0.4 0.035 0.03)
(-0.35 0.035 0.03)
(-0.3 0.035 0.03)
(-0.25 0.035 0.03)
(-0.2 0.035 0.03000000000000001)
(-0.15 0.035 0.03)
(-0.1000000000000001 0.035 0.03)
(-0.05000000000000007 0.035 0.03)
(0 0.035 0.03)
(0.05000000000000007 0.035 0.03)
(0.1000000000000001 0.035 0.03000000000000001)
(0.1499999999999999 0.035 0.03)
(0.2 0.035 0.03000000000000001)
(0.25 0.035 0.03)
(0.3 0.035 0.03)
(0.35 0.035 0.03)
(0.3999999999999999 0.035 0.03000000000000001)
(0.45 0.035 0.03000000000000001)
(0.5 0.035 0.03)
(0.55 0.035 0.03)
(0.6 0.035 0.03)
(0.65 0.035 0.03000000000000001)
(0.7000000000000001 0.035 0.03)
(0.75 0.035 0.03)
(0.8 0.035 0.03000000000000001)
(0.85 0.035 0.03)
(0.9 0.035 0.03000000000000001)
(0.9499999999999998 0.035 0.03)
(1 0.035 0.03)
(-1 0.04 0.03)
(-0.9500000000000001 0.04 0.03)
(-0.9 0.04 0.03)
(-0.85 0.04 0.03)
(-0.8 0.04 0.03)
(-0.75 0.04 0.03000000000000001)
(-0.7000000000000001 0.04 0.03)
(-0.65 0.04 0.03000000000000001)
(-0.6 0.04000000000000001 0.03)
(-0.55 0.04 0.03)
(-0.5 0.04 0.03)
(-0.45 0.04000000000000001 0.03000000000000001)
(-0.4 0.04 0.03)
(-0.35 0.04 0.03)
(-0.3 0.04 0.03)
(-0.25 0.04 0.03)
(-0.2 0.04 0.03)
(-0.1499999999999999 0.04000000000000001 0.03)
(-0.1 0.04 0.03)
(-0.05000000000000001 0.04 0.03000000000000001)
(0 0.04 0.03)
(0.05 0.04 0.03000000000000001)
(0.1000000000000001 0.04000000000000001 0.03)
(0.1499999999999999 0.04000000000000001 0.03)
(0.2 0.04 0.03)
(0.25 0.04 0.03)
(0.3 0.04 0.03)
(0.35 0.04 0.03000000000000001)
(0.4 0.04 0.03)
(0.45 0.04 0.03000000000000001)
(0.5 0.04 0.03000000000000001)
(0.55 0.04 0.03)
(0.6 0.04 0.03)
(0.65 0.04 0.03000000000000001)
(0.7000000000000001 0.04 0.03000000000000001)
(0.75 0.04 0.03000000000000001)
(0.8 0.04000000000000001 0.03)
(0.85 0.04000000000000001 0.03)
(0.9 0.04 0.03)
(0.9500000000000001 0.03999999999999999 0.03)
(1 0.04 0.03)
(-1 0.045 0.03)
(-0.9500000000000001 0.045 0.03000000000000001)
(-0.9 0.045 0.03)
(-0.85 0.04499999999999999 0.03)
(-0.8 0.045 0.03000000000000001)
(-0.75 0.04499999999999999 0.03)
(-0.7000000000000001 0.045 0.03)
(-0.65 0.045 0.03)
(-0.6 0.045 0.03000000000000001)
(-0.55 0.045 0.03)
(-0.5 0.045 0.03)
(-0.45 0.045 0.03000000000000001)
(-0.4000000000000001 0.04499999999999999 0.03000000000000001)
(-0.35 0.045 0.03000000000000001)
(-0.3 0.04499999999999999 0.03)
(-0.25 0.045 0.03)
(-0.2 0.045 0.03000000000000001)
(-0.1499999999999999 0.04499999999999999 0.03)
(-0.1 0.045 0.03)
(-0.05000000000000003 0.045 0.03)
(0 0.045 0.03000000000000001)
(0.05000000000000003 0.04499999999999999 0.03)
(0.1000000000000001 0.045 0.03)
(0.1499999999999999 0.04499999999999999 0.03)
(0.2 0.045 0.03)
(0.25 0.045 0.03)
(0.3 0.04499999999999999 0.03)
(0.35 0.04500000000000001 0.03000000000000001)
(0.4 0.04499999999999999 0.03)
(0.45 0.045 0.03)
(0.5 0.04499999999999999 0.03)
(0.55 0.045 0.03)
(0.6 0.045 0.03)
(0.65 0.04499999999999999 0.03)
(0.7000000000000001 0.045 0.03)
(0.75 0.04499999999999999 0.03)
(0.8 0.045 0.03000000000000001)
(0.85 0.04499999999999999 0.03)
(0.9 0.045 0.03000000000000001)
(0.9500000000000001 0.045 0.03)
(1 0.045 0.03)
(-1 0.05 0.03)
(-0.9500000000000001 0.05 0.03)
(-0.9 0.05 0.03000000000000001)
(-0.8500000000000002 0.05 0.03000000000000001)
(-0.8 0.05 0.03000000000000001)
(-0.75 0.05 0.03)
(-0.7000000000000001 0.05 0.03)
(-0.65 0.05 0.03)
(-0.6 0.05 0.03)
(-0.55 0.05 0.03000000000000001)
(-0.5 0.05 0.03)
(-0.45 0.05 0.03000000000000001)
(-0.4000000000000001 0.05000000000000001 0.03)
(-0.35 0.05 0.03)
(-0.3 0.05 0.03)
(-0.25 0.05 0.03)
(-0.2 0.05 0.03)
(-0.15 0.05 0.03000000000000001)
(-0.1 0.05 0.03)
(-0.05000000000000003 0.05 0.03000000000000001)
(0 0.05 0.03)
(0.05000000000000003 0.05 0.03000000000000001)
(0.1000000000000001 0.05 0.03)
(0.1499999999999999 0.05 0.03)
(0.2 0.05 0.03000000000000001)
(0.25 0.05 0.03)
(0.3 0.05 0.03)
(0.35 0.05 0.03)
(0.4 0.05 0.03)
(0.45 0.05 0.03000000000000001)
(0.5 0.05 0.03)
(0.55 0.05 0.03000000000000001)
(0.6 0.05 0.03)
(0.65 0.05 0.03)
(0.7000000000000001 0.05 0.03)
(0.75 0.05 0.03)
(0.8 0.05 0.03000000000000001)
(0.85 0.05 0.03000000000000001)
(0.9 0.05 0.03)
(0.9500000000000001 0.05 0.03)
(1 0.05 0.03)
(-1 0.055 0.03)
(-0.9500000000000001 0.055 0.03000000000000001)
(-0.9 0.055 0.03)
(-0.85 0.055 0.03)
(-0.8 0.055 0.03)
(-0.75 0.055 0.03)
(-0.7000000000000001 0.055 0.03000000000000001)
(-0.65 0.055 0.03)
(-0.6 0.055 0.03)
(-0.55 0.05500000000000001 0.03)
(-0.5 0.055 0.03)
(-0.45 0.055 0.03)
(-0.4 0.055 0.03000000000000001)
(-0.35 0.055 0.03)
(-0.3 0.05500000000000001 0.03)
(-0.25 0.055 0.03)
(-0.2 0.055 0.03000000000000001)
(-0.15 0.055 0.03)
(-0.1 0.055 0.03)
(-0.05000000000000007 0.055 0.03)
(0 0.055 0.03)
(0.05000000000000004 0.055 0.03)
(0.1000000000000001 0.05500000000000001 0.03)
(0.1499999999999999 0.055 0.03)
(0.2 0.05499999999999999 0.03)
(0.25 0.055 0.03)
(0.3 0.05500000000000001 0.03)
(0.35 0.05500000000000001 0.03)
(0.4 0.055 0.03000000000000001)
(0.45 0.055 0.03)
(0.5 0.055 0.03)
(0.55 0.05500000000000001 0.03)
(0.6 0.055 0.03)
(0.65 0.055 0.03)
(0.7000000000000001 0.05500000000000001 0.03000000000000001)
(0.75 0.05500000000000001 0.03)
(0.8 0.055 0.03)
(0.85 0.055 0.03)
(0.9 0.055 0.03)
(0.9500000000000001 0.055 0.03000000000000001)
(1 0.055 0.03)
(-1 0.06 0.03)
(-0.9500000000000001 0.06 0.03)
(-0.9 0.06 0.03)
(-0.85 0.06 0.03)
(-0.8 0.06 0.03)
(-0.75 0.06 0.03)
(-0.7000000000000001 0.06 0.03)
(-0.65 0.06 0.03)
(-0.6 0.05999999999999999 0.03)
(-0.55 0.06 0.03)
(-0.5 0.06 0.03)
(-0.45 0.06 0.03000000000000001)
(-0.4 0.06 0.03000000000000001)
(-0.35 0.06 0.03)
(-0.3 0.06 0.03)
(-0.25 0.06 0.03)
(-0.2 0.06 0.03)
(-0.1499999999999999 0.06 0.03)
(-0.1 0.06000000000000001 0.03)
(-0.05000000000000001 0.05999999999999999 0.03)
(0 0.06 0.03)
(0.05000000000000001 0.06 0.03)
(0.1000000000000001 0.06 0.03)
(0.1499999999999999 0.06 0.03)
(0.2 0.06 0.03000000000000001)
(0.25 0.06 0.03)
(0.3 0.06 0.03000000000000001)
(0.35 0.06000000000000001 0.03)
(0.4 0.06000000000000001 0.03)
(0.45 0.06 0.03)
(0.5 0.06 0.03)
(0.55 0.06 0.03)
(0.6 0.05999999999999999 0.03)
(0.65 0.06 0.03)
(0.7000000000000001 0.06 0.03)
(0.75 0.06 0.03000000000000001)
(0.8 0.06000000000000001 0.03)
(0.85 0.06000000000000001 0.03)
(0.9 0.06 0.03)
(0.9500000000000001 0.06 0.03000000000000001)
(1 0.06 0.03)
(-1 0.065 0.03)
(-0.9500000000000001 0.065 0.03)
(-0.9 0.065 0.03)
(-0.85 0.065 0.03000000000000001)
(-0.8 0.065 0.03)
(-0.75 0.06500000000000002 0.03000000000000001)
(-0.7000000000000001 0.065 0.03)
(-0.65 0.06500000000000002 0.03000000000000001)
(-0.6 0.06500000000000002 0.03)
(-0.55 0.065 0.03)
(-0.5 0.065 0.03)
(-0.45 0.065 0.03)
(-0.4 0.065 0.03000000000000001)
(-0.35 0.065 0.03)
(-0.3 0.065 0.03)
(-0.25 0.065 0.03)
(-0.2 0.065 0.03)
(-0.1499999999999999 0.065 0.03)
(-0.1000000000000001 0.065 0.03)
(-0.05000000000000007 0.06500000000000002 0.03)
(0 0.065 0.03)
(0.05000000000000008 0.065 0.03)
(0.1000000000000001 0.065 0.03)
(0.1499999999999999 0.06499999999999999 0.03)
(0.2 0.065 0.03)
(0.25 0.065 0.03)
(0.3 0.065 0.03)
(0.35 0.065 0.03)
(0.4 0.065 0.03000000000000001)
(0.45 0.06500000000000002 0.03000000000000001)
(0.5 0.065 0.03000000000000001)
(0.55 0.06499999999999999 0.03)
(0.6 0.06500000000000002 0.03)
(0.65 0.065 0.03000000000000001)
(0.7000000000000001 0.065 0.03)
(0.75 0.065 0.03000000000000001)
(0.8 0.065 0.03000000000000001)
(0.85 0.06500000000000002 0.03000000000000001)
(0.9 0.06499999999999999 0.03)
(0.9500000000000001 0.065 0.03)
(1 0.065 0.03)
(-1 0.07000000000000001 0.03)
(-0.9500000000000001 0.07000000000000001 0.03)
(-0.9 0.07000000000000001 0.03)
(-0.8500000000000002 0.07000000000000001 0.03)
(-0.8 0.07000000000000001 0.03000000000000001)
(-0.75 0.07000000000000001 0.03000000000000001)
(-0.7000000000000001 0.07000000000000001 0.03)
(-0.65 0.07000000000000001 0.03)
(-0.6 0.07000000000000001 0.03)
(-0.55 0.06999999999999999 0.03)
(-0.5 0.07000000000000001 0.03)
(-0.45 0.07000000000000001 0.03)
(-0.4 0.07000000000000001 0.03)
(-0.3500000000000001 0.06999999999999999 0.03)
(-0.3 0.07000000000000001 0.03000000000000001)
(-0.25 0.07000000000000001 0.03000000000000001)
(-0.2 0.07000000000000001 0.03000000000000001)
(-0.1499999999999999 0.07000000000000001 0.03000000000000001)
(-0.09999999999999998 0.07000000000000001 0.03000000000000001)
(-0.05000000000000003 0.07000000000000001 0.03)
(0 0.07000000000000001 0.03)
(0.05000000000000003 0.07000000000000001 0.03000000000000001)
(0.1000000000000001 0.06999999999999999 0.03000000000000001)
(0.1499999999999999 0.07000000000000001 0.03000000000000001)
(0.2 0.07000000000000001 0.03000000000000001)
(0.25 0.07000000000000001 0.03000000000000001)
(0.3 0.06999999999999999 0.03000000000000001)
(0.3500000000000001 0.06999999999999999 0.03)
(0.4 0.07000000000000001 0.03000000000000001)
(0.45 0.07000000000000001 0.03000000000000001)
(0.5 0.07000000000000001 0.03000000000000001)
(0.55 0.06999999999999999 0.03)
(0.6000000000000001 0.07000000000000001 0.03)
(0.65 0.07000000000000001 0.03)
(0.7000000000000001 0.07000000000000001 0.03)
(0.75 0.06999999999999999 0.03000000000000001)
(0.8 0.07000000000000001 0.03)
(0.85 0.07000000000000001 0.03000000000000001)
(0.9 0.07000000000000001 0.03)
(0.9500000000000001 0.06999999999999999 0.03)
(1 0.07000000000000001 0.03)
(-1 0.075 0.03)
(-0.9500000000000001 0.075 0.03)
(-0.9 0.075 0.03)
(-0.85 0.075 0.03)
(-0.8 0.075 0.03)
(-0.75 0.075 0.03000000000000001)
(-0.7000000000000001 0.075 0.03000000000000001)
(-0.65 0.075 0.03)
(-0.6 0.075 0.03)
(-0.55 0.075 0.03)
(-0.5 0.075 0.03)
(-0.45 0.07500000000000001 0.03000000000000001)
(-0.4 0.075 0.03)
(-0.35 0.075 0.03)
(-0.3 0.075 0.03)
(-0.25 0.075 0.03)
(-0.2 0.075 0.03)
(-0.15 0.07500000000000001 0.03)
(-0.1 0.075 0.03)
(-0.05000000000000007 0.075 0.03)
(0 0.075 0.03)
(0.05000000000000007 0.075 0.03)
(0.1000000000000001 0.075 0.03)
(0.1499999999999999 0.075 0.03000000000000001)
(0.2 0.075 0.03000000000000001)
(0.25 0.075 0.03)
(0.3 0.075 0.03)
(0.35 0.075 0.03)
(0.3999999999999999 0.075 0.03)
(0.45 0.075 0.03000000000000001)
(0.5 0.075 0.03)
(0.55 0.075 0.03)
(0.6 0.075 0.03)
(0.65 0.075 0.03)
(0.7000000000000001 0.075 0.03000000000000001)
(0.75 0.075 0.03000000000000001)
(0.8 0.075 0.03)
(0.85 0.075 0.03)
(0.9 0.075 0.03)
(0.9500000000000001 0.075 0.03000000000000001)
(1 0.075 0.03)
(-1 0.08 0.03)
(-0.9500000000000001 0.08 0.03000000000000001)
(-0.9 0.08 0.03)
(-0.85 0.08000000000000002 0.03)
(-0.8 0.07999999999999999 0.03)
(-0.75 0.08 0.03)
(-0.7000000000000001 0.08 0.03)
(-0.65 0.08 0.03000000000000001)
(-0.6 0.08000000000000002 0.03)
(-0.55 0.08 0.03)
(-0.5 0.08 0.03)
(-0.45 0.08 0.03)
(-0.4 0.08 0.03)
(-0.35 0.08 0.03)
(-0.3 0.08 0.03)
(-0.25 0.08 0.03)
(-0.2 0.08 0.03)
(-0.1499999999999999 0.08 0.03)
(-0.1 0.08 0.03)
(-0.05000000000000003 0.08 0.03)
(0 0.08 0.03)
(0.05000000000000003 0.08 0.03)
(0.1000000000000001 0.08 0.03)
(0.1499999999999999 0.08000000000000002 0.03)
(0.2 0.08 0.03)
(0.25 0.08 0.03)
(0.3 0.08 0.03)
(0.35 0.08 0.03)
(0.4 0.08 0.03)
(0.45 0.08 0.03)
(0.5 0.08 0.03)
(0.55 0.08 0.03)
(0.6 0.08 0.03)
(0.65 0.08000000000000002 0.03)
(0.7000000000000001 0.08 0.03)
(0.75 0.08 0.03000000000000001)
(0.8 0.08000000000000002 0.03)
(0.85 0.08000000000000002 0.03)
(0.9 0.08 0.03)
(0.9500000000000001 0.08 0.03000000000000001)
(1 0.08 0.03)
(-1 0.08500000000000001 0.03)
(-0.9500000000000001 0.08499999999999998 0.03)
(-0.9 0.08500000000000002 0.03)
(-0.85 0.08500000000000001 0.03000000000000001)
(-0.8 0.08500000000000001 0.03000000000000001)
(-0.75 0.08500000000000002 0.03)
(-0.7000000000000001 0.08499999999999998 0.03)
(-0.65 0.08500000000000001 0.03)
(-0.6 0.08500000000000002 0.03)
(-0.55 0.08499999999999998 0.03000000000000001)
(-0.5 0.08500000000000001 0.03000000000000001)
(-0.45 0.08500000000000001 0.03000000000000001)
(-0.4000000000000001 0.08500000000000001 0.03)
(-0.35 0.08500000000000001 0.03)
(-0.3 0.08499999999999998 0.03)
(-0.25 0.08500000000000001 0.03)
(-0.2 0.08500000000000002 0.03)
(-0.15 0.08500000000000001 0.03000000000000001)
(-0.1 0.08500000000000001 0.03000000000000001)
(-0.05 0.08500000000000001 0.03)
(0 0.08500000000000001 0.03)
(0.05 0.08500000000000001 0.03)
(0.1000000000000001 0.08500000000000001 0.03)
(0.1499999999999999 0.08500000000000001 0.03)
(0.2 0.08500000000000001 0.03000000000000001)
(0.25 0.08500000000000001 0.03000000000000001)
(0.3 0.08500000000000001 0.03)
(0.35 0.08500000000000001 0.03)
(0.4 0.08500000000000001 0.03000000000000001)
(0.45 0.08500000000000001 0.03000000000000001)
(0.5 0.08500000000000002 0.03000000000000001)
(0.55 0.08500000000000001 0.03000000000000001)
(0.6 0.08500000000000001 0.03)
(0.65 0.08500000000000002 0.03)
(0.7000000000000001 0.08500000000000001 0.03)
(0.7500000000000001 0.08500000000000002 0.03000000000000001)
(0.8 0.08500000000000001 0.03000000000000001)
(0.85 0.08500000000000001 0.03)
(0.9 0.08500000000000001 0.03)
(0.9500000000000001 0.08499999999999998 0.03000000000000001)
(1 0.08500000000000001 0.03)
(-1 0.09000000000000002 0.03)
(-0.9500000000000001 0.09 0.03)
(-0.9 0.09 0.03)
(-0.85 0.08999999999999998 0.03)
(-0.8 0.09 0.03)
(-0.75 0.09 0.03)
(-0.7000000000000001 0.09000000000000002 0.03000000000000001)
(-0.65 0.09000000000000002 0.03)
(-0.6 0.09 0.03)
(-0.55 0.09 0.03)
(-0.5 0.08999999999999998 0.03)
(-0.45 0.09000000000000002 0.03000000000000001)
(-0.4 0.09 0.03)
(-0.35 0.09 0.03)
(-0.3 0.08999999999999998 0.03000000000000001)
(-0.25 0.09 0.03)
(-0.2 0.09000000000000002 0.03)
(-0.1500000000000001 0.09 0.03)
(-0.1 0.09 0.03)
(-0.05000000000000003 0.09 0.03)
(0 0.09000000000000002 0.03000000000000001)
(0.05000000000000003 0.09 0.03000000000000001)
(0.1000000000000001 0.09 0.03)
(0.1499999999999999 0.09 0.03000000000000001)
(0.2 0.09000000000000002 0.03)
(0.25 0.09 0.03)
(0.3000000000000001 0.08999999999999998 0.03000000000000001)
(0.3500000000000001 0.09000000000000002 0.03)
(0.4 0.09 0.03000000000000001)
(0.45 0.09000000000000002 0.03)
(0.5 0.08999999999999998 0.03)
(0.55 0.09 0.03000000000000001)
(0.6000000000000001 0.09000000000000002 0.03)
(0.65 0.09000000000000002 0.03)
(0.7000000000000001 0.09000000000000002 0.03000000000000001)
(0.75 0.09 0.03)
(0.8 0.09 0.03)
(0.85 0.08999999999999998 0.03)
(0.9 0.09000000000000002 0.03)
(0.9500000000000001 0.09 0.03000000000000001)
(1 0.09000000000000002 0.03)
(-1 0.095 0.03)
(-0.9500000000000001 0.095 0.03)
(-0.9 0.095 0.03)
(-0.85 0.095 0.03)
(-0.8 0.095 0.03)
(-0.75 0.095 0.03)
(-0.7000000000000001 0.095 0.03)
(-0.65 0.095 0.03)
(-0.6 0.09499999999999999 0.03)
(-0.55 0.09500000000000001 0.03)
(-0.5 0.095 0.03)
(-0.45 0.095 0.03)
(-0.4 0.095 0.03)
(-0.35 0.095 0.03)
(-0.3 0.09500000000000001 0.03)
(-0.25 0.095 0.03)
(-0.2 0.09499999999999999 0.03)
(-0.1499999999999999 0.095 0.03)
(-0.1 0.095 0.03)
(-0.05 0.095 0.03)
(0 0.095 0.03)
(0.05 0.095 0.03)
(0.1000000000000001 0.095 0.03)
(0.1499999999999999 0.09500000000000001 0.03000000000000001)
(0.2 0.09499999999999999 0.03)
(0.25 0.095 0.03)
(0.3 0.09500000000000001 0.03000000000000001)
(0.35 0.09500000000000001 0.03000000000000001)
(0.3999999999999999 0.095 0.03)
(0.45 0.095 0.03)
(0.5 0.095 0.03)
(0.55 0.095 0.03)
(0.6 0.095 0.03)
(0.6499999999999999 0.095 0.03)
(0.7000000000000001 0.09499999999999999 0.03)
(0.75 0.09500000000000001 0.03)
(0.8 0.09500000000000001 0.03)
(0.85 0.09499999999999999 0.03)
(0.8999999999999999 0.09499999999999999 0.03)
(0.9500000000000001 0.09500000000000001 0.03000000000000001)
(1 0.095 0.03)
(-1 0.1 0.03)
(-0.9500000000000001 0.1 0.03)
(-0.9 0.1 0.03)
(-0.85 0.1 0.03)
(-0.8 0.1 0.03)
(-0.75 0.1 0.03)
(-0.7000000000000001 0.1 0.03)
(-0.65 0.1 0.03)
(-0.6 0.1 0.03000000000000001)
(-0.55 0.1 0.03)
(-0.5 0.1 0.03)
(-0.45 0.1 0.03)
(-0.4000000000000001 0.1 0.03)
(-0.35 0.1 0.03)
(-0.3 0.1 0.03)
(-0.25 0.1 0.03)
(-0.2 0.1 0.03)
(-0.1499999999999999 0.1 0.03)
(-0.1000000000000001 0.1 0.03)
(-0.05000000000000003 0.1 0.03)
(0 0.1 0.03)
(0.05000000000000003 0.1 0.03000000000000001)
(0.1000000000000001 0.1 0.03)
(0.1499999999999999 0.1 0.03)
(0.2 0.1 0.03)
(0.25 0.1 0.03)
(0.3 0.1 0.03)
(0.35 0.1 0.03)
(0.4 0.1 0.03)
(0.45 0.1 0.03)
(0.5 0.1 0.03)
(0.55 0.1 0.03)
(0.6 0.1 0.03)
(0.65 0.1 0.03)
(0.7000000000000001 0.1 0.03)
(0.75 0.1 0.03)
(0.8 0.1 0.03000000000000001)
(0.85 0.1 0.03)
(0.9 0.1 0.03)
(0.9500000000000001 0.1 0.03)
(1 0.1 0.03)
(-1 0 0.06)
(-0.9500000000000001 0 0.06)
(-0.9 0 0.06)
(-0.85 0 0.06)
(-0.8 0 0.06)
(-0.75 0 0.06)
(-0.7000000000000001 0 0.06)
(-0.65 0 0.06)
(-0.6 0 0.06000000000000001)
(-0.55 0 0.06000000000000001)
(-0.5 0 0.06)
(-0.45 0 0.06)
(-0.4 0 0.05999999999999999)
(-0.35 0 0.06)
(-0.3 0 0.06)
(-0.25 0 0.06)
(-0.2 0 0.06)
(-0.15 0 0.06)
(-0.1 0 0.06)
(-0.05 0 0.06)
(0 0 0.06)
(0.05 0 0.06)
(0.1000000000000001 0 0.06)
(0.1499999999999999 0 0.06)
(0.2 0 0.06)
(0.2500000000000001 0 0.06)
(0.3 0 0.06)
(0.3500000000000001 0 0.06)
(0.3999999999999999 0 0.06)
(0.45 0 0.06)
(0.5 0 0.06)
(0.55 0 0.06)
(0.6 0 0.06)
(0.65 0 0.06)
(0.7000000000000001 0 0.06)
(0.75 0 0.06)
(0.8 0 0.06)
(0.85 0 0.06)
(0.9 0 0.06)
(0.9500000000000001 0 0.06)
(1 0 0.06)
(-1 0.005 0.06)
(-0.9500000000000001 0.005 0.06000000000000001)
(-0.9000000000000001 0.005000000000000001 0.06000000000000003)
(-0.85 0.005000000000000001 0.06)
(-0.8 0.005000000000000001 0.06000000000000001)
(-0.75 0.005000000000000001 0.06000000000000001)
(-0.7000000000000001 0.005000000000000001 0.06000000000000003)
(-0.65 0.005 0.05999999999999999)
(-0.6 0.005000000000000001 0.06)
(-0.55 0.005000000000000001 0.06000000000000001)
(-0.5 0.005000000000000001 0.06000000000000003)
(-0.45 0.005 0.06)
(-0.3999999999999999 0.005 0.06)
(-0.35 0.005000000000000001 0.06000000000000001)
(-0.3000000000000001 0.005000000000000001 0.06000000000000001)
(-0.25 0.005 0.06)
(-0.2 0.005 0.06000000000000001)
(-0.1499999999999999 0.005000000000000001 0.06000000000000001)
(-0.1000000000000001 0.005000000000000001 0.06000000000000003)
(-0.05000000000000004 0.005 0.06)
(0 0.005 0.05999999999999999)
(0.05000000000000004 0.005000000000000001 0.06)
(0.1000000000000001 0.005000000000000001 0.06000000000000001)
(0.1499999999999999 0.005000000000000001 0.06000000000000001)
(0.2 0.005 0.06000000000000001)
(0.2500000000000001 0.005 0.06)
(0.3000000000000001 0.005000000000000001 0.06000000000000001)
(0.3500000000000001 0.005000000000000001 0.06000000000000001)
(0.3999999999999999 0.005 0.06)
(0.45 0.005 0.06000000000000001)
(0.5 0.005000000000000001 0.06000000000000001)
(0.55 0.005000000000000001 0.06000000000000001)
(0.6000000000000001 0.005 0.06)
(0.65 0.005 0.06)
(0.7000000000000001 0.005000000000000001 0.06000000000000001)
(0.75 0.005000000000000001 0.06000000000000001)
(0.8 0.005000000000000001 0.06000000000000001)
(0.85 0.005000000000000001 0.06000000000000001)
(0.9 0.005 0.06000000000000001)
(0.9500000000000001 0.005000000000000001 0.06000000000000001)
(1 0.005 0.06)
(-1 0.01 0.06)
(-0.9500000000000001 0.01 0.06000000000000001)
(-0.9 0.01 0.06000000000000001)
(-0.85 0.01 0.06000000000000001)
(-0.8 0.01 0.06)
(-0.75 0.01 0.06)
(-0.7000000000000001 0.01 0.06000000000000001)
(-0.65 0.01 0.06)
(-0.6 0.01 0.06)
(-0.55 0.01 0.06000000000000001)
(-0.5 0.01 0.06000000000000001)
(-0.45 0.01 0.06)
(-0.4 0.01 0.06000000000000001)
(-0.35 0.01 0.06)
(-0.3000000000000001 0.01 0.06000000000000001)
(-0.25 0.01 0.06)
(-0.2 0.01 0.05999999999999999)
(-0.15 0.01 0.06)
(-0.1 0.01 0.06)
(-0.05 0.01 0.06000000000000001)
(0 0.01 0.06)
(0.05 0.01 0.06000000000000001)
(0.1000000000000001 0.01 0.05999999999999999)
(0.1499999999999999 0.01 0.05999999999999999)
(0.2 0.009999999999999998 0.05999999999999999)
(0.25 0.01 0.06)
(0.3000000000000001 0.01 0.06000000000000003)
(0.3500000000000001 0.01 0.06000000000000001)
(0.3999999999999999 0.01 0.06000000000000001)
(0.45 0.01 0.06)
(0.5 0.01 0.06)
(0.55 0.01 0.06)
(0.6 0.01 0.06)
(0.65 0.01 0.06000000000000001)
(0.7000000000000001 0.01 0.06000000000000003)
(0.75 0.01 0.05999999999999999)
(0.8 0.01 0.06)
(0.85 0.01 0.06)
(0.9 0.01 0.06)
(0.9500000000000001 0.01 0.06000000000000001)
(1 0.01 0.06)
(-1 0.015 0.06)
(-0.9500000000000001 0.015 0.06000000000000003)
(-0.9000000000000001 0.01500000000000001 0.06000000000000003)
(-0.85 0.015 0.06)
(-0.8 0.015 0.06000000000000001)
(-0.75 0.015 0.06000000000000003)
(-0.7000000000000001 0.01500000000000001 0.06000000000000001)
(-0.65 0.015 0.05999999999999999)
(-0.6 0.015 0.06)
(-0.55 0.015 0.06000000000000003)
(-0.5 0.015 0.06000000000000001)
(-0.45 0.015 0.06)
(-0.4 0.015 0.06)
(-0.35 0.015 0.06000000000000003)
(-0.3 0.015 0.06000000000000001)
(-0.2500000000000001 0.015 0.06000000000000001)
(-0.2 0.015 0.06)
(-0.15 0.015 0.06)
(-0.09999999999999998 0.015 0.06000000000000003)
(-0.05 0.015 0.06)
(0 0.015 0.06)
(0.05 0.015 0.05999999999999999)
(0.1000000000000001 0.015 0.06000000000000001)
(0.1499999999999999 0.015 0.06000000000000001)
(0.2 0.015 0.06)
(0.2500000000000001 0.015 0.06)
(0.3 0.015 0.06000000000000001)
(0.3500000000000001 0.015 0.06000000000000001)
(0.4 0.015 0.06)
(0.45 0.015 0.06)
(0.5 0.015 0.06000000000000003)
(0.55 0.015 0.06000000000000001)
(0.6 0.015 0.06)
(0.65 0.015 0.06)
(0.7000000000000001 0.015 0.06000000000000001)
(0.75 0.015 0.06000000000000001)
(0.8 0.015 0.06)
(0.85 0.015 0.06)
(0.9 0.015 0.06000000000000003)
(0.9500000000000001 0.015 0.06000000000000001)
(1 0.015 0.06)
(-1 0.02 0.06000000000000001)
(-0.9500000000000001 0.02 0.06000000000000003)
(-0.9 0.02 0.06)
(-0.85 0.02 0.06)
(-0.8 0.02 0.06)
(-0.75 0.02 0.06000000000000001)
(-0.7000000000000001 0.02 0.06)
(-0.65 0.02 0.06)
(-0.6 0.02 0.06)
(-0.55 0.02 0.05999999999999999)
(-0.5 0.02 0.06)
(-0.45 0.02 0.06)
(-0.4 0.02 0.06)
(-0.35 0.02 0.06)
(-0.3 0.02 0.06)
(-0.25 0.02 0.06)
(-0.2 0.02 0.06000000000000001)
(-0.15 0.02 0.06000000000000001)
(-0.09999999999999998 0.02 0.06)
(-0.05000000000000003 0.02 0.06000000000000001)
(0 0.02 0.06000000000000003)
(0.05000000000000003 0.02 0.06000000000000001)
(0.1000000000000001 0.02 0.06)
(0.1499999999999999 0.02 0.06000000000000003)
(0.1999999999999999 0.02 0.06)
(0.25 0.02 0.06)
(0.3 0.02 0.06)
(0.3500000000000001 0.02 0.06)
(0.3999999999999999 0.02 0.06)
(0.45 0.02 0.06)
(0.5 0.02 0.05999999999999999)
(0.55 0.02 0.06)
(0.6000000000000002 0.02 0.06)
(0.65 0.02 0.06)
(0.7000000000000001 0.02 0.06000000000000001)
(0.75 0.02 0.06)
(0.8 0.02 0.06000000000000001)
(0.85 0.02 0.06)
(0.9 0.02 0.06000000000000001)
(0.9500000000000001 0.02 0.06)
(1 0.02 0.06000000000000001)
(-1 0.025 0.06)
(-0.9500000000000001 0.025 0.06000000000000001)
(-0.9 0.025 0.06000000000000003)
(-0.85 0.02499999999999999 0.06)
(-0.8 0.025 0.06000000000000001)
(-0.75 0.025 0.06000000000000001)
(-0.7000000000000001 0.025 0.06000000000000001)
(-0.65 0.025 0.06000000000000001)
(-0.6 0.02499999999999999 0.06)
(-0.55 0.025 0.06)
(-0.5 0.025 0.06000000000000001)
(-0.45 0.025 0.06000000000000001)
(-0.4 0.025 0.06)
(-0.3500000000000001 0.02499999999999999 0.06)
(-0.3 0.025 0.06)
(-0.25 0.025 0.06)
(-0.2 0.025 0.06000000000000001)
(-0.15 0.025 0.06)
(-0.1 0.025 0.06000000000000001)
(-0.05000000000000003 0.025 0.06)
(0 0.025 0.06)
(0.05000000000000003 0.025 0.06000000000000001)
(0.1000000000000001 0.025 0.06000000000000001)
(0.1499999999999999 0.025 0.06)
(0.2 0.025 0.06000000000000001)
(0.2500000000000001 0.025 0.06)
(0.3 0.025 0.06000000000000001)
(0.35 0.025 0.06)
(0.3999999999999999 0.025 0.06)
(0.45 0.025 0.06)
(0.5 0.025 0.06000000000000001)
(0.55 0.025 0.06)
(0.6000000000000001 0.025 0.06000000000000001)
(0.65 0.025 0.06)
(0.7000000000000001 0.025 0.06000000000000001)
(0.75 0.025 0.06000000000000001)
(0.8 0.025 0.06)
(0.85 0.025 0.06)
(0.9 0.025 0.06)
(0.9500000000000001 0.025 0.06000000000000001)
(1 0.025 0.06)
(-1 0.03 0.05999999999999999)
(-0.9500000000000001 0.03 0.06000000000000001)
(-0.9 0.03 0.06)
(-0.85 0.03 0.06000000000000001)
(-0.8 0.03 0.06000000000000001)
(-0.75 0.03 0.06)
(-0.7000000000000001 0.03 0.06)
(-0.65 0.03 0.06)
(-0.6 0.03 0.06)
(-0.55 0.03 0.06)
(-0.5 0.03 0.06)
(-0.45 0.03 0.06)
(-0.4 0.03 0.06)
(-0.35 0.03 0.06)
(-0.3 0.03000000000000001 0.06)
(-0.25 0.03 0.06)
(-0.2 0.03 0.05999999999999998)
(-0.15 0.03 0.06000000000000001)
(-0.09999999999999998 0.03000000000000001 0.05999999999999999)
(-0.04999999999999999 0.03 0.06)
(0 0.03 0.05999999999999998)
(0.04999999999999999 0.03 0.05999999999999999)
(0.1000000000000001 0.03 0.05999999999999999)
(0.1499999999999999 0.03 0.06000000000000001)
(0.2 0.03 0.06)
(0.25 0.03 0.06)
(0.3 0.03 0.06)
(0.3500000000000001 0.03 0.06)
(0.4 0.03 0.06)
(0.45 0.03 0.06)
(0.5 0.03 0.06000000000000001)
(0.55 0.03 0.06)
(0.6 0.03000000000000001 0.06)
(0.65 0.03 0.06)
(0.7000000000000001 0.03 0.06000000000000001)
(0.75 0.03 0.06)
(0.8 0.03 0.06)
(0.85 0.03 0.06)
(0.9 0.03000000000000001 0.06000000000000001)
(0.9500000000000001 0.03 0.06000000000000001)
(1 0.03 0.05999999999999999)
(-1 0.035 0.06)
(-0.9500000000000001 0.035 0.06000000000000001)
(-0.9 0.035 0.06000000000000001)
(-0.85 0.035 0.06000000000000001)
(-0.8000000000000002 0.035 0.06000000000000001)
(-0.75 0.035 0.06)
(-0.7000000000000001 0.035 0.06000000000000001)
(-0.65 0.035 0.06)
(-0.6 0.035 0.06)
(-0.55 0.035 0.06)
(-0.5 0.035 0.06000000000000001)
(-0.45 0.035 0.06000000000000001)
(-0.3999999999999999 0.035 0.06)
(-0.35 0.035 0.06000000000000001)
(-0.3000000000000001 0.035 0.06)
(-0.2500000000000001 0.035 0.06000000000000001)
(-0.2 0.035 0.06000000000000001)
(-0.15 0.035 0.06000000000000001)
(-0.1 0.035 0.06000000000000001)
(-0.05000000000000004 0.035 0.06)
(0 0.035 0.06)
(0.05000000000000004 0.035 0.06)
(0.1000000000000001 0.035 0.06000000000000001)
(0.1499999999999999 0.035 0.06)
(0.2 0.035 0.06000000000000001)
(0.2500000000000001 0.035 0.06000000000000001)
(0.3000000000000001 0.035 0.06)
(0.3500000000000001 0.035 0.06)
(0.3999999999999999 0.035 0.06)
(0.45 0.035 0.06000000000000001)
(0.5 0.035 0.06)
(0.55 0.035 0.06000000000000001)
(0.6 0.035 0.06)
(0.65 0.035 0.06000000000000001)
(0.7000000000000001 0.035 0.06000000000000001)
(0.75 0.035 0.06)
(0.8 0.035 0.06000000000000001)
(0.85 0.035 0.06)
(0.9 0.035 0.06000000000000001)
(0.9500000000000001 0.035 0.06)
(1 0.035 0.06)
(-1 0.04 0.06)
(-0.9500000000000001 0.04 0.06)
(-0.9 0.04 0.06)
(-0.85 0.04 0.06)
(-0.8 0.03999999999999999 0.06)
(-0.75 0.04 0.06)
(-0.7000000000000001 0.04000000000000001 0.06)
(-0.65 0.04 0.06)
(-0.6 0.04000000000000001 0.06)
(-0.55 0.04 0.06)
(-0.5 0.04 0.06000000000000001)
(-0.45 0.04 0.06)
(-0.3999999999999999 0.03999999999999999 0.06)
(-0.35 0.04 0.06000000000000001)
(-0.3 0.04000000000000001 0.06)
(-0.25 0.04 0.06)
(-0.2 0.04 0.06)
(-0.1499999999999999 0.04000000000000001 0.06)
(-0.09999999999999996 0.04 0.06)
(-0.04999999999999999 0.04 0.06000000000000001)
(0 0.04 0.06)
(0.04999999999999998 0.04000000000000001 0.06000000000000001)
(0.1000000000000001 0.04000000000000001 0.06)
(0.1499999999999999 0.04000000000000001 0.06)
(0.2 0.03999999999999999 0.06)
(0.2500000000000001 0.04 0.06)
(0.3 0.04 0.06)
(0.3500000000000001 0.04 0.06000000000000001)
(0.4 0.04000000000000001 0.06)
(0.45 0.04 0.06000000000000001)
(0.5 0.04000000000000001 0.06000000000000001)
(0.55 0.04000000000000001 0.06)
(0.6 0.04 0.06)
(0.65 0.04 0.06000000000000001)
(0.7000000000000001 0.04 0.06000000000000001)
(0.75 0.04 0.06)
(0.8 0.04 0.05999999999999999)
(0.85 0.04 0.06)
(0.9 0.04 0.06)
(0.9500000000000001 0.04 0.06)
(1 0.04 0.06)
(-1 0.04499999999999999 0.06)
(-0.9500000000000001 0.045 0.06)
(-0.9 0.045 0.06000000000000001)
(-0.85 0.04500000000000001 0.06)
(-0.8 0.045 0.06)
(-0.75 0.045 0.06000000000000001)
(-0.7000000000000001 0.045 0.06)
(-0.65 0.045 0.06)
(-0.6 0.045 0.06)
(-0.55 0.045 0.06)
(-0.5000000000000001 0.045 0.06000000000000001)
(-0.45 0.04500000000000001 0.06000000000000001)
(-0.3999999999999999 0.04500000000000001 0.06)
(-0.35 0.045 0.06000000000000001)
(-0.3000000000000001 0.045 0.06)
(-0.25 0.045 0.06)
(-0.2 0.045 0.06000000000000001)
(-0.15 0.04499999999999999 0.06)
(-0.1 0.045 0.06)
(-0.05000000000000004 0.045 0.06)
(0 0.045 0.06000000000000001)
(0.05000000000000004 0.045 0.05999999999999999)
(0.1000000000000001 0.04500000000000001 0.06)
(0.1499999999999999 0.045 0.06)
(0.2 0.045 0.06)
(0.25 0.045 0.06)
(0.3000000000000001 0.045 0.06000000000000001)
(0.35 0.04499999999999999 0.06000000000000001)
(0.3999999999999999 0.04500000000000001 0.06000000000000001)
(0.45 0.04500000000000001 0.06000000000000001)
(0.5000000000000001 0.045 0.06000000000000001)
(0.55 0.045 0.06)
(0.6 0.04499999999999999 0.06)
(0.65 0.04499999999999999 0.06)
(0.7000000000000001 0.045 0.06000000000000001)
(0.75 0.045 0.06)
(0.8 0.045 0.06)
(0.85 0.04500000000000001 0.06)
(0.9 0.04499999999999999 0.06000000000000001)
(0.9500000000000001 0.045 0.06)
(1 0.04499999999999999 0.06)
(-1 0.05 0.06)
(-0.9500000000000001 0.05 0.06)
(-0.9 0.05 0.06)
(-0.85 0.05 0.06)
(-0.8 0.05 0.06)
(-0.75 0.05 0.06)
(-0.7000000000000001 0.05000000000000001 0.06)
(-0.65 0.05 0.06)
(-0.6 0.05 0.06)
(-0.55 0.05 0.06000000000000001)
(-0.5 0.05 0.06)
(-0.45 0.05 0.06)
(-0.3999999999999999 0.05 0.06)
(-0.35 0.05 0.06)
(-0.3 0.05 0.06)
(-0.25 0.05 0.06)
(-0.2 0.05 0.06)
(-0.15 0.05 0.06)
(-0.09999999999999998 0.05 0.06)
(-0.05 0.05 0.06)
(0 0.05 0.06)
(0.05 0.05 0.06)
(0.1000000000000001 0.05 0.06)
(0.1499999999999999 0.05 0.06)
(0.2 0.05 0.06)
(0.2500000000000001 0.05 0.06)
(0.3 0.05 0.06)
(0.3500000000000001 0.05 0.06)
(0.4 0.05 0.06)
(0.45 0.05 0.06)
(0.5 0.05 0.06)
(0.55 0.05 0.06)
(0.6 0.05 0.06)
(0.65 0.05 0.06)
(0.7000000000000001 0.05 0.06)
(0.75 0.05 0.06)
(0.8 0.05 0.06)
(0.85 0.05 0.06)
(0.9 0.05 0.06)
(0.9500000000000001 0.05 0.06)
(1 0.05 0.06)
(-1 0.055 0.06)
(-0.9500000000000001 0.055 0.06000000000000001)
(-0.9 0.055 0.06)
(-0.85 0.05500000000000001 0.06)
(-0.8 0.05500000000000001 0.06)
(-0.75 0.055 0.06)
(-0.7000000000000001 0.055 0.06000000000000001)
(-0.65 0.05500000000000001 0.06)
(-0.6 0.055 0.06)
(-0.55 0.05500000000000001 0.06)
(-0.5 0.055 0.06000000000000001)
(-0.45 0.055 0.06)
(-0.3999999999999999 0.055 0.06)
(-0.35 0.055 0.06000000000000001)
(-0.3000000000000001 0.05500000000000001 0.06000000000000001)
(-0.25 0.055 0.06)
(-0.2 0.055 0.06000000000000001)
(-0.1499999999999999 0.05500000000000001 0.06000000000000001)
(-0.1 0.055 0.06)
(-0.05000000000000001 0.055 0.06)
(0 0.055 0.05999999999999999)
(0.05000000000000003 0.05500000000000001 0.06000000000000001)
(0.1000000000000001 0.055 0.06)
(0.1499999999999999 0.055 0.06)
(0.2 0.055 0.06)
(0.2500000000000001 0.055 0.06)
(0.3000000000000001 0.05500000000000001 0.06000000000000001)
(0.3500000000000001 0.05500000000000001 0.06000000000000001)
(0.3999999999999999 0.055 0.06)
(0.45 0.05500000000000001 0.06)
(0.5 0.05500000000000001 0.06000000000000001)
(0.55 0.05500000000000001 0.06)
(0.6 0.05500000000000001 0.06)
(0.65 0.055 0.06)
(0.7000000000000001 0.05500000000000001 0.06000000000000001)
(0.75 0.05500000000000001 0.06000000000000001)
(0.8 0.05500000000000001 0.06)
(0.85 0.05500000000000001 0.06)
(0.9 0.055 0.06)
(0.9500000000000001 0.05500000000000001 0.06000000000000001)
(1 0.055 0.06)
(-1 0.06 0.06)
(-0.9500000000000001 0.06 0.06)
(-0.9 0.06 0.06)
(-0.85 0.06 0.06)
(-0.8 0.06 0.06)
(-0.75 0.06 0.06)
(-0.7000000000000001 0.06 0.06)
(-0.65 0.06 0.06)
(-0.6 0.06 0.06)
(-0.55 0.06 0.06)
(-0.5 0.06 0.06)
(-0.45 0.06 0.06)
(-0.3999999999999999 0.06 0.06)
(-0.35 0.06 0.06)
(-0.3 0.06 0.06)
(-0.25 0.06 0.06)
(-0.2 0.06 0.06)
(-0.15 0.05999999999999999 0.05999999999999999)
(-0.09999999999999996 0.06000000000000001 0.06000000000000001)
(-0.05 0.06 0.06)
(0 0.06 0.06)
(0.05000000000000001 0.06 0.06)
(0.1000000000000001 0.05999999999999999 0.06)
(0.1499999999999999 0.06 0.06)
(0.2 0.05999999999999999 0.06000000000000001)
(0.25 0.06 0.06)
(0.3 0.06 0.06000000000000001)
(0.3500000000000001 0.06 0.06)
(0.4 0.06 0.06)
(0.45 0.06 0.06)
(0.5 0.06 0.06)
(0.55 0.06 0.05999999999999999)
(0.6 0.06 0.06)
(0.65 0.06 0.06)
(0.7000000000000001 0.06 0.06)
(0.75 0.06 0.06000000000000001)
(0.8 0.06 0.06)
(0.85 0.06 0.06)
(0.9 0.06000000000000001 0.06)
(0.9500000000000001 0.06 0.06000000000000001)
(1 0.06 0.06)
(-1 0.065 0.06)
(-0.9500000000000001 0.065 0.06000000000000001)
(-0.9 0.065 0.06000000000000003)
(-0.85 0.06500000000000002 0.06000000000000003)
(-0.8000000000000002 0.06500000000000002 0.06000000000000001)
(-0.75 0.065 0.06)
(-0.7000000000000001 0.065 0.06000000000000001)
(-0.65 0.065 0.06)
(-0.6 0.065 0.06)
(-0.55 0.06500000000000002 0.06000000000000001)
(-0.5 0.065 0.06000000000000001)
(-0.45 0.065 0.06)
(-0.3999999999999999 0.065 0.06)
(-0.35 0.065 0.06000000000000001)
(-0.3000000000000001 0.065 0.06)
(-0.25 0.065 0.06)
(-0.2 0.065 0.06000000000000001)
(-0.1499999999999999 0.06500000000000002 0.06000000000000001)
(-0.1 0.06500000000000002 0.06000000000000001)
(-0.05000000000000004 0.065 0.06)
(0 0.065 0.06)
(0.05000000000000004 0.065 0.06)
(0.1000000000000001 0.06500000000000002 0.06000000000000001)
(0.1499999999999999 0.065 0.06)
(0.2 0.06500000000000002 0.06)
(0.25 0.065 0.06)
(0.3 0.065 0.06)
(0.3500000000000001 0.065 0.06)
(0.3999999999999999 0.065 0.06000000000000001)
(0.45 0.06500000000000002 0.06000000000000001)
(0.5 0.065 0.06000000000000003)
(0.55 0.065 0.06000000000000001)
(0.6 0.065 0.06)
(0.65 0.065 0.06000000000000001)
(0.7000000000000001 0.065 0.06000000000000001)
(0.75 0.065 0.06000000000000001)
(0.8 0.065 0.06000000000000001)
(0.85 0.065 0.06000000000000001)
(0.9 0.06499999999999999 0.06)
(0.9500000000000001 0.065 0.06000000000000001)
(1 0.065 0.06)
(-1 0.07000000000000001 0.06)
(-0.9500000000000001 0.07000000000000001 0.06)
(-0.9 0.06999999999999999 0.06)
(-0.85 0.06999999999999999 0.06)
(-0.8 0.06999999999999999 0.06)
(-0.75 0.07000000000000001 0.06000000000000001)
(-0.7000000000000001 0.07000000000000001 0.06)
(-0.65 0.06999999999999999 0.05999999999999999)
(-0.6 0.07000000000000001 0.06)
(-0.55 0.06999999999999999 0.06)
(-0.5 0.06999999999999999 0.05999999999999999)
(-0.45 0.06999999999999999 0.06)
(-0.3999999999999999 0.06999999999999999 0.06)
(-0.35 0.07000000000000001 0.06)
(-0.3 0.07000000000000001 0.06000000000000001)
(-0.2500000000000001 0.06999999999999999 0.06)
(-0.2 0.07000000000000001 0.06)
(-0.15 0.07000000000000001 0.06000000000000001)
(-0.1 0.07000000000000001 0.06)
(-0.05000000000000003 0.07000000000000001 0.06)
(0 0.07000000000000001 0.06)
(0.05000000000000003 0.06999999999999999 0.06)
(0.1000000000000001 0.07000000000000001 0.06)
(0.1499999999999999 0.07000000000000001 0.06)
(0.2 0.07000000000000001 0.06)
(0.25 0.06999999999999999 0.06)
(0.3 0.07000000000000001 0.06)
(0.3500000000000001 0.06999999999999999 0.06)
(0.3999999999999999 0.07000000000000001 0.06000000000000001)
(0.45 0.06999999999999999 0.06)
(0.5 0.06999999999999999 0.06)
(0.55 0.06999999999999999 0.06)
(0.6 0.06999999999999999 0.06)
(0.65 0.07000000000000001 0.05999999999999999)
(0.7000000000000001 0.06999999999999999 0.06)
(0.75 0.06999999999999999 0.06)
(0.8 0.06999999999999999 0.06)
(0.85 0.06999999999999999 0.06000000000000001)
(0.9 0.07000000000000001 0.06)
(0.9500000000000001 0.06999999999999999 0.06000000000000001)
(1 0.07000000000000001 0.06)
(-1 0.075 0.06)
(-0.9500000000000001 0.075 0.06000000000000001)
(-0.9 0.075 0.06000000000000001)
(-0.85 0.075 0.06)
(-0.8 0.075 0.06)
(-0.75 0.075 0.06000000000000001)
(-0.7000000000000001 0.075 0.06000000000000001)
(-0.65 0.075 0.06)
(-0.6 0.075 0.06)
(-0.55 0.07500000000000001 0.06000000000000001)
(-0.5 0.075 0.06000000000000001)
(-0.45 0.075 0.06)
(-0.3999999999999999 0.075 0.06)
(-0.3500000000000001 0.075 0.06)
(-0.3 0.075 0.06000000000000001)
(-0.25 0.075 0.06)
(-0.2 0.075 0.06000000000000001)
(-0.15 0.075 0.06)
(-0.1 0.07500000000000001 0.06000000000000001)
(-0.05000000000000003 0.075 0.06000000000000001)
(0 0.075 0.06)
(0.05000000000000003 0.075 0.06)
(0.1000000000000001 0.075 0.06000000000000001)
(0.1499999999999999 0.075 0.06000000000000001)
(0.2 0.075 0.06000000000000001)
(0.25 0.075 0.06)
(0.3 0.075 0.06)
(0.35 0.075 0.06)
(0.3999999999999999 0.075 0.06)
(0.45 0.075 0.06000000000000001)
(0.5 0.075 0.06000000000000001)
(0.55 0.07500000000000001 0.06)
(0.6 0.075 0.06000000000000001)
(0.65 0.075 0.06)
(0.7000000000000001 0.075 0.06000000000000001)
(0.75 0.075 0.06000000000000001)
(0.8 0.075 0.06000000000000001)
(0.8500000000000002 0.07500000000000001 0.06)
(0.9 0.075 0.06)
(0.9500000000000001 0.075 0.06000000000000001)
(1 0.075 0.06)
(-1 0.08 0.06)
(-0.9500000000000001 0.08 0.06)
(-0.9 0.08 0.06000000000000001)
(-0.85 0.08000000000000002 0.06)
(-0.8 0.08 0.06)
(-0.75 0.08 0.06)
(-0.7000000000000001 0.08000000000000002 0.06)
(-0.65 0.08 0.06)
(-0.6 0.08000000000000002 0.06)
(-0.55 0.08 0.06)
(-0.5 0.08 0.06)
(-0.45 0.08 0.06)
(-0.4 0.08 0.06)
(-0.35 0.08 0.06)
(-0.3 0.08000000000000002 0.06)
(-0.25 0.08 0.06)
(-0.2 0.08 0.06)
(-0.15 0.08 0.06)
(-0.09999999999999998 0.08 0.06)
(-0.05000000000000004 0.08 0.06)
(0 0.08 0.06)
(0.05000000000000004 0.08 0.06)
(0.1000000000000001 0.08000000000000002 0.06)
(0.1499999999999999 0.08 0.06)
(0.1999999999999999 0.07999999999999999 0.06)
(0.25 0.08 0.06)
(0.3 0.08 0.06)
(0.35 0.08 0.06)
(0.3999999999999999 0.08 0.06)
(0.45 0.08 0.06)
(0.5 0.08000000000000002 0.06000000000000001)
(0.55 0.08 0.06)
(0.6 0.08 0.06)
(0.65 0.08 0.06)
(0.7000000000000001 0.08 0.06)
(0.75 0.08 0.06)
(0.8 0.08 0.06)
(0.85 0.08 0.06)
(0.9 0.08 0.06)
(0.9500000000000001 0.08 0.06000000000000001)
(1 0.08 0.06)
(-1 0.08500000000000002 0.06)
(-0.9500000000000001 0.08500000000000001 0.06000000000000001)
(-0.9 0.08499999999999998 0.06000000000000001)
(-0.85 0.08500000000000001 0.06000000000000001)
(-0.8 0.08500000000000001 0.06000000000000001)
(-0.75 0.08500000000000002 0.06000000000000001)
(-0.7000000000000001 0.08500000000000001 0.06000000000000001)
(-0.65 0.08500000000000001 0.06)
(-0.6 0.08500000000000001 0.06000000000000001)
(-0.55 0.08499999999999998 0.06000000000000001)
(-0.5000000000000001 0.08500000000000002 0.06000000000000001)
(-0.45 0.08500000000000001 0.06000000000000001)
(-0.3999999999999999 0.08500000000000001 0.06)
(-0.35 0.08500000000000001 0.06000000000000001)
(-0.3000000000000001 0.08500000000000001 0.06)
(-0.25 0.08500000000000001 0.06)
(-0.2 0.08500000000000002 0.06)
(-0.15 0.08500000000000002 0.06000000000000001)
(-0.09999999999999998 0.08500000000000002 0.06000000000000001)
(-0.05 0.08500000000000001 0.06)
(0 0.08500000000000001 0.06)
(0.05 0.08500000000000001 0.06)
(0.1000000000000001 0.08500000000000001 0.06)
(0.1499999999999999 0.08500000000000001 0.06000000000000001)
(0.2 0.08500000000000001 0.06)
(0.25 0.08500000000000001 0.06)
(0.3000000000000001 0.08499999999999998 0.06000000000000001)
(0.35 0.08500000000000001 0.06)
(0.4 0.08500000000000001 0.06000000000000001)
(0.45 0.08500000000000001 0.06000000000000001)
(0.5000000000000001 0.08500000000000002 0.06000000000000001)
(0.55 0.08499999999999998 0.06000000000000001)
(0.6000000000000001 0.08500000000000002 0.06000000000000001)
(0.65 0.08500000000000001 0.06000000000000001)
(0.7000000000000001 0.08499999999999998 0.06)
(0.75 0.08500000000000002 0.06000000000000001)
(0.8 0.08500000000000002 0.06000000000000001)
(0.85 0.08500000000000001 0.06)
(0.9 0.08500000000000001 0.06000000000000001)
(0.9500000000000001 0.08500000000000001 0.06000000000000001)
(1 0.08500000000000002 0.06)
(-1 0.08999999999999998 0.06)
(-0.9500000000000001 0.09 0.06)
(-0.9 0.09 0.06000000000000001)
(-0.85 0.09 0.06)
(-0.8 0.09 0.06)
(-0.75 0.09 0.06)
(-0.7000000000000001 0.09 0.06)
(-0.65 0.09 0.06)
(-0.6 0.09 0.06)
(-0.55 0.09 0.06)
(-0.5 0.09 0.06)
(-0.45 0.09000000000000002 0.06)
(-0.3999999999999999 0.09000000000000002 0.06)
(-0.35 0.09 0.06)
(-0.3000000000000001 0.09 0.06000000000000001)
(-0.25 0.09 0.06)
(-0.2 0.09 0.06)
(-0.1499999999999999 0.08999999999999998 0.06)
(-0.1 0.09 0.06)
(-0.05000000000000003 0.09 0.06)
(0 0.09 0.06)
(0.05000000000000003 0.09 0.06)
(0.1000000000000001 0.09 0.06)
(0.1499999999999999 0.09 0.06)
(0.2 0.09 0.06)
(0.25 0.09 0.06)
(0.3000000000000001 0.09 0.06000000000000001)
(0.3500000000000001 0.09 0.06)
(0.3999999999999999 0.09000000000000002 0.06)
(0.45 0.09000000000000002 0.06)
(0.5 0.09 0.06)
(0.55 0.09 0.06)
(0.6 0.08999999999999998 0.06)
(0.65 0.08999999999999998 0.06)
(0.7000000000000001 0.09 0.06)
(0.75 0.09 0.06)
(0.8 0.09000000000000002 0.06)
(0.85 0.09000000000000002 0.06)
(0.9 0.08999999999999998 0.06)
(0.9500000000000001 0.09 0.06)
(1 0.08999999999999998 0.06)
(-1 0.095 0.06)
(-0.9500000000000001 0.095 0.06000000000000001)
(-0.9 0.095 0.06)
(-0.85 0.095 0.06)
(-0.8 0.09499999999999999 0.06)
(-0.75 0.09499999999999999 0.06000000000000001)
(-0.7000000000000001 0.095 0.06000000000000001)
(-0.65 0.09499999999999999 0.06)
(-0.6 0.09499999999999999 0.06000000000000003)
(-0.55 0.09499999999999999 0.06)
(-0.5 0.09499999999999999 0.05999999999999999)
(-0.45 0.09499999999999999 0.06)
(-0.3999999999999999 0.09499999999999999 0.06)
(-0.35 0.095 0.06)
(-0.3 0.095 0.06)
(-0.2500000000000001 0.095 0.06)
(-0.2 0.09500000000000001 0.06)
(-0.1499999999999999 0.095 0.06)
(-0.1 0.095 0.06)
(-0.05000000000000003 0.095 0.06)
(0 0.095 0.06)
(0.05000000000000003 0.095 0.06)
(0.1000000000000001 0.095 0.06)
(0.1499999999999999 0.095 0.06)
(0.2 0.095 0.06)
(0.25 0.095 0.06)
(0.3 0.09499999999999999 0.06)
(0.35 0.095 0.06)
(0.3999999999999998 0.09499999999999999 0.06)
(0.45 0.09499999999999999 0.06)
(0.5 0.09499999999999999 0.06)
(0.55 0.09499999999999999 0.06)
(0.6 0.09499999999999999 0.06)
(0.65 0.09499999999999999 0.06)
(0.7000000000000001 0.09499999999999999 0.06000000000000001)
(0.75 0.09499999999999999 0.06)
(0.8 0.09499999999999999 0.06)
(0.85 0.09499999999999999 0.06)
(0.9 0.095 0.06)
(0.9500000000000001 0.095 0.06000000000000001)
(1 0.095 0.06)
(-1 0.1 0.06)
(-0.9500000000000001 0.1 0.06)
(-0.9 0.1 0.06)
(-0.85 0.1 0.06)
(-0.8 0.1 0.06)
(-0.75 0.1 0.06)
(-0.7000000000000001 0.1 0.06)
(-0.65 0.1 0.06)
(-0.6 0.1 0.06000000000000001)
(-0.55 0.1 0.06)
(-0.5 0.1 0.06)
(-0.45 0.1 0.06)
(-0.3999999999999999 0.1 0.05999999999999999)
(-0.35 0.1 0.06)
(-0.3 0.1 0.06)
(-0.2500000000000001 0.1 0.06)
(-0.2 0.1 0.06)
(-0.15 0.1 0.06)
(-0.09999999999999998 0.1 0.06000000000000001)
(-0.05 0.1 0.06)
(0 0.1 0.06)
(0.05 0.1 0.06)
(0.1000000000000001 0.1 0.06)
(0.1499999999999999 0.1 0.06)
(0.2 0.1 0.06)
(0.25 0.1 0.06)
(0.3 0.1 0.06)
(0.35 0.1 0.06)
(0.4 0.1 0.06)
(0.45 0.1 0.06)
(0.5 0.1 0.06)
(0.55 0.1 0.06)
(0.6 0.1 0.06)
(0.65 0.1 0.06)
(0.7000000000000001 0.1 0.06)
(0.75 0.1 0.06)
(0.8 0.1 0.06)
(0.85 0.1 0.06)
(0.9 0.1 0.06)
(0.9500000000000001 0.1 0.06)
(1 0.1 0.06)
(-1 0 0.09)
(-0.9500000000000001 0 0.09)
(-0.9 0 0.09)
(-0.85 0 0.09000000000000002)
(-0.8 0 0.09)
(-0.75 0 0.09)
(-0.7000000000000001 0 0.09)
(-0.65 0 0.09)
(-0.6 0 0.08999999999999998)
(-0.55 0 0.09)
(-0.5000000000000001 0 0.09)
(-0.45 0 0.09)
(-0.4 0 0.09)
(-0.35 0 0.08999999999999998)
(-0.3 0 0.09)
(-0.25 0 0.09)
(-0.2 0 0.09)
(-0.15 0 0.09)
(-0.1 0 0.09000000000000002)
(-0.05 0 0.09)
(0 0 0.09)
(0.05 0 0.09)
(0.1000000000000001 0 0.09)
(0.1499999999999999 0 0.09)
(0.2 0 0.09)
(0.25 0 0.09)
(0.3 0 0.09)
(0.3500000000000001 0 0.09)
(0.3999999999999999 0 0.09000000000000002)
(0.45 0 0.09)
(0.5000000000000001 0 0.09)
(0.55 0 0.09)
(0.6 0 0.09)
(0.65 0 0.08999999999999998)
(0.7000000000000001 0 0.09)
(0.75 0 0.09)
(0.8 0 0.09)
(0.85 0 0.09000000000000002)
(0.9 0 0.08999999999999998)
(0.9500000000000001 0 0.09)
(1 0 0.09)
(-1 0.005000000000000001 0.09)
(-0.9500000000000001 0.005 0.09)
(-0.9 0.005 0.08999999999999998)
(-0.85 0.005 0.09)
(-0.8 0.005000000000000001 0.09000000000000002)
(-0.75 0.005 0.08999999999999998)
(-0.7000000000000001 0.005000000000000001 0.09)
(-0.65 0.005 0.08999999999999998)
(-0.6 0.005000000000000001 0.08999999999999998)
(-0.55 0.005000000000000001 0.09)
(-0.5 0.005 0.08999999999999998)
(-0.45 0.005 0.09)
(-0.4 0.005 0.09)
(-0.35 0.005 0.08999999999999998)
(-0.3 0.005000000000000001 0.09)
(-0.25 0.005 0.09)
(-0.2 0.005000000000000001 0.08999999999999998)
(-0.15 0.005 0.08999999999999998)
(-0.1 0.005 0.09)
(-0.05000000000000003 0.005000000000000001 0.09)
(0 0.005000000000000001 0.09)
(0.05000000000000003 0.005 0.08999999999999998)
(0.1000000000000001 0.005000000000000001 0.08999999999999998)
(0.1499999999999999 0.005000000000000001 0.08999999999999998)
(0.2 0.005 0.09)
(0.25 0.005000000000000001 0.08999999999999998)
(0.3 0.005000000000000001 0.09)
(0.35 0.005 0.08999999999999998)
(0.3999999999999999 0.005000000000000001 0.09)
(0.45 0.005 0.09000000000000002)
(0.5 0.005 0.08999999999999998)
(0.55 0.005000000000000001 0.08999999999999998)
(0.6000000000000001 0.005000000000000001 0.08999999999999998)
(0.6499999999999999 0.005 0.08999999999999998)
(0.7000000000000001 0.005000000000000001 0.08999999999999998)
(0.75 0.005000000000000001 0.08999999999999998)
(0.8 0.005000000000000001 0.09000000000000002)
(0.8500000000000002 0.005000000000000001 0.09000000000000002)
(0.9 0.005 0.08999999999999998)
(0.9500000000000001 0.005 0.09)
(1 0.005000000000000001 0.09)
(-1 0.01 0.09)
(-0.9500000000000001 0.01 0.09000000000000002)
(-0.9 0.01 0.09000000000000002)
(-0.8500000000000002 0.01 0.09000000000000002)
(-0.8 0.01 0.09)
(-0.75 0.01 0.09)
(-0.7000000000000001 0.01 0.09)
(-0.65 0.01 0.09)
(-0.6 0.01 0.09)
(-0.55 0.01 0.09000000000000002)
(-0.5000000000000001 0.01 0.09)
(-0.45 0.01 0.08999999999999998)
(-0.4 0.01 0.09)
(-0.35 0.01 0.09000000000000002)
(-0.3 0.01 0.09000000000000002)
(-0.2500000000000001 0.01 0.09)
(-0.1999999999999999 0.01 0.09)
(-0.15 0.01 0.09)
(-0.1 0.01 0.09)
(-0.05000000000000003 0.01 0.09000000000000002)
(0 0.01 0.09000000000000002)
(0.05000000000000003 0.01 0.09)
(0.1000000000000001 0.01 0.09000000000000002)
(0.1499999999999999 0.01 0.09)
(0.1999999999999999 0.009999999999999998 0.09)
(0.25 0.01 0.09)
(0.3 0.01 0.09000000000000002)
(0.3500000000000001 0.01 0.09000000000000002)
(0.3999999999999999 0.01 0.08999999999999998)
(0.45 0.01 0.09)
(0.5000000000000002 0.01 0.09000000000000002)
(0.55 0.01 0.09)
(0.6000000000000002 0.01 0.09000000000000002)
(0.65 0.01 0.09)
(0.7000000000000001 0.01 0.09000000000000002)
(0.75 0.01 0.09)
(0.8 0.01 0.09)
(0.85 0.01 0.09)
(0.9 0.01 0.09000000000000002)
(0.9500000000000001 0.01 0.09000000000000002)
(1 0.01 0.09)
(-1 0.015 0.09)
(-0.9500000000000001 0.015 0.09000000000000002)
(-0.9 0.015 0.09)
(-0.85 0.015 0.09000000000000002)
(-0.8 0.015 0.09)
(-0.75 0.015 0.09)
(-0.7000000000000001 0.015 0.09)
(-0.65 0.015 0.09)
(-0.6 0.01499999999999999 0.08999999999999998)
(-0.55 0.015 0.09000000000000002)
(-0.5 0.015 0.09)
(-0.45 0.015 0.09000000000000002)
(-0.4 0.015 0.09)
(-0.35 0.015 0.09)
(-0.3 0.015 0.09000000000000002)
(-0.25 0.015 0.09)
(-0.2 0.015 0.08999999999999998)
(-0.15 0.015 0.09)
(-0.1 0.015 0.08999999999999998)
(-0.05 0.015 0.08999999999999998)
(0 0.015 0.09)
(0.05 0.015 0.08999999999999998)
(0.1000000000000001 0.015 0.09)
(0.1499999999999999 0.015 0.09)
(0.2 0.015 0.09)
(0.25 0.015 0.09)
(0.3 0.015 0.09)
(0.35 0.015 0.09)
(0.4 0.015 0.09000000000000002)
(0.45 0.015 0.09000000000000002)
(0.5 0.015 0.08999999999999998)
(0.55 0.015 0.09000000000000002)
(0.6000000000000001 0.015 0.09000000000000002)
(0.65 0.015 0.09000000000000002)
(0.7000000000000001 0.015 0.09)
(0.75 0.015 0.09)
(0.8 0.015 0.09)
(0.85 0.015 0.09000000000000002)
(0.9 0.015 0.08999999999999998)
(0.9500000000000001 0.015 0.09)
(1 0.015 0.09)
(-1 0.02 0.08999999999999998)
(-0.9500000000000001 0.02 0.09)
(-0.9 0.02 0.08999999999999998)
(-0.85 0.02 0.09)
(-0.8 0.02 0.09)
(-0.75 0.02 0.09)
(-0.7000000000000001 0.02 0.09000000000000002)
(-0.65 0.02 0.09000000000000002)
(-0.6000000000000001 0.02 0.09)
(-0.55 0.02 0.09)
(-0.5000000000000001 0.02 0.09)
(-0.45 0.02 0.09)
(-0.4 0.02 0.09)
(-0.35 0.02 0.08999999999999998)
(-0.3 0.02 0.09)
(-0.25 0.02 0.09)
(-0.2 0.02 0.08999999999999998)
(-0.15 0.02 0.09)
(-0.09999999999999998 0.02 0.09)
(-0.05000000000000005 0.02 0.08999999999999998)
(0 0.02 0.08999999999999998)
(0.05000000000000004 0.02 0.08999999999999998)
(0.1000000000000001 0.02 0.08999999999999998)
(0.1499999999999999 0.02 0.08999999999999998)
(0.2 0.02 0.08999999999999998)
(0.25 0.02 0.09)
(0.3 0.02 0.08999999999999998)
(0.3500000000000001 0.02 0.09)
(0.4 0.02 0.08999999999999998)
(0.45 0.02 0.09000000000000002)
(0.5000000000000001 0.02 0.09000000000000002)
(0.55 0.02 0.09000000000000002)
(0.6000000000000002 0.02 0.09000000000000002)
(0.65 0.02 0.09000000000000002)
(0.7000000000000001 0.02 0.09000000000000002)
(0.75 0.02 0.09)
(0.8 0.02 0.09)
(0.85 0.02 0.09000000000000002)
(0.9 0.02 0.08999999999999998)
(0.9500000000000001 0.02 0.09)
(1 0.02 0.08999999999999998)
(-1 0.025 0.09)
(-0.9500000000000001 0.025 0.09)
(-0.9 0.025 0.09)
(-0.85 0.025 0.09000000000000002)
(-0.8 0.025 0.09)
(-0.75 0.025 0.09)
(-0.7000000000000001 0.025 0.09)
(-0.65 0.025 0.09)
(-0.6000000000000001 0.025 0.08999999999999998)
(-0.55 0.025 0.09)
(-0.5000000000000001 0.025 0.09)
(-0.45 0.025 0.09)
(-0.4 0.025 0.09)
(-0.35 0.025 0.08999999999999998)
(-0.3 0.025 0.09)
(-0.25 0.025 0.09)
(-0.2 0.025 0.09)
(-0.15 0.025 0.09)
(-0.09999999999999998 0.025 0.09)
(-0.05000000000000003 0.025 0.09)
(0 0.025 0.09)
(0.05000000000000003 0.025 0.09)
(0.1000000000000001 0.025 0.09)
(0.1499999999999999 0.025 0.09000000000000002)
(0.1999999999999999 0.025 0.09)
(0.25 0.025 0.09)
(0.3 0.025 0.09)
(0.3500000000000001 0.025 0.09)
(0.4 0.025 0.09)
(0.45 0.025 0.09)
(0.5000000000000002 0.025 0.09)
(0.55 0.025 0.09)
(0.6000000000000001 0.025 0.09)
(0.65 0.025 0.09)
(0.7000000000000001 0.025 0.08999999999999998)
(0.75 0.025 0.09)
(0.8 0.025 0.09)
(0.85 0.025 0.09)
(0.9 0.025 0.08999999999999998)
(0.9500000000000001 0.025 0.09)
(1 0.025 0.09)
(-1 0.03 0.09)
(-0.9500000000000001 0.03 0.08999999999999998)
(-0.9 0.03 0.09000000000000002)
(-0.85 0.03 0.09)
(-0.8 0.03 0.09)
(-0.75 0.03 0.08999999999999998)
(-0.7000000000000001 0.03 0.09)
(-0.65 0.03 0.08999999999999998)
(-0.6 0.03 0.08999999999999998)
(-0.55 0.03 0.09000000000000002)
(-0.5 0.03000000000000001 0.09)
(-0.45 0.03 0.08999999999999998)
(-0.4 0.03 0.08999999999999998)
(-0.35 0.03 0.09)
(-0.3 0.03 0.08999999999999998)
(-0.2500000000000001 0.03 0.09)
(-0.2 0.03 0.09000000000000002)
(-0.15 0.03 0.09)
(-0.1 0.03000000000000001 0.09)
(-0.05000000000000003 0.03 0.09)
(0 0.03000000000000001 0.09)
(0.05000000000000003 0.03 0.09)
(0.1000000000000001 0.03000000000000001 0.09)
(0.1499999999999999 0.03 0.08999999999999998)
(0.2 0.03 0.08999999999999998)
(0.2500000000000001 0.03 0.09)
(0.3 0.03 0.08999999999999998)
(0.35 0.03000000000000001 0.09)
(0.4 0.03 0.08999999999999998)
(0.45 0.03 0.09000000000000002)
(0.5 0.03000000000000001 0.09000000000000002)
(0.55 0.03000000000000001 0.09)
(0.6000000000000001 0.03 0.08999999999999998)
(0.65 0.03 0.08999999999999998)
(0.7000000000000001 0.03 0.09)
(0.75 0.03000000000000001 0.09)
(0.8 0.03 0.08999999999999998)
(0.85 0.03 0.08999999999999998)
(0.9 0.03000000000000001 0.09)
(0.9500000000000001 0.03 0.08999999999999998)
(1 0.03 0.09)
(-1 0.035 0.09)
(-0.9500000000000001 0.035 0.08999999999999998)
(-0.9 0.035 0.09)
(-0.85 0.035 0.08999999999999998)
(-0.8 0.035 0.09000000000000002)
(-0.75 0.035 0.09)
(-0.7000000000000001 0.035 0.09)
(-0.65 0.035 0.09)
(-0.6 0.035 0.09)
(-0.55 0.035 0.09)
(-0.5 0.035 0.09)
(-0.45 0.035 0.09000000000000002)
(-0.4 0.035 0.08999999999999998)
(-0.35 0.035 0.08999999999999998)
(-0.3 0.035 0.09)
(-0.25 0.035 0.09)
(-0.2 0.035 0.09)
(-0.15 0.035 0.09000000000000002)
(-0.1 0.035 0.09)
(-0.05000000000000007 0.035 0.08999999999999998)
(0 0.035 0.09)
(0.05000000000000007 0.035 0.08999999999999998)
(0.1000000000000001 0.035 0.09000000000000002)
(0.1499999999999999 0.035 0.09000000000000002)
(0.2 0.035 0.09000000000000002)
(0.25 0.035 0.09)
(0.3 0.035 0.09)
(0.3500000000000001 0.035 0.09)
(0.4 0.035 0.08999999999999998)
(0.45 0.035 0.09000000000000002)
(0.5 0.035 0.09)
(0.55 0.035 0.09)
(0.6 0.035 0.08999999999999998)
(0.65 0.035 0.08999999999999998)
(0.7000000000000001 0.035 0.09000000000000002)
(0.75 0.035 0.09000000000000002)
(0.8 0.035 0.09000000000000002)
(0.85 0.035 0.09)
(0.9 0.035 0.08999999999999998)
(0.9500000000000001 0.035 0.08999999999999998)
(1 0.035 0.09)
(-1 0.04000000000000001 0.09)
(-0.9500000000000001 0.04 0.09000000000000002)
(-0.9 0.04 0.09)
(-0.85 0.04000000000000001 0.09)
(-0.8 0.04000000000000001 0.08999999999999998)
(-0.75 0.04 0.09)
(-0.7000000000000001 0.04 0.08999999999999998)
(-0.65 0.04 0.08999999999999998)
(-0.6 0.04 0.08999999999999998)
(-0.55 0.04000000000000001 0.09)
(-0.5000000000000001 0.04000000000000001 0.09)
(-0.45 0.04 0.08999999999999998)
(-0.4 0.04 0.09000000000000002)
(-0.35 0.04 0.08999999999999998)
(-0.3 0.04 0.09000000000000002)
(-0.25 0.04 0.09)
(-0.2 0.04 0.09)
(-0.15 0.04 0.09)
(-0.09999999999999995 0.04 0.09)
(-0.05000000000000003 0.04000000000000001 0.09000000000000002)
(0 0.04000000000000001 0.09)
(0.05000000000000003 0.04 0.09000000000000002)
(0.1000000000000001 0.04000000000000001 0.09)
(0.1499999999999999 0.04000000000000001 0.09000000000000002)
(0.2 0.04 0.09)
(0.25 0.04000000000000001 0.09)
(0.3000000000000001 0.04000000000000001 0.09000000000000002)
(0.3500000000000001 0.04000000000000001 0.09)
(0.4 0.04000000000000001 0.09)
(0.45 0.04 0.08999999999999998)
(0.5 0.04 0.09)
(0.55 0.04000000000000001 0.08999999999999998)
(0.6000000000000001 0.04000000000000001 0.09)
(0.65 0.04 0.08999999999999998)
(0.7000000000000001 0.03999999999999999 0.08999999999999998)
(0.75 0.04000000000000001 0.08999999999999998)
(0.8 0.04000000000000001 0.09)
(0.85 0.04000000000000001 0.09000000000000002)
(0.9 0.04 0.08999999999999998)
(0.9500000000000001 0.04 0.09000000000000002)
(1 0.04000000000000001 0.09)
(-1 0.04500000000000001 0.09)
(-0.9500000000000001 0.04499999999999999 0.09000000000000002)
(-0.9 0.045 0.09)
(-0.8500000000000002 0.04500000000000001 0.09)
(-0.8 0.045 0.09)
(-0.75 0.045 0.09)
(-0.7000000000000001 0.045 0.09)
(-0.65 0.045 0.09)
(-0.6 0.045 0.09)
(-0.55 0.045 0.09)
(-0.5 0.04500000000000001 0.09)
(-0.45 0.045 0.09000000000000002)
(-0.4 0.045 0.09)
(-0.35 0.045 0.08999999999999998)
(-0.3 0.04499999999999999 0.09000000000000002)
(-0.25 0.04500000000000001 0.09)
(-0.2 0.04500000000000001 0.09)
(-0.15 0.04499999999999999 0.09000000000000002)
(-0.1000000000000001 0.045 0.09)
(-0.05000000000000004 0.045 0.09)
(0 0.045 0.09)
(0.05000000000000004 0.045 0.09)
(0.1000000000000001 0.045 0.09)
(0.1499999999999999 0.045 0.09000000000000002)
(0.2 0.04500000000000001 0.09000000000000002)
(0.25 0.04500000000000001 0.09)
(0.3 0.045 0.09000000000000002)
(0.35 0.04500000000000001 0.09000000000000002)
(0.4 0.045 0.09)
(0.45 0.045 0.09000000000000002)
(0.5 0.04500000000000001 0.09)
(0.55 0.045 0.08999999999999998)
(0.6000000000000001 0.04500000000000001 0.08999999999999998)
(0.65 0.04500000000000001 0.09)
(0.7000000000000001 0.045 0.09)
(0.75 0.04500000000000001 0.09)
(0.8 0.04499999999999999 0.09000000000000002)
(0.85 0.04500000000000001 0.09000000000000002)
(0.9 0.04499999999999999 0.08999999999999998)
(0.9500000000000001 0.045 0.09000000000000002)
(1 0.04500000000000001 0.09)
(-1 0.05 0.09)
(-0.9500000000000001 0.05 0.09)
(-0.9 0.05 0.09)
(-0.85 0.05 0.09000000000000002)
(-0.8 0.05 0.09000000000000002)
(-0.75 0.05 0.09)
(-0.7000000000000001 0.05 0.09)
(-0.65 0.05 0.09)
(-0.6 0.05 0.08999999999999998)
(-0.55 0.05 0.09)
(-0.5000000000000001 0.05 0.09)
(-0.45 0.05 0.09)
(-0.4 0.05 0.09)
(-0.35 0.05 0.08999999999999998)
(-0.3 0.05000000000000001 0.09)
(-0.25 0.05 0.09)
(-0.2 0.05 0.09)
(-0.15 0.05 0.09)
(-0.1 0.05 0.09000000000000002)
(-0.05 0.05 0.09)
(0 0.05 0.09)
(0.05 0.05 0.09)
(0.1000000000000001 0.05 0.09)
(0.1499999999999999 0.05 0.09)
(0.2 0.05 0.09)
(0.25 0.05 0.09)
(0.3 0.05 0.09)
(0.3500000000000001 0.05 0.09)
(0.4 0.05 0.09)
(0.45 0.05 0.09)
(0.5000000000000001 0.05 0.09)
(0.55 0.05 0.09)
(0.6 0.05 0.09)
(0.65 0.05 0.08999999999999998)
(0.7000000000000001 0.05 0.09)
(0.75 0.05 0.09)
(0.8 0.05 0.09)
(0.85 0.05 0.09000000000000002)
(0.9 0.05 0.09)
(0.9500000000000001 0.05 0.09)
(1 0.05 0.09)
(-1 0.055 0.09)
(-0.9500000000000001 0.055 0.09)
(-0.9 0.055 0.08999999999999998)
(-0.85 0.055 0.09)
(-0.8 0.055 0.09)
(-0.75 0.05500000000000001 0.09)
(-0.7000000000000001 0.05500000000000001 0.09)
(-0.65 0.055 0.09)
(-0.6 0.055 0.08999999999999998)
(-0.55 0.05500000000000001 0.09)
(-0.5 0.055 0.09000000000000002)
(-0.45 0.055 0.09000000000000002)
(-0.4 0.05500000000000001 0.09)
(-0.35 0.05500000000000001 0.09)
(-0.3 0.055 0.09)
(-0.25 0.055 0.09)
(-0.2 0.055 0.09)
(-0.15 0.055 0.09000000000000002)
(-0.1 0.055 0.08999999999999998)
(-0.05000000000000004 0.055 0.08999999999999998)
(0 0.055 0.09)
(0.05000000000000004 0.055 0.08999999999999998)
(0.1000000000000001 0.055 0.08999999999999998)
(0.1499999999999999 0.055 0.09000000000000002)
(0.2 0.055 0.09000000000000002)
(0.25 0.055 0.09)
(0.3000000000000001 0.055 0.09)
(0.3500000000000001 0.05500000000000001 0.09)
(0.4 0.055 0.09)
(0.45 0.055 0.09000000000000002)
(0.5000000000000001 0.055 0.09000000000000002)
(0.55 0.05500000000000001 0.08999999999999998)
(0.6 0.055 0.08999999999999998)
(0.65 0.055 0.09)
(0.7000000000000001 0.05500000000000001 0.09)
(0.75 0.055 0.09)
(0.8 0.055 0.09000000000000002)
(0.85 0.055 0.09)
(0.9 0.055 0.08999999999999998)
(0.9500000000000001 0.05499999999999999 0.09)
(1 0.055 0.09)
(-1 0.06 0.09)
(-0.9500000000000001 0.06 0.09000000000000002)
(-0.9 0.06 0.09)
(-0.85 0.06 0.09000000000000002)
(-0.8 0.06 0.09)
(-0.75 0.06 0.09)
(-0.7000000000000001 0.06 0.08999999999999998)
(-0.65 0.06 0.08999999999999998)
(-0.6 0.05999999999999998 0.08999999999999998)
(-0.55 0.06 0.09)
(-0.5000000000000001 0.06000000000000001 0.09)
(-0.45 0.06 0.08999999999999998)
(-0.4 0.06 0.09)
(-0.35 0.06 0.08999999999999998)
(-0.3 0.06 0.09000000000000002)
(-0.25 0.06 0.09)
(-0.2 0.06000000000000001 0.09)
(-0.15 0.06 0.09000000000000002)
(-0.09999999999999998 0.06 0.09)
(-0.05000000000000003 0.06 0.09000000000000002)
(0 0.06000000000000001 0.09)
(0.05000000000000001 0.06 0.09000000000000002)
(0.1000000000000001 0.06 0.09)
(0.1499999999999999 0.06 0.09)
(0.2 0.06 0.09000000000000002)
(0.25 0.06 0.09)
(0.3 0.06 0.09000000000000002)
(0.35 0.06 0.08999999999999998)
(0.4 0.06 0.09000000000000002)
(0.45 0.06 0.08999999999999998)
(0.5000000000000001 0.06000000000000001 0.09)
(0.55 0.06000000000000001 0.08999999999999998)
(0.6000000000000001 0.06 0.09)
(0.65 0.06 0.08999999999999998)
(0.7000000000000001 0.06 0.08999999999999998)
(0.75 0.06 0.09000000000000002)
(0.8 0.06 0.09)
(0.85 0.06 0.09000000000000002)
(0.9 0.06000000000000001 0.08999999999999998)
(0.9500000000000001 0.06 0.09000000000000002)
(1 0.06 0.09)
(-1 0.065 0.09)
(-0.9500000000000001 0.065 0.08999999999999998)
(-0.9 0.065 0.09)
(-0.8500000000000002 0.06500000000000003 0.09)
(-0.8 0.06500000000000002 0.09000000000000002)
(-0.75 0.065 0.09)
(-0.7000000000000001 0.065 0.09)
(-0.65 0.065 0.09)
(-0.6 0.06500000000000002 0.09)
(-0.55 0.065 0.09)
(-0.5 0.065 0.09)
(-0.45 0.065 0.09000000000000002)
(-0.4 0.06500000000000002 0.08999999999999998)
(-0.35 0.06499999999999999 0.08999999999999998)
(-0.3 0.06500000000000002 0.09)
(-0.25 0.065 0.09)
(-0.2 0.065 0.09)
(-0.15 0.06500000000000002 0.09000000000000002)
(-0.1 0.065 0.09000000000000002)
(-0.05000000000000007 0.06500000000000002 0.08999999999999998)
(0 0.065 0.09)
(0.05000000000000007 0.065 0.08999999999999998)
(0.1000000000000001 0.065 0.09)
(0.1499999999999999 0.065 0.09000000000000002)
(0.2 0.06500000000000002 0.08999999999999998)
(0.25 0.065 0.09)
(0.3 0.065 0.09)
(0.3500000000000001 0.06500000000000002 0.09)
(0.4 0.065 0.08999999999999998)
(0.45 0.06500000000000002 0.09000000000000002)
(0.5 0.065 0.09)
(0.55 0.065 0.09)
(0.6000000000000002 0.06500000000000002 0.08999999999999998)
(0.65 0.06500000000000002 0.08999999999999998)
(0.7000000000000001 0.065 0.09000000000000002)
(0.75 0.06500000000000002 0.08999999999999998)
(0.8 0.065 0.09000000000000002)
(0.85 0.06500000000000002 0.09)
(0.9 0.06499999999999999 0.08999999999999998)
(0.9500000000000001 0.065 0.08999999999999998)
(1 0.065 0.09)
(-1 0.07000000000000001 0.09000000000000002)
(-0.9500000000000001 0.07000000000000001 0.08999999999999998)
(-0.9 0.07000000000000001 0.09000000000000002)
(-0.85 0.07000000000000001 0.09000000000000002)
(-0.8 0.07000000000000001 0.09)
(-0.75 0.07000000000000001 0.09)
(-0.7000000000000001 0.07000000000000001 0.09000000000000002)
(-0.65 0.07000000000000001 0.08999999999999998)
(-0.6 0.07000000000000001 0.09)
(-0.55 0.07000000000000001 0.09000000000000002)
(-0.5 0.07000000000000001 0.09)
(-0.45 0.07000000000000001 0.09)
(-0.4 0.07000000000000001 0.08999999999999998)
(-0.35 0.07000000000000001 0.09)
(-0.3 0.07000000000000001 0.08999999999999998)
(-0.25 0.07000000000000001 0.09)
(-0.2 0.07000000000000001 0.09000000000000002)
(-0.15 0.07000000000000001 0.09)
(-0.09999999999999998 0.07000000000000001 0.09)
(-0.05000000000000003 0.07000000000000001 0.09)
(0 0.07000000000000001 0.09)
(0.05000000000000003 0.06999999999999999 0.09)
(0.1000000000000001 0.07000000000000001 0.09)
(0.1499999999999999 0.07000000000000001 0.09)
(0.2 0.07000000000000001 0.09000000000000002)
(0.25 0.07000000000000001 0.09)
(0.3 0.07000000000000001 0.08999999999999998)
(0.3500000000000001 0.06999999999999999 0.09)
(0.4 0.07000000000000001 0.09)
(0.45 0.07000000000000001 0.09)
(0.5 0.07000000000000001 0.08999999999999998)
(0.55 0.07000000000000001 0.09000000000000002)
(0.6000000000000001 0.07000000000000001 0.09)
(0.65 0.07000000000000001 0.08999999999999998)
(0.7000000000000001 0.07000000000000001 0.09000000000000002)
(0.75 0.07000000000000001 0.09)
(0.8 0.07000000000000001 0.08999999999999998)
(0.85 0.07000000000000001 0.09000000000000002)
(0.9 0.07000000000000001 0.09)
(0.9500000000000001 0.07000000000000001 0.08999999999999998)
(1 0.07000000000000001 0.09000000000000002)
(-1 0.075 0.09)
(-0.9500000000000001 0.075 0.09)
(-0.9 0.075 0.09)
(-0.85 0.075 0.09000000000000002)
(-0.8 0.075 0.09)
(-0.75 0.075 0.09)
(-0.7000000000000001 0.075 0.09)
(-0.65 0.075 0.09)
(-0.6000000000000001 0.075 0.09)
(-0.55 0.075 0.09)
(-0.5000000000000002 0.07500000000000001 0.09)
(-0.45 0.075 0.09)
(-0.4000000000000001 0.075 0.09)
(-0.35 0.075 0.08999999999999998)
(-0.3 0.075 0.09)
(-0.25 0.075 0.09)
(-0.2 0.07500000000000001 0.09)
(-0.15 0.075 0.09)
(-0.09999999999999998 0.075 0.09)
(-0.05000000000000003 0.075 0.09)
(0 0.075 0.09)
(0.05000000000000003 0.07500000000000001 0.09)
(0.1000000000000001 0.075 0.09)
(0.1499999999999999 0.075 0.09000000000000002)
(0.1999999999999999 0.075 0.09)
(0.25 0.075 0.09)
(0.3 0.075 0.09)
(0.3500000000000001 0.07500000000000001 0.09)
(0.4 0.075 0.09)
(0.45 0.075 0.09)
(0.5000000000000001 0.075 0.09)
(0.55 0.075 0.09)
(0.6000000000000001 0.07500000000000001 0.09)
(0.65 0.075 0.08999999999999998)
(0.7000000000000001 0.07500000000000001 0.09)
(0.75 0.075 0.09)
(0.8 0.075 0.09)
(0.85 0.07500000000000001 0.09000000000000002)
(0.9 0.075 0.08999999999999998)
(0.9500000000000001 0.075 0.09)
(1 0.075 0.09)
(-1 0.08000000000000002 0.09)
(-0.9500000000000001 0.08000000000000002 0.09)
(-0.9 0.08 0.08999999999999998)
(-0.85 0.08000000000000002 0.09)
(-0.8 0.08000000000000002 0.09)
(-0.75 0.08 0.09)
(-0.7000000000000001 0.08000000000000002 0.09000000000000002)
(-0.65 0.08000000000000002 0.09000000000000002)
(-0.6 0.08000000000000002 0.09)
(-0.55 0.08000000000000002 0.09)
(-0.5000000000000001 0.08000000000000002 0.09)
(-0.45 0.08 0.09)
(-0.4000000000000001 0.08000000000000002 0.09)
(-0.35 0.08000000000000002 0.09)
(-0.3000000000000001 0.08000000000000002 0.09)
(-0.25 0.08 0.09)
(-0.2 0.08000000000000002 0.08999999999999998)
(-0.1499999999999999 0.08000000000000002 0.09)
(-0.09999999999999998 0.08 0.09)
(-0.05000000000000007 0.08000000000000002 0.09)
(0 0.08000000000000002 0.09)
(0.05000000000000004 0.08 0.09)
(0.1000000000000001 0.08000000000000002 0.08999999999999998)
(0.1499999999999999 0.08000000000000002 0.09)
(0.1999999999999999 0.08 0.09)
(0.25 0.08000000000000002 0.09)
(0.3000000000000001 0.08000000000000002 0.08999999999999998)
(0.35 0.08 0.09)
(0.3999999999999999 0.08000000000000002 0.08999999999999998)
(0.45 0.08000000000000002 0.09000000000000002)
(0.5000000000000001 0.08 0.08999999999999998)
(0.55 0.08000000000000002 0.08999999999999998)
(0.6000000000000002 0.08000000000000002 0.09)
(0.65 0.08 0.09000000000000002)
(0.7000000000000001 0.08 0.09000000000000002)
(0.75 0.08000000000000002 0.09)
(0.8 0.08000000000000002 0.09)
(0.85 0.08000000000000002 0.09000000000000002)
(0.9 0.08 0.08999999999999998)
(0.9500000000000001 0.08000000000000002 0.09)
(1 0.08000000000000002 0.09)
(-1 0.08500000000000001 0.09)
(-0.9500000000000001 0.08499999999999998 0.09)
(-0.9 0.08500000000000001 0.09)
(-0.85 0.08500000000000001 0.09)
(-0.8 0.08499999999999998 0.09)
(-0.75 0.08500000000000001 0.09)
(-0.7000000000000001 0.08500000000000001 0.09)
(-0.65 0.08500000000000002 0.09)
(-0.6 0.08500000000000002 0.09)
(-0.55 0.08500000000000001 0.09000000000000002)
(-0.5000000000000001 0.08500000000000001 0.09)
(-0.45 0.08500000000000001 0.09000000000000002)
(-0.4 0.08500000000000001 0.09000000000000002)
(-0.35 0.08500000000000001 0.09)
(-0.3 0.08500000000000002 0.09000000000000002)
(-0.25 0.08499999999999998 0.09)
(-0.2 0.08500000000000001 0.08999999999999998)
(-0.15 0.08499999999999998 0.09)
(-0.1 0.08499999999999998 0.09)
(-0.05 0.08500000000000001 0.08999999999999998)
(0 0.08500000000000002 0.09)
(0.05 0.08500000000000001 0.08999999999999998)
(0.1000000000000001 0.08500000000000001 0.09)
(0.1499999999999999 0.08500000000000001 0.09)
(0.2 0.08500000000000002 0.09)
(0.25 0.08499999999999998 0.09)
(0.3 0.08500000000000001 0.09)
(0.35 0.08500000000000001 0.09)
(0.4 0.08500000000000001 0.09000000000000002)
(0.45 0.08500000000000001 0.09000000000000002)
(0.5000000000000001 0.08500000000000001 0.09)
(0.55 0.08500000000000001 0.09000000000000002)
(0.6 0.08500000000000001 0.09)
(0.65 0.08500000000000002 0.09000000000000002)
(0.7000000000000001 0.08500000000000001 0.09)
(0.75 0.08500000000000001 0.09000000000000002)
(0.8 0.08500000000000001 0.09)
(0.85 0.08500000000000001 0.09000000000000002)
(0.9 0.08499999999999998 0.08999999999999998)
(0.9500000000000001 0.08499999999999998 0.09000000000000002)
(1 0.08500000000000001 0.09)
(-1 0.09000000000000002 0.09)
(-0.9500000000000001 0.09 0.09000000000000002)
(-0.9 0.09 0.09000000000000002)
(-0.85 0.09000000000000002 0.09)
(-0.8 0.09 0.09)
(-0.75 0.09 0.09)
(-0.7000000000000001 0.09000000000000002 0.09)
(-0.65 0.09 0.09)
(-0.6 0.09 0.09)
(-0.55 0.09000000000000002 0.09000000000000002)
(-0.5 0.09 0.09)
(-0.45 0.09 0.08999999999999998)
(-0.4 0.09 0.09)
(-0.35 0.09 0.08999999999999998)
(-0.3 0.08999999999999998 0.09000000000000002)
(-0.25 0.09 0.09)
(-0.2 0.09000000000000002 0.09)
(-0.15 0.08999999999999998 0.08999999999999998)
(-0.1 0.09 0.09)
(-0.05000000000000004 0.09 0.09)
(0 0.09 0.09)
(0.05000000000000004 0.09 0.09)
(0.1000000000000001 0.09 0.09000000000000002)
(0.1499999999999999 0.09 0.09)
(0.2 0.09 0.09)
(0.25 0.09 0.09)
(0.3 0.09 0.09000000000000002)
(0.3500000000000001 0.09000000000000002 0.09000000000000002)
(0.4 0.09 0.09)
(0.45 0.09 0.09)
(0.5 0.09000000000000002 0.09)
(0.55 0.09 0.09)
(0.6000000000000001 0.09000000000000002 0.09)
(0.65 0.08999999999999998 0.08999999999999998)
(0.7000000000000001 0.09000000000000002 0.09000000000000002)
(0.75 0.09000000000000002 0.09000000000000002)
(0.8 0.08999999999999998 0.08999999999999998)
(0.85 0.09000000000000002 0.08999999999999998)
(0.9 0.09 0.09000000000000002)
(0.9500000000000001 0.09 0.09)
(1 0.09000000000000002 0.09)
(-1 0.095 0.09)
(-0.9500000000000001 0.09500000000000001 0.09)
(-0.9 0.095 0.09)
(-0.85 0.095 0.09)
(-0.8 0.095 0.09000000000000002)
(-0.75 0.095 0.09)
(-0.7000000000000001 0.09499999999999999 0.09)
(-0.65 0.095 0.09)
(-0.6 0.095 0.08999999999999998)
(-0.55 0.095 0.09)
(-0.5 0.095 0.09)
(-0.45 0.095 0.09000000000000002)
(-0.3999999999999999 0.095 0.09000000000000002)
(-0.3500000000000001 0.095 0.09)
(-0.3 0.09500000000000001 0.09)
(-0.25 0.095 0.09)
(-0.2 0.095 0.08999999999999998)
(-0.15 0.095 0.09)
(-0.1 0.095 0.09)
(-0.05 0.09500000000000001 0.09000000000000002)
(0 0.095 0.09)
(0.05 0.09500000000000001 0.09000000000000002)
(0.1000000000000001 0.095 0.09)
(0.1499999999999999 0.09500000000000001 0.09)
(0.2 0.095 0.09)
(0.25 0.095 0.09)
(0.3 0.09500000000000001 0.09)
(0.3500000000000001 0.095 0.09)
(0.4 0.09500000000000001 0.09000000000000002)
(0.45 0.095 0.09000000000000002)
(0.5 0.09500000000000001 0.09)
(0.55 0.095 0.08999999999999998)
(0.6000000000000001 0.095 0.09)
(0.65 0.095 0.08999999999999998)
(0.7000000000000001 0.095 0.08999999999999998)
(0.75 0.09500000000000001 0.09)
(0.8 0.095 0.09000000000000002)
(0.85 0.095 0.09000000000000002)
(0.9 0.095 0.09000000000000002)
(0.9500000000000001 0.09500000000000001 0.09)
(1 0.095 0.09)
(-1 0.1 0.09)
(-0.9500000000000001 0.1 0.09)
(-0.9 0.1 0.09)
(-0.85 0.1 0.09000000000000002)
(-0.8 0.1 0.09)
(-0.75 0.1 0.09)
(-0.7000000000000001 0.1 0.09)
(-0.65 0.1 0.09)
(-0.6 0.1 0.08999999999999998)
(-0.55 0.1 0.09)
(-0.5000000000000001 0.1 0.09)
(-0.45 0.1 0.09)
(-0.4 0.1 0.09)
(-0.35 0.1 0.08999999999999998)
(-0.3 0.1 0.09)
(-0.25 0.1 0.09)
(-0.2 0.1 0.09)
(-0.15 0.1 0.09)
(-0.1 0.1 0.09000000000000002)
(-0.05 0.1 0.09)
(0 0.1 0.09)
(0.05 0.1 0.09)
(0.1000000000000001 0.1 0.09)
(0.1499999999999999 0.1 0.09)
(0.2 0.1 0.09)
(0.25 0.1 0.09)
(0.3 0.1 0.09)
(0.3500000000000001 0.1 0.09000000000000002)
(0.3999999999999999 0.1 0.09)
(0.45 0.1 0.09)
(0.5000000000000001 0.1 0.09)
(0.55 0.1 0.09)
(0.6 0.1 0.09)
(0.65 0.1 0.08999999999999998)
(0.7000000000000001 0.1 0.09)
(0.75 0.1 0.09)
(0.8 0.1 0.09)
(0.85 0.1 0.09000000000000002)
(0.9 0.1 0.08999999999999998)
(0.9500000000000001 0.1 0.09)
(1 0.1 0.09)
(-1 0 0.12)
(-0.9500000000000001 0 0.12)
(-0.9 0 0.12)
(-0.85 0 0.12)
(-0.8 0 0.12)
(-0.75 0 0.12)
(-0.7000000000000001 0 0.12)
(-0.65 0 0.12)
(-0.6 0 0.12)
(-0.55 0 0.12)
(-0.5 0 0.12)
(-0.45 0 0.12)
(-0.4 0 0.12)
(-0.35 0 0.12)
(-0.3000000000000001 0 0.12)
(-0.25 0 0.12)
(-0.2 0 0.12)
(-0.1499999999999999 0 0.12)
(-0.1 0 0.12)
(-0.05 0 0.12)
(0 0 0.12)
(0.05 0 0.12)
(0.1000000000000001 0 0.12)
(0.1499999999999999 0 0.12)
(0.2 0 0.12)
(0.25 0 0.12)
(0.3 0 0.12)
(0.35 0 0.12)
(0.3999999999999999 0 0.12)
(0.45 0 0.12)
(0.5 0 0.12)
(0.55 0 0.12)
(0.6 0 0.12)
(0.65 0 0.12)
(0.7000000000000001 0 0.12)
(0.75 0 0.12)
(0.8 0 0.12)
(0.85 0 0.12)
(0.9 0 0.12)
(0.9500000000000001 0 0.12)
(1 0 0.12)
(-1 0.005000000000000001 0.12)
(-0.9500000000000001 0.005000000000000001 0.12)
(-0.9 0.005 0.12)
(-0.85 0.005000000000000001 0.12)
(-0.8 0.005000000000000001 0.12)
(-0.75 0.005 0.12)
(-0.7000000000000001 0.005 0.12)
(-0.65 0.005 0.12)
(-0.6 0.005000000000000001 0.12)
(-0.55 0.005 0.12)
(-0.5 0.005000000000000001 0.12)
(-0.45 0.005000000000000001 0.12)
(-0.4 0.005 0.12)
(-0.35 0.005000000000000001 0.12)
(-0.3000000000000001 0.005 0.12)
(-0.25 0.005000000000000001 0.12)
(-0.2 0.005 0.12)
(-0.1499999999999999 0.005 0.12)
(-0.09999999999999998 0.005000000000000001 0.12)
(-0.05 0.005000000000000001 0.12)
(0 0.005 0.12)
(0.05 0.005000000000000001 0.12)
(0.1000000000000001 0.005000000000000001 0.12)
(0.1499999999999999 0.005000000000000001 0.12)
(0.2 0.005000000000000001 0.12)
(0.25 0.005000000000000001 0.12)
(0.3000000000000001 0.005000000000000001 0.12)
(0.3500000000000001 0.005 0.12)
(0.3999999999999999 0.005000000000000001 0.12)
(0.45 0.005000000000000001 0.12)
(0.5 0.005000000000000001 0.12)
(0.55 0.005000000000000001 0.12)
(0.6000000000000001 0.005000000000000001 0.12)
(0.65 0.005000000000000001 0.12)
(0.7000000000000001 0.005000000000000001 0.12)
(0.75 0.005000000000000001 0.12)
(0.8 0.005000000000000001 0.12)
(0.85 0.005 0.12)
(0.9 0.005 0.12)
(0.9500000000000001 0.005 0.12)
(1 0.005000000000000001 0.12)
(-1 0.01 0.12)
(-0.9500000000000001 0.01 0.1200000000000001)
(-0.9 0.01 0.12)
(-0.85 0.01 0.12)
(-0.7999999999999998 0.01 0.12)
(-0.75 0.01 0.12)
(-0.7000000000000001 0.01 0.12)
(-0.65 0.01 0.12)
(-0.6 0.01 0.12)
(-0.55 0.01 0.12)
(-0.5 0.01 0.12)
(-0.45 0.01 0.12)
(-0.4 0.01 0.12)
(-0.35 0.01 0.12)
(-0.3 0.009999999999999998 0.12)
(-0.25 0.01 0.12)
(-0.1999999999999999 0.01 0.12)
(-0.15 0.01 0.12)
(-0.1 0.009999999999999998 0.12)
(-0.05 0.01 0.12)
(0 0.01 0.12)
(0.05 0.01 0.12)
(0.1000000000000001 0.01 0.12)
(0.1499999999999999 0.01 0.12)
(0.1999999999999999 0.01 0.12)
(0.25 0.01 0.12)
(0.3 0.01 0.12)
(0.35 0.01 0.12)
(0.4 0.01 0.12)
(0.45 0.01 0.12)
(0.5 0.01 0.12)
(0.55 0.01 0.12)
(0.6 0.01 0.12)
(0.65 0.01 0.12)
(0.7000000000000001 0.01 0.1200000000000001)
(0.75 0.01 0.12)
(0.8 0.01 0.12)
(0.85 0.009999999999999998 0.12)
(0.9 0.01 0.12)
(0.9500000000000001 0.01 0.12)
(1 0.01 0.12)
(-1 0.015 0.12)
(-0.9500000000000001 0.015 0.1200000000000001)
(-0.9 0.015 0.12)
(-0.85 0.015 0.12)
(-0.8 0.015 0.12)
(-0.75 0.015 0.12)
(-0.7000000000000001 0.015 0.12)
(-0.65 0.015 0.12)
(-0.6 0.015 0.12)
(-0.55 0.015 0.1200000000000001)
(-0.5 0.015 0.12)
(-0.45 0.015 0.12)
(-0.4 0.015 0.12)
(-0.3500000000000001 0.015 0.12)
(-0.3 0.015 0.12)
(-0.2500000000000001 0.015 0.12)
(-0.1999999999999999 0.015 0.12)
(-0.15 0.015 0.12)
(-0.1 0.015 0.12)
(-0.05000000000000003 0.015 0.12)
(0 0.015 0.12)
(0.05 0.015 0.12)
(0.1000000000000001 0.015 0.12)
(0.1499999999999999 0.015 0.12)
(0.1999999999999999 0.015 0.12)
(0.2500000000000001 0.015 0.12)
(0.3 0.015 0.12)
(0.3500000000000001 0.015 0.12)
(0.4 0.015 0.12)
(0.45 0.015 0.12)
(0.5 0.015 0.12)
(0.55 0.015 0.12)
(0.6 0.015 0.12)
(0.65 0.015 0.12)
(0.7000000000000001 0.015 0.12)
(0.75 0.015 0.12)
(0.8 0.015 0.12)
(0.85 0.015 0.12)
(0.9 0.015 0.12)
(0.9500000000000001 0.015 0.12)
(1 0.015 0.12)
(-1 0.02 0.12)
(-0.9500000000000001 0.02 0.12)
(-0.9 0.01999999999999999 0.12)
(-0.85 0.02 0.12)
(-0.8 0.02 0.12)
(-0.75 0.02 0.12)
(-0.7000000000000001 0.02 0.12)
(-0.65 0.02 0.12)
(-0.6 0.02 0.12)
(-0.55 0.02 0.12)
(-0.5 0.02 0.12)
(-0.45 0.02 0.12)
(-0.4 0.02 0.12)
(-0.35 0.02 0.12)
(-0.3 0.02 0.12)
(-0.25 0.02 0.12)
(-0.2 0.02 0.12)
(-0.15 0.02 0.12)
(-0.09999999999999995 0.02 0.12)
(-0.05000000000000005 0.02 0.12)
(0 0.02 0.12)
(0.05000000000000004 0.02 0.12)
(0.1000000000000001 0.02 0.12)
(0.1499999999999999 0.02 0.12)
(0.2 0.02 0.12)
(0.25 0.02 0.12)
(0.3 0.02 0.12)
(0.3500000000000001 0.02 0.12)
(0.4 0.02 0.12)
(0.45 0.02 0.12)
(0.5000000000000001 0.02 0.12)
(0.55 0.02 0.12)
(0.6000000000000001 0.02 0.12)
(0.65 0.02 0.12)
(0.7000000000000001 0.02 0.12)
(0.75 0.02 0.12)
(0.8 0.02 0.12)
(0.85 0.02 0.12)
(0.9 0.02 0.12)
(0.9500000000000001 0.02 0.12)
(1 0.02 0.12)
(-1 0.025 0.12)
(-0.9500000000000001 0.025 0.12)
(-0.9 0.025 0.12)
(-0.85 0.025 0.12)
(-0.8 0.02499999999999999 0.12)
(-0.75 0.025 0.12)
(-0.7000000000000001 0.025 0.12)
(-0.65 0.025 0.12)
(-0.6 0.025 0.12)
(-0.55 0.025 0.12)
(-0.5 0.025 0.12)
(-0.45 0.025 0.12)
(-0.4 0.025 0.12)
(-0.3500000000000001 0.025 0.12)
(-0.3 0.025 0.12)
(-0.25 0.025 0.12)
(-0.2 0.025 0.12)
(-0.15 0.025 0.12)
(-0.1 0.025 0.12)
(-0.05 0.025 0.12)
(0 0.025 0.12)
(0.05 0.025 0.12)
(0.1000000000000001 0.025 0.12)
(0.1499999999999999 0.025 0.12)
(0.2 0.025 0.12)
(0.25 0.025 0.12)
(0.3000000000000001 0.025 0.12)
(0.3500000000000001 0.025 0.12)
(0.3999999999999999 0.025 0.12)
(0.45 0.025 0.12)
(0.5 0.025 0.12)
(0.55 0.025 0.12)
(0.6000000000000001 0.025 0.12)
(0.65 0.025 0.12)
(0.7000000000000001 0.025 0.12)
(0.75 0.025 0.12)
(0.8 0.025 0.12)
(0.85 0.025 0.12)
(0.9 0.025 0.12)
(0.9500000000000001 0.025 0.12)
(1 0.025 0.12)
(-1 0.03 0.12)
(-0.9500000000000001 0.03000000000000001 0.12)
(-0.9 0.03000000000000001 0.12)
(-0.85 0.03 0.12)
(-0.8 0.03 0.12)
(-0.75 0.03 0.12)
(-0.7000000000000001 0.03 0.12)
(-0.65 0.03 0.12)
(-0.6 0.03 0.12)
(-0.55 0.03 0.12)
(-0.5 0.03000000000000001 0.12)
(-0.45 0.03 0.12)
(-0.4 0.03000000000000001 0.12)
(-0.35 0.03 0.12)
(-0.3 0.03000000000000001 0.12)
(-0.2500000000000001 0.03 0.12)
(-0.2 0.03 0.12)
(-0.15 0.03000000000000001 0.12)
(-0.1 0.03 0.12)
(-0.05000000000000003 0.03 0.12)
(0 0.03 0.12)
(0.05000000000000003 0.03000000000000001 0.12)
(0.1000000000000001 0.03 0.12)
(0.1499999999999999 0.03 0.12)
(0.2 0.03 0.12)
(0.2500000000000001 0.03 0.12)
(0.3 0.03000000000000001 0.12)
(0.3500000000000001 0.03 0.12)
(0.4 0.03000000000000001 0.12)
(0.45 0.03 0.12)
(0.5 0.03 0.12)
(0.55 0.03 0.12)
(0.6000000000000002 0.03 0.12)
(0.65 0.03 0.12)
(0.7000000000000001 0.03 0.12)
(0.75 0.03000000000000001 0.12)
(0.8 0.03000000000000001 0.12)
(0.85 0.03 0.12)
(0.9 0.03000000000000001 0.12)
(0.9500000000000001 0.03 0.12)
(1 0.03 0.12)
(-1 0.035 0.12)
(-0.9500000000000001 0.035 0.12)
(-0.9 0.035 0.12)
(-0.85 0.035 0.12)
(-0.8 0.035 0.12)
(-0.75 0.035 0.12)
(-0.7000000000000001 0.035 0.12)
(-0.65 0.035 0.12)
(-0.6 0.035 0.12)
(-0.55 0.035 0.12)
(-0.5 0.035 0.12)
(-0.45 0.035 0.12)
(-0.4 0.035 0.12)
(-0.35 0.035 0.12)
(-0.3 0.035 0.12)
(-0.25 0.035 0.12)
(-0.2 0.035 0.12)
(-0.15 0.035 0.12)
(-0.1 0.035 0.12)
(-0.05000000000000004 0.035 0.12)
(0 0.035 0.12)
(0.05000000000000004 0.035 0.12)
(0.1000000000000001 0.035 0.12)
(0.1499999999999999 0.035 0.12)
(0.2 0.035 0.12)
(0.25 0.035 0.12)
(0.3 0.035 0.12)
(0.35 0.035 0.12)
(0.3999999999999999 0.035 0.12)
(0.45 0.035 0.12)
(0.5 0.035 0.12)
(0.55 0.035 0.12)
(0.6 0.035 0.12)
(0.65 0.035 0.12)
(0.7000000000000001 0.035 0.12)
(0.75 0.035 0.12)
(0.8 0.035 0.12)
(0.85 0.035 0.12)
(0.9 0.035 0.12)
(0.9500000000000001 0.035 0.12)
(1 0.035 0.12)
(-1 0.04 0.12)
(-0.9500000000000001 0.04000000000000001 0.12)
(-0.9 0.04 0.12)
(-0.85 0.04000000000000001 0.12)
(-0.8 0.04000000000000001 0.12)
(-0.75 0.04 0.12)
(-0.7000000000000001 0.03999999999999999 0.12)
(-0.65 0.04 0.12)
(-0.6 0.04 0.12)
(-0.55 0.04000000000000001 0.12)
(-0.5 0.04000000000000001 0.12)
(-0.45 0.04 0.12)
(-0.4 0.04 0.12)
(-0.35 0.04 0.12)
(-0.3 0.04 0.12)
(-0.25 0.04 0.12)
(-0.2 0.04 0.12)
(-0.1499999999999999 0.04000000000000001 0.12)
(-0.1 0.03999999999999999 0.12)
(-0.05000000000000003 0.04 0.12)
(0 0.04 0.12)
(0.05000000000000003 0.04 0.12)
(0.1000000000000001 0.04 0.12)
(0.1499999999999999 0.04000000000000001 0.12)
(0.2 0.04 0.12)
(0.25 0.04 0.12)
(0.3 0.04 0.12)
(0.35 0.04 0.12)
(0.3999999999999999 0.04 0.12)
(0.45 0.04 0.12)
(0.5 0.04000000000000001 0.12)
(0.55 0.04000000000000001 0.12)
(0.6000000000000001 0.04000000000000001 0.12)
(0.65 0.04000000000000001 0.12)
(0.7000000000000001 0.04 0.12)
(0.75 0.03999999999999999 0.12)
(0.8 0.04000000000000001 0.12)
(0.85 0.04 0.12)
(0.9 0.04 0.12)
(0.9500000000000001 0.03999999999999999 0.12)
(1 0.04 0.12)
(-1 0.04499999999999999 0.12)
(-0.9500000000000001 0.04500000000000001 0.12)
(-0.9 0.04500000000000001 0.12)
(-0.85 0.045 0.12)
(-0.7999999999999998 0.04499999999999999 0.12)
(-0.75 0.045 0.12)
(-0.7000000000000001 0.04500000000000001 0.12)
(-0.65 0.045 0.12)
(-0.6 0.045 0.12)
(-0.55 0.045 0.12)
(-0.5 0.045 0.12)
(-0.45 0.04499999999999999 0.12)
(-0.4 0.04499999999999999 0.12)
(-0.35 0.045 0.12)
(-0.3 0.045 0.12)
(-0.25 0.045 0.12)
(-0.2 0.045 0.12)
(-0.15 0.045 0.12)
(-0.1000000000000001 0.045 0.12)
(-0.05000000000000004 0.045 0.12)
(0 0.04499999999999999 0.12)
(0.05000000000000004 0.04499999999999999 0.12)
(0.1000000000000001 0.045 0.12)
(0.1499999999999999 0.045 0.12)
(0.2 0.045 0.12)
(0.25 0.045 0.12)
(0.3 0.04500000000000001 0.12)
(0.35 0.045 0.12)
(0.4 0.045 0.12)
(0.45 0.045 0.12)
(0.5 0.045 0.12)
(0.55 0.045 0.12)
(0.6 0.04499999999999999 0.12)
(0.65 0.04499999999999999 0.12)
(0.7000000000000001 0.045 0.12)
(0.75 0.04499999999999999 0.12)
(0.8 0.045 0.12)
(0.85 0.04500000000000001 0.12)
(0.9 0.04500000000000001 0.12)
(0.9500000000000001 0.04500000000000001 0.12)
(1 0.04499999999999999 0.12)
(-1 0.05 0.12)
(-0.9500000000000001 0.05 0.12)
(-0.9 0.05 0.12)
(-0.85 0.05 0.12)
(-0.8 0.05 0.12)
(-0.75 0.05 0.12)
(-0.7000000000000001 0.05 0.12)
(-0.65 0.05 0.12)
(-0.6 0.05 0.12)
(-0.55 0.05 0.12)
(-0.5 0.05 0.12)
(-0.45 0.05 0.12)
(-0.4 0.05 0.12)
(-0.35 0.05 0.12)
(-0.3000000000000001 0.05 0.12)
(-0.25 0.05 0.12)
(-0.2 0.05 0.12)
(-0.1499999999999999 0.05 0.12)
(-0.1 0.05 0.12)
(-0.05 0.05 0.12)
(0 0.05 0.12)
(0.05 0.05 0.12)
(0.1000000000000001 0.05 0.12)
(0.1499999999999999 0.05 0.12)
(0.2 0.05 0.12)
(0.25 0.05 0.12)
(0.3 0.05 0.12)
(0.35 0.05 0.12)
(0.4 0.05 0.12)
(0.45 0.05 0.12)
(0.5 0.05 0.12)
(0.55 0.05 0.12)
(0.6 0.05 0.12)
(0.65 0.05 0.12)
(0.7000000000000001 0.05 0.12)
(0.75 0.05 0.12)
(0.8 0.05 0.12)
(0.85 0.05 0.12)
(0.9 0.05 0.12)
(0.9500000000000001 0.05 0.12)
(1 0.05 0.12)
(-1 0.055 0.12)
(-0.9500000000000001 0.055 0.12)
(-0.9 0.055 0.12)
(-0.85 0.055 0.12)
(-0.8 0.055 0.12)
(-0.75 0.055 0.12)
(-0.7000000000000001 0.055 0.12)
(-0.65 0.055 0.12)
(-0.6 0.055 0.12)
(-0.55 0.055 0.12)
(-0.5 0.055 0.12)
(-0.45 0.055 0.12)
(-0.4 0.055 0.12)
(-0.35 0.05500000000000001 0.12)
(-0.3 0.055 0.12)
(-0.25 0.055 0.12)
(-0.2 0.055 0.12)
(-0.15 0.05500000000000001 0.12)
(-0.1 0.055 0.12)
(-0.05 0.055 0.12)
(0 0.055 0.12)
(0.05 0.05500000000000001 0.12)
(0.1000000000000001 0.055 0.12)
(0.1499999999999999 0.05500000000000001 0.12)
(0.2 0.055 0.12)
(0.25 0.055 0.12)
(0.3 0.055 0.12)
(0.35 0.055 0.12)
(0.3999999999999999 0.055 0.12)
(0.45 0.055 0.12)
(0.5 0.055 0.12)
(0.55 0.055 0.12)
(0.6 0.055 0.12)
(0.65 0.055 0.12)
(0.7000000000000001 0.055 0.12)
(0.75 0.055 0.12)
(0.8 0.055 0.12)
(0.85 0.055 0.12)
(0.9 0.055 0.12)
(0.9500000000000001 0.055 0.12)
(1 0.055 0.12)
(-1 0.06 0.12)
(-0.9500000000000001 0.06 0.12)
(-0.9 0.06 0.12)
(-0.85 0.06 0.12)
(-0.8 0.06 0.12)
(-0.75 0.06 0.12)
(-0.7000000000000001 0.06 0.12)
(-0.65 0.06 0.12)
(-0.6 0.06 0.12)
(-0.55 0.05999999999999999 0.12)
(-0.5 0.06 0.12)
(-0.45 0.06 0.12)
(-0.4 0.06 0.12)
(-0.35 0.06 0.12)
(-0.3 0.06 0.12)
(-0.25 0.06 0.12)
(-0.2 0.06 0.12)
(-0.1499999999999999 0.06 0.12)
(-0.1 0.05999999999999999 0.12)
(-0.05000000000000003 0.06 0.12)
(0 0.06 0.12)
(0.05000000000000004 0.06 0.12)
(0.1000000000000002 0.06 0.12)
(0.1499999999999999 0.06 0.12)
(0.2 0.06 0.12)
(0.25 0.06 0.12)
(0.3 0.06000000000000001 0.12)
(0.35 0.06 0.12)
(0.4 0.06 0.12)
(0.45 0.06 0.12)
(0.5 0.06 0.12)
(0.55 0.06 0.12)
(0.6000000000000001 0.05999999999999999 0.12)
(0.6499999999999999 0.05999999999999999 0.12)
(0.7000000000000001 0.05999999999999999 0.12)
(0.75 0.06 0.12)
(0.8 0.06 0.12)
(0.85 0.05999999999999999 0.12)
(0.9 0.06 0.12)
(0.9500000000000001 0.06 0.12)
(1 0.06 0.12)
(-1 0.06500000000000002 0.12)
(-0.9500000000000001 0.065 0.12)
(-0.9 0.065 0.12)
(-0.85 0.065 0.12)
(-0.8 0.06500000000000002 0.12)
(-0.75 0.065 0.12)
(-0.7000000000000001 0.065 0.12)
(-0.65 0.065 0.12)
(-0.6 0.06500000000000002 0.12)
(-0.55 0.06500000000000002 0.12)
(-0.5 0.065 0.12)
(-0.45 0.065 0.12)
(-0.4 0.06500000000000002 0.12)
(-0.35 0.065 0.12)
(-0.3 0.065 0.12)
(-0.25 0.065 0.12)
(-0.2 0.065 0.12)
(-0.15 0.065 0.12)
(-0.1 0.06500000000000002 0.12)
(-0.05000000000000004 0.06500000000000002 0.12)
(0 0.065 0.12)
(0.05000000000000007 0.065 0.12)
(0.1000000000000001 0.06500000000000002 0.12)
(0.1499999999999999 0.065 0.12)
(0.2 0.065 0.12)
(0.25 0.06500000000000002 0.12)
(0.3 0.065 0.12)
(0.3500000000000001 0.06500000000000002 0.12)
(0.4 0.065 0.1200000000000001)
(0.45 0.065 0.12)
(0.5 0.065 0.12)
(0.55 0.065 0.12)
(0.6000000000000002 0.06500000000000002 0.12)
(0.65 0.065 0.12)
(0.7000000000000001 0.06500000000000002 0.12)
(0.75 0.065 0.12)
(0.8 0.065 0.12)
(0.85 0.06500000000000002 0.12)
(0.9 0.065 0.12)
(0.9500000000000001 0.065 0.12)
(1 0.06500000000000002 0.12)
(-1 0.07000000000000001 0.12)
(-0.9500000000000001 0.07000000000000001 0.12)
(-0.9 0.07000000000000001 0.12)
(-0.85 0.07000000000000001 0.12)
(-0.8 0.07000000000000001 0.12)
(-0.75 0.07000000000000001 0.12)
(-0.7000000000000001 0.07000000000000001 0.12)
(-0.65 0.07000000000000001 0.12)
(-0.6 0.07000000000000001 0.12)
(-0.55 0.07000000000000001 0.12)
(-0.5 0.07000000000000001 0.12)
(-0.45 0.07000000000000001 0.12)
(-0.4 0.07000000000000001 0.12)
(-0.35 0.07000000000000001 0.12)
(-0.3 0.07000000000000001 0.12)
(-0.2500000000000001 0.07000000000000001 0.12)
(-0.2 0.06999999999999999 0.12)
(-0.1499999999999999 0.06999999999999999 0.12)
(-0.1 0.07000000000000001 0.12)
(-0.05000000000000004 0.07000000000000001 0.12)
(0 0.06999999999999999 0.12)
(0.05000000000000003 0.07000000000000001 0.12)
(0.1000000000000001 0.06999999999999999 0.12)
(0.1499999999999999 0.07000000000000001 0.12)
(0.2 0.07000000000000001 0.12)
(0.2500000000000001 0.07000000000000001 0.12)
(0.3 0.07000000000000001 0.12)
(0.3500000000000001 0.07000000000000001 0.12)
(0.3999999999999999 0.07000000000000001 0.12)
(0.45 0.06999999999999999 0.12)
(0.5 0.07000000000000001 0.12)
(0.55 0.07000000000000001 0.12)
(0.6000000000000001 0.07000000000000001 0.12)
(0.65 0.07000000000000001 0.12)
(0.7000000000000001 0.07000000000000001 0.12)
(0.75 0.07000000000000001 0.12)
(0.8 0.07000000000000001 0.12)
(0.85 0.07000000000000001 0.12)
(0.9 0.07000000000000001 0.12)
(0.9500000000000001 0.07000000000000001 0.12)
(1 0.07000000000000001 0.12)
(-1 0.075 0.12)
(-0.9500000000000001 0.075 0.12)
(-0.9 0.075 0.12)
(-0.8500000000000002 0.075 0.12)
(-0.8 0.075 0.12)
(-0.75 0.075 0.12)
(-0.7000000000000001 0.075 0.12)
(-0.65 0.075 0.12)
(-0.6000000000000001 0.07500000000000001 0.12)
(-0.55 0.075 0.12)
(-0.5 0.075 0.12)
(-0.45 0.075 0.12)
(-0.4 0.075 0.12)
(-0.3500000000000001 0.07500000000000001 0.12)
(-0.3000000000000001 0.075 0.12)
(-0.25 0.075 0.12)
(-0.2 0.075 0.12)
(-0.1499999999999999 0.07500000000000001 0.12)
(-0.1 0.075 0.12)
(-0.05 0.075 0.12)
(0 0.075 0.12)
(0.05 0.075 0.12)
(0.1000000000000001 0.075 0.12)
(0.1499999999999999 0.075 0.12)
(0.2 0.075 0.12)
(0.25 0.075 0.12)
(0.3000000000000001 0.075 0.12)
(0.3500000000000001 0.075 0.12)
(0.4 0.075 0.1200000000000001)
(0.45 0.075 0.12)
(0.5 0.075 0.12)
(0.55 0.075 0.12)
(0.6000000000000001 0.07500000000000001 0.12)
(0.65 0.075 0.12)
(0.7000000000000001 0.075 0.12)
(0.75 0.075 0.12)
(0.8 0.075 0.12)
(0.85 0.075 0.12)
(0.9 0.075 0.12)
(0.9500000000000001 0.075 0.12)
(1 0.075 0.12)
(-1 0.08000000000000002 0.12)
(-0.9500000000000001 0.08000000000000002 0.12)
(-0.9 0.08 0.12)
(-0.85 0.08000000000000002 0.12)
(-0.8 0.08 0.12)
(-0.75 0.08000000000000002 0.12)
(-0.7000000000000001 0.08 0.12)
(-0.65 0.08 0.12)
(-0.6 0.08000000000000002 0.12)
(-0.55 0.08000000000000002 0.12)
(-0.5 0.08 0.12)
(-0.45 0.08000000000000002 0.12)
(-0.4000000000000001 0.08000000000000002 0.12)
(-0.35 0.08000000000000002 0.12)
(-0.3 0.08 0.12)
(-0.25 0.08000000000000002 0.12)
(-0.2 0.08 0.12)
(-0.1499999999999999 0.08 0.12)
(-0.1 0.08 0.12)
(-0.05000000000000004 0.08000000000000002 0.12)
(0 0.08 0.12)
(0.05000000000000003 0.08000000000000002 0.12)
(0.1000000000000001 0.08000000000000002 0.12)
(0.1499999999999999 0.08000000000000002 0.12)
(0.2 0.08000000000000002 0.12)
(0.25 0.08000000000000002 0.12)
(0.3 0.08000000000000002 0.12)
(0.3500000000000001 0.08000000000000002 0.12)
(0.3999999999999999 0.08000000000000002 0.12)
(0.45 0.08000000000000002 0.12)
(0.5000000000000001 0.08000000000000002 0.12)
(0.55 0.08000000000000002 0.12)
(0.6000000000000002 0.08000000000000002 0.12)
(0.65 0.08000000000000002 0.12)
(0.7000000000000001 0.08000000000000002 0.12)
(0.75 0.08 0.12)
(0.8 0.08000000000000002 0.12)
(0.85 0.08000000000000002 0.12)
(0.9 0.08 0.12)
(0.9500000000000001 0.07999999999999999 0.12)
(1 0.08000000000000002 0.12)
(-1 0.08500000000000001 0.12)
(-0.9500000000000001 0.08499999999999998 0.12)
(-0.9 0.08500000000000001 0.12)
(-0.8500000000000002 0.08500000000000001 0.12)
(-0.8 0.08500000000000002 0.12)
(-0.75 0.08500000000000001 0.12)
(-0.7000000000000001 0.08500000000000002 0.12)
(-0.65 0.08500000000000002 0.12)
(-0.6 0.08500000000000002 0.12)
(-0.55 0.08500000000000002 0.12)
(-0.5 0.08500000000000001 0.12)
(-0.45 0.08500000000000002 0.12)
(-0.4 0.08499999999999998 0.12)
(-0.35 0.08500000000000002 0.12)
(-0.3 0.08499999999999998 0.12)
(-0.25 0.08500000000000001 0.12)
(-0.2 0.08500000000000001 0.12)
(-0.1499999999999999 0.08499999999999998 0.12)
(-0.1 0.08500000000000001 0.12)
(-0.05000000000000001 0.08499999999999998 0.12)
(0 0.08500000000000001 0.12)
(0.05 0.08500000000000001 0.12)
(0.1000000000000001 0.08500000000000001 0.12)
(0.1499999999999999 0.08500000000000002 0.12)
(0.2 0.08500000000000002 0.12)
(0.25 0.08500000000000001 0.12)
(0.3 0.08500000000000001 0.12)
(0.35 0.08500000000000001 0.12)
(0.4 0.08499999999999998 0.12)
(0.45 0.08500000000000001 0.12)
(0.5 0.08499999999999998 0.12)
(0.55 0.08500000000000001 0.12)
(0.6000000000000001 0.08500000000000002 0.12)
(0.65 0.08500000000000002 0.12)
(0.7000000000000001 0.08500000000000002 0.12)
(0.75 0.08499999999999998 0.12)
(0.8 0.08500000000000002 0.12)
(0.85 0.08499999999999998 0.12)
(0.9 0.08500000000000001 0.12)
(0.9500000000000001 0.08499999999999998 0.12)
(1 0.08500000000000001 0.12)
(-1 0.09 0.12)
(-0.9500000000000001 0.09000000000000002 0.12)
(-0.9 0.09000000000000002 0.12)
(-0.85 0.09 0.12)
(-0.8 0.09 0.12)
(-0.75 0.09000000000000002 0.12)
(-0.7000000000000001 0.09000000000000002 0.12)
(-0.65 0.09 0.12)
(-0.6 0.09 0.12)
(-0.55 0.09000000000000002 0.12)
(-0.5 0.09000000000000002 0.12)
(-0.45 0.09 0.12)
(-0.4000000000000001 0.09 0.12)
(-0.35 0.09000000000000002 0.12)
(-0.3 0.09000000000000002 0.12)
(-0.25 0.09 0.12)
(-0.2 0.09 0.12)
(-0.1499999999999999 0.09 0.12)
(-0.1 0.09000000000000002 0.12)
(-0.05 0.09 0.12)
(0 0.09 0.12)
(0.05 0.09 0.12)
(0.1000000000000001 0.09000000000000002 0.12)
(0.1499999999999999 0.09 0.12)
(0.2 0.09 0.12)
(0.25 0.09 0.12)
(0.3 0.09000000000000002 0.12)
(0.35 0.09000000000000002 0.12)
(0.4 0.09 0.12)
(0.45 0.09 0.12)
(0.5 0.09000000000000002 0.12)
(0.55 0.09 0.12)
(0.6000000000000001 0.09000000000000002 0.12)
(0.65 0.09 0.12)
(0.7000000000000001 0.09000000000000002 0.12)
(0.75 0.09000000000000002 0.12)
(0.8 0.09 0.12)
(0.85 0.09000000000000002 0.12)
(0.9 0.09000000000000002 0.12)
(0.9500000000000001 0.09000000000000002 0.12)
(1 0.09 0.12)
(-1 0.095 0.12)
(-0.9500000000000001 0.095 0.12)
(-0.9 0.095 0.12)
(-0.85 0.095 0.12)
(-0.8 0.095 0.12)
(-0.75 0.095 0.12)
(-0.7000000000000001 0.09499999999999999 0.12)
(-0.65 0.09500000000000001 0.12)
(-0.6 0.095 0.12)
(-0.55 0.09499999999999999 0.12)
(-0.5 0.095 0.12)
(-0.45 0.095 0.12)
(-0.3999999999999999 0.095 0.12)
(-0.35 0.095 0.12)
(-0.3000000000000001 0.09499999999999999 0.12)
(-0.25 0.095 0.12)
(-0.2 0.095 0.12)
(-0.1499999999999999 0.095 0.12)
(-0.1 0.095 0.12)
(-0.05 0.09500000000000001 0.12)
(0 0.09500000000000001 0.12)
(0.05 0.09500000000000001 0.12)
(0.1000000000000001 0.095 0.12)
(0.1499999999999999 0.095 0.12)
(0.2 0.09499999999999999 0.12)
(0.25 0.095 0.12)
(0.3000000000000001 0.095 0.12)
(0.35 0.09499999999999999 0.12)
(0.4 0.095 0.12)
(0.45 0.095 0.12)
(0.5 0.095 0.12)
(0.55 0.09500000000000001 0.12)
(0.6 0.095 0.12)
(0.65 0.095 0.12)
(0.7000000000000001 0.095 0.12)
(0.75 0.095 0.12)
(0.8 0.095 0.12)
(0.85 0.095 0.12)
(0.9 0.095 0.12)
(0.9500000000000001 0.095 0.12)
(1 0.095 0.12)
(-1 0.1 0.12)
(-0.9500000000000001 0.1 0.12)
(-0.9 0.1 0.12)
(-0.85 0.1 0.12)
(-0.8 0.1 0.12)
(-0.75 0.1 0.12)
(-0.7000000000000001 0.1 0.12)
(-0.65 0.1 0.12)
(-0.6 0.1 0.12)
(-0.55 0.1 0.12)
(-0.5 0.1 0.12)
(-0.45 0.1 0.12)
(-0.4 0.1 0.12)
(-0.35 0.1 0.12)
(-0.3000000000000001 0.1 0.12)
(-0.25 0.1 0.12)
(-0.2 0.1 0.12)
(-0.1499999999999999 0.1 0.12)
(-0.1 0.1 0.12)
(-0.05 0.1 0.12)
(0 0.1 0.12)
(0.05 0.1 0.12)
(0.1000000000000001 0.1 0.12)
(0.1499999999999999 0.1 0.12)
(0.2 0.1 0.12)
(0.25 0.1 0.12)
(0.3 0.1 0.12)
(0.35 0.1 0.12)
(0.3999999999999999 0.1 0.12)
(0.45 0.1 0.12)
(0.5 0.1 0.12)
(0.55 0.1 0.12)
(0.6 0.1 0.12)
(0.65 0.1 0.12)
(0.7000000000000001 0.1 0.12)
(0.75 0.1 0.12)
(0.8 0.1 0.12)
(0.85 0.1 0.12)
(0.9 0.1 0.12)
(0.9500000000000001 0.1 0.12)
(1 0.1 0.12)
(-1 0 0.15)
(-0.9500000000000001 0 0.15)
(-0.9 0 0.15)
(-0.85 0 0.15)
(-0.8 0 0.15)
(-0.75 0 0.15)
(-0.7000000000000001 0 0.15)
(-0.65 0 0.15)
(-0.6 0 0.15)
(-0.55 0 0.15)
(-0.5 0 0.15)
(-0.45 0 0.15)
(-0.4 0 0.15)
(-0.35 0 0.15)
(-0.3 0 0.15)
(-0.25 0 0.15)
(-0.2 0 0.15)
(-0.15 0 0.15)
(-0.1000000000000001 0 0.15)
(-0.05 0 0.15)
(0 0 0.15)
(0.05 0 0.15)
(0.1000000000000001 0 0.15)
(0.1499999999999999 0 0.15)
(0.2 0 0.15)
(0.25 0 0.15)
(0.3 0 0.15)
(0.3500000000000001 0 0.15)
(0.3999999999999999 0 0.15)
(0.45 0 0.15)
(0.5 0 0.15)
(0.55 0 0.15)
(0.6 0 0.15)
(0.65 0 0.15)
(0.7000000000000001 0 0.15)
(0.75 0 0.15)
(0.8 0 0.15)
(0.85 0 0.15)
(0.9 0 0.15)
(0.9500000000000001 0 0.15)
(1 0 0.15)
(-1 0.005000000000000001 0.15)
(-0.9500000000000001 0.005000000000000001 0.15)
(-0.9 0.005 0.15)
(-0.85 0.005 0.15)
(-0.8 0.005 0.15)
(-0.75 0.005 0.15)
(-0.7000000000000001 0.005000000000000001 0.15)
(-0.65 0.005 0.15)
(-0.6 0.005000000000000001 0.15)
(-0.55 0.005 0.15)
(-0.5 0.005000000000000001 0.15)
(-0.45 0.005 0.15)
(-0.4 0.005 0.15)
(-0.35 0.005 0.15)
(-0.3 0.005 0.15)
(-0.25 0.005 0.15)
(-0.2 0.005 0.15)
(-0.15 0.005000000000000001 0.15)
(-0.09999999999999998 0.005000000000000001 0.15)
(-0.05000000000000003 0.005 0.15)
(0 0.005000000000000001 0.15)
(0.05000000000000003 0.005 0.15)
(0.1000000000000001 0.005000000000000001 0.15)
(0.1499999999999999 0.005000000000000001 0.15)
(0.2 0.005 0.15)
(0.2500000000000001 0.005 0.15)
(0.3 0.005000000000000001 0.15)
(0.3500000000000001 0.005000000000000001 0.15)
(0.3999999999999999 0.005000000000000001 0.15)
(0.45 0.005 0.15)
(0.5 0.005000000000000001 0.15)
(0.55 0.005000000000000001 0.15)
(0.6 0.005 0.15)
(0.65 0.005 0.15)
(0.7000000000000001 0.005 0.15)
(0.75 0.005 0.15)
(0.8 0.005 0.15)
(0.85 0.005000000000000001 0.15)
(0.9 0.005 0.15)
(0.9500000000000001 0.005000000000000001 0.15)
(1 0.005000000000000001 0.15)
(-1 0.01 0.15)
(-0.9500000000000001 0.01 0.15)
(-0.9 0.01 0.15)
(-0.85 0.01 0.15)
(-0.8 0.01 0.15)
(-0.75 0.01 0.15)
(-0.7000000000000001 0.01 0.15)
(-0.65 0.01 0.15)
(-0.6 0.01 0.15)
(-0.55 0.01 0.15)
(-0.5000000000000001 0.01 0.15)
(-0.45 0.01 0.15)
(-0.4 0.01 0.15)
(-0.35 0.01 0.15)
(-0.3000000000000001 0.01 0.15)
(-0.25 0.01 0.15)
(-0.2 0.01 0.15)
(-0.15 0.01 0.15)
(-0.1 0.009999999999999998 0.15)
(-0.05 0.01 0.15)
(0 0.01 0.15)
(0.05 0.01 0.15)
(0.1000000000000001 0.009999999999999998 0.15)
(0.1499999999999999 0.01 0.15)
(0.2 0.009999999999999998 0.15)
(0.25 0.01 0.15)
(0.3 0.01 0.15)
(0.3500000000000001 0.01 0.15)
(0.3999999999999999 0.01 0.15)
(0.45 0.01 0.15)
(0.5000000000000001 0.01 0.15)
(0.55 0.01 0.15)
(0.6000000000000002 0.01 0.15)
(0.65 0.01 0.15)
(0.7000000000000001 0.01 0.15)
(0.75 0.01 0.15)
(0.8 0.01 0.15)
(0.85 0.01 0.15)
(0.9 0.01 0.15)
(0.9500000000000001 0.01 0.15)
(1 0.01 0.15)
(-1 0.015 0.15)
(-0.9500000000000001 0.015 0.15)
(-0.9 0.015 0.15)
(-0.85 0.015 0.15)
(-0.8 0.015 0.15)
(-0.75 0.015 0.15)
(-0.7000000000000001 0.015 0.15)
(-0.65 0.015 0.15)
(-0.6 0.015 0.1499999999999999)
(-0.55 0.015 0.15)
(-0.5 0.015 0.15)
(-0.45 0.015 0.15)
(-0.4 0.015 0.15)
(-0.35 0.015 0.15)
(-0.3 0.015 0.15)
(-0.25 0.015 0.15)
(-0.2 0.015 0.15)
(-0.15 0.015 0.15)
(-0.1 0.015 0.15)
(-0.05000000000000003 0.015 0.15)
(0 0.015 0.15)
(0.05000000000000003 0.015 0.15)
(0.1000000000000001 0.015 0.15)
(0.1499999999999999 0.015 0.15)
(0.2 0.015 0.15)
(0.2500000000000001 0.015 0.15)
(0.3 0.015 0.15)
(0.35 0.015 0.15)
(0.3999999999999999 0.015 0.15)
(0.45 0.015 0.15)
(0.5 0.015 0.15)
(0.55 0.015 0.15)
(0.6 0.015 0.15)
(0.65 0.015 0.15)
(0.7000000000000001 0.015 0.15)
(0.75 0.015 0.15)
(0.8 0.015 0.15)
(0.85 0.015 0.15)
(0.9 0.015 0.15)
(0.9500000000000001 0.015 0.15)
(1 0.015 0.15)
(-1 0.02 0.15)
(-0.9500000000000001 0.02 0.15)
(-0.9 0.02 0.15)
(-0.8499999999999999 0.02 0.15)
(-0.8000000000000002 0.02 0.15)
(-0.75 0.02 0.15)
(-0.7000000000000001 0.02 0.15)
(-0.65 0.02 0.15)
(-0.6 0.02 0.15)
(-0.55 0.02 0.15)
(-0.5000000000000001 0.02 0.15)
(-0.45 0.02 0.15)
(-0.4 0.02 0.15)
(-0.35 0.02 0.15)
(-0.3 0.02 0.15)
(-0.25 0.02 0.15)
(-0.2 0.02 0.15)
(-0.15 0.02 0.15)
(-0.1 0.02 0.15)
(-0.05000000000000005 0.02 0.15)
(0 0.02 0.15)
(0.05000000000000004 0.02 0.15)
(0.1000000000000001 0.02 0.15)
(0.1499999999999999 0.02 0.15)
(0.2 0.02 0.15)
(0.2499999999999999 0.02 0.15)
(0.3 0.02 0.15)
(0.3500000000000001 0.02 0.15)
(0.3999999999999999 0.02 0.15)
(0.45 0.02 0.15)
(0.5000000000000001 0.02 0.15)
(0.55 0.02 0.1499999999999999)
(0.6 0.02 0.15)
(0.65 0.02 0.15)
(0.7000000000000001 0.02 0.15)
(0.75 0.02 0.15)
(0.8 0.02 0.15)
(0.85 0.02 0.15)
(0.9 0.02 0.15)
(0.9500000000000001 0.02 0.15)
(1 0.02 0.15)
(-1 0.025 0.15)
(-0.9500000000000001 0.025 0.15)
(-0.9 0.025 0.15)
(-0.85 0.025 0.15)
(-0.8 0.025 0.15)
(-0.75 0.025 0.15)
(-0.7000000000000001 0.025 0.15)
(-0.65 0.025 0.15)
(-0.6 0.025 0.15)
(-0.55 0.025 0.15)
(-0.5 0.025 0.15)
(-0.45 0.025 0.15)
(-0.4 0.025 0.15)
(-0.35 0.025 0.15)
(-0.3 0.025 0.15)
(-0.25 0.025 0.15)
(-0.2 0.025 0.15)
(-0.15 0.025 0.15)
(-0.1 0.025 0.15)
(-0.0500000000000001 0.025 0.15)
(0 0.025 0.15)
(0.0500000000000001 0.025 0.15)
(0.1000000000000001 0.025 0.15)
(0.1499999999999999 0.025 0.15)
(0.1999999999999999 0.025 0.15)
(0.25 0.025 0.15)
(0.3 0.025 0.15)
(0.3500000000000001 0.025 0.15)
(0.3999999999999999 0.025 0.15)
(0.45 0.025 0.15)
(0.5 0.025 0.15)
(0.55 0.025 0.15)
(0.6000000000000001 0.025 0.15)
(0.65 0.025 0.15)
(0.7000000000000001 0.025 0.15)
(0.75 0.025 0.15)
(0.8 0.025 0.15)
(0.85 0.025 0.15)
(0.9 0.025 0.15)
(0.9500000000000001 0.025 0.15)
(1 0.025 0.15)
(-1 0.03 0.15)
(-0.9500000000000001 0.03 0.15)
(-0.9 0.03 0.15)
(-0.85 0.03 0.15)
(-0.8 0.03000000000000001 0.15)
(-0.75 0.03 0.15)
(-0.7000000000000001 0.03 0.15)
(-0.65 0.03 0.15)
(-0.6 0.03 0.15)
(-0.55 0.03 0.15)
(-0.5 0.03 0.15)
(-0.45 0.03 0.15)
(-0.4 0.03 0.15)
(-0.35 0.03 0.15)
(-0.3 0.03 0.15)
(-0.25 0.03 0.15)
(-0.2 0.03 0.15)
(-0.15 0.03 0.15)
(-0.1 0.03 0.15)
(-0.05000000000000003 0.03 0.15)
(0 0.03 0.15)
(0.05000000000000003 0.03 0.15)
(0.1000000000000001 0.03 0.15)
(0.1499999999999999 0.03 0.15)
(0.2 0.03 0.15)
(0.2500000000000001 0.03 0.15)
(0.3 0.03 0.15)
(0.35 0.03 0.15)
(0.3999999999999999 0.03 0.15)
(0.45 0.03 0.15)
(0.5 0.03 0.15)
(0.55 0.03 0.15)
(0.6 0.03 0.15)
(0.65 0.03 0.15)
(0.7000000000000001 0.03 0.15)
(0.75 0.03 0.15)
(0.8 0.03000000000000001 0.15)
(0.85 0.03 0.15)
(0.9 0.03000000000000001 0.15)
(0.9500000000000001 0.03 0.15)
(1 0.03 0.15)
(-1 0.035 0.15)
(-0.9500000000000001 0.035 0.15)
(-0.9 0.035 0.15)
(-0.85 0.035 0.15)
(-0.8 0.035 0.15)
(-0.75 0.035 0.15)
(-0.7000000000000001 0.035 0.15)
(-0.65 0.035 0.15)
(-0.6 0.035 0.15)
(-0.55 0.035 0.15)
(-0.5 0.035 0.15)
(-0.45 0.035 0.15)
(-0.4 0.035 0.15)
(-0.35 0.035 0.15)
(-0.3 0.035 0.15)
(-0.25 0.035 0.15)
(-0.2 0.035 0.15)
(-0.15 0.035 0.15)
(-0.1 0.035 0.15)
(-0.05000000000000007 0.035 0.15)
(0 0.035 0.15)
(0.05000000000000007 0.035 0.15)
(0.1000000000000001 0.035 0.15)
(0.1499999999999999 0.035 0.15)
(0.2 0.035 0.15)
(0.25 0.035 0.15)
(0.3000000000000001 0.035 0.15)
(0.35 0.035 0.15)
(0.3999999999999999 0.035 0.15)
(0.45 0.035 0.15)
(0.5 0.035 0.15)
(0.55 0.035 0.15)
(0.6 0.035 0.15)
(0.65 0.035 0.15)
(0.7000000000000001 0.035 0.15)
(0.75 0.035 0.15)
(0.8 0.035 0.15)
(0.85 0.035 0.15)
(0.9 0.035 0.15)
(0.9500000000000001 0.035 0.15)
(1 0.035 0.15)
(-1 0.04 0.15)
(-0.9500000000000001 0.04 0.15)
(-0.9 0.04 0.15)
(-0.85 0.04 0.15)
(-0.8 0.04 0.15)
(-0.75 0.04 0.15)
(-0.7000000000000001 0.04 0.15)
(-0.65 0.04000000000000001 0.15)
(-0.6 0.04 0.15)
(-0.55 0.04 0.15)
(-0.5 0.04 0.15)
(-0.45 0.04 0.15)
(-0.4 0.04 0.15)
(-0.35 0.04 0.15)
(-0.3 0.04 0.15)
(-0.25 0.04 0.15)
(-0.2 0.04 0.15)
(-0.15 0.04 0.15)
(-0.1 0.04 0.15)
(-0.05000000000000003 0.04 0.15)
(0 0.04 0.15)
(0.05000000000000003 0.04 0.15)
(0.1000000000000001 0.03999999999999999 0.15)
(0.1499999999999999 0.04000000000000001 0.15)
(0.2 0.04 0.15)
(0.25 0.04 0.15)
(0.3 0.04 0.15)
(0.35 0.04000000000000001 0.15)
(0.4 0.04000000000000001 0.15)
(0.45 0.04 0.15)
(0.5 0.04 0.15)
(0.55 0.04000000000000001 0.15)
(0.6 0.04 0.15)
(0.65 0.04 0.15)
(0.7000000000000001 0.04 0.15)
(0.75 0.04 0.15)
(0.8 0.03999999999999999 0.15)
(0.85 0.04 0.15)
(0.9 0.04 0.15)
(0.9500000000000001 0.04 0.15)
(1 0.04 0.15)
(-1 0.045 0.15)
(-0.9500000000000001 0.045 0.15)
(-0.9 0.045 0.15)
(-0.85 0.04499999999999999 0.15)
(-0.8 0.045 0.15)
(-0.75 0.045 0.15)
(-0.7000000000000001 0.045 0.15)
(-0.65 0.045 0.15)
(-0.6 0.045 0.15)
(-0.55 0.045 0.15)
(-0.5 0.045 0.15)
(-0.45 0.045 0.15)
(-0.4 0.045 0.15)
(-0.35 0.045 0.15)
(-0.3 0.045 0.15)
(-0.25 0.045 0.15)
(-0.2 0.045 0.15)
(-0.15 0.045 0.15)
(-0.1 0.04499999999999999 0.15)
(-0.05000000000000003 0.045 0.15)
(0 0.045 0.15)
(0.05000000000000003 0.045 0.15)
(0.1000000000000002 0.045 0.15)
(0.1499999999999999 0.045 0.15)
(0.2 0.045 0.15)
(0.25 0.045 0.15)
(0.3 0.04499999999999999 0.1499999999999999)
(0.3500000000000001 0.045 0.15)
(0.4 0.04499999999999999 0.15)
(0.45 0.045 0.15)
(0.5 0.045 0.15)
(0.55 0.04499999999999999 0.15)
(0.6 0.045 0.15)
(0.65 0.04499999999999999 0.15)
(0.7000000000000001 0.045 0.15)
(0.75 0.045 0.15)
(0.8 0.045 0.15)
(0.85 0.045 0.15)
(0.9 0.045 0.15)
(0.9500000000000001 0.045 0.15)
(1 0.045 0.15)
(-1 0.05 0.15)
(-0.9500000000000001 0.05 0.15)
(-0.9 0.05 0.15)
(-0.85 0.05 0.15)
(-0.8 0.05 0.15)
(-0.75 0.05 0.15)
(-0.7000000000000001 0.05 0.15)
(-0.65 0.05 0.15)
(-0.6 0.05 0.15)
(-0.55 0.05 0.15)
(-0.5 0.05 0.15)
(-0.45 0.05 0.15)
(-0.4 0.05 0.15)
(-0.35 0.05 0.15)
(-0.3 0.05 0.15)
(-0.25 0.05 0.15)
(-0.2 0.05 0.15)
(-0.15 0.05 0.15)
(-0.1000000000000001 0.05 0.15)
(-0.05 0.05 0.15)
(0 0.05 0.15)
(0.05 0.05 0.15)
(0.1000000000000002 0.05 0.15)
(0.1499999999999999 0.05 0.15)
(0.2 0.05 0.15)
(0.25 0.05 0.15)
(0.3 0.05 0.15)
(0.3500000000000001 0.05 0.15)
(0.4 0.05 0.15)
(0.45 0.05 0.15)
(0.5 0.05 0.15)
(0.55 0.05 0.15)
(0.6 0.05 0.15)
(0.65 0.05 0.15)
(0.7000000000000001 0.05 0.15)
(0.75 0.05 0.15)
(0.8 0.05 0.15)
(0.85 0.05 0.15)
(0.9 0.05 0.15)
(0.9500000000000001 0.05 0.15)
(1 0.05 0.15)
(-1 0.055 0.15)
(-0.9500000000000001 0.055 0.15)
(-0.9 0.055 0.15)
(-0.85 0.055 0.15)
(-0.8 0.055 0.15)
(-0.75 0.055 0.15)
(-0.7000000000000001 0.055 0.15)
(-0.65 0.055 0.15)
(-0.6 0.055 0.15)
(-0.55 0.055 0.15)
(-0.5 0.055 0.15)
(-0.45 0.055 0.15)
(-0.4 0.05500000000000001 0.15)
(-0.35 0.05500000000000001 0.15)
(-0.3 0.055 0.15)
(-0.25 0.055 0.15)
(-0.2 0.055 0.15)
(-0.15 0.055 0.15)
(-0.1 0.05500000000000001 0.15)
(-0.05000000000000004 0.055 0.15)
(0 0.055 0.15)
(0.05000000000000004 0.055 0.15)
(0.1000000000000001 0.05500000000000001 0.15)
(0.1499999999999999 0.05500000000000001 0.15)
(0.2 0.055 0.15)
(0.25 0.055 0.15)
(0.3 0.055 0.15)
(0.3500000000000001 0.055 0.15)
(0.4 0.055 0.15)
(0.45 0.055 0.15)
(0.5 0.055 0.15)
(0.55 0.05500000000000001 0.15)
(0.6 0.055 0.15)
(0.65 0.055 0.15)
(0.7000000000000001 0.055 0.15)
(0.75 0.055 0.15)
(0.8 0.055 0.15)
(0.85 0.055 0.15)
(0.9 0.055 0.15)
(0.9500000000000001 0.055 0.15)
(1 0.055 0.15)
(-1 0.06 0.15)
(-0.9500000000000001 0.06 0.15)
(-0.9 0.06 0.15)
(-0.85 0.06 0.15)
(-0.8 0.06 0.15)
(-0.75 0.06 0.15)
(-0.7000000000000001 0.06 0.15)
(-0.65 0.06 0.15)
(-0.6 0.06 0.15)
(-0.55 0.06 0.15)
(-0.5 0.06 0.15)
(-0.45 0.06 0.15)
(-0.4 0.06 0.15)
(-0.35 0.06 0.15)
(-0.3 0.06 0.15)
(-0.25 0.06 0.15)
(-0.2 0.06 0.15)
(-0.15 0.06 0.15)
(-0.1 0.06 0.15)
(-0.05000000000000003 0.06 0.15)
(0 0.06 0.15)
(0.05000000000000001 0.06 0.15)
(0.1000000000000001 0.06 0.15)
(0.1499999999999999 0.06 0.15)
(0.2 0.06 0.15)
(0.25 0.06 0.15)
(0.3 0.06 0.15)
(0.35 0.06 0.15)
(0.3999999999999999 0.06 0.15)
(0.45 0.06 0.15)
(0.5 0.06 0.15)
(0.55 0.06 0.15)
(0.6 0.06 0.15)
(0.65 0.06 0.15)
(0.7000000000000001 0.06 0.15)
(0.75 0.06 0.15)
(0.8 0.06000000000000001 0.15)
(0.85 0.06 0.15)
(0.9 0.06 0.15)
(0.9500000000000001 0.06 0.15)
(1 0.06 0.15)
(-1 0.065 0.15)
(-0.9500000000000001 0.065 0.15)
(-0.9 0.065 0.15)
(-0.85 0.065 0.15)
(-0.8 0.065 0.15)
(-0.75 0.065 0.15)
(-0.7000000000000001 0.065 0.15)
(-0.65 0.065 0.15)
(-0.6 0.065 0.15)
(-0.55 0.065 0.15)
(-0.5 0.065 0.15)
(-0.45 0.065 0.15)
(-0.4 0.065 0.15)
(-0.35 0.065 0.15)
(-0.3 0.06500000000000002 0.15)
(-0.25 0.065 0.15)
(-0.2 0.065 0.15)
(-0.15 0.065 0.15)
(-0.1 0.065 0.15)
(-0.05000000000000007 0.06500000000000002 0.15)
(0 0.065 0.15)
(0.05000000000000007 0.065 0.15)
(0.1000000000000001 0.065 0.15)
(0.1499999999999999 0.065 0.1499999999999999)
(0.2 0.06500000000000002 0.15)
(0.25 0.065 0.15)
(0.3 0.065 0.15)
(0.35 0.06500000000000002 0.15)
(0.3999999999999999 0.065 0.15)
(0.45 0.065 0.15)
(0.5 0.065 0.15)
(0.55 0.065 0.15)
(0.6 0.065 0.15)
(0.65 0.065 0.1499999999999999)
(0.7000000000000001 0.065 0.15)
(0.75 0.065 0.15)
(0.8 0.065 0.15)
(0.85 0.06500000000000002 0.15)
(0.9 0.06499999999999999 0.15)
(0.9500000000000001 0.065 0.15)
(1 0.065 0.15)
(-1 0.07000000000000001 0.15)
(-0.9500000000000001 0.07000000000000001 0.15)
(-0.9 0.07000000000000001 0.15)
(-0.85 0.07000000000000001 0.15)
(-0.8 0.07000000000000001 0.15)
(-0.75 0.07000000000000001 0.15)
(-0.7000000000000001 0.07000000000000001 0.15)
(-0.65 0.07000000000000001 0.15)
(-0.6 0.07000000000000001 0.15)
(-0.55 0.07000000000000001 0.15)
(-0.5 0.07000000000000001 0.15)
(-0.45 0.07000000000000001 0.15)
(-0.4 0.07000000000000001 0.15)
(-0.35 0.07000000000000001 0.15)
(-0.3 0.07000000000000001 0.15)
(-0.25 0.07000000000000001 0.15)
(-0.2 0.06999999999999999 0.15)
(-0.15 0.07000000000000001 0.15)
(-0.1 0.07000000000000001 0.15)
(-0.05000000000000004 0.07000000000000001 0.15)
(0 0.07000000000000001 0.15)
(0.05000000000000004 0.06999999999999999 0.15)
(0.1000000000000001 0.06999999999999999 0.15)
(0.1499999999999999 0.07000000000000001 0.15)
(0.2 0.07000000000000001 0.15)
(0.25 0.07000000000000001 0.15)
(0.3 0.06999999999999999 0.15)
(0.35 0.07000000000000001 0.15)
(0.4 0.06999999999999999 0.15)
(0.45 0.07000000000000001 0.15)
(0.5 0.07000000000000001 0.15)
(0.55 0.07000000000000001 0.15)
(0.6 0.07000000000000001 0.15)
(0.65 0.07000000000000001 0.15)
(0.7000000000000001 0.07000000000000001 0.15)
(0.75 0.07000000000000001 0.15)
(0.8 0.06999999999999999 0.15)
(0.85 0.07000000000000001 0.15)
(0.9 0.07000000000000001 0.15)
(0.9500000000000001 0.07000000000000001 0.15)
(1 0.07000000000000001 0.15)
(-1 0.075 0.15)
(-0.9500000000000001 0.075 0.15)
(-0.9 0.075 0.15)
(-0.85 0.075 0.15)
(-0.8 0.075 0.15)
(-0.75 0.075 0.15)
(-0.7000000000000001 0.075 0.15)
(-0.65 0.075 0.15)
(-0.6 0.07500000000000001 0.15)
(-0.55 0.075 0.15)
(-0.5 0.075 0.15)
(-0.45 0.075 0.15)
(-0.4 0.075 0.15)
(-0.35 0.075 0.15)
(-0.3 0.075 0.15)
(-0.25 0.075 0.15)
(-0.2 0.075 0.15)
(-0.15 0.075 0.15)
(-0.1 0.075 0.15)
(-0.0500000000000001 0.075 0.15)
(0 0.075 0.15)
(0.0500000000000001 0.075 0.15)
(0.1000000000000001 0.075 0.15)
(0.1499999999999999 0.075 0.15)
(0.2 0.075 0.15)
(0.25 0.075 0.15)
(0.3 0.075 0.15)
(0.3500000000000001 0.075 0.15)
(0.3999999999999999 0.075 0.15)
(0.45 0.075 0.15)
(0.5 0.075 0.15)
(0.55 0.075 0.15)
(0.6000000000000001 0.07500000000000001 0.15)
(0.65 0.075 0.15)
(0.7000000000000001 0.075 0.15)
(0.75 0.075 0.15)
(0.8 0.075 0.15)
(0.85 0.07500000000000001 0.15)
(0.9 0.075 0.15)
(0.9500000000000001 0.075 0.15)
(1 0.075 0.15)
(-1 0.08 0.15)
(-0.9500000000000001 0.08000000000000002 0.15)
(-0.9 0.08 0.15)
(-0.85 0.08000000000000002 0.15)
(-0.8000000000000002 0.08 0.15)
(-0.75 0.08 0.15)
(-0.7000000000000001 0.08 0.15)
(-0.65 0.08000000000000002 0.15)
(-0.6 0.08000000000000002 0.15)
(-0.55 0.08000000000000002 0.15)
(-0.5000000000000001 0.08000000000000002 0.15)
(-0.45 0.08000000000000002 0.15)
(-0.4 0.08 0.15)
(-0.35 0.08 0.15)
(-0.3 0.08 0.15)
(-0.25 0.08 0.15)
(-0.2 0.08000000000000002 0.15)
(-0.15 0.08000000000000002 0.15)
(-0.1 0.08 0.15)
(-0.05000000000000004 0.08 0.15)
(0 0.08 0.15)
(0.05000000000000003 0.08 0.15)
(0.1000000000000001 0.07999999999999999 0.15)
(0.1499999999999999 0.08000000000000002 0.15)
(0.2 0.08 0.15)
(0.25 0.08 0.15)
(0.3 0.08 0.15)
(0.35 0.08000000000000002 0.15)
(0.3999999999999999 0.08000000000000002 0.15)
(0.45 0.08 0.15)
(0.5000000000000001 0.08000000000000002 0.15)
(0.55 0.08000000000000002 0.15)
(0.6 0.08 0.15)
(0.65 0.08 0.15)
(0.7000000000000001 0.08 0.15)
(0.75 0.08 0.15)
(0.8 0.08 0.15)
(0.85 0.08 0.15)
(0.9 0.08 0.15)
(0.9500000000000001 0.08000000000000002 0.15)
(1 0.08 0.15)
(-1 0.08500000000000001 0.15)
(-0.9500000000000001 0.08500000000000001 0.15)
(-0.9 0.08500000000000001 0.15)
(-0.85 0.08500000000000001 0.15)
(-0.8 0.08500000000000002 0.15)
(-0.75 0.08500000000000001 0.15)
(-0.7000000000000001 0.08500000000000001 0.15)
(-0.65 0.08500000000000001 0.15)
(-0.6 0.08500000000000001 0.15)
(-0.55 0.08500000000000001 0.15)
(-0.5 0.08500000000000001 0.15)
(-0.45 0.08500000000000001 0.15)
(-0.4 0.08500000000000001 0.15)
(-0.35 0.08500000000000001 0.15)
(-0.3 0.08500000000000001 0.15)
(-0.25 0.08500000000000001 0.15)
(-0.2 0.08500000000000001 0.15)
(-0.1499999999999999 0.08500000000000001 0.15)
(-0.1 0.08500000000000001 0.15)
(-0.05000000000000003 0.08500000000000001 0.15)
(0 0.08500000000000001 0.15)
(0.05000000000000003 0.08500000000000001 0.15)
(0.1000000000000001 0.08500000000000001 0.15)
(0.1499999999999999 0.08500000000000001 0.15)
(0.2 0.08500000000000001 0.15)
(0.25 0.08500000000000001 0.15)
(0.3 0.08499999999999998 0.15)
(0.35 0.08500000000000001 0.15)
(0.4 0.08500000000000001 0.15)
(0.45 0.08500000000000001 0.15)
(0.5 0.08500000000000001 0.15)
(0.55 0.08500000000000001 0.15)
(0.6 0.08500000000000001 0.15)
(0.65 0.08500000000000001 0.15)
(0.7000000000000001 0.08500000000000001 0.15)
(0.75 0.08500000000000001 0.15)
(0.8 0.08500000000000001 0.15)
(0.85 0.08500000000000001 0.15)
(0.9 0.08500000000000001 0.15)
(0.9500000000000001 0.08500000000000001 0.15)
(1 0.08500000000000001 0.15)
(-1 0.09 0.15)
(-0.9500000000000001 0.09 0.15)
(-0.9 0.09 0.15)
(-0.8499999999999999 0.08999999999999998 0.15)
(-0.8 0.09 0.15)
(-0.75 0.09 0.15)
(-0.7000000000000001 0.09 0.15)
(-0.65 0.09 0.15)
(-0.6 0.09 0.15)
(-0.55 0.09 0.15)
(-0.5 0.09 0.15)
(-0.45 0.09 0.15)
(-0.4 0.09 0.15)
(-0.35 0.08999999999999998 0.1499999999999999)
(-0.3 0.09 0.15)
(-0.25 0.09 0.15)
(-0.2 0.09 0.15)
(-0.15 0.09 0.15)
(-0.1000000000000001 0.09 0.15)
(-0.05 0.09 0.15)
(0 0.09 0.15)
(0.05 0.09 0.15)
(0.1000000000000001 0.08999999999999998 0.15)
(0.1499999999999999 0.09 0.15)
(0.2 0.09 0.15)
(0.25 0.09 0.15)
(0.3 0.08999999999999998 0.15)
(0.35 0.09 0.15)
(0.3999999999999999 0.08999999999999998 0.15)
(0.45 0.09 0.15)
(0.5 0.09 0.15)
(0.55 0.08999999999999998 0.15)
(0.6 0.09000000000000002 0.15)
(0.6499999999999999 0.08999999999999998 0.15)
(0.7000000000000001 0.09 0.15)
(0.75 0.09 0.15)
(0.8 0.09 0.15)
(0.85 0.09 0.15)
(0.9 0.09 0.15)
(0.9500000000000001 0.09 0.15)
(1 0.09 0.15)
(-1 0.095 0.15)
(-0.9500000000000001 0.095 0.15)
(-0.9 0.095 0.15)
(-0.8499999999999999 0.095 0.15)
(-0.8 0.095 0.15)
(-0.75 0.095 0.15)
(-0.7000000000000001 0.095 0.15)
(-0.65 0.09499999999999999 0.15)
(-0.6 0.095 0.15)
(-0.55 0.095 0.15)
(-0.5 0.095 0.15)
(-0.45 0.09499999999999999 0.15)
(-0.3999999999999999 0.095 0.15)
(-0.3500000000000001 0.095 0.15)
(-0.3 0.095 0.15)
(-0.2500000000000001 0.095 0.15)
(-0.2 0.09499999999999999 0.15)
(-0.1499999999999999 0.095 0.15)
(-0.1 0.095 0.15)
(-0.05000000000000003 0.095 0.15)
(0 0.095 0.15)
(0.05000000000000003 0.095 0.15)
(0.1000000000000001 0.095 0.15)
(0.1499999999999999 0.095 0.15)
(0.2 0.095 0.15)
(0.25 0.095 0.15)
(0.3 0.09499999999999999 0.15)
(0.35 0.095 0.15)
(0.4 0.095 0.15)
(0.45 0.095 0.15)
(0.5 0.095 0.15)
(0.55 0.095 0.15)
(0.6 0.095 0.15)
(0.6499999999999999 0.095 0.15)
(0.7000000000000001 0.09499999999999999 0.15)
(0.75 0.095 0.15)
(0.8 0.095 0.15)
(0.85 0.095 0.15)
(0.8999999999999999 0.09499999999999999 0.15)
(0.9500000000000001 0.095 0.15)
(1 0.095 0.15)
(-1 0.1 0.15)
(-0.9500000000000001 0.1 0.15)
(-0.9 0.1 0.15)
(-0.85 0.1 0.15)
(-0.8 0.1 0.15)
(-0.75 0.1 0.15)
(-0.7000000000000001 0.1 0.15)
(-0.65 0.1 0.15)
(-0.6 0.1 0.15)
(-0.55 0.1 0.15)
(-0.5 0.1 0.15)
(-0.45 0.1 0.15)
(-0.4 0.1 0.15)
(-0.35 0.1 0.15)
(-0.3 0.1 0.15)
(-0.25 0.1 0.15)
(-0.2 0.1 0.15)
(-0.15 0.1 0.15)
(-0.1000000000000001 0.1 0.15)
(-0.05 0.1 0.15)
(0 0.1 0.15)
(0.05 0.1 0.15)
(0.1000000000000001 0.1 0.15)
(0.1499999999999999 0.1 0.15)
(0.2 0.1 0.15)
(0.25 0.1 0.15)
(0.3 0.1 0.15)
(0.35 0.1 0.15)
(0.4 0.1 0.15)
(0.45 0.1 0.15)
(0.5 0.1 0.15)
(0.55 0.1 0.15)
(0.6 0.1 0.15)
(0.65 0.1 0.15)
(0.7000000000000001 0.1 0.15)
(0.75 0.1 0.15)
(0.8 0.1 0.15)
(0.85 0.1 0.15)
(0.9 0.1 0.15)
(0.9500000000000001 0.1 0.15)
(1 0.1 0.15)
(-1 0 0.18)
(-0.9500000000000001 0 0.18)
(-0.9 0 0.18)
(-0.85 0 0.18)
(-0.8 0 0.18)
(-0.75 0 0.18)
(-0.7000000000000001 0 0.18)
(-0.65 0 0.18)
(-0.6 0 0.18)
(-0.55 0 0.18)
(-0.5 0 0.18)
(-0.45 0 0.18)
(-0.4 0 0.18)
(-0.35 0 0.18)
(-0.3 0 0.18)
(-0.25 0 0.18)
(-0.2 0 0.18)
(-0.15 0 0.18)
(-0.1 0 0.18)
(-0.05 0 0.18)
(0 0 0.18)
(0.05 0 0.18)
(0.1000000000000001 0 0.18)
(0.1499999999999999 0 0.18)
(0.2 0 0.18)
(0.25 0 0.18)
(0.3 0 0.18)
(0.35 0 0.18)
(0.4 0 0.18)
(0.45 0 0.18)
(0.5 0 0.18)
(0.55 0 0.18)
(0.6 0 0.18)
(0.65 0 0.18)
(0.7000000000000001 0 0.18)
(0.75 0 0.18)
(0.8 0 0.18)
(0.85 0 0.18)
(0.9 0 0.18)
(0.9500000000000001 0 0.18)
(1 0 0.18)
(-1 0.005 0.18)
(-0.9500000000000001 0.005000000000000001 0.18)
(-0.9000000000000001 0.005000000000000001 0.18)
(-0.85 0.005000000000000001 0.18)
(-0.8 0.005 0.18)
(-0.75 0.005000000000000001 0.18)
(-0.7000000000000001 0.005 0.18)
(-0.65 0.005 0.18)
(-0.6 0.005 0.18)
(-0.55 0.005 0.18)
(-0.5 0.005000000000000001 0.18)
(-0.45 0.005 0.18)
(-0.4 0.005 0.18)
(-0.35 0.005000000000000001 0.18)
(-0.3 0.005 0.18)
(-0.2500000000000001 0.005 0.18)
(-0.2 0.005 0.18)
(-0.15 0.005 0.18)
(-0.09999999999999998 0.005000000000000001 0.18)
(-0.05 0.005000000000000001 0.18)
(0 0.005000000000000001 0.18)
(0.05 0.005000000000000001 0.18)
(0.1000000000000001 0.005000000000000001 0.18)
(0.1499999999999999 0.005 0.18)
(0.2 0.005 0.18)
(0.2500000000000001 0.005 0.18)
(0.3 0.005000000000000001 0.18)
(0.3500000000000001 0.005000000000000001 0.18)
(0.3999999999999999 0.005 0.18)
(0.45 0.005 0.18)
(0.5 0.005000000000000001 0.18)
(0.55 0.005000000000000001 0.18)
(0.6 0.005 0.18)
(0.65 0.005 0.18)
(0.7000000000000001 0.005 0.18)
(0.75 0.005 0.18)
(0.8 0.005000000000000001 0.18)
(0.85 0.005 0.18)
(0.9 0.005 0.18)
(0.9500000000000001 0.005 0.18)
(1 0.005 0.18)
(-1 0.01 0.18)
(-0.9500000000000001 0.01 0.18)
(-0.9 0.01 0.18)
(-0.8500000000000002 0.01 0.18)
(-0.8 0.01 0.18)
(-0.75 0.01 0.18)
(-0.7000000000000001 0.01 0.18)
(-0.65 0.01 0.18)
(-0.6 0.01 0.18)
(-0.55 0.01 0.18)
(-0.5 0.01 0.18)
(-0.45 0.01 0.18)
(-0.4 0.01 0.18)
(-0.35 0.01 0.18)
(-0.3 0.009999999999999998 0.18)
(-0.2500000000000001 0.01 0.18)
(-0.2 0.01 0.18)
(-0.15 0.01 0.18)
(-0.1 0.01 0.18)
(-0.05000000000000003 0.01 0.18)
(0 0.01 0.18)
(0.05 0.01 0.18)
(0.1000000000000001 0.01 0.18)
(0.1499999999999999 0.01 0.18)
(0.2 0.009999999999999998 0.18)
(0.2500000000000001 0.01 0.18)
(0.3 0.01 0.18)
(0.35 0.01 0.18)
(0.4 0.01 0.18)
(0.45 0.009999999999999998 0.18)
(0.5 0.01 0.18)
(0.55 0.01 0.18)
(0.6000000000000002 0.01 0.18)
(0.65 0.01 0.18)
(0.7000000000000001 0.009999999999999998 0.18)
(0.75 0.01 0.18)
(0.8 0.01 0.18)
(0.85 0.01 0.18)
(0.9 0.01 0.18)
(0.9500000000000001 0.01 0.18)
(1 0.01 0.18)
(-1 0.015 0.18)
(-0.9500000000000001 0.015 0.18)
(-0.9000000000000001 0.015 0.18)
(-0.85 0.015 0.18)
(-0.8 0.015 0.18)
(-0.75 0.015 0.18)
(-0.7000000000000001 0.015 0.18)
(-0.65 0.015 0.18)
(-0.6 0.015 0.18)
(-0.55 0.015 0.18)
(-0.5 0.015 0.18)
(-0.45 0.015 0.18)
(-0.4 0.015 0.18)
(-0.35 0.015 0.18)
(-0.3 0.015 0.18)
(-0.25 0.015 0.18)
(-0.2 0.01499999999999999 0.18)
(-0.15 0.015 0.18)
(-0.1 0.015 0.18)
(-0.05 0.015 0.18)
(0 0.015 0.18)
(0.05 0.015 0.18)
(0.1000000000000001 0.015 0.18)
(0.1499999999999999 0.015 0.18)
(0.2 0.015 0.18)
(0.25 0.015 0.18)
(0.3 0.015 0.18)
(0.3500000000000001 0.015 0.18)
(0.4 0.015 0.18)
(0.45 0.015 0.18)
(0.5 0.015 0.18)
(0.55 0.015 0.18)
(0.6 0.015 0.18)
(0.65 0.015 0.18)
(0.7000000000000001 0.015 0.18)
(0.75 0.015 0.18)
(0.8 0.015 0.18)
(0.85 0.015 0.18)
(0.9 0.015 0.18)
(0.9500000000000001 0.015 0.18)
(1 0.015 0.18)
(-1 0.02 0.18)
(-0.9500000000000001 0.02 0.18)
(-0.9 0.02 0.18)
(-0.85 0.02 0.18)
(-0.8 0.02 0.18)
(-0.75 0.02 0.18)
(-0.7000000000000001 0.02 0.18)
(-0.65 0.02 0.18)
(-0.6 0.02 0.18)
(-0.55 0.02 0.18)
(-0.5 0.02 0.18)
(-0.45 0.02 0.18)
(-0.4 0.02 0.18)
(-0.35 0.02 0.18)
(-0.3 0.02 0.18)
(-0.25 0.02 0.18)
(-0.2 0.02 0.18)
(-0.1499999999999999 0.02 0.18)
(-0.09999999999999998 0.02 0.18)
(-0.05000000000000003 0.02 0.18)
(0 0.02 0.18)
(0.05 0.02 0.18)
(0.1000000000000001 0.02 0.18)
(0.1499999999999999 0.02 0.18)
(0.2 0.02 0.18)
(0.25 0.02 0.18)
(0.3 0.02 0.18)
(0.35 0.02 0.18)
(0.3999999999999999 0.02 0.18)
(0.45 0.02 0.18)
(0.5 0.02 0.18)
(0.55 0.02 0.18)
(0.6 0.02 0.18)
(0.65 0.02 0.18)
(0.7000000000000001 0.02 0.18)
(0.75 0.02 0.18)
(0.8 0.02 0.18)
(0.85 0.02 0.18)
(0.9 0.02 0.18)
(0.9500000000000001 0.02 0.18)
(1 0.02 0.18)
(-1 0.025 0.18)
(-0.9500000000000001 0.025 0.18)
(-0.9 0.025 0.18)
(-0.85 0.025 0.18)
(-0.8 0.025 0.18)
(-0.75 0.025 0.18)
(-0.7000000000000001 0.025 0.18)
(-0.65 0.025 0.18)
(-0.6 0.02499999999999999 0.18)
(-0.55 0.025 0.18)
(-0.5 0.025 0.18)
(-0.45 0.025 0.18)
(-0.4 0.025 0.18)
(-0.35 0.025 0.18)
(-0.3 0.025 0.18)
(-0.25 0.025 0.18)
(-0.2 0.02499999999999999 0.18)
(-0.15 0.025 0.18)
(-0.1 0.025 0.18)
(-0.05000000000000004 0.025 0.18)
(0 0.025 0.18)
(0.05000000000000004 0.025 0.18)
(0.1000000000000001 0.025 0.18)
(0.1499999999999999 0.025 0.18)
(0.2 0.025 0.18)
(0.25 0.025 0.18)
(0.3 0.025 0.18)
(0.3500000000000001 0.025 0.18)
(0.4 0.025 0.18)
(0.45 0.025 0.18)
(0.5 0.025 0.18)
(0.55 0.025 0.18)
(0.6 0.025 0.18)
(0.65 0.025 0.18)
(0.7000000000000001 0.025 0.18)
(0.75 0.025 0.18)
(0.8 0.025 0.18)
(0.85 0.025 0.18)
(0.9 0.025 0.18)
(0.9500000000000001 0.025 0.18)
(1 0.025 0.18)
(-1 0.03 0.18)
(-0.9500000000000001 0.03 0.18)
(-0.9 0.03 0.18)
(-0.85 0.03 0.18)
(-0.8 0.03 0.18)
(-0.75 0.03 0.18)
(-0.7000000000000001 0.03 0.18)
(-0.65 0.03000000000000001 0.18)
(-0.6 0.03000000000000001 0.18)
(-0.55 0.03 0.18)
(-0.5 0.03 0.18)
(-0.45 0.03 0.18)
(-0.4 0.03 0.18)
(-0.35 0.03 0.18)
(-0.3 0.03 0.18)
(-0.25 0.03 0.18)
(-0.2 0.03 0.18)
(-0.15 0.03 0.18)
(-0.1 0.03 0.18)
(-0.05000000000000003 0.03 0.18)
(0 0.03 0.18)
(0.05000000000000003 0.03 0.18)
(0.1000000000000001 0.03 0.18)
(0.1499999999999999 0.03 0.18)
(0.2 0.03 0.18)
(0.25 0.03 0.18)
(0.3 0.03 0.18)
(0.35 0.03000000000000001 0.18)
(0.4 0.03 0.18)
(0.45 0.03 0.18)
(0.5 0.03 0.18)
(0.55 0.03000000000000001 0.18)
(0.6 0.03 0.18)
(0.65 0.03000000000000001 0.18)
(0.7000000000000001 0.03 0.18)
(0.75 0.03 0.18)
(0.8 0.03 0.18)
(0.85 0.03000000000000001 0.18)
(0.9 0.03000000000000001 0.18)
(0.9500000000000001 0.03 0.18)
(1 0.03 0.18)
(-1 0.035 0.18)
(-0.9500000000000001 0.035 0.18)
(-0.9 0.035 0.18)
(-0.85 0.035 0.18)
(-0.8 0.035 0.18)
(-0.75 0.035 0.18)
(-0.7000000000000001 0.035 0.18)
(-0.65 0.035 0.18)
(-0.6 0.035 0.18)
(-0.55 0.035 0.18)
(-0.5 0.035 0.18)
(-0.45 0.035 0.18)
(-0.4 0.035 0.18)
(-0.35 0.035 0.18)
(-0.3 0.035 0.18)
(-0.25 0.035 0.18)
(-0.2 0.035 0.18)
(-0.15 0.035 0.18)
(-0.1 0.035 0.18)
(-0.05000000000000004 0.035 0.18)
(0 0.035 0.18)
(0.05000000000000004 0.035 0.18)
(0.1000000000000001 0.035 0.18)
(0.1499999999999999 0.035 0.18)
(0.2 0.035 0.18)
(0.25 0.035 0.18)
(0.3 0.035 0.18)
(0.35 0.035 0.18)
(0.4 0.035 0.18)
(0.45 0.035 0.18)
(0.5 0.035 0.18)
(0.55 0.035 0.18)
(0.6 0.035 0.18)
(0.65 0.035 0.18)
(0.7000000000000001 0.035 0.18)
(0.75 0.035 0.18)
(0.8 0.035 0.18)
(0.85 0.035 0.18)
(0.9 0.035 0.18)
(0.9500000000000001 0.035 0.18)
(1 0.035 0.18)
(-1 0.04 0.18)
(-0.9500000000000001 0.04 0.18)
(-0.9 0.04 0.18)
(-0.85 0.04 0.18)
(-0.8 0.04 0.18)
(-0.7499999999999999 0.03999999999999999 0.18)
(-0.7000000000000001 0.03999999999999999 0.18)
(-0.65 0.04 0.18)
(-0.6 0.04 0.18)
(-0.55 0.04 0.18)
(-0.5 0.04 0.18)
(-0.45 0.04 0.18)
(-0.4 0.04 0.18)
(-0.35 0.04 0.18)
(-0.3 0.04 0.18)
(-0.25 0.04 0.18)
(-0.2 0.04000000000000001 0.18)
(-0.15 0.04 0.18)
(-0.09999999999999998 0.04 0.18)
(-0.05000000000000004 0.03999999999999999 0.18)
(0 0.04 0.18)
(0.05000000000000004 0.04 0.18)
(0.1000000000000001 0.04 0.18)
(0.1499999999999999 0.04 0.18)
(0.2 0.04 0.18)
(0.2500000000000001 0.04 0.18)
(0.3 0.04 0.18)
(0.3500000000000001 0.04 0.18)
(0.4 0.04 0.18)
(0.4500000000000001 0.04 0.18)
(0.5 0.04 0.18)
(0.55 0.03999999999999999 0.18)
(0.6 0.04000000000000001 0.18)
(0.6499999999999999 0.03999999999999999 0.18)
(0.7000000000000001 0.03999999999999999 0.18)
(0.75 0.04 0.18)
(0.8 0.04 0.18)
(0.85 0.04 0.18)
(0.9 0.04 0.18)
(0.9500000000000001 0.03999999999999999 0.18)
(1 0.04 0.18)
(-1 0.045 0.18)
(-0.9500000000000001 0.045 0.18)
(-0.9 0.045 0.18)
(-0.85 0.045 0.18)
(-0.8 0.04499999999999999 0.18)
(-0.75 0.04499999999999999 0.18)
(-0.7000000000000001 0.04500000000000001 0.18)
(-0.65 0.045 0.18)
(-0.6 0.045 0.18)
(-0.55 0.04500000000000001 0.18)
(-0.5 0.045 0.18)
(-0.45 0.045 0.18)
(-0.4 0.045 0.18)
(-0.3500000000000001 0.04499999999999999 0.18)
(-0.3 0.045 0.18)
(-0.25 0.045 0.18)
(-0.2 0.045 0.18)
(-0.15 0.045 0.18)
(-0.09999999999999998 0.045 0.18)
(-0.05000000000000004 0.045 0.18)
(0 0.045 0.18)
(0.05 0.045 0.18)
(0.1000000000000001 0.045 0.18)
(0.1499999999999999 0.045 0.18)
(0.2 0.045 0.18)
(0.25 0.045 0.18)
(0.3 0.045 0.18)
(0.3500000000000001 0.04499999999999999 0.18)
(0.4 0.045 0.18)
(0.45 0.045 0.18)
(0.5 0.04499999999999999 0.18)
(0.55 0.045 0.18)
(0.6 0.04500000000000001 0.18)
(0.65 0.04499999999999999 0.18)
(0.7000000000000001 0.04500000000000001 0.18)
(0.75 0.04499999999999999 0.18)
(0.8 0.045 0.18)
(0.85 0.045 0.18)
(0.9 0.04499999999999999 0.18)
(0.9500000000000001 0.045 0.18)
(1 0.045 0.18)
(-1 0.05 0.18)
(-0.9500000000000001 0.05 0.18)
(-0.9 0.05000000000000001 0.18)
(-0.85 0.05 0.18)
(-0.8 0.05 0.18)
(-0.75 0.05 0.18)
(-0.7000000000000001 0.05 0.18)
(-0.65 0.05 0.18)
(-0.6 0.05 0.18)
(-0.55 0.05 0.18)
(-0.5 0.05 0.18)
(-0.45 0.05 0.18)
(-0.4 0.05 0.18)
(-0.35 0.05 0.18)
(-0.3 0.05 0.18)
(-0.25 0.05 0.18)
(-0.2 0.04999999999999999 0.18)
(-0.15 0.05 0.18)
(-0.1 0.05 0.18)
(-0.05 0.05 0.18)
(0 0.05 0.18)
(0.05 0.05 0.18)
(0.1000000000000001 0.05 0.18)
(0.1499999999999999 0.05 0.18)
(0.2 0.05 0.18)
(0.25 0.05 0.18)
(0.3 0.05 0.18)
(0.3500000000000001 0.05 0.18)
(0.4 0.05 0.18)
(0.45 0.05 0.18)
(0.5 0.05 0.18)
(0.55 0.05 0.18)
(0.6 0.05 0.18)
(0.65 0.05 0.18)
(0.7000000000000001 0.05 0.18)
(0.75 0.05 0.18)
(0.8 0.05 0.18)
(0.85 0.05 0.18)
(0.9 0.05 0.18)
(0.9500000000000001 0.05 0.18)
(1 0.05 0.18)
(-1 0.055 0.18)
(-0.9500000000000001 0.055 0.18)
(-0.9 0.055 0.18)
(-0.85 0.055 0.18)
(-0.8 0.055 0.18)
(-0.75 0.05500000000000001 0.18)
(-0.7000000000000001 0.055 0.18)
(-0.65 0.055 0.18)
(-0.6 0.055 0.18)
(-0.55 0.055 0.18)
(-0.5 0.055 0.18)
(-0.45 0.055 0.18)
(-0.4 0.05500000000000001 0.18)
(-0.35 0.055 0.18)
(-0.3 0.05500000000000001 0.18)
(-0.25 0.055 0.18)
(-0.2 0.055 0.18)
(-0.15 0.05500000000000001 0.18)
(-0.1 0.055 0.18)
(-0.05000000000000003 0.05500000000000001 0.18)
(0 0.055 0.18)
(0.05000000000000001 0.05500000000000001 0.18)
(0.1000000000000001 0.05500000000000001 0.18)
(0.1499999999999999 0.055 0.18)
(0.2 0.055 0.18)
(0.25 0.055 0.18)
(0.3 0.05500000000000001 0.18)
(0.35 0.055 0.18)
(0.4 0.055 0.18)
(0.45 0.055 0.18)
(0.5 0.055 0.18)
(0.55 0.055 0.18)
(0.6 0.055 0.18)
(0.65 0.05500000000000001 0.18)
(0.7000000000000001 0.055 0.18)
(0.75 0.05500000000000001 0.18)
(0.8 0.055 0.18)
(0.85 0.05500000000000001 0.18)
(0.9 0.055 0.18)
(0.9500000000000001 0.055 0.18)
(1 0.055 0.18)
(-1 0.06 0.18)
(-0.9500000000000001 0.06 0.18)
(-0.9 0.06 0.18)
(-0.85 0.06 0.18)
(-0.8 0.06 0.18)
(-0.75 0.06 0.18)
(-0.7000000000000001 0.06 0.18)
(-0.65 0.06 0.18)
(-0.6 0.06 0.18)
(-0.55 0.06 0.18)
(-0.5 0.06 0.18)
(-0.45 0.06 0.18)
(-0.4 0.06 0.18)
(-0.35 0.06 0.18)
(-0.3 0.06 0.18)
(-0.25 0.06 0.18)
(-0.2 0.06 0.18)
(-0.15 0.06 0.18)
(-0.1 0.05999999999999999 0.18)
(-0.05000000000000004 0.06 0.18)
(0 0.06 0.18)
(0.05000000000000004 0.06 0.18)
(0.1000000000000001 0.06 0.18)
(0.1499999999999999 0.06 0.18)
(0.2 0.06 0.18)
(0.25 0.06 0.18)
(0.3 0.06 0.18)
(0.35 0.06000000000000001 0.18)
(0.4 0.06 0.18)
(0.45 0.06 0.18)
(0.5 0.06 0.18)
(0.55 0.06000000000000001 0.18)
(0.6 0.06 0.18)
(0.65 0.06 0.18)
(0.7000000000000001 0.06 0.18)
(0.75 0.06 0.18)
(0.8 0.06000000000000001 0.18)
(0.85 0.05999999999999999 0.18)
(0.9 0.06000000000000001 0.18)
(0.9500000000000001 0.06 0.18)
(1 0.06 0.18)
(-1 0.065 0.18)
(-0.9500000000000001 0.065 0.18)
(-0.9 0.065 0.18)
(-0.85 0.065 0.18)
(-0.8 0.065 0.18)
(-0.75 0.06500000000000002 0.18)
(-0.7000000000000001 0.065 0.18)
(-0.65 0.065 0.18)
(-0.6 0.06500000000000002 0.18)
(-0.55 0.065 0.18)
(-0.5 0.065 0.18)
(-0.45 0.065 0.18)
(-0.4 0.065 0.18)
(-0.35 0.065 0.18)
(-0.3 0.065 0.18)
(-0.25 0.065 0.18)
(-0.2 0.06500000000000002 0.18)
(-0.15 0.065 0.18)
(-0.1 0.06500000000000002 0.18)
(-0.05000000000000004 0.065 0.18)
(0 0.065 0.18)
(0.05000000000000004 0.065 0.18)
(0.1000000000000001 0.06500000000000002 0.18)
(0.1499999999999999 0.06499999999999999 0.18)
(0.2 0.065 0.18)
(0.25 0.065 0.18)
(0.3 0.065 0.18)
(0.35 0.06500000000000002 0.18)
(0.4 0.065 0.18)
(0.45 0.065 0.18)
(0.5 0.065 0.18)
(0.55 0.065 0.18)
(0.6 0.06500000000000002 0.18)
(0.65 0.06499999999999999 0.18)
(0.7000000000000001 0.065 0.18)
(0.75 0.065 0.18)
(0.8 0.065 0.18)
(0.85 0.06500000000000002 0.18)
(0.9 0.065 0.18)
(0.9500000000000001 0.065 0.18)
(1 0.065 0.18)
(-1 0.07000000000000001 0.18)
(-0.9500000000000001 0.07000000000000001 0.18)
(-0.9 0.07000000000000001 0.18)
(-0.85 0.07000000000000001 0.18)
(-0.8 0.07000000000000001 0.18)
(-0.75 0.07000000000000001 0.18)
(-0.7000000000000001 0.07000000000000001 0.18)
(-0.65 0.07000000000000001 0.18)
(-0.6 0.07000000000000001 0.18)
(-0.55 0.07000000000000001 0.18)
(-0.5 0.07000000000000001 0.18)
(-0.45 0.07000000000000001 0.18)
(-0.4 0.07000000000000001 0.18)
(-0.35 0.07000000000000001 0.18)
(-0.3 0.07000000000000001 0.18)
(-0.25 0.07000000000000001 0.18)
(-0.2 0.07000000000000001 0.18)
(-0.15 0.07000000000000001 0.18)
(-0.1 0.07000000000000001 0.18)
(-0.05000000000000003 0.07000000000000001 0.18)
(0 0.07000000000000001 0.18)
(0.05000000000000003 0.06999999999999999 0.18)
(0.1000000000000001 0.07000000000000001 0.18)
(0.1499999999999999 0.07000000000000001 0.18)
(0.2 0.07000000000000001 0.18)
(0.25 0.07000000000000001 0.18)
(0.3 0.06999999999999999 0.18)
(0.35 0.07000000000000001 0.18)
(0.4 0.07000000000000001 0.18)
(0.45 0.07000000000000001 0.18)
(0.5 0.06999999999999999 0.18)
(0.55 0.07000000000000001 0.18)
(0.6 0.07000000000000001 0.18)
(0.65 0.07000000000000001 0.18)
(0.7000000000000001 0.07000000000000001 0.18)
(0.75 0.07000000000000001 0.18)
(0.8 0.07000000000000001 0.18)
(0.85 0.06999999999999999 0.18)
(0.9 0.07000000000000001 0.18)
(0.9500000000000001 0.07000000000000001 0.18)
(1 0.07000000000000001 0.18)
(-1 0.075 0.18)
(-0.9500000000000001 0.075 0.18)
(-0.9 0.075 0.18)
(-0.85 0.075 0.18)
(-0.8 0.075 0.18)
(-0.75 0.075 0.18)
(-0.7000000000000001 0.07500000000000001 0.18)
(-0.65 0.07500000000000001 0.18)
(-0.6 0.075 0.18)
(-0.55 0.075 0.18)
(-0.5 0.075 0.18)
(-0.45 0.075 0.18)
(-0.4 0.075 0.18)
(-0.35 0.075 0.18)
(-0.3 0.075 0.18)
(-0.25 0.075 0.18)
(-0.2 0.075 0.18)
(-0.15 0.075 0.18)
(-0.1 0.075 0.18)
(-0.05000000000000004 0.075 0.18)
(0 0.075 0.18)
(0.05000000000000004 0.075 0.18)
(0.1000000000000001 0.075 0.18)
(0.1499999999999999 0.075 0.18)
(0.2 0.075 0.18)
(0.25 0.075 0.18)
(0.3 0.075 0.18)
(0.35 0.075 0.18)
(0.4 0.075 0.18)
(0.45 0.075 0.18)
(0.5 0.07500000000000001 0.18)
(0.55 0.07500000000000001 0.18)
(0.6 0.075 0.18)
(0.65 0.075 0.18)
(0.7000000000000001 0.075 0.18)
(0.75 0.075 0.18)
(0.8 0.075 0.18)
(0.85 0.075 0.18)
(0.9 0.075 0.18)
(0.9500000000000001 0.075 0.18)
(1 0.075 0.18)
(-1 0.08 0.18)
(-0.9500000000000001 0.08 0.18)
(-0.9 0.08 0.18)
(-0.85 0.08000000000000002 0.18)
(-0.8000000000000002 0.08 0.18)
(-0.75 0.08 0.18)
(-0.7000000000000001 0.08 0.18)
(-0.65 0.08 0.18)
(-0.6 0.08 0.18)
(-0.55 0.08 0.18)
(-0.5 0.08 0.18)
(-0.45 0.08 0.18)
(-0.4 0.08 0.18)
(-0.35 0.08 0.18)
(-0.3 0.08 0.18)
(-0.25 0.08 0.18)
(-0.2 0.08 0.18)
(-0.1499999999999999 0.08 0.18)
(-0.09999999999999998 0.08000000000000002 0.18)
(-0.05000000000000003 0.08 0.18)
(0 0.08 0.18)
(0.05 0.08 0.18)
(0.1000000000000001 0.08 0.18)
(0.1499999999999999 0.08 0.18)
(0.2 0.08 0.18)
(0.25 0.08 0.18)
(0.3 0.08 0.18)
(0.35 0.08 0.18)
(0.4 0.08 0.18)
(0.45 0.08 0.18)
(0.5 0.08 0.18)
(0.55 0.08 0.18)
(0.6 0.08 0.18)
(0.65 0.08 0.18)
(0.7000000000000001 0.08 0.18)
(0.75 0.08 0.18)
(0.8 0.08000000000000002 0.18)
(0.85 0.08 0.18)
(0.9 0.08 0.18)
(0.9500000000000001 0.08 0.18)
(1 0.08 0.18)
(-1 0.08500000000000001 0.18)
(-0.9500000000000001 0.08499999999999998 0.18)
(-0.9000000000000001 0.08500000000000002 0.18)
(-0.85 0.08500000000000001 0.18)
(-0.8 0.08500000000000001 0.18)
(-0.75 0.08500000000000001 0.18)
(-0.7000000000000001 0.08500000000000001 0.18)
(-0.65 0.08500000000000001 0.18)
(-0.6 0.08500000000000001 0.18)
(-0.55 0.08499999999999998 0.18)
(-0.5 0.08500000000000001 0.18)
(-0.45 0.08500000000000001 0.18)
(-0.4 0.08500000000000001 0.18)
(-0.35 0.08500000000000001 0.18)
(-0.3 0.08500000000000001 0.18)
(-0.25 0.08500000000000001 0.18)
(-0.2 0.08500000000000001 0.18)
(-0.15 0.08500000000000002 0.18)
(-0.1 0.08500000000000002 0.18)
(-0.05000000000000004 0.08499999999999998 0.18)
(0 0.08500000000000001 0.18)
(0.05 0.08500000000000001 0.18)
(0.1000000000000001 0.08500000000000001 0.18)
(0.1499999999999999 0.08500000000000001 0.18)
(0.2 0.08500000000000001 0.18)
(0.25 0.08500000000000001 0.18)
(0.3 0.08500000000000001 0.18)
(0.35 0.08500000000000001 0.18)
(0.4 0.08500000000000001 0.18)
(0.45 0.08500000000000001 0.18)
(0.5 0.08500000000000002 0.18)
(0.55 0.08499999999999998 0.18)
(0.6 0.08500000000000001 0.18)
(0.65 0.08500000000000001 0.18)
(0.7000000000000001 0.08500000000000001 0.18)
(0.75 0.08500000000000001 0.18)
(0.8 0.08500000000000002 0.18)
(0.85 0.08499999999999998 0.18)
(0.9 0.08500000000000001 0.18)
(0.9500000000000001 0.08500000000000001 0.18)
(1 0.08500000000000001 0.18)
(-1 0.09 0.18)
(-0.9500000000000001 0.09000000000000002 0.18)
(-0.9 0.09 0.18)
(-0.8500000000000002 0.09000000000000002 0.18)
(-0.8 0.09 0.18)
(-0.75 0.09 0.18)
(-0.7000000000000001 0.09000000000000002 0.18)
(-0.65 0.09 0.18)
(-0.6 0.09 0.18)
(-0.55 0.09000000000000002 0.18)
(-0.5 0.09 0.18)
(-0.45 0.09000000000000002 0.18)
(-0.4 0.09 0.18)
(-0.35 0.09 0.18)
(-0.3 0.09 0.18)
(-0.25 0.09 0.18)
(-0.2 0.09 0.18)
(-0.15 0.09 0.18)
(-0.1 0.09 0.18)
(-0.05 0.09 0.18)
(0 0.09 0.18)
(0.05 0.09 0.18)
(0.1000000000000001 0.09 0.18)
(0.1499999999999999 0.09 0.18)
(0.2 0.09 0.18)
(0.25 0.09 0.18)
(0.3 0.09 0.18)
(0.35 0.09 0.18)
(0.4 0.09 0.18)
(0.45 0.09 0.18)
(0.5 0.08999999999999998 0.18)
(0.55 0.09 0.18)
(0.6000000000000001 0.09000000000000002 0.18)
(0.65 0.08999999999999998 0.18)
(0.7000000000000001 0.09000000000000002 0.18)
(0.75 0.09 0.18)
(0.8 0.09 0.18)
(0.85 0.09000000000000002 0.18)
(0.9 0.08999999999999998 0.18)
(0.9500000000000001 0.09 0.18)
(1 0.09 0.18)
(-1 0.09500000000000001 0.18)
(-0.9500000000000001 0.09500000000000001 0.18)
(-0.9 0.095 0.18)
(-0.85 0.095 0.18)
(-0.7999999999999998 0.09499999999999999 0.18)
(-0.75 0.095 0.18)
(-0.7000000000000001 0.09500000000000001 0.18)
(-0.65 0.09500000000000001 0.18)
(-0.6 0.095 0.18)
(-0.55 0.095 0.18)
(-0.5 0.09500000000000001 0.18)
(-0.45 0.095 0.18)
(-0.3999999999999999 0.095 0.18)
(-0.35 0.095 0.18)
(-0.3 0.095 0.18)
(-0.2500000000000001 0.09500000000000001 0.18)
(-0.2 0.095 0.18)
(-0.15 0.095 0.18)
(-0.1 0.09500000000000001 0.18)
(-0.05 0.095 0.18)
(0 0.095 0.18)
(0.05 0.09500000000000001 0.18)
(0.1000000000000001 0.095 0.18)
(0.1499999999999999 0.095 0.18)
(0.2 0.09500000000000001 0.18)
(0.2500000000000001 0.09500000000000001 0.18)
(0.3 0.09500000000000001 0.18)
(0.35 0.095 0.18)
(0.4 0.095 0.18)
(0.45 0.095 0.18)
(0.5 0.09500000000000001 0.18)
(0.55 0.095 0.18)
(0.6 0.095 0.18)
(0.65 0.095 0.18)
(0.7000000000000001 0.095 0.18)
(0.75 0.09500000000000001 0.18)
(0.8 0.09499999999999999 0.18)
(0.85 0.09499999999999999 0.18)
(0.8999999999999999 0.09499999999999999 0.18)
(0.9500000000000001 0.09500000000000001 0.18)
(1 0.09500000000000001 0.18)
(-1 0.1 0.18)
(-0.9500000000000001 0.1 0.18)
(-0.9 0.1 0.18)
(-0.85 0.1 0.18)
(-0.8 0.1 0.18)
(-0.75 0.1 0.18)
(-0.7000000000000001 0.1 0.18)
(-0.65 0.1 0.18)
(-0.6 0.1 0.18)
(-0.55 0.1 0.18)
(-0.5 0.1 0.18)
(-0.45 0.1 0.18)
(-0.4 0.1 0.18)
(-0.35 0.1 0.18)
(-0.3 0.1 0.18)
(-0.25 0.1 0.18)
(-0.2 0.09999999999999998 0.18)
(-0.15 0.1 0.18)
(-0.1 0.1 0.18)
(-0.05 0.1 0.18)
(0 0.1 0.18)
(0.05 0.1 0.18)
(0.1000000000000001 0.1 0.18)
(0.1499999999999999 0.1 0.18)
(0.2 0.1 0.18)
(0.25 0.1 0.18)
(0.3 0.1 0.18)
(0.35 0.1 0.18)
(0.4 0.1 0.18)
(0.45 0.1 0.18)
(0.5 0.1 0.18)
(0.55 0.1 0.18)
(0.6 0.1 0.18)
(0.65 0.1 0.18)
(0.7000000000000001 0.1 0.18)
(0.75 0.1 0.18)
(0.8 0.1 0.18)
(0.85 0.1 0.18)
(0.9 0.1 0.18)
(0.9500000000000001 0.1 0.18)
(1 0.1 0.18)
(-1 0 0.21)
(-0.9500000000000001 0 0.21)
(-0.9 0 0.21)
(-0.85 0 0.21)
(-0.8 0 0.21)
(-0.75 0 0.21)
(-0.7000000000000001 0 0.21)
(-0.65 0 0.21)
(-0.6 0 0.21)
(-0.55 0 0.21)
(-0.5 0 0.21)
(-0.45 0 0.21)
(-0.4 0 0.21)
(-0.35 0 0.21)
(-0.3 0 0.21)
(-0.25 0 0.21)
(-0.2 0 0.21)
(-0.15 0 0.21)
(-0.1 0 0.21)
(-0.05 0 0.21)
(0 0 0.21)
(0.05 0 0.21)
(0.1000000000000001 0 0.21)
(0.1499999999999999 0 0.21)
(0.2 0 0.21)
(0.25 0 0.21)
(0.3 0 0.21)
(0.35 0 0.21)
(0.3999999999999999 0 0.21)
(0.45 0 0.21)
(0.5 0 0.21)
(0.55 0 0.21)
(0.6 0 0.21)
(0.65 0 0.21)
(0.7000000000000001 0 0.21)
(0.75 0 0.21)
(0.8 0 0.21)
(0.85 0 0.21)
(0.9 0 0.21)
(0.9500000000000001 0 0.21)
(1 0 0.21)
(-1 0.005 0.21)
(-0.9500000000000001 0.005 0.21)
(-0.9 0.005 0.21)
(-0.85 0.005 0.21)
(-0.8 0.005000000000000001 0.21)
(-0.75 0.005 0.21)
(-0.7000000000000001 0.005 0.21)
(-0.65 0.005 0.21)
(-0.6 0.005 0.21)
(-0.55 0.005 0.21)
(-0.5 0.005000000000000001 0.2100000000000001)
(-0.45 0.005 0.21)
(-0.4 0.005 0.21)
(-0.35 0.005 0.21)
(-0.3 0.005 0.21)
(-0.2500000000000001 0.005 0.21)
(-0.2 0.005000000000000001 0.21)
(-0.15 0.005 0.21)
(-0.1000000000000001 0.005000000000000001 0.21)
(-0.04999999999999998 0.005 0.21)
(0 0.005 0.21)
(0.05 0.005000000000000001 0.21)
(0.1000000000000001 0.005 0.21)
(0.1499999999999999 0.005 0.21)
(0.2 0.005 0.21)
(0.2500000000000001 0.005 0.21)
(0.3 0.005000000000000001 0.21)
(0.3500000000000001 0.005000000000000001 0.21)
(0.3999999999999999 0.005 0.21)
(0.45 0.005000000000000001 0.21)
(0.5 0.005000000000000001 0.21)
(0.55 0.005 0.21)
(0.6 0.005 0.21)
(0.65 0.005000000000000001 0.21)
(0.7000000000000001 0.005 0.21)
(0.75 0.005 0.21)
(0.8 0.005000000000000001 0.21)
(0.85 0.005 0.21)
(0.9 0.005 0.21)
(0.9500000000000001 0.005000000000000001 0.21)
(1 0.005 0.21)
(-1 0.01 0.21)
(-0.9500000000000001 0.01 0.21)
(-0.9 0.01 0.21)
(-0.85 0.01 0.21)
(-0.8 0.01 0.21)
(-0.75 0.01 0.21)
(-0.7000000000000001 0.01 0.21)
(-0.65 0.01 0.21)
(-0.6 0.01 0.21)
(-0.55 0.01 0.21)
(-0.5 0.01 0.21)
(-0.45 0.01 0.21)
(-0.4 0.01 0.21)
(-0.35 0.01 0.21)
(-0.3 0.009999999999999998 0.21)
(-0.2500000000000001 0.01 0.21)
(-0.1999999999999999 0.01 0.21)
(-0.15 0.01 0.21)
(-0.1 0.01 0.21)
(-0.05 0.01 0.21)
(0 0.01 0.21)
(0.05 0.01 0.21)
(0.1000000000000001 0.01 0.21)
(0.1499999999999999 0.01 0.21)
(0.1999999999999999 0.01 0.21)
(0.2500000000000001 0.01 0.21)
(0.3 0.01 0.21)
(0.3500000000000001 0.01 0.21)
(0.4 0.01 0.21)
(0.45 0.01 0.21)
(0.5 0.01 0.21)
(0.55 0.01 0.21)
(0.6000000000000001 0.01 0.21)
(0.65 0.01 0.21)
(0.7000000000000001 0.01 0.21)
(0.75 0.01 0.21)
(0.8 0.01 0.21)
(0.85 0.01 0.21)
(0.9 0.01 0.21)
(0.9500000000000001 0.01 0.21)
(1 0.01 0.21)
(-1 0.015 0.21)
(-0.9500000000000001 0.015 0.21)
(-0.9 0.015 0.21)
(-0.85 0.015 0.21)
(-0.8 0.015 0.21)
(-0.75 0.015 0.21)
(-0.7000000000000001 0.015 0.21)
(-0.65 0.015 0.21)
(-0.6 0.015 0.21)
(-0.55 0.015 0.21)
(-0.5 0.015 0.21)
(-0.45 0.015 0.21)
(-0.4 0.015 0.21)
(-0.35 0.015 0.21)
(-0.3 0.015 0.21)
(-0.25 0.015 0.21)
(-0.2 0.015 0.21)
(-0.15 0.015 0.21)
(-0.1 0.015 0.21)
(-0.05 0.015 0.21)
(0 0.015 0.21)
(0.05000000000000003 0.015 0.21)
(0.1000000000000001 0.015 0.21)
(0.1499999999999999 0.015 0.21)
(0.2 0.015 0.21)
(0.25 0.015 0.21)
(0.3 0.015 0.21)
(0.35 0.015 0.21)
(0.4 0.015 0.21)
(0.45 0.015 0.21)
(0.5 0.015 0.21)
(0.55 0.015 0.21)
(0.6 0.015 0.21)
(0.65 0.015 0.21)
(0.7000000000000001 0.015 0.21)
(0.75 0.015 0.21)
(0.8 0.015 0.21)
(0.85 0.015 0.21)
(0.9 0.015 0.21)
(0.9500000000000001 0.015 0.21)
(1 0.015 0.21)
(-1 0.02 0.21)
(-0.9500000000000001 0.02 0.21)
(-0.9 0.02 0.21)
(-0.85 0.02 0.21)
(-0.8 0.02 0.21)
(-0.75 0.02 0.21)
(-0.7000000000000001 0.02 0.21)
(-0.65 0.02 0.21)
(-0.6 0.02 0.21)
(-0.55 0.02 0.21)
(-0.5 0.02 0.21)
(-0.45 0.02 0.21)
(-0.4 0.02 0.21)
(-0.35 0.02 0.21)
(-0.3 0.02 0.21)
(-0.2500000000000001 0.02 0.21)
(-0.2 0.02 0.21)
(-0.15 0.02 0.21)
(-0.09999999999999998 0.02 0.21)
(-0.05000000000000005 0.02 0.21)
(0 0.02 0.21)
(0.05000000000000004 0.02 0.21)
(0.1000000000000001 0.02 0.21)
(0.1499999999999999 0.02 0.21)
(0.2 0.02 0.21)
(0.2500000000000001 0.02 0.21)
(0.3 0.02 0.21)
(0.35 0.02 0.21)
(0.4 0.02 0.21)
(0.45 0.02 0.21)
(0.5 0.02 0.21)
(0.55 0.02 0.21)
(0.6 0.02 0.21)
(0.65 0.02 0.21)
(0.7000000000000001 0.02 0.21)
(0.75 0.02 0.21)
(0.8 0.02 0.21)
(0.85 0.02 0.21)
(0.9 0.02 0.21)
(0.9500000000000001 0.02 0.21)
(1 0.02 0.21)
(-1 0.025 0.21)
(-0.9500000000000001 0.025 0.21)
(-0.9 0.025 0.21)
(-0.85 0.025 0.21)
(-0.8 0.025 0.21)
(-0.75 0.025 0.21)
(-0.7000000000000001 0.025 0.21)
(-0.65 0.025 0.21)
(-0.6 0.025 0.21)
(-0.55 0.025 0.21)
(-0.5 0.025 0.21)
(-0.45 0.025 0.21)
(-0.4 0.025 0.21)
(-0.35 0.02499999999999999 0.21)
(-0.3 0.025 0.21)
(-0.25 0.025 0.21)
(-0.2 0.025 0.21)
(-0.15 0.025 0.21)
(-0.1 0.025 0.21)
(-0.05000000000000007 0.025 0.21)
(0 0.025 0.21)
(0.05000000000000007 0.025 0.21)
(0.1000000000000001 0.025 0.21)
(0.1499999999999999 0.025 0.21)
(0.2 0.025 0.21)
(0.2500000000000001 0.025 0.21)
(0.3 0.025 0.21)
(0.3500000000000001 0.025 0.21)
(0.4 0.025 0.21)
(0.45 0.025 0.21)
(0.5 0.025 0.21)
(0.55 0.025 0.21)
(0.6 0.025 0.21)
(0.65 0.025 0.21)
(0.7000000000000001 0.025 0.21)
(0.75 0.025 0.21)
(0.8 0.025 0.21)
(0.8500000000000002 0.025 0.21)
(0.9 0.025 0.21)
(0.9500000000000001 0.025 0.21)
(1 0.025 0.21)
(-1 0.03 0.21)
(-0.9500000000000001 0.03 0.21)
(-0.9 0.03 0.21)
(-0.85 0.03 0.21)
(-0.8 0.03 0.21)
(-0.75 0.03 0.21)
(-0.7000000000000001 0.03 0.21)
(-0.65 0.03 0.21)
(-0.6 0.03 0.21)
(-0.55 0.03 0.21)
(-0.5 0.03 0.21)
(-0.45 0.03 0.21)
(-0.4 0.03 0.21)
(-0.35 0.03 0.21)
(-0.3 0.03 0.21)
(-0.25 0.03 0.21)
(-0.2 0.03 0.21)
(-0.15 0.03000000000000001 0.21)
(-0.1000000000000001 0.03 0.21)
(-0.04999999999999999 0.03 0.21)
(0 0.03 0.21)
(0.05000000000000002 0.03 0.21)
(0.1000000000000001 0.03 0.21)
(0.1499999999999999 0.03 0.21)
(0.2 0.03 0.21)
(0.25 0.03 0.21)
(0.3 0.03 0.21)
(0.35 0.03 0.21)
(0.4 0.03 0.21)
(0.45 0.03 0.21)
(0.5 0.03 0.21)
(0.55 0.03 0.21)
(0.6 0.03 0.21)
(0.6499999999999999 0.03 0.21)
(0.7000000000000001 0.03 0.21)
(0.75 0.03 0.21)
(0.8 0.03 0.21)
(0.85 0.03 0.21)
(0.9 0.03000000000000001 0.21)
(0.9500000000000001 0.03 0.21)
(1 0.03 0.21)
(-1 0.035 0.21)
(-0.9500000000000001 0.035 0.21)
(-0.9 0.035 0.21)
(-0.85 0.035 0.21)
(-0.8 0.035 0.21)
(-0.75 0.035 0.21)
(-0.7000000000000001 0.035 0.21)
(-0.65 0.035 0.21)
(-0.6 0.035 0.21)
(-0.55 0.035 0.21)
(-0.5 0.035 0.21)
(-0.45 0.035 0.21)
(-0.4 0.035 0.21)
(-0.35 0.035 0.21)
(-0.3 0.035 0.21)
(-0.25 0.035 0.21)
(-0.2 0.035 0.21)
(-0.15 0.035 0.21)
(-0.1 0.035 0.21)
(-0.05000000000000004 0.035 0.21)
(0 0.035 0.21)
(0.05000000000000004 0.035 0.21)
(0.1000000000000001 0.035 0.21)
(0.1499999999999999 0.035 0.21)
(0.2 0.035 0.21)
(0.25 0.035 0.21)
(0.3 0.035 0.21)
(0.35 0.035 0.21)
(0.4 0.035 0.21)
(0.45 0.035 0.21)
(0.5 0.035 0.21)
(0.55 0.035 0.21)
(0.6 0.035 0.21)
(0.65 0.035 0.21)
(0.7000000000000001 0.035 0.21)
(0.75 0.035 0.21)
(0.8 0.035 0.21)
(0.85 0.035 0.21)
(0.9 0.035 0.21)
(0.9500000000000001 0.035 0.21)
(1 0.035 0.21)
(-1 0.04 0.21)
(-0.9500000000000001 0.04 0.21)
(-0.9 0.04 0.21)
(-0.85 0.04 0.21)
(-0.8 0.04000000000000001 0.21)
(-0.75 0.04000000000000001 0.21)
(-0.7000000000000001 0.04000000000000001 0.21)
(-0.65 0.04 0.21)
(-0.6 0.04 0.21)
(-0.55 0.04 0.21)
(-0.5 0.04 0.21)
(-0.4500000000000001 0.04 0.21)
(-0.4 0.04 0.21)
(-0.35 0.04 0.21)
(-0.3 0.04 0.21)
(-0.25 0.04 0.21)
(-0.2 0.04000000000000001 0.21)
(-0.15 0.04 0.21)
(-0.1 0.04000000000000001 0.21)
(-0.04999999999999999 0.04 0.21)
(0 0.04 0.21)
(0.05000000000000003 0.04000000000000001 0.21)
(0.1000000000000001 0.04000000000000001 0.21)
(0.1499999999999999 0.04 0.21)
(0.2 0.04 0.21)
(0.25 0.04 0.21)
(0.3 0.04 0.21)
(0.35 0.04 0.21)
(0.4 0.04000000000000001 0.21)
(0.4500000000000001 0.04000000000000001 0.21)
(0.5 0.04000000000000001 0.21)
(0.55 0.04 0.21)
(0.6 0.04000000000000001 0.21)
(0.65 0.04000000000000001 0.21)
(0.7000000000000002 0.03999999999999999 0.21)
(0.75 0.04 0.21)
(0.8 0.04000000000000001 0.21)
(0.85 0.04 0.21)
(0.9 0.04 0.21)
(0.9500000000000001 0.04 0.21)
(1 0.04 0.21)
(-1 0.04499999999999999 0.21)
(-0.9500000000000001 0.045 0.21)
(-0.9 0.045 0.21)
(-0.85 0.045 0.21)
(-0.8 0.045 0.21)
(-0.75 0.045 0.21)
(-0.7000000000000001 0.04499999999999999 0.21)
(-0.65 0.045 0.21)
(-0.6 0.045 0.21)
(-0.55 0.045 0.21)
(-0.5 0.045 0.21)
(-0.45 0.045 0.21)
(-0.4 0.045 0.21)
(-0.35 0.04499999999999999 0.21)
(-0.3 0.04499999999999999 0.21)
(-0.25 0.04499999999999999 0.21)
(-0.2 0.045 0.21)
(-0.15 0.045 0.21)
(-0.1000000000000001 0.045 0.21)
(-0.05000000000000004 0.045 0.21)
(0 0.045 0.21)
(0.05000000000000003 0.045 0.21)
(0.1000000000000001 0.045 0.21)
(0.1499999999999999 0.04499999999999999 0.21)
(0.2 0.045 0.21)
(0.25 0.04499999999999999 0.21)
(0.3 0.04499999999999999 0.21)
(0.35 0.04499999999999999 0.21)
(0.4 0.04499999999999999 0.21)
(0.45 0.045 0.21)
(0.5 0.045 0.21)
(0.55 0.04499999999999999 0.21)
(0.6 0.04500000000000001 0.21)
(0.65 0.04500000000000001 0.21)
(0.7000000000000001 0.045 0.21)
(0.75 0.04499999999999999 0.21)
(0.8 0.04499999999999999 0.21)
(0.85 0.04499999999999999 0.21)
(0.9 0.04499999999999999 0.21)
(0.9500000000000001 0.045 0.21)
(1 0.04499999999999999 0.21)
(-1 0.05 0.21)
(-0.9500000000000001 0.05 0.21)
(-0.9 0.05 0.21)
(-0.85 0.05 0.21)
(-0.8 0.05 0.21)
(-0.75 0.05 0.21)
(-0.7000000000000001 0.05 0.21)
(-0.65 0.05 0.21)
(-0.6 0.05 0.21)
(-0.55 0.05 0.21)
(-0.5 0.05 0.21)
(-0.45 0.05 0.21)
(-0.4 0.05 0.21)
(-0.35 0.05 0.21)
(-0.3 0.05 0.21)
(-0.25 0.05 0.21)
(-0.2 0.05 0.21)
(-0.15 0.05 0.21)
(-0.1 0.05 0.21)
(-0.05 0.05 0.21)
(0 0.05 0.21)
(0.05 0.05 0.21)
(0.1000000000000001 0.05 0.21)
(0.1499999999999999 0.05 0.21)
(0.2 0.05 0.21)
(0.25 0.05 0.21)
(0.3 0.05 0.21)
(0.35 0.05 0.21)
(0.4 0.05 0.21)
(0.45 0.05 0.21)
(0.5 0.05 0.21)
(0.55 0.05 0.21)
(0.6 0.05 0.21)
(0.65 0.05 0.21)
(0.7000000000000001 0.05 0.21)
(0.75 0.05 0.21)
(0.8 0.05 0.21)
(0.85 0.05 0.21)
(0.9 0.05 0.21)
(0.9500000000000001 0.05 0.21)
(1 0.05 0.21)
(-1 0.055 0.21)
(-0.9500000000000001 0.055 0.21)
(-0.9 0.055 0.21)
(-0.85 0.055 0.21)
(-0.8 0.05500000000000001 0.21)
(-0.75 0.055 0.21)
(-0.7000000000000001 0.055 0.21)
(-0.65 0.055 0.21)
(-0.6 0.05500000000000001 0.21)
(-0.55 0.05500000000000003 0.21)
(-0.5 0.055 0.21)
(-0.45 0.05500000000000001 0.21)
(-0.4 0.05500000000000001 0.21)
(-0.35 0.055 0.21)
(-0.3 0.055 0.21)
(-0.25 0.055 0.21)
(-0.2 0.055 0.21)
(-0.15 0.055 0.21)
(-0.1 0.055 0.21)
(-0.05000000000000001 0.055 0.21)
(0 0.055 0.21)
(0.05 0.05500000000000001 0.21)
(0.1000000000000001 0.05500000000000001 0.21)
(0.1499999999999999 0.05500000000000001 0.21)
(0.2 0.05500000000000001 0.21)
(0.25 0.055 0.21)
(0.3 0.055 0.21)
(0.35 0.055 0.21)
(0.4 0.055 0.21)
(0.4500000000000001 0.05500000000000001 0.21)
(0.5 0.05500000000000001 0.21)
(0.55 0.05500000000000001 0.21)
(0.6 0.05500000000000001 0.21)
(0.65 0.055 0.21)
(0.7000000000000002 0.05500000000000001 0.21)
(0.75 0.05500000000000001 0.21)
(0.8 0.05500000000000001 0.21)
(0.85 0.05500000000000001 0.21)
(0.9 0.055 0.21)
(0.9500000000000001 0.055 0.21)
(1 0.055 0.21)
(-1 0.06 0.21)
(-0.9500000000000001 0.06 0.21)
(-0.9 0.06 0.21)
(-0.85 0.05999999999999999 0.21)
(-0.8 0.06 0.21)
(-0.75 0.06 0.21)
(-0.7000000000000001 0.06 0.21)
(-0.65 0.05999999999999999 0.21)
(-0.6 0.06 0.21)
(-0.55 0.06 0.21)
(-0.5 0.06 0.21)
(-0.45 0.06 0.21)
(-0.4 0.05999999999999999 0.21)
(-0.35 0.06 0.21)
(-0.3 0.06 0.21)
(-0.25 0.06 0.21)
(-0.2 0.06 0.21)
(-0.15 0.05999999999999999 0.21)
(-0.09999999999999998 0.06 0.21)
(-0.05 0.05999999999999999 0.21)
(0 0.06 0.21)
(0.05000000000000001 0.06 0.21)
(0.1000000000000001 0.06 0.21)
(0.1499999999999999 0.06 0.21)
(0.2 0.06 0.21)
(0.2500000000000001 0.06 0.21)
(0.3 0.06 0.21)
(0.3500000000000001 0.06 0.21)
(0.3999999999999999 0.05999999999999999 0.21)
(0.45 0.06 0.21)
(0.5 0.06 0.21)
(0.55 0.06 0.21)
(0.6 0.06 0.21)
(0.65 0.06 0.21)
(0.7000000000000002 0.06 0.21)
(0.75 0.06 0.21)
(0.8 0.06 0.21)
(0.85 0.06 0.21)
(0.9 0.06 0.21)
(0.9500000000000001 0.05999999999999999 0.21)
(1 0.06 0.21)
(-1 0.065 0.21)
(-0.9500000000000001 0.065 0.21)
(-0.9 0.065 0.21)
(-0.85 0.065 0.21)
(-0.8 0.065 0.21)
(-0.75 0.065 0.21)
(-0.7000000000000001 0.065 0.21)
(-0.65 0.065 0.21)
(-0.6 0.065 0.21)
(-0.55 0.065 0.21)
(-0.5 0.065 0.21)
(-0.45 0.06499999999999999 0.21)
(-0.4 0.06500000000000002 0.21)
(-0.35 0.06499999999999999 0.21)
(-0.3 0.065 0.21)
(-0.25 0.065 0.21)
(-0.2 0.065 0.21)
(-0.15 0.06500000000000002 0.21)
(-0.1 0.065 0.21)
(-0.05000000000000004 0.06500000000000002 0.21)
(0 0.065 0.21)
(0.05000000000000004 0.065 0.21)
(0.1000000000000001 0.065 0.21)
(0.1499999999999999 0.065 0.21)
(0.2 0.065 0.21)
(0.25 0.065 0.21)
(0.3 0.065 0.21)
(0.35 0.065 0.21)
(0.4 0.065 0.21)
(0.45 0.065 0.21)
(0.5 0.065 0.21)
(0.55 0.065 0.21)
(0.6 0.065 0.21)
(0.65 0.065 0.21)
(0.7000000000000001 0.06500000000000002 0.21)
(0.75 0.065 0.21)
(0.8 0.065 0.21)
(0.85 0.06500000000000002 0.21)
(0.9 0.06499999999999999 0.21)
(0.9500000000000001 0.06500000000000002 0.21)
(1 0.065 0.21)
(-1 0.07000000000000001 0.21)
(-0.9500000000000001 0.07000000000000001 0.21)
(-0.9 0.07000000000000001 0.21)
(-0.85 0.07000000000000001 0.21)
(-0.8 0.07000000000000001 0.21)
(-0.75 0.07000000000000001 0.21)
(-0.7000000000000001 0.07000000000000001 0.21)
(-0.65 0.07000000000000001 0.21)
(-0.6 0.07000000000000001 0.21)
(-0.55 0.06999999999999999 0.21)
(-0.5 0.07000000000000001 0.21)
(-0.45 0.07000000000000001 0.21)
(-0.4 0.07000000000000001 0.21)
(-0.35 0.07000000000000001 0.21)
(-0.3 0.07000000000000001 0.21)
(-0.25 0.06999999999999999 0.21)
(-0.2 0.06999999999999999 0.21)
(-0.15 0.07000000000000001 0.21)
(-0.1 0.07000000000000001 0.21)
(-0.05000000000000003 0.07000000000000001 0.21)
(0 0.07000000000000001 0.21)
(0.05000000000000003 0.06999999999999999 0.21)
(0.1000000000000001 0.07000000000000001 0.21)
(0.1499999999999999 0.07000000000000001 0.21)
(0.2 0.06999999999999999 0.21)
(0.25 0.06999999999999999 0.21)
(0.3 0.07000000000000001 0.21)
(0.35 0.07000000000000001 0.21)
(0.4 0.07000000000000001 0.21)
(0.45 0.07000000000000001 0.21)
(0.5 0.07000000000000001 0.21)
(0.55 0.06999999999999999 0.21)
(0.6 0.06999999999999999 0.21)
(0.65 0.07000000000000001 0.21)
(0.7000000000000001 0.06999999999999999 0.21)
(0.75 0.07000000000000001 0.21)
(0.8 0.07000000000000001 0.21)
(0.85 0.06999999999999999 0.21)
(0.9 0.07000000000000001 0.21)
(0.9500000000000001 0.07000000000000001 0.21)
(1 0.07000000000000001 0.21)
(-1 0.075 0.21)
(-0.9500000000000001 0.075 0.21)
(-0.9 0.075 0.21)
(-0.85 0.07500000000000001 0.21)
(-0.8 0.075 0.21)
(-0.75 0.075 0.21)
(-0.7000000000000001 0.075 0.21)
(-0.65 0.075 0.21)
(-0.6 0.075 0.21)
(-0.55 0.075 0.21)
(-0.5 0.075 0.21)
(-0.45 0.075 0.21)
(-0.4 0.075 0.21)
(-0.35 0.075 0.21)
(-0.3 0.075 0.21)
(-0.25 0.075 0.21)
(-0.2 0.075 0.21)
(-0.15 0.075 0.21)
(-0.1 0.075 0.21)
(-0.05000000000000007 0.075 0.21)
(0 0.075 0.21)
(0.05000000000000007 0.075 0.21)
(0.1000000000000001 0.075 0.21)
(0.1499999999999999 0.075 0.21)
(0.2 0.075 0.21)
(0.25 0.075 0.21)
(0.3 0.075 0.21)
(0.35 0.075 0.21)
(0.4 0.075 0.21)
(0.45 0.075 0.21)
(0.5 0.075 0.21)
(0.55 0.07500000000000001 0.21)
(0.6 0.075 0.21)
(0.65 0.075 0.21)
(0.7000000000000001 0.075 0.21)
(0.75 0.075 0.21)
(0.8 0.07500000000000001 0.21)
(0.85 0.07500000000000001 0.21)
(0.9 0.075 0.21)
(0.9500000000000001 0.075 0.21)
(1 0.075 0.21)
(-1 0.08 0.21)
(-0.9500000000000001 0.08 0.21)
(-0.9 0.08 0.21)
(-0.85 0.08000000000000002 0.21)
(-0.8 0.08000000000000002 0.21)
(-0.75 0.08 0.21)
(-0.7000000000000001 0.08 0.21)
(-0.65 0.08 0.21)
(-0.6 0.08 0.21)
(-0.55 0.08 0.21)
(-0.5 0.08 0.21)
(-0.45 0.08 0.21)
(-0.4 0.08 0.21)
(-0.35 0.08 0.21)
(-0.3 0.08 0.21)
(-0.2500000000000001 0.08 0.21)
(-0.2 0.08 0.21)
(-0.1499999999999999 0.08000000000000002 0.21)
(-0.1 0.08 0.21)
(-0.05000000000000004 0.07999999999999999 0.21)
(0 0.08 0.21)
(0.05000000000000004 0.08 0.21)
(0.1000000000000001 0.08 0.21)
(0.1499999999999999 0.08 0.21)
(0.2 0.08 0.21)
(0.2500000000000001 0.08 0.21)
(0.3 0.08 0.21)
(0.35 0.08 0.21)
(0.4 0.08 0.21)
(0.45 0.08000000000000002 0.21)
(0.5 0.08000000000000002 0.21)
(0.55 0.08 0.21)
(0.6 0.08000000000000002 0.21)
(0.65 0.08000000000000002 0.21)
(0.7000000000000001 0.08 0.21)
(0.75 0.08 0.21)
(0.8 0.08000000000000002 0.21)
(0.85 0.08 0.21)
(0.9 0.08 0.21)
(0.9500000000000001 0.08 0.21)
(1 0.08 0.21)
(-1 0.08500000000000001 0.21)
(-0.9500000000000001 0.08500000000000001 0.21)
(-0.9 0.08500000000000001 0.21)
(-0.85 0.08500000000000001 0.21)
(-0.8 0.08500000000000001 0.21)
(-0.75 0.08500000000000001 0.21)
(-0.7000000000000001 0.08500000000000001 0.21)
(-0.65 0.08500000000000001 0.21)
(-0.6 0.08500000000000001 0.21)
(-0.55 0.08500000000000001 0.21)
(-0.5 0.08500000000000001 0.21)
(-0.45 0.08500000000000001 0.21)
(-0.4 0.08500000000000001 0.21)
(-0.35 0.08500000000000001 0.21)
(-0.3 0.08500000000000002 0.21)
(-0.25 0.08500000000000001 0.21)
(-0.2 0.08500000000000001 0.21)
(-0.15 0.08500000000000001 0.21)
(-0.1000000000000001 0.08499999999999998 0.21)
(-0.05000000000000003 0.08500000000000001 0.21)
(0 0.08499999999999998 0.21)
(0.05000000000000003 0.08500000000000001 0.21)
(0.1000000000000001 0.08500000000000001 0.21)
(0.1499999999999999 0.08500000000000001 0.21)
(0.2 0.08500000000000001 0.21)
(0.25 0.08500000000000001 0.21)
(0.3000000000000001 0.08499999999999998 0.21)
(0.35 0.08500000000000001 0.21)
(0.4 0.08500000000000001 0.21)
(0.45 0.08500000000000001 0.21)
(0.5 0.08500000000000001 0.21)
(0.55 0.08500000000000001 0.21)
(0.6 0.08500000000000001 0.21)
(0.65 0.08500000000000002 0.21)
(0.7000000000000001 0.08500000000000001 0.21)
(0.75 0.08500000000000002 0.21)
(0.8 0.08500000000000001 0.21)
(0.85 0.08500000000000001 0.21)
(0.9 0.08500000000000001 0.21)
(0.9500000000000001 0.08500000000000001 0.21)
(1 0.08500000000000001 0.21)
(-1 0.09 0.21)
(-0.9500000000000001 0.09000000000000002 0.21)
(-0.9 0.09 0.21)
(-0.85 0.09 0.21)
(-0.8 0.09 0.21)
(-0.75 0.09 0.21)
(-0.7000000000000001 0.09 0.21)
(-0.65 0.09000000000000002 0.21)
(-0.6 0.09 0.21)
(-0.55 0.09000000000000002 0.21)
(-0.5 0.09 0.21)
(-0.45 0.09 0.21)
(-0.4 0.09 0.21)
(-0.35 0.09 0.21)
(-0.3 0.09 0.21)
(-0.2500000000000001 0.09 0.21)
(-0.1999999999999999 0.09 0.21)
(-0.15 0.09 0.21)
(-0.1 0.09 0.21)
(-0.05 0.09 0.21)
(0 0.09000000000000002 0.21)
(0.05 0.09 0.21)
(0.1000000000000001 0.09 0.21)
(0.1499999999999999 0.09 0.21)
(0.2 0.09 0.21)
(0.2500000000000001 0.09 0.21)
(0.3 0.08999999999999998 0.21)
(0.35 0.08999999999999998 0.21)
(0.4 0.09 0.21)
(0.45 0.09 0.21)
(0.5 0.09 0.21)
(0.55 0.09 0.21)
(0.6 0.09000000000000002 0.21)
(0.6499999999999999 0.09000000000000002 0.21)
(0.7000000000000001 0.09 0.21)
(0.75 0.09 0.21)
(0.8 0.09 0.21)
(0.85 0.09 0.21)
(0.9 0.08999999999999998 0.21)
(0.9500000000000001 0.09 0.21)
(1 0.09 0.21)
(-1 0.095 0.21)
(-0.9500000000000001 0.095 0.21)
(-0.9 0.095 0.21)
(-0.85 0.095 0.21)
(-0.8 0.09500000000000001 0.21)
(-0.75 0.095 0.21)
(-0.7000000000000001 0.095 0.21)
(-0.65 0.095 0.21)
(-0.6 0.09499999999999999 0.21)
(-0.55 0.09500000000000001 0.21)
(-0.5 0.095 0.21)
(-0.45 0.09500000000000001 0.21)
(-0.3999999999999999 0.095 0.21)
(-0.35 0.09499999999999999 0.21)
(-0.3 0.095 0.21)
(-0.25 0.095 0.21)
(-0.2 0.095 0.21)
(-0.15 0.095 0.21)
(-0.1 0.095 0.21)
(-0.05 0.09499999999999999 0.21)
(0 0.095 0.21)
(0.05 0.09499999999999999 0.21)
(0.1000000000000001 0.095 0.21)
(0.1499999999999999 0.095 0.21)
(0.2 0.095 0.21)
(0.25 0.095 0.21)
(0.3 0.09499999999999999 0.21)
(0.35 0.09499999999999999 0.21)
(0.4 0.095 0.21)
(0.45 0.09500000000000001 0.21)
(0.5 0.09499999999999999 0.21)
(0.55 0.095 0.21)
(0.6 0.09499999999999999 0.21)
(0.65 0.095 0.21)
(0.7000000000000001 0.095 0.21)
(0.75 0.095 0.21)
(0.8 0.095 0.21)
(0.85 0.095 0.21)
(0.9 0.09499999999999999 0.21)
(0.9500000000000001 0.095 0.21)
(1 0.095 0.21)
(-1 0.1 0.21)
(-0.9500000000000001 0.1 0.21)
(-0.9 0.1 0.21)
(-0.85 0.1 0.21)
(-0.8 0.1 0.21)
(-0.75 0.1 0.21)
(-0.7000000000000001 0.1 0.21)
(-0.65 0.1 0.21)
(-0.6 0.1 0.21)
(-0.55 0.1 0.21)
(-0.5 0.1 0.21)
(-0.45 0.1 0.21)
(-0.4 0.1 0.21)
(-0.35 0.1 0.21)
(-0.3 0.1 0.21)
(-0.25 0.1 0.21)
(-0.2 0.1 0.21)
(-0.15 0.1 0.21)
(-0.1000000000000001 0.1 0.21)
(-0.05 0.1 0.21)
(0 0.1 0.21)
(0.05 0.1 0.21)
(0.1000000000000001 0.1 0.21)
(0.1499999999999999 0.1 0.21)
(0.2 0.1 0.21)
(0.25 0.1 0.21)
(0.3 0.1 0.21)
(0.35 0.1 0.21)
(0.3999999999999999 0.1 0.21)
(0.45 0.1 0.21)
(0.5 0.1 0.21)
(0.55 0.1 0.21)
(0.6 0.1 0.21)
(0.65 0.1 0.21)
(0.7000000000000001 0.1 0.21)
(0.75 0.1 0.21)
(0.8 0.1 0.21)
(0.85 0.1 0.21)
(0.9 0.1 0.21)
(0.9500000000000001 0.1 0.21)
(1 0.1 0.21)
(-1 0 0.24)
(-0.9500000000000001 0 0.24)
(-0.9 0 0.24)
(-0.85 0 0.24)
(-0.8 0 0.24)
(-0.75 0 0.24)
(-0.7000000000000001 0 0.24)
(-0.65 0 0.24)
(-0.6 0 0.24)
(-0.55 0 0.24)
(-0.5 0 0.24)
(-0.45 0 0.24)
(-0.4 0 0.24)
(-0.35 0 0.24)
(-0.3 0 0.24)
(-0.25 0 0.24)
(-0.2 0 0.24)
(-0.15 0 0.24)
(-0.09999999999999998 0 0.24)
(-0.05000000000000003 0 0.24)
(0 0 0.24)
(0.05000000000000003 0 0.24)
(0.1000000000000001 0 0.24)
(0.1499999999999999 0 0.24)
(0.2 0 0.24)
(0.25 0 0.24)
(0.3 0 0.24)
(0.35 0 0.24)
(0.3999999999999999 0 0.24)
(0.45 0 0.24)
(0.5 0 0.24)
(0.55 0 0.24)
(0.6000000000000001 0 0.24)
(0.65 0 0.24)
(0.7000000000000001 0 0.24)
(0.75 0 0.24)
(0.8 0 0.24)
(0.85 0 0.24)
(0.9 0 0.24)
(0.9500000000000001 0 0.24)
(1 0 0.24)
(-1 0.005000000000000001 0.24)
(-0.9500000000000001 0.005 0.24)
(-0.9 0.005000000000000001 0.24)
(-0.85 0.005 0.24)
(-0.8 0.005000000000000001 0.24)
(-0.75 0.005 0.24)
(-0.7000000000000001 0.005000000000000001 0.24)
(-0.65 0.005 0.24)
(-0.6 0.005 0.24)
(-0.55 0.005 0.24)
(-0.5 0.005 0.24)
(-0.45 0.005 0.24)
(-0.4 0.005 0.24)
(-0.35 0.005 0.24)
(-0.3 0.005 0.24)
(-0.25 0.005 0.24)
(-0.1999999999999999 0.005000000000000001 0.24)
(-0.15 0.005 0.24)
(-0.1 0.005 0.24)
(-0.05000000000000003 0.005000000000000001 0.24)
(0 0.005000000000000001 0.24)
(0.05000000000000003 0.005000000000000001 0.24)
(0.1000000000000001 0.005000000000000001 0.24)
(0.1499999999999999 0.005000000000000001 0.24)
(0.1999999999999999 0.005000000000000001 0.24)
(0.25 0.005000000000000001 0.24)
(0.3 0.005000000000000001 0.24)
(0.3500000000000001 0.005000000000000001 0.24)
(0.3999999999999999 0.005 0.24)
(0.45 0.005 0.24)
(0.5 0.005 0.24)
(0.55 0.005000000000000001 0.24)
(0.6000000000000002 0.005000000000000001 0.24)
(0.65 0.005000000000000001 0.24)
(0.7000000000000001 0.005 0.24)
(0.75 0.005000000000000001 0.24)
(0.8 0.005000000000000001 0.24)
(0.85 0.005000000000000001 0.24)
(0.9 0.005 0.24)
(0.9500000000000001 0.005000000000000001 0.24)
(1 0.005000000000000001 0.24)
(-1 0.01 0.24)
(-0.9500000000000001 0.01 0.24)
(-0.9 0.01 0.24)
(-0.85 0.01 0.24)
(-0.7999999999999998 0.009999999999999998 0.2399999999999999)
(-0.75 0.01 0.24)
(-0.7000000000000001 0.01 0.24)
(-0.65 0.01 0.24)
(-0.6 0.01 0.24)
(-0.55 0.01 0.24)
(-0.5 0.01 0.24)
(-0.45 0.01 0.24)
(-0.4 0.01 0.24)
(-0.35 0.01 0.24)
(-0.3 0.009999999999999998 0.24)
(-0.25 0.01 0.24)
(-0.2 0.01 0.24)
(-0.1499999999999999 0.01 0.24)
(-0.09999999999999991 0.009999999999999997 0.24)
(-0.05000000000000004 0.01 0.24)
(0 0.01 0.24)
(0.05000000000000004 0.01 0.24)
(0.1000000000000001 0.01 0.24)
(0.1499999999999999 0.01 0.24)
(0.2 0.01 0.24)
(0.25 0.01 0.24)
(0.3 0.01 0.24)
(0.3500000000000001 0.01 0.24)
(0.4 0.01 0.24)
(0.45 0.009999999999999998 0.24)
(0.5000000000000001 0.01 0.24)
(0.55 0.01 0.24)
(0.6000000000000001 0.01 0.24)
(0.6499999999999999 0.01 0.24)
(0.7000000000000001 0.009999999999999998 0.24)
(0.75 0.01 0.24)
(0.8000000000000002 0.01 0.24)
(0.85 0.01 0.24)
(0.9 0.01 0.24)
(0.9500000000000001 0.01 0.24)
(1 0.01 0.24)
(-1 0.015 0.24)
(-0.9500000000000001 0.015 0.24)
(-0.9 0.015 0.24)
(-0.85 0.015 0.24)
(-0.8 0.015 0.24)
(-0.75 0.015 0.24)
(-0.7000000000000001 0.015 0.24)
(-0.65 0.015 0.24)
(-0.6 0.015 0.24)
(-0.55 0.015 0.24)
(-0.5 0.015 0.24)
(-0.45 0.015 0.24)
(-0.4 0.015 0.24)
(-0.35 0.015 0.24)
(-0.3 0.015 0.24)
(-0.25 0.015 0.24)
(-0.2 0.015 0.24)
(-0.15 0.015 0.24)
(-0.09999999999999998 0.015 0.24)
(-0.05000000000000003 0.015 0.24)
(0 0.015 0.24)
(0.05 0.015 0.24)
(0.1000000000000001 0.015 0.24)
(0.1499999999999999 0.015 0.24)
(0.2 0.015 0.24)
(0.25 0.015 0.24)
(0.3 0.015 0.24)
(0.35 0.015 0.24)
(0.3999999999999999 0.015 0.24)
(0.45 0.015 0.24)
(0.5 0.015 0.24)
(0.55 0.015 0.24)
(0.6 0.015 0.24)
(0.65 0.015 0.24)
(0.7000000000000001 0.015 0.24)
(0.75 0.015 0.24)
(0.8 0.015 0.24)
(0.85 0.015 0.24)
(0.9 0.015 0.24)
(0.9500000000000001 0.015 0.24)
(1 0.015 0.24)
(-1 0.02 0.24)
(-0.9500000000000001 0.02 0.24)
(-0.9 0.02 0.24)
(-0.85 0.02 0.24)
(-0.8 0.02 0.24)
(-0.75 0.02 0.24)
(-0.7000000000000001 0.02 0.24)
(-0.65 0.02 0.24)
(-0.6 0.02 0.24)
(-0.55 0.02 0.24)
(-0.5 0.02 0.24)
(-0.45 0.02 0.24)
(-0.4 0.02 0.24)
(-0.35 0.02 0.24)
(-0.3 0.02 0.24)
(-0.25 0.02 0.24)
(-0.2 0.02 0.24)
(-0.15 0.02 0.24)
(-0.1 0.02 0.24)
(-0.05000000000000005 0.02 0.24)
(0 0.02 0.24)
(0.05000000000000005 0.02 0.24)
(0.1000000000000002 0.02 0.24)
(0.1499999999999999 0.02 0.24)
(0.2 0.02 0.24)
(0.25 0.02 0.24)
(0.3 0.02 0.24)
(0.35 0.02 0.24)
(0.3999999999999999 0.02 0.24)
(0.45 0.02 0.24)
(0.5 0.02 0.24)
(0.55 0.02 0.24)
(0.6000000000000001 0.02 0.24)
(0.65 0.02 0.24)
(0.7000000000000001 0.02 0.24)
(0.75 0.02 0.24)
(0.8 0.02 0.24)
(0.85 0.02 0.24)
(0.9 0.02 0.24)
(0.9500000000000001 0.02 0.24)
(1 0.02 0.24)
(-1 0.025 0.24)
(-0.9500000000000001 0.025 0.24)
(-0.9 0.025 0.24)
(-0.85 0.025 0.24)
(-0.8 0.025 0.24)
(-0.75 0.025 0.24)
(-0.7000000000000001 0.025 0.24)
(-0.65 0.025 0.24)
(-0.6 0.025 0.24)
(-0.55 0.025 0.24)
(-0.5 0.025 0.24)
(-0.45 0.025 0.24)
(-0.4 0.025 0.24)
(-0.35 0.025 0.24)
(-0.3 0.025 0.24)
(-0.25 0.025 0.24)
(-0.2 0.025 0.24)
(-0.15 0.025 0.24)
(-0.1 0.025 0.24)
(-0.05000000000000001 0.025 0.24)
(0 0.025 0.24)
(0.05000000000000003 0.025 0.24)
(0.1000000000000001 0.025 0.24)
(0.1499999999999999 0.025 0.24)
(0.2 0.025 0.24)
(0.25 0.025 0.24)
(0.3 0.025 0.24)
(0.3500000000000001 0.025 0.24)
(0.3999999999999999 0.025 0.24)
(0.45 0.025 0.24)
(0.5 0.025 0.24)
(0.55 0.025 0.24)
(0.6000000000000001 0.025 0.24)
(0.65 0.025 0.24)
(0.7000000000000001 0.025 0.24)
(0.75 0.025 0.24)
(0.8 0.025 0.24)
(0.85 0.025 0.24)
(0.9 0.02499999999999999 0.24)
(0.9500000000000001 0.025 0.24)
(1 0.025 0.24)
(-1 0.03 0.24)
(-0.9500000000000001 0.03 0.24)
(-0.9 0.03000000000000001 0.24)
(-0.85 0.03 0.24)
(-0.8 0.03 0.24)
(-0.75 0.03 0.24)
(-0.7000000000000001 0.03 0.24)
(-0.65 0.03000000000000001 0.24)
(-0.6 0.03 0.24)
(-0.55 0.03 0.24)
(-0.5 0.03000000000000001 0.24)
(-0.45 0.03 0.24)
(-0.4 0.03 0.24)
(-0.35 0.03000000000000001 0.24)
(-0.3 0.03 0.24)
(-0.2500000000000001 0.03 0.24)
(-0.2 0.03 0.24)
(-0.15 0.03 0.24)
(-0.1 0.03 0.24)
(-0.05000000000000005 0.03 0.24)
(0 0.03 0.24)
(0.05000000000000005 0.03000000000000001 0.24)
(0.1000000000000001 0.03 0.24)
(0.1499999999999999 0.03 0.24)
(0.2 0.03000000000000001 0.24)
(0.2500000000000001 0.03 0.24)
(0.3 0.03 0.24)
(0.35 0.03000000000000001 0.24)
(0.4 0.03 0.24)
(0.45 0.03 0.24)
(0.5 0.03000000000000001 0.24)
(0.55 0.03 0.24)
(0.6 0.03000000000000001 0.24)
(0.65 0.03000000000000001 0.24)
(0.7000000000000001 0.03 0.24)
(0.75 0.03 0.24)
(0.8 0.03 0.24)
(0.85 0.03 0.24)
(0.9 0.03000000000000001 0.24)
(0.9500000000000001 0.03 0.24)
(1 0.03 0.24)
(-1 0.035 0.24)
(-0.9500000000000001 0.035 0.24)
(-0.9 0.035 0.24)
(-0.85 0.035 0.24)
(-0.8 0.035 0.24)
(-0.75 0.035 0.24)
(-0.7000000000000001 0.035 0.24)
(-0.65 0.035 0.24)
(-0.6 0.035 0.24)
(-0.55 0.035 0.24)
(-0.5 0.035 0.24)
(-0.45 0.035 0.24)
(-0.4 0.035 0.24)
(-0.35 0.035 0.24)
(-0.3 0.035 0.24)
(-0.25 0.035 0.24)
(-0.2 0.035 0.24)
(-0.15 0.035 0.24)
(-0.1 0.035 0.24)
(-0.05000000000000004 0.035 0.24)
(0 0.035 0.24)
(0.05000000000000004 0.035 0.24)
(0.1000000000000001 0.035 0.24)
(0.1499999999999999 0.035 0.24)
(0.2 0.035 0.24)
(0.25 0.035 0.24)
(0.3 0.035 0.24)
(0.35 0.035 0.24)
(0.3999999999999999 0.035 0.24)
(0.45 0.035 0.24)
(0.5 0.035 0.24)
(0.55 0.035 0.24)
(0.6 0.035 0.24)
(0.65 0.035 0.24)
(0.7000000000000001 0.035 0.24)
(0.75 0.035 0.24)
(0.8 0.035 0.24)
(0.85 0.035 0.24)
(0.9 0.035 0.24)
(0.9500000000000001 0.035 0.24)
(1 0.035 0.24)
(-1 0.04000000000000001 0.24)
(-0.9500000000000001 0.04 0.24)
(-0.9 0.04000000000000001 0.24)
(-0.85 0.04 0.24)
(-0.8 0.04000000000000001 0.24)
(-0.75 0.04 0.24)
(-0.7000000000000001 0.04000000000000001 0.24)
(-0.65 0.04 0.24)
(-0.6 0.04 0.24)
(-0.55 0.04 0.24)
(-0.5 0.04000000000000001 0.24)
(-0.45 0.04 0.24)
(-0.4 0.04 0.24)
(-0.35 0.04 0.24)
(-0.3 0.04 0.24)
(-0.25 0.04 0.24)
(-0.2 0.04000000000000001 0.24)
(-0.15 0.04 0.24)
(-0.09999999999999998 0.04 0.24)
(-0.05000000000000004 0.04000000000000001 0.24)
(0 0.04000000000000001 0.24)
(0.05000000000000004 0.04000000000000001 0.24)
(0.1000000000000001 0.04000000000000001 0.24)
(0.1499999999999999 0.04000000000000001 0.24)
(0.2 0.04000000000000001 0.24)
(0.25 0.04 0.24)
(0.3 0.04 0.24)
(0.35 0.04 0.24)
(0.4 0.04000000000000001 0.24)
(0.45 0.04 0.24)
(0.5 0.04 0.24)
(0.55 0.04000000000000001 0.24)
(0.6 0.04000000000000001 0.24)
(0.65 0.04000000000000001 0.24)
(0.7000000000000001 0.04 0.24)
(0.75 0.04000000000000001 0.24)
(0.8 0.04000000000000001 0.24)
(0.85 0.04000000000000001 0.24)
(0.9 0.04 0.24)
(0.9500000000000001 0.04000000000000001 0.24)
(1 0.04000000000000001 0.24)
(-1 0.04500000000000001 0.24)
(-0.9500000000000001 0.045 0.24)
(-0.9 0.04500000000000001 0.24)
(-0.8500000000000002 0.04500000000000001 0.24)
(-0.8 0.045 0.24)
(-0.75 0.045 0.24)
(-0.7000000000000001 0.04500000000000001 0.24)
(-0.65 0.045 0.24)
(-0.6 0.045 0.24)
(-0.55 0.04499999999999999 0.24)
(-0.5 0.04500000000000001 0.24)
(-0.45 0.04500000000000001 0.24)
(-0.4 0.04500000000000001 0.24)
(-0.35 0.045 0.24)
(-0.3 0.045 0.24)
(-0.25 0.045 0.24)
(-0.2 0.045 0.24)
(-0.15 0.04500000000000001 0.24)
(-0.09999999999999995 0.045 0.24)
(-0.05000000000000004 0.04500000000000001 0.24)
(0 0.045 0.24)
(0.05000000000000004 0.045 0.24)
(0.1000000000000001 0.04500000000000001 0.24)
(0.1499999999999999 0.04499999999999999 0.24)
(0.2 0.045 0.24)
(0.25 0.045 0.24)
(0.3 0.04500000000000001 0.24)
(0.35 0.045 0.24)
(0.4 0.045 0.24)
(0.4500000000000001 0.04500000000000001 0.24)
(0.5 0.04500000000000001 0.24)
(0.55 0.04500000000000001 0.24)
(0.6 0.04500000000000001 0.24)
(0.6499999999999999 0.04500000000000001 0.24)
(0.7000000000000001 0.04500000000000001 0.24)
(0.75 0.04500000000000001 0.24)
(0.8 0.04500000000000001 0.24)
(0.85 0.045 0.24)
(0.9 0.04500000000000001 0.24)
(0.9500000000000001 0.045 0.24)
(1 0.04500000000000001 0.24)
(-1 0.05 0.24)
(-0.9500000000000001 0.05 0.24)
(-0.9 0.05 0.24)
(-0.85 0.05000000000000001 0.24)
(-0.8 0.05000000000000001 0.24)
(-0.75 0.05 0.24)
(-0.7000000000000001 0.05 0.24)
(-0.65 0.05 0.24)
(-0.6 0.05 0.24)
(-0.55 0.05 0.24)
(-0.5 0.05 0.24)
(-0.45 0.05 0.24)
(-0.4 0.05 0.24)
(-0.35 0.05 0.24)
(-0.3 0.05 0.24)
(-0.25 0.05 0.24)
(-0.2 0.05 0.24)
(-0.15 0.05 0.24)
(-0.09999999999999998 0.05 0.24)
(-0.05000000000000003 0.05 0.24)
(0 0.05 0.24)
(0.05000000000000003 0.05 0.24)
(0.1000000000000001 0.05 0.24)
(0.1499999999999999 0.05 0.24)
(0.2 0.05 0.24)
(0.25 0.05 0.24)
(0.3 0.05 0.24)
(0.35 0.05 0.24)
(0.4 0.05 0.24)
(0.45 0.05 0.24)
(0.5 0.05 0.24)
(0.55 0.05 0.24)
(0.6000000000000001 0.05 0.24)
(0.65 0.05 0.24)
(0.7000000000000001 0.05 0.24)
(0.75 0.05 0.24)
(0.8 0.05 0.24)
(0.85 0.05 0.24)
(0.9 0.05 0.24)
(0.9500000000000001 0.05 0.24)
(1 0.05 0.24)
(-1 0.055 0.24)
(-0.9500000000000001 0.055 0.24)
(-0.9 0.055 0.24)
(-0.85 0.055 0.24)
(-0.8 0.055 0.24)
(-0.75 0.055 0.24)
(-0.7000000000000001 0.055 0.24)
(-0.65 0.055 0.24)
(-0.6 0.05500000000000001 0.24)
(-0.55 0.05500000000000003 0.24)
(-0.5 0.055 0.24)
(-0.45 0.05500000000000001 0.24)
(-0.4 0.055 0.24)
(-0.35 0.05500000000000001 0.24)
(-0.3 0.055 0.24)
(-0.25 0.055 0.24)
(-0.1999999999999999 0.055 0.24)
(-0.15 0.055 0.24)
(-0.09999999999999998 0.055 0.24)
(-0.05000000000000004 0.055 0.24)
(0 0.055 0.24)
(0.05000000000000004 0.055 0.24)
(0.1000000000000001 0.055 0.24)
(0.1499999999999999 0.05500000000000001 0.24)
(0.1999999999999999 0.055 0.24)
(0.25 0.055 0.24)
(0.3 0.055 0.24)
(0.35 0.055 0.24)
(0.4 0.055 0.24)
(0.45 0.055 0.24)
(0.5 0.05500000000000001 0.24)
(0.55 0.05500000000000001 0.24)
(0.6000000000000002 0.05500000000000001 0.24)
(0.65 0.055 0.24)
(0.7000000000000001 0.055 0.24)
(0.75 0.055 0.24)
(0.8 0.055 0.24)
(0.85 0.05500000000000001 0.24)
(0.9 0.055 0.24)
(0.9500000000000001 0.055 0.24)
(1 0.055 0.24)
(-1 0.06 0.24)
(-0.9500000000000001 0.06 0.24)
(-0.9 0.06 0.24)
(-0.8500000000000002 0.06 0.24)
(-0.8000000000000002 0.06 0.24)
(-0.75 0.06 0.24)
(-0.7000000000000001 0.06 0.24)
(-0.65 0.06 0.24)
(-0.6 0.06 0.24)
(-0.55 0.05999999999999999 0.24)
(-0.5 0.06000000000000001 0.24)
(-0.45 0.06 0.24)
(-0.4 0.06 0.24)
(-0.35 0.06000000000000001 0.24)
(-0.3 0.06 0.24)
(-0.25 0.06 0.24)
(-0.2 0.06 0.24)
(-0.15 0.06 0.24)
(-0.1 0.06 0.24)
(-0.05000000000000004 0.06 0.24)
(0 0.06 0.24)
(0.05000000000000004 0.06 0.24)
(0.1000000000000001 0.06 0.24)
(0.1499999999999999 0.06 0.24)
(0.2 0.06 0.24)
(0.25 0.06 0.24)
(0.3 0.06 0.24)
(0.35 0.06000000000000001 0.24)
(0.4 0.06 0.24)
(0.45 0.06 0.24)
(0.5 0.06000000000000001 0.24)
(0.55 0.06 0.24)
(0.6000000000000001 0.06000000000000001 0.24)
(0.65 0.06000000000000001 0.24)
(0.7000000000000001 0.06 0.24)
(0.75 0.06 0.24)
(0.8 0.06 0.24)
(0.85 0.06 0.24)
(0.9 0.06000000000000001 0.24)
(0.9500000000000001 0.06 0.24)
(1 0.06 0.24)
(-1 0.065 0.24)
(-0.9500000000000001 0.065 0.24)
(-0.9 0.065 0.24)
(-0.85 0.065 0.24)
(-0.8 0.065 0.24)
(-0.75 0.065 0.24)
(-0.7000000000000001 0.065 0.24)
(-0.65 0.065 0.24)
(-0.6 0.065 0.24)
(-0.55 0.06500000000000002 0.24)
(-0.5 0.065 0.24)
(-0.45 0.065 0.24)
(-0.4 0.06500000000000002 0.24)
(-0.35 0.065 0.24)
(-0.3 0.065 0.24)
(-0.25 0.065 0.24)
(-0.2 0.065 0.24)
(-0.15 0.065 0.24)
(-0.1 0.065 0.24)
(-0.05000000000000004 0.065 0.24)
(0 0.065 0.24)
(0.05000000000000004 0.065 0.24)
(0.1000000000000001 0.065 0.24)
(0.1499999999999999 0.065 0.24)
(0.2 0.065 0.24)
(0.25 0.065 0.24)
(0.3 0.065 0.24)
(0.35 0.065 0.24)
(0.3999999999999999 0.065 0.24)
(0.45 0.065 0.24)
(0.5 0.065 0.24)
(0.55 0.065 0.24)
(0.6 0.065 0.24)
(0.65 0.065 0.24)
(0.7000000000000001 0.06500000000000002 0.24)
(0.75 0.065 0.24)
(0.8 0.065 0.24)
(0.85 0.06500000000000002 0.24)
(0.9 0.06499999999999999 0.24)
(0.9500000000000001 0.06500000000000002 0.24)
(1 0.065 0.24)
(-1 0.07000000000000001 0.24)
(-0.9500000000000001 0.07000000000000001 0.24)
(-0.9 0.07000000000000001 0.24)
(-0.85 0.07000000000000001 0.24)
(-0.8 0.07000000000000001 0.24)
(-0.75 0.07000000000000001 0.24)
(-0.7000000000000001 0.07000000000000001 0.24)
(-0.65 0.07000000000000001 0.24)
(-0.6 0.07000000000000001 0.24)
(-0.55 0.07000000000000001 0.24)
(-0.5 0.07000000000000001 0.24)
(-0.45 0.07000000000000001 0.24)
(-0.4 0.07000000000000001 0.24)
(-0.35 0.07000000000000001 0.24)
(-0.3 0.07000000000000001 0.24)
(-0.25 0.07000000000000001 0.24)
(-0.2 0.07000000000000001 0.24)
(-0.15 0.07000000000000001 0.24)
(-0.09999999999999998 0.07000000000000001 0.24)
(-0.05000000000000007 0.07000000000000001 0.24)
(0 0.07000000000000001 0.24)
(0.05000000000000004 0.07000000000000001 0.24)
(0.1000000000000001 0.07000000000000001 0.24)
(0.1499999999999999 0.07000000000000001 0.24)
(0.2 0.07000000000000001 0.24)
(0.25 0.07000000000000001 0.24)
(0.3 0.07000000000000001 0.24)
(0.35 0.07000000000000001 0.24)
(0.4 0.07000000000000001 0.24)
(0.45 0.07000000000000001 0.24)
(0.5 0.07000000000000001 0.24)
(0.55 0.07000000000000001 0.24)
(0.6 0.06999999999999999 0.24)
(0.65 0.07000000000000001 0.24)
(0.7000000000000001 0.07000000000000001 0.24)
(0.75 0.07000000000000001 0.24)
(0.8 0.07000000000000001 0.24)
(0.85 0.07000000000000001 0.24)
(0.9 0.07000000000000001 0.24)
(0.9500000000000001 0.07000000000000001 0.24)
(1 0.07000000000000001 0.24)
(-1 0.075 0.24)
(-0.9500000000000001 0.075 0.24)
(-0.9 0.075 0.24)
(-0.85 0.075 0.24)
(-0.8 0.075 0.24)
(-0.75 0.075 0.24)
(-0.7000000000000001 0.075 0.24)
(-0.65 0.075 0.24)
(-0.6 0.075 0.24)
(-0.55 0.075 0.24)
(-0.5 0.07500000000000001 0.24)
(-0.45 0.07500000000000001 0.24)
(-0.4 0.075 0.24)
(-0.35 0.075 0.24)
(-0.3 0.075 0.24)
(-0.25 0.075 0.24)
(-0.2 0.07500000000000001 0.24)
(-0.15 0.075 0.24)
(-0.1 0.075 0.24)
(-0.05000000000000003 0.07500000000000001 0.24)
(0 0.075 0.24)
(0.05000000000000003 0.07500000000000001 0.24)
(0.1000000000000001 0.07500000000000001 0.24)
(0.1499999999999999 0.075 0.24)
(0.2 0.075 0.24)
(0.25 0.075 0.24)
(0.3 0.075 0.24)
(0.3500000000000001 0.07500000000000001 0.24)
(0.3999999999999999 0.075 0.24)
(0.45 0.075 0.24)
(0.5 0.075 0.24)
(0.55 0.075 0.24)
(0.6000000000000001 0.07500000000000001 0.24)
(0.65 0.075 0.24)
(0.7000000000000001 0.075 0.24)
(0.75 0.075 0.24)
(0.8 0.075 0.24)
(0.85 0.075 0.24)
(0.9 0.075 0.24)
(0.9500000000000001 0.075 0.24)
(1 0.075 0.24)
(-1 0.08000000000000002 0.24)
(-0.9500000000000001 0.08 0.24)
(-0.9 0.08000000000000002 0.24)
(-0.8500000000000002 0.08000000000000002 0.24)
(-0.8 0.08000000000000002 0.24)
(-0.75 0.08 0.24)
(-0.7000000000000001 0.08000000000000002 0.24)
(-0.65 0.08 0.24)
(-0.6 0.08 0.24)
(-0.55 0.08 0.24)
(-0.5000000000000001 0.08000000000000002 0.24)
(-0.45 0.08 0.24)
(-0.4 0.08 0.24)
(-0.35 0.08 0.24)
(-0.3 0.08 0.24)
(-0.25 0.08 0.24)
(-0.1999999999999999 0.08000000000000002 0.24)
(-0.15 0.08 0.24)
(-0.1 0.08 0.24)
(-0.05000000000000004 0.08000000000000002 0.24)
(0 0.08000000000000002 0.24)
(0.05000000000000004 0.08000000000000002 0.24)
(0.1000000000000001 0.08000000000000002 0.24)
(0.1499999999999999 0.08000000000000002 0.24)
(0.1999999999999999 0.08000000000000002 0.24)
(0.25 0.08000000000000002 0.24)
(0.3 0.08 0.24)
(0.35 0.08 0.24)
(0.3999999999999999 0.08 0.24)
(0.45 0.07999999999999999 0.24)
(0.5000000000000001 0.08 0.24)
(0.5500000000000003 0.08000000000000002 0.24)
(0.6 0.08000000000000002 0.24)
(0.65 0.08000000000000002 0.24)
(0.7000000000000001 0.08 0.24)
(0.75 0.08000000000000002 0.24)
(0.8 0.08000000000000002 0.24)
(0.85 0.08000000000000002 0.24)
(0.9 0.08 0.24)
(0.9500000000000001 0.08000000000000002 0.24)
(1 0.08000000000000002 0.24)
(-1 0.08500000000000001 0.24)
(-0.9500000000000001 0.08500000000000001 0.24)
(-0.9 0.08500000000000001 0.24)
(-0.85 0.08500000000000001 0.24)
(-0.8 0.08500000000000001 0.24)
(-0.75 0.08500000000000001 0.24)
(-0.7000000000000001 0.08499999999999998 0.24)
(-0.65 0.08499999999999998 0.24)
(-0.6 0.08500000000000001 0.24)
(-0.55 0.08500000000000001 0.24)
(-0.5 0.08500000000000001 0.24)
(-0.45 0.08500000000000001 0.24)
(-0.4 0.08499999999999998 0.24)
(-0.35 0.08500000000000001 0.24)
(-0.3 0.08500000000000001 0.24)
(-0.25 0.08500000000000001 0.24)
(-0.2 0.08500000000000001 0.24)
(-0.1499999999999999 0.08499999999999998 0.24)
(-0.09999999999999996 0.08499999999999998 0.24)
(-0.05 0.08499999999999998 0.24)
(0 0.08500000000000002 0.24)
(0.05 0.08500000000000001 0.24)
(0.1000000000000001 0.08500000000000001 0.24)
(0.1499999999999999 0.08500000000000001 0.24)
(0.2 0.08500000000000001 0.24)
(0.25 0.08500000000000001 0.24)
(0.3 0.08499999999999998 0.24)
(0.35 0.08499999999999998 0.24)
(0.4 0.08500000000000002 0.24)
(0.45 0.08500000000000001 0.24)
(0.5 0.08500000000000001 0.24)
(0.55 0.08500000000000001 0.24)
(0.6000000000000001 0.08500000000000001 0.24)
(0.65 0.08500000000000001 0.24)
(0.7000000000000001 0.08499999999999998 0.24)
(0.75 0.08500000000000001 0.24)
(0.8000000000000002 0.08500000000000002 0.24)
(0.85 0.08500000000000001 0.24)
(0.9 0.08500000000000001 0.24)
(0.9500000000000001 0.08499999999999998 0.24)
(1 0.08500000000000001 0.24)
(-1 0.09000000000000002 0.24)
(-0.9500000000000001 0.09 0.24)
(-0.9 0.09000000000000002 0.24)
(-0.85 0.09000000000000002 0.24)
(-0.8 0.09 0.24)
(-0.75 0.09 0.24)
(-0.7000000000000001 0.09000000000000002 0.24)
(-0.65 0.09 0.24)
(-0.6 0.09000000000000002 0.24)
(-0.55 0.09000000000000002 0.24)
(-0.5 0.09000000000000002 0.24)
(-0.45 0.09000000000000002 0.24)
(-0.3999999999999999 0.09 0.24)
(-0.35 0.09000000000000002 0.24)
(-0.3 0.09 0.24)
(-0.25 0.09 0.24)
(-0.2 0.09 0.24)
(-0.1499999999999999 0.09 0.24)
(-0.1 0.09 0.24)
(-0.05000000000000004 0.09 0.24)
(0 0.09 0.24)
(0.05000000000000003 0.09000000000000002 0.24)
(0.1000000000000001 0.09000000000000002 0.24)
(0.1499999999999999 0.09 0.24)
(0.2 0.09 0.24)
(0.25 0.09 0.24)
(0.3 0.09000000000000002 0.24)
(0.35 0.09 0.24)
(0.4 0.09 0.24)
(0.45 0.09000000000000002 0.24)
(0.5 0.09000000000000002 0.24)
(0.55 0.09000000000000002 0.24)
(0.6 0.09000000000000002 0.24)
(0.6499999999999999 0.09000000000000002 0.24)
(0.7000000000000001 0.09000000000000002 0.24)
(0.75 0.09000000000000002 0.24)
(0.8 0.09 0.24)
(0.85 0.09 0.24)
(0.9 0.09000000000000002 0.24)
(0.9500000000000001 0.09 0.24)
(1 0.09000000000000002 0.24)
(-1 0.095 0.24)
(-0.9500000000000001 0.095 0.24)
(-0.9 0.095 0.24)
(-0.85 0.095 0.24)
(-0.8 0.095 0.24)
(-0.75 0.095 0.24)
(-0.7000000000000001 0.095 0.24)
(-0.65 0.09499999999999999 0.24)
(-0.6 0.09499999999999999 0.24)
(-0.55 0.095 0.24)
(-0.5 0.095 0.24)
(-0.45 0.09500000000000001 0.24)
(-0.3999999999999999 0.095 0.24)
(-0.35 0.095 0.24)
(-0.3 0.095 0.24)
(-0.25 0.095 0.24)
(-0.1999999999999999 0.095 0.24)
(-0.15 0.095 0.24)
(-0.1 0.095 0.24)
(-0.05000000000000003 0.095 0.24)
(0 0.095 0.24)
(0.05000000000000003 0.095 0.24)
(0.1000000000000001 0.09500000000000001 0.24)
(0.1499999999999999 0.09500000000000001 0.24)
(0.1999999999999999 0.09500000000000001 0.24)
(0.25 0.095 0.24)
(0.3 0.09499999999999999 0.24)
(0.35 0.095 0.24)
(0.3999999999999999 0.095 0.24)
(0.4500000000000001 0.09500000000000001 0.24)
(0.5 0.09500000000000001 0.24)
(0.55 0.095 0.24)
(0.6000000000000001 0.095 0.24)
(0.65 0.095 0.24)
(0.7000000000000001 0.09500000000000001 0.24)
(0.75 0.09500000000000001 0.24)
(0.8 0.09500000000000001 0.24)
(0.85 0.095 0.24)
(0.9 0.095 0.24)
(0.9500000000000001 0.095 0.24)
(1 0.095 0.24)
(-1 0.1 0.24)
(-0.9500000000000001 0.1 0.24)
(-0.9 0.1 0.24)
(-0.85 0.1 0.24)
(-0.8 0.1 0.24)
(-0.75 0.1 0.24)
(-0.7000000000000001 0.1 0.24)
(-0.65 0.1 0.24)
(-0.6 0.1 0.24)
(-0.55 0.1 0.24)
(-0.5 0.1 0.24)
(-0.45 0.1 0.24)
(-0.4 0.1 0.24)
(-0.35 0.1 0.24)
(-0.3 0.1 0.24)
(-0.25 0.1 0.24)
(-0.2 0.1 0.24)
(-0.1499999999999999 0.1 0.24)
(-0.1 0.1 0.24)
(-0.05000000000000003 0.1 0.24)
(0 0.1 0.24)
(0.05000000000000003 0.1 0.24)
(0.1000000000000001 0.1 0.24)
(0.1499999999999999 0.1 0.24)
(0.2 0.1 0.24)
(0.25 0.1 0.24)
(0.3 0.1 0.24)
(0.35 0.1 0.24)
(0.4 0.1 0.24)
(0.45 0.1 0.24)
(0.5 0.1 0.24)
(0.55 0.1 0.24)
(0.6000000000000001 0.1 0.24)
(0.65 0.1 0.24)
(0.7000000000000001 0.1 0.24)
(0.75 0.1 0.24)
(0.8 0.1 0.24)
(0.85 0.1 0.24)
(0.9 0.1 0.24)
(0.9500000000000001 0.1 0.24)
(1 0.1 0.24)
(-1 0 0.27)
(-0.9500000000000001 0 0.27)
(-0.9 0 0.27)
(-0.85 0 0.27)
(-0.8 0 0.27)
(-0.75 0 0.27)
(-0.7000000000000001 0 0.27)
(-0.65 0 0.27)
(-0.6 0 0.27)
(-0.5499999999999999 0 0.27)
(-0.5 0 0.27)
(-0.45 0 0.27)
(-0.4 0 0.27)
(-0.35 0 0.27)
(-0.3 0 0.27)
(-0.25 0 0.27)
(-0.2 0 0.27)
(-0.15 0 0.27)
(-0.1 0 0.27)
(-0.05000000000000003 0 0.27)
(0 0 0.27)
(0.05000000000000003 0 0.27)
(0.1000000000000001 0 0.27)
(0.1499999999999999 0 0.27)
(0.2 0 0.27)
(0.25 0 0.27)
(0.3 0 0.27)
(0.3500000000000001 0 0.27)
(0.4 0 0.27)
(0.45 0 0.27)
(0.5 0 0.27)
(0.55 0 0.27)
(0.6 0 0.27)
(0.6499999999999999 0 0.27)
(0.7000000000000001 0 0.27)
(0.75 0 0.27)
(0.8 0 0.27)
(0.85 0 0.27)
(0.9 0 0.27)
(0.9500000000000001 0 0.27)
(1 0 0.27)
(-1 0.005000000000000001 0.27)
(-0.9500000000000001 0.005 0.27)
(-0.9 0.005000000000000001 0.27)
(-0.85 0.005000000000000001 0.27)
(-0.8 0.005000000000000001 0.27)
(-0.75 0.005000000000000001 0.27)
(-0.7000000000000001 0.005000000000000001 0.27)
(-0.65 0.005000000000000001 0.27)
(-0.6 0.005 0.27)
(-0.55 0.005 0.27)
(-0.5 0.005000000000000001 0.27)
(-0.45 0.005 0.27)
(-0.4 0.005 0.27)
(-0.35 0.005000000000000001 0.27)
(-0.3 0.005000000000000001 0.27)
(-0.25 0.005000000000000001 0.27)
(-0.1999999999999999 0.005000000000000001 0.27)
(-0.15 0.005000000000000001 0.2700000000000001)
(-0.1 0.005000000000000001 0.27)
(-0.05000000000000003 0.005000000000000001 0.27)
(0 0.005 0.27)
(0.05000000000000003 0.005000000000000001 0.27)
(0.1000000000000001 0.005000000000000001 0.27)
(0.1499999999999999 0.005 0.27)
(0.1999999999999999 0.005000000000000001 0.27)
(0.25 0.005000000000000001 0.27)
(0.3 0.005000000000000001 0.27)
(0.3500000000000001 0.005000000000000001 0.27)
(0.3999999999999999 0.005000000000000001 0.27)
(0.45 0.005000000000000001 0.27)
(0.5 0.005000000000000001 0.27)
(0.55 0.005000000000000001 0.27)
(0.6 0.005000000000000001 0.27)
(0.65 0.005000000000000001 0.27)
(0.7000000000000001 0.005 0.27)
(0.75 0.005000000000000001 0.27)
(0.8 0.005000000000000001 0.27)
(0.85 0.005000000000000001 0.27)
(0.9 0.005 0.27)
(0.9500000000000001 0.005000000000000001 0.27)
(1 0.005000000000000001 0.27)
(-1 0.01 0.27)
(-0.9500000000000001 0.01 0.27)
(-0.9 0.01 0.27)
(-0.85 0.01 0.27)
(-0.8 0.01 0.27)
(-0.75 0.01 0.27)
(-0.7000000000000001 0.01 0.27)
(-0.65 0.01 0.27)
(-0.6 0.01 0.27)
(-0.55 0.01 0.27)
(-0.5 0.01 0.27)
(-0.45 0.01 0.27)
(-0.4 0.01 0.27)
(-0.35 0.01 0.27)
(-0.3 0.01 0.27)
(-0.25 0.01 0.27)
(-0.2 0.01 0.27)
(-0.15 0.01 0.27)
(-0.1 0.01 0.27)
(-0.04999999999999998 0.01 0.27)
(0 0.01 0.27)
(0.05 0.01 0.27)
(0.1000000000000001 0.01 0.27)
(0.1499999999999999 0.01 0.2699999999999999)
(0.1999999999999999 0.009999999999999998 0.27)
(0.25 0.01 0.27)
(0.3000000000000001 0.01 0.27)
(0.3500000000000001 0.01 0.27)
(0.3999999999999999 0.01 0.27)
(0.45 0.01 0.27)
(0.5 0.01 0.27)
(0.55 0.01 0.27)
(0.6 0.01 0.27)
(0.65 0.01 0.27)
(0.7000000000000001 0.01 0.27)
(0.75 0.01 0.27)
(0.8 0.01 0.27)
(0.85 0.01 0.27)
(0.9 0.01 0.27)
(0.9500000000000001 0.01 0.27)
(1 0.01 0.27)
(-1 0.015 0.27)
(-0.9500000000000001 0.015 0.27)
(-0.9 0.015 0.27)
(-0.85 0.015 0.27)
(-0.8 0.015 0.27)
(-0.7500000000000001 0.015 0.27)
(-0.7000000000000001 0.015 0.27)
(-0.65 0.015 0.27)
(-0.6 0.015 0.27)
(-0.55 0.015 0.27)
(-0.5 0.015 0.27)
(-0.45 0.015 0.27)
(-0.4 0.015 0.27)
(-0.3500000000000001 0.015 0.27)
(-0.3 0.015 0.27)
(-0.25 0.015 0.27)
(-0.2 0.015 0.2700000000000001)
(-0.15 0.015 0.27)
(-0.1 0.015 0.27)
(-0.05000000000000003 0.015 0.27)
(0 0.015 0.27)
(0.05 0.015 0.27)
(0.1000000000000001 0.015 0.27)
(0.1499999999999999 0.015 0.27)
(0.2 0.015 0.27)
(0.25 0.015 0.27)
(0.3 0.015 0.27)
(0.3500000000000001 0.015 0.27)
(0.4 0.015 0.27)
(0.45 0.015 0.27)
(0.5 0.015 0.27)
(0.55 0.01500000000000001 0.27)
(0.6 0.015 0.27)
(0.65 0.015 0.27)
(0.7000000000000001 0.015 0.27)
(0.7500000000000001 0.015 0.27)
(0.8 0.015 0.27)
(0.85 0.015 0.27)
(0.9 0.015 0.27)
(0.9500000000000001 0.015 0.27)
(1 0.015 0.27)
(-1 0.02 0.27)
(-0.9500000000000001 0.02 0.27)
(-0.9 0.02 0.27)
(-0.85 0.02 0.27)
(-0.8 0.02 0.27)
(-0.75 0.02 0.27)
(-0.7000000000000001 0.02 0.27)
(-0.65 0.02 0.27)
(-0.6 0.02 0.27)
(-0.55 0.02 0.27)
(-0.5 0.02 0.27)
(-0.45 0.02 0.27)
(-0.4 0.02 0.27)
(-0.35 0.02 0.2699999999999999)
(-0.3 0.02 0.27)
(-0.25 0.02 0.27)
(-0.2 0.02 0.27)
(-0.15 0.02 0.27)
(-0.1 0.02 0.27)
(-0.05000000000000003 0.02 0.27)
(0 0.02 0.27)
(0.05000000000000003 0.02 0.27)
(0.1000000000000001 0.02 0.27)
(0.1499999999999999 0.02 0.27)
(0.2 0.02 0.27)
(0.25 0.02 0.27)
(0.3 0.02 0.27)
(0.3500000000000001 0.02 0.27)
(0.4 0.02 0.27)
(0.45 0.02 0.27)
(0.5 0.02 0.27)
(0.55 0.02 0.2700000000000001)
(0.6 0.02 0.27)
(0.65 0.02 0.27)
(0.7000000000000001 0.02 0.27)
(0.75 0.02 0.27)
(0.8 0.02 0.27)
(0.85 0.02 0.27)
(0.9 0.02 0.27)
(0.9500000000000001 0.02 0.27)
(1 0.02 0.27)
(-1 0.025 0.27)
(-0.9500000000000001 0.025 0.27)
(-0.9 0.025 0.27)
(-0.85 0.025 0.27)
(-0.8 0.025 0.27)
(-0.75 0.025 0.27)
(-0.7000000000000001 0.025 0.27)
(-0.65 0.025 0.27)
(-0.6 0.025 0.27)
(-0.55 0.025 0.27)
(-0.5 0.025 0.27)
(-0.45 0.025 0.27)
(-0.4 0.025 0.27)
(-0.35 0.025 0.27)
(-0.3 0.025 0.27)
(-0.25 0.025 0.27)
(-0.2 0.025 0.27)
(-0.15 0.025 0.27)
(-0.1 0.025 0.27)
(-0.05000000000000007 0.025 0.27)
(0 0.025 0.27)
(0.05000000000000007 0.025 0.27)
(0.1000000000000001 0.025 0.27)
(0.1499999999999999 0.025 0.27)
(0.2 0.025 0.27)
(0.25 0.025 0.27)
(0.3 0.025 0.27)
(0.3500000000000001 0.025 0.27)
(0.4 0.025 0.27)
(0.45 0.025 0.27)
(0.5 0.025 0.27)
(0.55 0.025 0.27)
(0.6 0.025 0.27)
(0.6499999999999999 0.025 0.27)
(0.7000000000000001 0.025 0.27)
(0.75 0.025 0.27)
(0.8 0.025 0.27)
(0.85 0.025 0.27)
(0.9 0.025 0.27)
(0.9500000000000001 0.025 0.27)
(1 0.025 0.27)
(-1 0.03 0.27)
(-0.9500000000000001 0.03 0.27)
(-0.9 0.03 0.27)
(-0.85 0.03 0.27)
(-0.8 0.03 0.27)
(-0.75 0.03 0.27)
(-0.7000000000000001 0.03 0.27)
(-0.65 0.03 0.27)
(-0.6 0.03 0.27)
(-0.55 0.03 0.27)
(-0.5 0.03 0.27)
(-0.45 0.03 0.27)
(-0.4 0.03000000000000001 0.27)
(-0.35 0.03 0.27)
(-0.3 0.03 0.27)
(-0.25 0.03 0.27)
(-0.2 0.03 0.27)
(-0.15 0.03000000000000001 0.27)
(-0.1000000000000001 0.03000000000000001 0.27)
(-0.05000000000000008 0.03 0.27)
(0 0.03 0.27)
(0.05000000000000008 0.03 0.27)
(0.1000000000000001 0.03000000000000001 0.27)
(0.1499999999999999 0.03000000000000001 0.27)
(0.2 0.03000000000000001 0.27)
(0.25 0.03 0.27)
(0.3 0.03 0.27)
(0.3500000000000001 0.03000000000000001 0.27)
(0.4 0.03 0.27)
(0.45 0.03 0.27)
(0.5 0.03000000000000001 0.27)
(0.55 0.03000000000000001 0.27)
(0.6 0.03 0.27)
(0.65 0.03000000000000001 0.27)
(0.7000000000000001 0.03 0.27)
(0.75 0.03 0.27)
(0.8 0.03000000000000001 0.27)
(0.85 0.03 0.27)
(0.9 0.03000000000000001 0.27)
(0.9500000000000001 0.03 0.27)
(1 0.03 0.27)
(-1 0.035 0.27)
(-0.9500000000000001 0.035 0.27)
(-0.9 0.035 0.27)
(-0.85 0.035 0.27)
(-0.8 0.035 0.27)
(-0.75 0.035 0.27)
(-0.7000000000000001 0.035 0.27)
(-0.65 0.035 0.27)
(-0.6 0.035 0.27)
(-0.55 0.035 0.27)
(-0.5 0.035 0.27)
(-0.45 0.035 0.27)
(-0.4 0.035 0.27)
(-0.35 0.035 0.27)
(-0.3 0.035 0.27)
(-0.25 0.035 0.27)
(-0.2 0.035 0.27)
(-0.15 0.035 0.27)
(-0.09999999999999998 0.035 0.27)
(-0.05000000000000011 0.035 0.27)
(0 0.035 0.27)
(0.05000000000000011 0.035 0.27)
(0.1000000000000001 0.035 0.27)
(0.1499999999999999 0.035 0.27)
(0.2 0.035 0.27)
(0.25 0.035 0.27)
(0.3 0.035 0.27)
(0.3500000000000001 0.035 0.27)
(0.4 0.035 0.2699999999999999)
(0.45 0.035 0.27)
(0.5 0.035 0.27)
(0.55 0.035 0.27)
(0.6000000000000001 0.035 0.27)
(0.65 0.035 0.27)
(0.7000000000000001 0.035 0.27)
(0.75 0.035 0.27)
(0.8 0.035 0.27)
(0.85 0.035 0.27)
(0.9 0.035 0.27)
(0.9500000000000001 0.035 0.27)
(1 0.035 0.27)
(-1 0.04000000000000001 0.27)
(-0.9500000000000001 0.04 0.27)
(-0.9 0.04 0.27)
(-0.85 0.04 0.27)
(-0.8 0.04 0.27)
(-0.75 0.04000000000000001 0.27)
(-0.7000000000000001 0.04 0.2700000000000001)
(-0.65 0.04000000000000001 0.27)
(-0.6 0.04 0.27)
(-0.55 0.04 0.27)
(-0.5 0.04000000000000001 0.27)
(-0.45 0.04 0.27)
(-0.4 0.04 0.27)
(-0.35 0.04 0.27)
(-0.3 0.04000000000000001 0.27)
(-0.25 0.04000000000000001 0.27)
(-0.2 0.04000000000000001 0.27)
(-0.15 0.04000000000000001 0.2700000000000001)
(-0.1 0.04 0.27)
(-0.05 0.04 0.27)
(0 0.04 0.27)
(0.05 0.04000000000000001 0.27)
(0.1000000000000002 0.03999999999999999 0.27)
(0.1499999999999999 0.04 0.27)
(0.2 0.04000000000000001 0.27)
(0.25 0.04000000000000001 0.27)
(0.3 0.04 0.27)
(0.3500000000000001 0.04000000000000001 0.27)
(0.4 0.04000000000000001 0.27)
(0.45 0.04 0.27)
(0.5 0.04000000000000001 0.27)
(0.55 0.04000000000000001 0.27)
(0.6 0.04000000000000001 0.27)
(0.65 0.04 0.27)
(0.7000000000000001 0.04 0.27)
(0.75 0.04000000000000001 0.27)
(0.8 0.04000000000000001 0.27)
(0.85 0.04000000000000001 0.27)
(0.9 0.04 0.27)
(0.9500000000000001 0.04000000000000001 0.27)
(1 0.04000000000000001 0.27)
(-1 0.04499999999999999 0.27)
(-0.9500000000000001 0.04499999999999999 0.27)
(-0.9 0.045 0.27)
(-0.85 0.045 0.27)
(-0.7999999999999998 0.045 0.27)
(-0.75 0.045 0.27)
(-0.7000000000000001 0.04500000000000001 0.27)
(-0.65 0.045 0.27)
(-0.6 0.045 0.27)
(-0.55 0.045 0.27)
(-0.5 0.045 0.27)
(-0.45 0.045 0.27)
(-0.4 0.04500000000000001 0.27)
(-0.35 0.045 0.27)
(-0.3 0.045 0.27)
(-0.25 0.045 0.27)
(-0.2 0.045 0.27)
(-0.15 0.045 0.27)
(-0.1 0.04499999999999999 0.27)
(-0.05000000000000004 0.045 0.27)
(0 0.04499999999999999 0.27)
(0.05000000000000004 0.045 0.27)
(0.1000000000000001 0.045 0.27)
(0.1499999999999999 0.045 0.27)
(0.2 0.045 0.27)
(0.25 0.045 0.27)
(0.3 0.045 0.2699999999999999)
(0.3500000000000001 0.04500000000000001 0.27)
(0.3999999999999999 0.045 0.27)
(0.45 0.045 0.27)
(0.5 0.04500000000000001 0.27)
(0.55 0.045 0.27)
(0.6 0.04500000000000001 0.27)
(0.65 0.04500000000000001 0.27)
(0.7000000000000001 0.045 0.27)
(0.75 0.04499999999999999 0.27)
(0.8 0.045 0.27)
(0.85 0.04500000000000001 0.27)
(0.9 0.045 0.27)
(0.9500000000000001 0.045 0.27)
(1 0.04499999999999999 0.27)
(-1 0.05 0.27)
(-0.9500000000000001 0.05 0.27)
(-0.9 0.05 0.27)
(-0.85 0.05 0.27)
(-0.8 0.05 0.27)
(-0.75 0.05 0.27)
(-0.7000000000000001 0.05 0.27)
(-0.65 0.05 0.27)
(-0.6 0.05 0.27)
(-0.55 0.04999999999999999 0.2699999999999999)
(-0.5 0.05 0.27)
(-0.45 0.05 0.27)
(-0.4 0.05 0.27)
(-0.3499999999999999 0.05 0.27)
(-0.3 0.05 0.27)
(-0.25 0.05 0.27)
(-0.2 0.05 0.27)
(-0.15 0.05 0.27)
(-0.1 0.05 0.27)
(-0.05000000000000003 0.05 0.27)
(0 0.05 0.27)
(0.05000000000000003 0.05 0.27)
(0.1000000000000002 0.05 0.27)
(0.1499999999999999 0.05 0.27)
(0.2 0.05 0.27)
(0.25 0.05 0.27)
(0.3 0.05 0.27)
(0.3500000000000001 0.05 0.27)
(0.4 0.05 0.27)
(0.45 0.05 0.27)
(0.5 0.05 0.27)
(0.55 0.05 0.27)
(0.6 0.05 0.27)
(0.6499999999999999 0.05 0.27)
(0.7000000000000001 0.05 0.27)
(0.75 0.05 0.27)
(0.8 0.05 0.27)
(0.85 0.05 0.27)
(0.9 0.05 0.27)
(0.9500000000000001 0.05 0.27)
(1 0.05 0.27)
(-1 0.055 0.27)
(-0.9500000000000001 0.055 0.27)
(-0.9 0.055 0.27)
(-0.85 0.05500000000000001 0.27)
(-0.8 0.055 0.27)
(-0.75 0.05500000000000001 0.27)
(-0.7000000000000001 0.055 0.27)
(-0.65 0.055 0.27)
(-0.6 0.055 0.27)
(-0.55 0.05500000000000001 0.27)
(-0.5 0.05500000000000001 0.27)
(-0.45 0.055 0.27)
(-0.4 0.05500000000000001 0.27)
(-0.35 0.055 0.27)
(-0.3 0.05500000000000001 0.27)
(-0.25 0.055 0.27)
(-0.1999999999999999 0.055 0.27)
(-0.15 0.055 0.27)
(-0.1 0.055 0.27)
(-0.05000000000000007 0.055 0.27)
(0 0.055 0.27)
(0.05000000000000004 0.055 0.27)
(0.1000000000000001 0.055 0.27)
(0.1499999999999999 0.055 0.27)
(0.1999999999999999 0.055 0.27)
(0.25 0.055 0.27)
(0.3 0.05500000000000001 0.27)
(0.3500000000000001 0.05500000000000001 0.27)
(0.4 0.05500000000000001 0.27)
(0.45 0.05499999999999999 0.27)
(0.5 0.05500000000000001 0.27)
(0.55 0.05500000000000001 0.27)
(0.6 0.05500000000000001 0.27)
(0.65 0.055 0.27)
(0.7000000000000001 0.05500000000000001 0.27)
(0.75 0.05500000000000001 0.27)
(0.8 0.055 0.27)
(0.85 0.055 0.27)
(0.9 0.055 0.27)
(0.9500000000000001 0.055 0.27)
(1 0.055 0.27)
(-1 0.06 0.27)
(-0.9500000000000001 0.06 0.27)
(-0.9 0.06 0.27)
(-0.85 0.06 0.27)
(-0.8 0.06 0.27)
(-0.75 0.06 0.27)
(-0.7000000000000001 0.06 0.27)
(-0.65 0.06 0.27)
(-0.6 0.05999999999999999 0.27)
(-0.55 0.06 0.2699999999999999)
(-0.5 0.06 0.27)
(-0.45 0.06 0.27)
(-0.4 0.06 0.27)
(-0.35 0.06 0.27)
(-0.3 0.06 0.27)
(-0.25 0.06 0.27)
(-0.2 0.06 0.27)
(-0.15 0.06 0.27)
(-0.1 0.05999999999999999 0.27)
(-0.05000000000000001 0.06 0.27)
(0 0.06 0.27)
(0.05000000000000001 0.06 0.27)
(0.1000000000000002 0.06 0.27)
(0.1499999999999999 0.06 0.27)
(0.2 0.06 0.27)
(0.25 0.06 0.27)
(0.3 0.06 0.27)
(0.35 0.06 0.27)
(0.4 0.06 0.27)
(0.45 0.06 0.27)
(0.5 0.06 0.27)
(0.55 0.06 0.27)
(0.6 0.05999999999999999 0.27)
(0.65 0.06 0.27)
(0.7000000000000001 0.06 0.27)
(0.75 0.06 0.27)
(0.8 0.06 0.27)
(0.85 0.05999999999999999 0.27)
(0.9 0.05999999999999999 0.27)
(0.9500000000000001 0.05999999999999999 0.27)
(1 0.06 0.27)
(-1 0.065 0.27)
(-0.9500000000000001 0.065 0.27)
(-0.9 0.065 0.27)
(-0.85 0.065 0.27)
(-0.8 0.06500000000000002 0.27)
(-0.75 0.065 0.27)
(-0.7000000000000001 0.065 0.27)
(-0.65 0.065 0.27)
(-0.6 0.06500000000000002 0.27)
(-0.55 0.065 0.27)
(-0.5 0.065 0.27)
(-0.45 0.065 0.27)
(-0.4 0.065 0.27)
(-0.35 0.065 0.27)
(-0.3 0.065 0.27)
(-0.25 0.065 0.27)
(-0.2 0.065 0.27)
(-0.15 0.065 0.27)
(-0.1 0.065 0.27)
(-0.05000000000000011 0.065 0.27)
(0 0.065 0.27)
(0.05000000000000011 0.065 0.27)
(0.1000000000000001 0.06500000000000002 0.27)
(0.1499999999999999 0.06499999999999999 0.27)
(0.2 0.065 0.27)
(0.25 0.06500000000000002 0.27)
(0.3 0.065 0.27)
(0.3500000000000001 0.06500000000000002 0.27)
(0.4 0.065 0.27)
(0.45 0.06500000000000002 0.27)
(0.5 0.065 0.27)
(0.55 0.065 0.27)
(0.6000000000000002 0.06500000000000002 0.27)
(0.65 0.065 0.27)
(0.7000000000000001 0.065 0.27)
(0.75 0.065 0.27)
(0.8 0.065 0.27)
(0.85 0.06500000000000002 0.27)
(0.9 0.065 0.27)
(0.9500000000000001 0.065 0.27)
(1 0.065 0.27)
(-1 0.07000000000000001 0.27)
(-0.9500000000000001 0.07000000000000001 0.27)
(-0.9 0.07000000000000001 0.27)
(-0.85 0.07000000000000001 0.27)
(-0.8 0.07000000000000001 0.27)
(-0.75 0.07000000000000001 0.27)
(-0.7000000000000001 0.07000000000000001 0.27)
(-0.65 0.06999999999999999 0.27)
(-0.6 0.07000000000000001 0.27)
(-0.55 0.06999999999999999 0.27)
(-0.5 0.07000000000000001 0.27)
(-0.45 0.07000000000000001 0.27)
(-0.4 0.07000000000000001 0.27)
(-0.35 0.07000000000000001 0.27)
(-0.3 0.07000000000000001 0.27)
(-0.25 0.07000000000000001 0.27)
(-0.2 0.07000000000000001 0.27)
(-0.15 0.07000000000000001 0.27)
(-0.1 0.07000000000000001 0.27)
(-0.05000000000000007 0.07000000000000001 0.27)
(0 0.07000000000000001 0.27)
(0.05000000000000007 0.07000000000000001 0.27)
(0.1000000000000002 0.07000000000000001 0.27)
(0.1499999999999999 0.07000000000000001 0.27)
(0.2 0.07000000000000001 0.27)
(0.25 0.07000000000000001 0.27)
(0.3 0.07000000000000001 0.27)
(0.3500000000000001 0.06999999999999999 0.27)
(0.4 0.07000000000000001 0.27)
(0.45 0.07000000000000001 0.27)
(0.5 0.07000000000000001 0.27)
(0.55 0.07000000000000001 0.27)
(0.6000000000000001 0.06999999999999999 0.27)
(0.65 0.07000000000000001 0.27)
(0.7000000000000001 0.07000000000000001 0.27)
(0.75 0.07000000000000001 0.27)
(0.8 0.07000000000000001 0.27)
(0.85 0.07000000000000001 0.27)
(0.9 0.07000000000000001 0.27)
(0.9499999999999998 0.06999999999999999 0.27)
(1 0.07000000000000001 0.27)
(-1 0.075 0.27)
(-0.9500000000000001 0.075 0.27)
(-0.9 0.075 0.27)
(-0.85 0.075 0.27)
(-0.8 0.075 0.27)
(-0.75 0.075 0.27)
(-0.7000000000000001 0.075 0.27)
(-0.65 0.075 0.27)
(-0.6 0.075 0.27)
(-0.55 0.075 0.27)
(-0.5 0.075 0.27)
(-0.45 0.075 0.27)
(-0.4 0.075 0.27)
(-0.35 0.075 0.27)
(-0.3 0.075 0.27)
(-0.25 0.075 0.27)
(-0.2 0.075 0.27)
(-0.15 0.075 0.27)
(-0.1 0.075 0.27)
(-0.05000000000000007 0.075 0.27)
(0 0.075 0.27)
(0.05000000000000007 0.075 0.27)
(0.1000000000000001 0.075 0.27)
(0.1499999999999999 0.075 0.27)
(0.2 0.075 0.27)
(0.25 0.075 0.27)
(0.3 0.075 0.27)
(0.3500000000000001 0.075 0.27)
(0.4 0.075 0.27)
(0.45 0.075 0.27)
(0.5 0.075 0.27)
(0.55 0.075 0.27)
(0.6 0.075 0.27)
(0.65 0.075 0.27)
(0.7000000000000001 0.075 0.27)
(0.75 0.075 0.27)
(0.8 0.075 0.27)
(0.85 0.075 0.27)
(0.9 0.075 0.27)
(0.9500000000000001 0.075 0.27)
(1 0.075 0.27)
(-1 0.08 0.27)
(-0.9500000000000001 0.08 0.27)
(-0.9 0.08 0.27)
(-0.85 0.08 0.27)
(-0.8 0.08 0.27)
(-0.75 0.08 0.27)
(-0.7000000000000001 0.08 0.27)
(-0.65 0.08 0.27)
(-0.6 0.08 0.27)
(-0.55 0.08 0.27)
(-0.5 0.08 0.27)
(-0.45 0.08 0.27)
(-0.4 0.08 0.27)
(-0.3500000000000001 0.08 0.27)
(-0.3 0.08000000000000002 0.27)
(-0.25 0.08 0.27)
(-0.1999999999999999 0.08 0.27)
(-0.15 0.08 0.27)
(-0.1 0.08 0.27)
(-0.05000000000000001 0.08 0.27)
(0 0.08 0.2699999999999999)
(0.05000000000000003 0.08000000000000002 0.27)
(0.1000000000000001 0.08 0.27)
(0.1499999999999999 0.08 0.27)
(0.1999999999999999 0.08 0.27)
(0.25 0.08 0.27)
(0.3 0.08000000000000002 0.27)
(0.3500000000000001 0.08000000000000002 0.27)
(0.4 0.08000000000000002 0.27)
(0.45 0.08 0.27)
(0.5 0.08 0.27)
(0.55 0.08 0.27)
(0.6 0.08 0.27)
(0.6499999999999999 0.08 0.27)
(0.7000000000000001 0.08 0.27)
(0.75 0.08 0.27)
(0.8 0.08000000000000002 0.27)
(0.85 0.08 0.27)
(0.9 0.08 0.27)
(0.9500000000000001 0.08000000000000002 0.27)
(1 0.08 0.27)
(-1 0.08500000000000001 0.27)
(-0.9500000000000001 0.08499999999999998 0.27)
(-0.9 0.08500000000000001 0.27)
(-0.85 0.08499999999999998 0.27)
(-0.8 0.08500000000000001 0.27)
(-0.75 0.08500000000000001 0.27)
(-0.7000000000000001 0.08500000000000001 0.27)
(-0.65 0.08499999999999998 0.27)
(-0.6 0.08500000000000001 0.27)
(-0.55 0.08500000000000001 0.27)
(-0.5 0.08500000000000001 0.27)
(-0.45 0.08500000000000001 0.27)
(-0.4 0.08500000000000001 0.27)
(-0.35 0.08500000000000002 0.27)
(-0.3 0.08500000000000001 0.27)
(-0.25 0.08500000000000001 0.27)
(-0.2 0.08500000000000002 0.27)
(-0.15 0.08500000000000001 0.27)
(-0.09999999999999998 0.08500000000000001 0.27)
(-0.04999999999999999 0.08500000000000001 0.27)
(0 0.08500000000000001 0.27)
(0.05 0.08500000000000001 0.27)
(0.1000000000000001 0.08500000000000001 0.27)
(0.1499999999999999 0.08500000000000001 0.27)
(0.2 0.08500000000000001 0.27)
(0.2500000000000001 0.08500000000000002 0.27)
(0.3 0.08500000000000001 0.27)
(0.35 0.08500000000000001 0.27)
(0.4 0.08500000000000001 0.27)
(0.45 0.08500000000000001 0.27)
(0.5 0.08500000000000001 0.27)
(0.55 0.08499999999999998 0.27)
(0.6 0.08500000000000001 0.27)
(0.65 0.08500000000000001 0.27)
(0.7000000000000001 0.08499999999999998 0.27)
(0.75 0.08499999999999998 0.27)
(0.8 0.08500000000000001 0.27)
(0.85 0.08500000000000001 0.27)
(0.9 0.08500000000000001 0.27)
(0.9500000000000001 0.08499999999999998 0.27)
(1 0.08500000000000001 0.27)
(-1 0.09 0.27)
(-0.9500000000000001 0.09 0.27)
(-0.9 0.09000000000000002 0.27)
(-0.85 0.09 0.27)
(-0.8 0.09 0.27)
(-0.75 0.09 0.27)
(-0.7000000000000001 0.09000000000000002 0.27)
(-0.65 0.09 0.27)
(-0.6 0.09 0.27)
(-0.55 0.09 0.27)
(-0.5 0.09 0.27)
(-0.45 0.09 0.27)
(-0.4 0.09000000000000002 0.27)
(-0.35 0.08999999999999998 0.27)
(-0.3 0.09 0.27)
(-0.25 0.09 0.27)
(-0.2 0.09 0.27)
(-0.15 0.09 0.27)
(-0.1 0.09 0.27)
(-0.05000000000000003 0.09 0.27)
(0 0.09 0.27)
(0.05000000000000003 0.09 0.27)
(0.1000000000000001 0.09 0.27)
(0.1499999999999999 0.09 0.27)
(0.2 0.09 0.27)
(0.25 0.09 0.27)
(0.3 0.09 0.27)
(0.3500000000000001 0.08999999999999998 0.27)
(0.4 0.09000000000000002 0.27)
(0.45 0.09 0.27)
(0.5 0.09000000000000002 0.27)
(0.55 0.09 0.27)
(0.6 0.09000000000000002 0.27)
(0.65 0.09000000000000002 0.27)
(0.7000000000000001 0.09 0.27)
(0.75 0.09 0.27)
(0.8 0.09 0.27)
(0.85 0.09000000000000002 0.27)
(0.9 0.09 0.27)
(0.9500000000000001 0.09 0.27)
(1 0.09 0.27)
(-1 0.095 0.27)
(-0.9500000000000001 0.095 0.27)
(-0.9 0.095 0.27)
(-0.85 0.095 0.27)
(-0.8 0.095 0.27)
(-0.75 0.095 0.27)
(-0.7000000000000001 0.095 0.27)
(-0.65 0.09500000000000001 0.27)
(-0.6 0.09499999999999999 0.27)
(-0.55 0.09499999999999999 0.27)
(-0.5 0.095 0.27)
(-0.45 0.09500000000000001 0.27)
(-0.3999999999999999 0.095 0.27)
(-0.35 0.095 0.27)
(-0.3 0.09500000000000001 0.27)
(-0.25 0.095 0.27)
(-0.1999999999999999 0.095 0.27)
(-0.15 0.095 0.27)
(-0.1 0.095 0.27)
(-0.05000000000000003 0.095 0.27)
(0 0.09500000000000001 0.27)
(0.05000000000000003 0.095 0.27)
(0.1000000000000001 0.095 0.27)
(0.1499999999999999 0.095 0.27)
(0.1999999999999999 0.095 0.27)
(0.25 0.095 0.27)
(0.3 0.09500000000000001 0.27)
(0.35 0.095 0.27)
(0.4 0.095 0.27)
(0.45 0.095 0.27)
(0.5 0.09500000000000001 0.27)
(0.55 0.095 0.27)
(0.6 0.095 0.27)
(0.65 0.095 0.27)
(0.6999999999999998 0.095 0.27)
(0.75 0.095 0.27)
(0.8 0.09500000000000001 0.27)
(0.85 0.09499999999999999 0.27)
(0.9 0.095 0.27)
(0.9500000000000001 0.095 0.27)
(1 0.095 0.27)
(-1 0.1 0.27)
(-0.9500000000000001 0.1 0.27)
(-0.9 0.1 0.27)
(-0.85 0.1 0.27)
(-0.8 0.1 0.27)
(-0.75 0.1 0.27)
(-0.7000000000000001 0.1 0.27)
(-0.65 0.1 0.27)
(-0.6 0.1 0.27)
(-0.5499999999999999 0.09999999999999998 0.2699999999999999)
(-0.5 0.1 0.27)
(-0.45 0.1 0.27)
(-0.4 0.1 0.27)
(-0.3499999999999999 0.1 0.27)
(-0.3 0.1 0.27)
(-0.25 0.1 0.27)
(-0.2 0.1 0.27)
(-0.15 0.1 0.27)
(-0.1 0.1 0.27)
(-0.05000000000000003 0.1 0.27)
(0 0.1 0.27)
(0.05000000000000003 0.1 0.27)
(0.1000000000000001 0.1 0.27)
(0.1499999999999999 0.1 0.27)
(0.2 0.1 0.27)
(0.25 0.1 0.27)
(0.3 0.1 0.27)
(0.35 0.1 0.27)
(0.4 0.1 0.27)
(0.45 0.1 0.27)
(0.5 0.1 0.27)
(0.55 0.1 0.27)
(0.6 0.1 0.27)
(0.6499999999999999 0.1 0.27)
(0.7000000000000001 0.1 0.27)
(0.75 0.1 0.27)
(0.8 0.1 0.27)
(0.85 0.1 0.27)
(0.9 0.1 0.27)
(0.9500000000000001 0.1 0.27)
(1 0.1 0.27)
(-1 0 0.3)
(-0.9500000000000001 0 0.3)
(-0.9 0 0.3)
(-0.85 0 0.3)
(-0.8 0 0.3)
(-0.75 0 0.3)
(-0.7000000000000001 0 0.3)
(-0.65 0 0.3)
(-0.6 0 0.3)
(-0.55 0 0.3)
(-0.5 0 0.3)
(-0.45 0 0.3)
(-0.4 0 0.3)
(-0.35 0 0.3)
(-0.3 0 0.3)
(-0.25 0 0.3)
(-0.2 0 0.3)
(-0.15 0 0.3)
(-0.1 0 0.3)
(-0.05000000000000004 0 0.3)
(0 0 0.3)
(0.05000000000000004 0 0.3)
(0.1000000000000001 0 0.3)
(0.1499999999999999 0 0.3)
(0.2 0 0.3)
(0.25 0 0.3)
(0.3 0 0.3)
(0.3500000000000001 0 0.3)
(0.3999999999999999 0 0.3)
(0.45 0 0.3)
(0.5 0 0.3)
(0.55 0 0.3)
(0.6 0 0.3)
(0.65 0 0.3)
(0.7000000000000001 0 0.3)
(0.75 0 0.3)
(0.8 0 0.3)
(0.85 0 0.3)
(0.9 0 0.3)
(0.9500000000000001 0 0.3)
(1 0 0.3)
(-1 0.005000000000000001 0.3)
(-0.9500000000000001 0.005000000000000001 0.3)
(-0.9 0.005 0.3)
(-0.85 0.005 0.3)
(-0.8 0.005 0.3)
(-0.75 0.005000000000000001 0.3)
(-0.7000000000000001 0.005000000000000001 0.3)
(-0.65 0.005000000000000001 0.3)
(-0.6 0.005000000000000001 0.3)
(-0.55 0.005 0.3)
(-0.5 0.005000000000000001 0.3)
(-0.45 0.005000000000000001 0.3)
(-0.4 0.005 0.3)
(-0.35 0.005 0.3)
(-0.3 0.005 0.3)
(-0.25 0.005000000000000001 0.3)
(-0.2 0.005 0.3)
(-0.1499999999999999 0.005000000000000001 0.3)
(-0.09999999999999998 0.005000000000000001 0.3)
(-0.05000000000000003 0.005000000000000001 0.3)
(0 0.005000000000000001 0.3)
(0.05000000000000003 0.005000000000000001 0.3)
(0.1000000000000001 0.005000000000000001 0.3)
(0.1499999999999999 0.005000000000000001 0.3)
(0.2 0.005 0.3)
(0.2500000000000001 0.005000000000000001 0.3)
(0.3 0.005000000000000001 0.3)
(0.35 0.004999999999999999 0.3)
(0.3999999999999999 0.005 0.3)
(0.45 0.005 0.3)
(0.5 0.005000000000000001 0.3)
(0.55 0.005000000000000001 0.3)
(0.6 0.005 0.3)
(0.65 0.005000000000000001 0.3)
(0.7000000000000001 0.005 0.3)
(0.75 0.005000000000000001 0.3)
(0.8 0.005000000000000001 0.3)
(0.85 0.005 0.3)
(0.9 0.005 0.3)
(0.9500000000000001 0.005000000000000001 0.3)
(1 0.005000000000000001 0.3)
(-1 0.01 0.3)
(-0.9500000000000001 0.01 0.3)
(-0.9 0.01 0.3)
(-0.85 0.01 0.3)
(-0.8 0.01 0.3)
(-0.75 0.01 0.3)
(-0.7000000000000001 0.01 0.3)
(-0.65 0.01 0.3)
(-0.6 0.01 0.3)
(-0.55 0.01 0.3)
(-0.5 0.01 0.3)
(-0.45 0.01 0.3)
(-0.4 0.01 0.3)
(-0.35 0.01 0.3)
(-0.3 0.01 0.3)
(-0.25 0.01 0.3)
(-0.2 0.01 0.3)
(-0.15 0.01 0.3)
(-0.1 0.01 0.3)
(-0.05 0.01 0.3)
(0 0.01 0.3)
(0.05 0.01 0.3)
(0.1000000000000001 0.01 0.3)
(0.1499999999999999 0.01 0.3)
(0.2 0.009999999999999998 0.3)
(0.25 0.01 0.3)
(0.3000000000000001 0.01 0.3)
(0.3500000000000001 0.009999999999999998 0.3)
(0.3999999999999999 0.01 0.3)
(0.45 0.01 0.3)
(0.5 0.01 0.3)
(0.55 0.01 0.3)
(0.6 0.009999999999999998 0.3)
(0.65 0.01 0.3)
(0.7000000000000001 0.01 0.3)
(0.75 0.01 0.3)
(0.8 0.01 0.3)
(0.85 0.009999999999999998 0.3)
(0.9 0.01 0.3)
(0.9500000000000001 0.01 0.3)
(1 0.01 0.3)
(-1 0.015 0.3)
(-0.9500000000000001 0.015 0.3)
(-0.9 0.015 0.3)
(-0.85 0.015 0.3)
(-0.8 0.015 0.3)
(-0.75 0.015 0.3)
(-0.7000000000000001 0.015 0.3)
(-0.65 0.015 0.3)
(-0.6 0.015 0.3)
(-0.55 0.015 0.3)
(-0.5 0.015 0.3)
(-0.45 0.015 0.3)
(-0.4 0.015 0.3)
(-0.35 0.015 0.3)
(-0.3 0.015 0.3)
(-0.25 0.015 0.3)
(-0.2 0.015 0.3)
(-0.15 0.015 0.3)
(-0.1 0.015 0.3)
(-0.05000000000000004 0.015 0.3)
(0 0.015 0.3)
(0.05000000000000004 0.015 0.3)
(0.1000000000000001 0.015 0.3)
(0.1499999999999999 0.015 0.3)
(0.2 0.015 0.3)
(0.25 0.015 0.3)
(0.3 0.015 0.3)
(0.35 0.015 0.3)
(0.4 0.015 0.3)
(0.45 0.015 0.3)
(0.5 0.015 0.3)
(0.55 0.015 0.3)
(0.6 0.015 0.3)
(0.65 0.015 0.3)
(0.7000000000000001 0.015 0.3)
(0.75 0.015 0.3)
(0.8 0.015 0.3)
(0.85 0.015 0.3)
(0.9 0.015 0.3)
(0.9500000000000001 0.015 0.3)
(1 0.015 0.3)
(-1 0.02 0.3)
(-0.9500000000000001 0.02 0.3)
(-0.9 0.02 0.3)
(-0.85 0.02 0.3)
(-0.8 0.02 0.3)
(-0.75 0.02 0.3)
(-0.7000000000000001 0.02 0.3)
(-0.65 0.02 0.3)
(-0.6 0.02 0.3)
(-0.55 0.02 0.3)
(-0.5 0.02 0.3)
(-0.45 0.02 0.3)
(-0.4 0.02 0.3)
(-0.35 0.02 0.3)
(-0.3 0.02 0.3)
(-0.25 0.02 0.3)
(-0.2 0.02 0.3)
(-0.15 0.02 0.3)
(-0.09999999999999998 0.02 0.3)
(-0.05000000000000001 0.02 0.3)
(0 0.02 0.3)
(0.05000000000000003 0.02 0.3)
(0.1000000000000001 0.02 0.3)
(0.1499999999999999 0.02 0.3)
(0.1999999999999999 0.02 0.3)
(0.25 0.02 0.3)
(0.3 0.02 0.3)
(0.3500000000000001 0.02 0.3)
(0.3999999999999999 0.02 0.3)
(0.45 0.02 0.3)
(0.5000000000000001 0.02 0.3)
(0.55 0.02 0.3)
(0.6 0.02 0.3)
(0.65 0.02 0.3)
(0.7000000000000001 0.02 0.3)
(0.75 0.02 0.3)
(0.8 0.02 0.3)
(0.85 0.02 0.3)
(0.9 0.02 0.3)
(0.9500000000000001 0.02 0.3)
(1 0.02 0.3)
(-1 0.025 0.3)
(-0.9500000000000001 0.025 0.3)
(-0.9 0.025 0.3)
(-0.85 0.025 0.3)
(-0.8 0.025 0.3)
(-0.75 0.025 0.3)
(-0.7000000000000001 0.025 0.3)
(-0.65 0.025 0.3)
(-0.6 0.025 0.3)
(-0.55 0.025 0.3)
(-0.5 0.025 0.3)
(-0.45 0.025 0.3)
(-0.4 0.025 0.3)
(-0.35 0.025 0.3)
(-0.3 0.025 0.3)
(-0.25 0.025 0.3)
(-0.2 0.025 0.3)
(-0.15 0.025 0.3)
(-0.1 0.025 0.3)
(-0.0500000000000001 0.025 0.3)
(0 0.025 0.3)
(0.0500000000000001 0.025 0.3)
(0.1000000000000001 0.025 0.3)
(0.1499999999999999 0.025 0.3)
(0.1999999999999999 0.025 0.3)
(0.25 0.025 0.3)
(0.3000000000000001 0.025 0.3)
(0.3500000000000001 0.025 0.3)
(0.3999999999999999 0.025 0.3)
(0.45 0.025 0.3)
(0.5 0.025 0.3)
(0.55 0.025 0.3)
(0.6 0.025 0.3)
(0.65 0.025 0.3)
(0.7000000000000001 0.025 0.3)
(0.75 0.025 0.3)
(0.8 0.025 0.3)
(0.85 0.025 0.3)
(0.9 0.025 0.3)
(0.9500000000000001 0.025 0.3)
(1 0.025 0.3)
(-1 0.03 0.3)
(-0.9500000000000001 0.03 0.3)
(-0.9 0.03 0.3)
(-0.85 0.03 0.3)
(-0.8 0.03 0.3)
(-0.75 0.03 0.3)
(-0.7000000000000001 0.03 0.3)
(-0.65 0.03000000000000001 0.3)
(-0.6 0.03 0.3)
(-0.55 0.03 0.3)
(-0.5 0.03 0.3)
(-0.45 0.03 0.3)
(-0.4 0.03000000000000001 0.3)
(-0.35 0.03 0.3)
(-0.3 0.03 0.3)
(-0.25 0.03 0.3)
(-0.2 0.03 0.3)
(-0.15 0.03 0.3)
(-0.1 0.03 0.3)
(-0.05000000000000008 0.03 0.3)
(0 0.03 0.3)
(0.05000000000000008 0.03000000000000001 0.3)
(0.1000000000000001 0.03 0.3)
(0.1499999999999999 0.03 0.3)
(0.2 0.03 0.3)
(0.2500000000000001 0.03 0.3)
(0.3 0.03 0.3)
(0.35 0.03 0.3)
(0.4 0.03 0.3)
(0.45 0.03 0.3)
(0.5 0.03 0.3)
(0.55 0.03000000000000001 0.3)
(0.6 0.03 0.3000000000000001)
(0.65 0.03 0.3)
(0.7000000000000001 0.03 0.3)
(0.75 0.03 0.3)
(0.8 0.03 0.3)
(0.85 0.03 0.3)
(0.9 0.03000000000000001 0.3)
(0.9500000000000001 0.03 0.3)
(1 0.03 0.3)
(-1 0.035 0.3)
(-0.9500000000000001 0.035 0.3)
(-0.9 0.035 0.3)
(-0.85 0.035 0.3)
(-0.8 0.035 0.3)
(-0.75 0.035 0.3)
(-0.7000000000000001 0.035 0.3)
(-0.65 0.03499999999999999 0.3)
(-0.6 0.035 0.3)
(-0.55 0.035 0.3)
(-0.5 0.035 0.3)
(-0.45 0.035 0.3)
(-0.4 0.035 0.3)
(-0.35 0.035 0.3)
(-0.3 0.035 0.3)
(-0.25 0.035 0.3)
(-0.2 0.035 0.3)
(-0.15 0.035 0.3)
(-0.1 0.035 0.3)
(-0.0500000000000001 0.035 0.3)
(0 0.035 0.3)
(0.0500000000000001 0.035 0.3)
(0.1000000000000001 0.035 0.3)
(0.1499999999999999 0.035 0.3)
(0.2 0.035 0.3)
(0.25 0.035 0.3)
(0.3 0.035 0.3)
(0.3500000000000001 0.035 0.3)
(0.3999999999999999 0.035 0.3)
(0.45 0.035 0.3)
(0.5 0.035 0.3)
(0.55 0.035 0.3)
(0.6 0.035 0.3)
(0.65 0.035 0.3)
(0.7000000000000001 0.035 0.3)
(0.75 0.035 0.3)
(0.8 0.035 0.3)
(0.85 0.035 0.3)
(0.9 0.035 0.3)
(0.9500000000000001 0.035 0.3)
(1 0.035 0.3)
(-1 0.04 0.3)
(-0.9500000000000001 0.04 0.3)
(-0.9 0.04 0.3)
(-0.85 0.04 0.3)
(-0.8 0.04 0.3)
(-0.75 0.04 0.3)
(-0.7000000000000001 0.04 0.3)
(-0.65 0.04 0.3)
(-0.6 0.04 0.3)
(-0.55 0.04 0.3)
(-0.5 0.04 0.3)
(-0.45 0.04 0.3)
(-0.4 0.04 0.3)
(-0.35 0.04 0.3)
(-0.3 0.04 0.3)
(-0.25 0.04 0.3)
(-0.2 0.04 0.3)
(-0.15 0.04 0.3)
(-0.09999999999999998 0.04 0.3)
(-0.05000000000000004 0.04 0.3)
(0 0.04 0.3)
(0.05000000000000004 0.04 0.3)
(0.1000000000000001 0.04 0.3)
(0.1499999999999999 0.04000000000000001 0.3)
(0.2 0.04 0.3)
(0.25 0.04 0.3)
(0.3 0.04 0.3)
(0.3500000000000001 0.04 0.3)
(0.4 0.04000000000000001 0.3)
(0.45 0.04 0.3)
(0.5 0.04 0.3)
(0.55 0.04000000000000001 0.3)
(0.6 0.04 0.3)
(0.65 0.04000000000000001 0.3)
(0.7000000000000001 0.04 0.3)
(0.75 0.04 0.3)
(0.8 0.04000000000000001 0.3)
(0.85 0.04 0.3)
(0.9 0.04 0.3)
(0.9500000000000001 0.04 0.3)
(1 0.04 0.3)
(-1 0.045 0.3)
(-0.9500000000000001 0.045 0.3)
(-0.9 0.04500000000000001 0.3)
(-0.85 0.045 0.3)
(-0.8 0.04499999999999999 0.3)
(-0.75 0.045 0.3)
(-0.7000000000000001 0.045 0.3)
(-0.65 0.045 0.3)
(-0.6 0.045 0.3)
(-0.55 0.045 0.3)
(-0.5 0.045 0.3)
(-0.45 0.04500000000000001 0.3)
(-0.4 0.045 0.3)
(-0.35 0.045 0.3)
(-0.3 0.045 0.3)
(-0.25 0.045 0.3)
(-0.2 0.045 0.3)
(-0.15 0.045 0.3)
(-0.09999999999999998 0.045 0.3)
(-0.0500000000000001 0.045 0.3)
(0 0.045 0.3)
(0.0500000000000001 0.045 0.3)
(0.1000000000000001 0.045 0.3)
(0.1499999999999999 0.045 0.3)
(0.2 0.045 0.3)
(0.25 0.045 0.3)
(0.3000000000000001 0.04500000000000001 0.3)
(0.35 0.04499999999999999 0.3)
(0.4 0.04499999999999999 0.3)
(0.45 0.045 0.3)
(0.5 0.045 0.3)
(0.55 0.045 0.3)
(0.6 0.04499999999999999 0.3)
(0.65 0.04499999999999999 0.3)
(0.7000000000000001 0.045 0.3)
(0.75 0.045 0.3)
(0.8 0.045 0.3)
(0.85 0.04500000000000001 0.3)
(0.9 0.045 0.3)
(0.9500000000000001 0.045 0.3)
(1 0.045 0.3)
(-1 0.05 0.3)
(-0.9500000000000001 0.05 0.3)
(-0.9 0.05 0.3)
(-0.85 0.05 0.3)
(-0.8 0.05 0.3)
(-0.75 0.05 0.3)
(-0.7000000000000001 0.05 0.3)
(-0.65 0.05 0.3)
(-0.6 0.05 0.3)
(-0.55 0.05 0.3)
(-0.5 0.05 0.3)
(-0.45 0.05 0.3)
(-0.4 0.05 0.3)
(-0.35 0.05 0.3)
(-0.3 0.05 0.3)
(-0.25 0.05 0.3)
(-0.2 0.05 0.3)
(-0.15 0.05 0.3)
(-0.1 0.05 0.3)
(-0.05000000000000004 0.05 0.3)
(0 0.05 0.3)
(0.05000000000000004 0.05 0.3)
(0.1000000000000001 0.05 0.3)
(0.1499999999999999 0.05 0.3)
(0.2 0.05 0.3)
(0.25 0.05 0.3)
(0.3 0.05 0.3)
(0.3500000000000001 0.05 0.3)
(0.4 0.05 0.3)
(0.45 0.05 0.3)
(0.5 0.05 0.3)
(0.55 0.05 0.3)
(0.6 0.05 0.3)
(0.65 0.05 0.3)
(0.7000000000000001 0.05 0.3)
(0.75 0.05 0.3)
(0.8 0.05 0.3)
(0.85 0.05 0.3)
(0.9 0.05 0.3)
(0.9500000000000001 0.05 0.3)
(1 0.05 0.3)
(-1 0.055 0.3)
(-0.9500000000000001 0.055 0.3)
(-0.9 0.055 0.3)
(-0.85 0.055 0.3)
(-0.8 0.055 0.3)
(-0.75 0.055 0.3)
(-0.7000000000000001 0.055 0.3)
(-0.65 0.055 0.3)
(-0.6 0.055 0.3)
(-0.55 0.05500000000000001 0.3)
(-0.5 0.055 0.3)
(-0.45 0.055 0.3)
(-0.4 0.055 0.3)
(-0.35 0.055 0.3)
(-0.3 0.055 0.3)
(-0.25 0.055 0.3)
(-0.2 0.055 0.3)
(-0.15 0.055 0.3)
(-0.09999999999999998 0.055 0.3)
(-0.05000000000000008 0.055 0.3)
(0 0.055 0.3)
(0.0500000000000001 0.055 0.3)
(0.1000000000000001 0.055 0.3)
(0.1499999999999999 0.05500000000000001 0.3)
(0.2 0.055 0.3)
(0.25 0.055 0.3)
(0.3000000000000001 0.055 0.3)
(0.3500000000000001 0.05500000000000001 0.3)
(0.3999999999999999 0.055 0.3)
(0.45 0.055 0.3)
(0.5 0.055 0.3)
(0.55 0.055 0.3)
(0.6 0.055 0.3)
(0.65 0.055 0.3)
(0.7000000000000001 0.055 0.3)
(0.75 0.055 0.3)
(0.8 0.055 0.3)
(0.85 0.055 0.3)
(0.9 0.055 0.3)
(0.9500000000000001 0.055 0.3)
(1 0.055 0.3)
(-1 0.06 0.3)
(-0.9500000000000001 0.06 0.3)
(-0.9 0.06 0.3)
(-0.85 0.06 0.3)
(-0.8 0.06 0.3)
(-0.75 0.06 0.3)
(-0.7000000000000001 0.06 0.3)
(-0.65 0.06 0.3)
(-0.6 0.06 0.3)
(-0.55 0.06 0.3)
(-0.5 0.06 0.3)
(-0.45 0.06 0.3)
(-0.4 0.06 0.3)
(-0.35 0.06 0.3)
(-0.3 0.06 0.3)
(-0.25 0.06 0.3)
(-0.2 0.06 0.3)
(-0.15 0.06 0.3)
(-0.09999999999999998 0.06 0.3000000000000001)
(-0.05000000000000004 0.06 0.3)
(0 0.06 0.3)
(0.05000000000000007 0.06 0.3)
(0.1000000000000001 0.06 0.3)
(0.1499999999999999 0.06 0.3)
(0.2 0.06 0.3)
(0.25 0.06 0.3)
(0.3 0.06 0.3)
(0.3500000000000001 0.06 0.3)
(0.3999999999999999 0.06 0.3)
(0.45 0.06 0.3)
(0.5 0.06 0.3)
(0.55 0.06 0.3)
(0.6 0.06 0.3)
(0.65 0.06 0.3)
(0.7000000000000001 0.06 0.3)
(0.75 0.06 0.3)
(0.8 0.06 0.3)
(0.85 0.06 0.3)
(0.9 0.06 0.3)
(0.9500000000000001 0.06 0.3)
(1 0.06 0.3)
(-1 0.065 0.3)
(-0.9500000000000001 0.065 0.3)
(-0.9 0.06500000000000002 0.3)
(-0.85 0.065 0.3)
(-0.8 0.06500000000000002 0.3)
(-0.75 0.065 0.3)
(-0.7000000000000001 0.065 0.3)
(-0.65 0.065 0.3)
(-0.6 0.065 0.3)
(-0.55 0.065 0.3)
(-0.5 0.065 0.3)
(-0.45 0.065 0.3)
(-0.4 0.065 0.3)
(-0.35 0.065 0.3)
(-0.3 0.065 0.3)
(-0.25 0.065 0.3)
(-0.2 0.065 0.3)
(-0.15 0.065 0.3)
(-0.1 0.06500000000000002 0.3)
(-0.0500000000000001 0.065 0.3)
(0 0.065 0.3)
(0.05000000000000011 0.065 0.3)
(0.1000000000000001 0.065 0.3)
(0.1499999999999999 0.065 0.3)
(0.2 0.065 0.3)
(0.25 0.065 0.3)
(0.3 0.065 0.3)
(0.3500000000000001 0.06500000000000002 0.3)
(0.3999999999999999 0.065 0.3)
(0.45 0.065 0.3)
(0.5 0.065 0.3)
(0.55 0.065 0.3)
(0.6 0.065 0.3)
(0.65 0.065 0.3)
(0.7000000000000001 0.065 0.3)
(0.75 0.065 0.3)
(0.8 0.065 0.3)
(0.85 0.06500000000000002 0.3)
(0.9 0.06499999999999999 0.3)
(0.9500000000000001 0.065 0.3)
(1 0.065 0.3)
(-1 0.07000000000000001 0.3)
(-0.9500000000000001 0.07000000000000001 0.3)
(-0.9 0.06999999999999999 0.3)
(-0.85 0.07000000000000001 0.3)
(-0.8 0.07000000000000001 0.3)
(-0.75 0.07000000000000001 0.3)
(-0.7000000000000001 0.06999999999999999 0.3)
(-0.65 0.06999999999999998 0.3)
(-0.6 0.07000000000000001 0.3)
(-0.55 0.07000000000000001 0.3)
(-0.5 0.07000000000000001 0.3)
(-0.45 0.07000000000000001 0.3)
(-0.4 0.07000000000000001 0.3)
(-0.35 0.07000000000000001 0.3)
(-0.3 0.07000000000000001 0.3)
(-0.25 0.07000000000000001 0.3)
(-0.2 0.06999999999999999 0.3)
(-0.15 0.07000000000000001 0.3)
(-0.09999999999999998 0.07000000000000001 0.3)
(-0.05000000000000007 0.07000000000000001 0.3)
(0 0.07000000000000001 0.3)
(0.05000000000000007 0.07000000000000001 0.3)
(0.1000000000000001 0.07000000000000001 0.3)
(0.1499999999999999 0.07000000000000001 0.3)
(0.2 0.07000000000000001 0.3)
(0.25 0.07000000000000001 0.3)
(0.3 0.07000000000000001 0.3)
(0.3500000000000001 0.07000000000000001 0.3)
(0.3999999999999999 0.07000000000000001 0.3)
(0.45 0.07000000000000001 0.3)
(0.5 0.07000000000000001 0.3)
(0.55 0.07000000000000001 0.3)
(0.6 0.07000000000000001 0.3)
(0.65 0.07000000000000001 0.3)
(0.7000000000000001 0.07000000000000001 0.3)
(0.75 0.07000000000000001 0.3)
(0.8 0.07000000000000001 0.3)
(0.85 0.07000000000000001 0.3)
(0.9 0.07000000000000001 0.3)
(0.9500000000000001 0.07000000000000001 0.3)
(1 0.07000000000000001 0.3)
(-1 0.075 0.3)
(-0.9500000000000001 0.075 0.3)
(-0.9 0.075 0.3)
(-0.85 0.075 0.3)
(-0.8 0.075 0.3)
(-0.75 0.075 0.3)
(-0.7000000000000001 0.075 0.3)
(-0.65 0.075 0.3)
(-0.6 0.075 0.3)
(-0.55 0.075 0.3)
(-0.5 0.075 0.3)
(-0.45 0.075 0.3)
(-0.4 0.075 0.3)
(-0.35 0.075 0.3)
(-0.3 0.075 0.3)
(-0.25 0.075 0.3)
(-0.2 0.075 0.3)
(-0.15 0.075 0.3)
(-0.1 0.075 0.3)
(-0.0500000000000001 0.075 0.3)
(0 0.075 0.3)
(0.0500000000000001 0.075 0.3)
(0.1000000000000001 0.075 0.3)
(0.1499999999999999 0.075 0.3)
(0.1999999999999999 0.075 0.3)
(0.25 0.075 0.3)
(0.3000000000000001 0.075 0.3)
(0.3500000000000001 0.075 0.3)
(0.3999999999999999 0.075 0.3)
(0.45 0.075 0.3)
(0.5 0.075 0.3)
(0.55 0.075 0.3)
(0.6 0.075 0.3)
(0.65 0.075 0.3)
(0.7000000000000001 0.075 0.3)
(0.75 0.075 0.3)
(0.8 0.075 0.3)
(0.85 0.075 0.3)
(0.9 0.075 0.3)
(0.9500000000000001 0.075 0.3)
(1 0.075 0.3)
(-1 0.08 0.3)
(-0.9500000000000001 0.08 0.3)
(-0.9 0.08 0.3)
(-0.85 0.08000000000000002 0.3)
(-0.8 0.08 0.3)
(-0.75 0.08 0.3)
(-0.7000000000000001 0.08 0.3)
(-0.65 0.08 0.3)
(-0.6 0.08000000000000002 0.3)
(-0.55 0.08 0.3)
(-0.5 0.08 0.3)
(-0.45 0.08 0.3)
(-0.4 0.08 0.3)
(-0.35 0.08 0.3)
(-0.3 0.08 0.3)
(-0.25 0.08 0.3)
(-0.2 0.08 0.3)
(-0.15 0.08 0.3)
(-0.1 0.08 0.3)
(-0.05000000000000007 0.08 0.3)
(0 0.08 0.3)
(0.05000000000000004 0.08 0.3)
(0.1000000000000001 0.08 0.3)
(0.1499999999999999 0.08000000000000002 0.3)
(0.1999999999999999 0.08 0.3)
(0.25 0.08 0.3)
(0.3 0.08 0.3)
(0.35 0.08 0.3)
(0.3999999999999999 0.08 0.3)
(0.45 0.08 0.3)
(0.5 0.08 0.3)
(0.55 0.08000000000000002 0.3)
(0.6000000000000002 0.08 0.3)
(0.65 0.08000000000000002 0.3)
(0.7000000000000001 0.08 0.3)
(0.75 0.08 0.3)
(0.8 0.08000000000000002 0.3)
(0.85 0.08 0.3)
(0.9 0.08 0.3)
(0.9500000000000001 0.08 0.3)
(1 0.08 0.3)
(-1 0.08500000000000001 0.3)
(-0.9500000000000001 0.08500000000000001 0.3)
(-0.9 0.08500000000000001 0.3)
(-0.85 0.08500000000000001 0.3)
(-0.8 0.08500000000000001 0.3)
(-0.75 0.08500000000000001 0.3)
(-0.7000000000000001 0.08500000000000001 0.3)
(-0.6500000000000001 0.08500000000000001 0.3)
(-0.6 0.08500000000000001 0.3)
(-0.55 0.08500000000000001 0.3)
(-0.5 0.08500000000000001 0.3)
(-0.45 0.08500000000000001 0.3)
(-0.4 0.08500000000000001 0.3)
(-0.35 0.08500000000000001 0.3)
(-0.3 0.08500000000000001 0.3)
(-0.25 0.08500000000000001 0.3)
(-0.2 0.08500000000000001 0.3)
(-0.15 0.08500000000000001 0.3)
(-0.1 0.08500000000000001 0.3)
(-0.05000000000000003 0.08500000000000001 0.3)
(0 0.08500000000000001 0.3)
(0.05000000000000003 0.08500000000000001 0.3)
(0.1000000000000001 0.08500000000000001 0.3)
(0.1499999999999999 0.08500000000000001 0.3)
(0.2 0.08500000000000001 0.3)
(0.25 0.08500000000000001 0.3)
(0.3 0.08500000000000001 0.3)
(0.35 0.08500000000000001 0.3)
(0.4 0.08500000000000001 0.3)
(0.45 0.08500000000000001 0.3)
(0.5 0.08500000000000001 0.3)
(0.55 0.08500000000000001 0.3)
(0.6 0.08500000000000001 0.3)
(0.65 0.08500000000000001 0.3)
(0.7000000000000001 0.08500000000000001 0.3)
(0.75 0.08500000000000001 0.3)
(0.8 0.08500000000000001 0.3)
(0.85 0.08500000000000001 0.3)
(0.9 0.08500000000000001 0.3)
(0.9500000000000001 0.08500000000000001 0.3)
(1 0.08500000000000001 0.3)
(-1 0.09 0.3)
(-0.9500000000000001 0.09 0.3)
(-0.9 0.09000000000000002 0.3)
(-0.85 0.09 0.3)
(-0.8 0.09 0.3)
(-0.75 0.09 0.3)
(-0.7000000000000001 0.09 0.3)
(-0.65 0.09 0.3)
(-0.6 0.09 0.3)
(-0.55 0.09 0.3)
(-0.5 0.09 0.3)
(-0.45 0.09 0.3)
(-0.4 0.09 0.3)
(-0.35 0.09 0.3)
(-0.3 0.09 0.3)
(-0.25 0.09 0.3)
(-0.2 0.09 0.3)
(-0.1499999999999999 0.09 0.3)
(-0.1 0.09 0.3)
(-0.05000000000000003 0.09 0.3)
(0 0.09 0.3)
(0.05000000000000003 0.09 0.3)
(0.1000000000000001 0.09 0.3)
(0.1499999999999999 0.09 0.3)
(0.2 0.09 0.3)
(0.25 0.09 0.3)
(0.3 0.09 0.3)
(0.3500000000000001 0.09000000000000002 0.3)
(0.4 0.08999999999999998 0.3)
(0.45 0.09 0.3)
(0.5 0.09 0.3)
(0.55 0.09 0.3)
(0.6 0.09000000000000002 0.3)
(0.65 0.08999999999999998 0.3)
(0.7000000000000001 0.09 0.3)
(0.75 0.09 0.3)
(0.8 0.09 0.3)
(0.85 0.09000000000000002 0.3)
(0.9 0.09 0.3)
(0.9500000000000001 0.09 0.3)
(1 0.09 0.3)
(-1 0.095 0.3)
(-0.9500000000000001 0.095 0.3)
(-0.9 0.095 0.3)
(-0.85 0.095 0.3)
(-0.8 0.095 0.3)
(-0.75 0.095 0.3)
(-0.7000000000000001 0.095 0.3)
(-0.65 0.095 0.3)
(-0.6 0.095 0.3)
(-0.55 0.095 0.3)
(-0.5 0.095 0.3)
(-0.45 0.095 0.3)
(-0.3999999999999999 0.095 0.3)
(-0.3500000000000001 0.095 0.3)
(-0.3 0.095 0.3)
(-0.25 0.095 0.3)
(-0.2 0.095 0.3)
(-0.15 0.095 0.3)
(-0.1 0.095 0.3)
(-0.05000000000000003 0.095 0.3)
(0 0.095 0.3)
(0.05000000000000003 0.095 0.3)
(0.1000000000000001 0.095 0.3)
(0.1499999999999999 0.095 0.3)
(0.2 0.095 0.3)
(0.25 0.095 0.3)
(0.3 0.09499999999999999 0.3)
(0.35 0.095 0.3)
(0.3999999999999999 0.095 0.3)
(0.45 0.095 0.3)
(0.5 0.095 0.3)
(0.55 0.095 0.3)
(0.6 0.095 0.3)
(0.65 0.095 0.3)
(0.7000000000000001 0.095 0.3)
(0.75 0.095 0.3)
(0.8 0.095 0.3)
(0.85 0.095 0.3)
(0.9 0.095 0.3)
(0.9500000000000001 0.095 0.3)
(1 0.095 0.3)
(-1 0.1 0.3)
(-0.9500000000000001 0.1 0.3)
(-0.9 0.1 0.3)
(-0.85 0.1 0.3)
(-0.8 0.1 0.3)
(-0.75 0.1 0.3)
(-0.7000000000000001 0.1 0.3)
(-0.65 0.1 0.3)
(-0.6 0.1 0.3)
(-0.55 0.1 0.3)
(-0.5 0.1 0.3)
(-0.45 0.1 0.3)
(-0.4 0.1 0.3)
(-0.35 0.1 0.3)
(-0.3 0.1 0.3)
(-0.25 0.1 0.3)
(-0.2 0.1 0.3)
(-0.15 0.1 0.3)
(-0.1 0.1 0.3)
(-0.05000000000000004 0.1 0.3)
(0 0.1 0.3)
(0.05000000000000004 0.1 0.3)
(0.1000000000000001 0.1 0.3)
(0.1499999999999999 0.1 0.3)
(0.2 0.1 0.3)
(0.25 0.1 0.3)
(0.3 0.1 0.3)
(0.35 0.1 0.3)
(0.4 0.1 0.3)
(0.45 0.1 0.3)
(0.5 0.1 0.3)
(0.55 0.1 0.3)
(0.6 0.1 0.3)
(0.65 0.1 0.3)
(0.7000000000000001 0.1 0.3)
(0.75 0.1 0.3)
(0.8 0.1 0.3)
(0.85 0.1 0.3)
(0.9 0.1 0.3)
(0.9500000000000001 0.1 0.3)
(1 0.1 0.3)
(-1 0 0.33)
(-0.9500000000000001 0 0.3300000000000001)
(-0.9 0 0.33)
(-0.85 0 0.33)
(-0.8 0 0.33)
(-0.75 0 0.33)
(-0.7000000000000001 0 0.33)
(-0.65 0 0.3300000000000001)
(-0.6 0 0.33)
(-0.55 0 0.33)
(-0.5 0 0.33)
(-0.45 0 0.33)
(-0.4 0 0.33)
(-0.35 0 0.33)
(-0.3 0 0.33)
(-0.25 0 0.33)
(-0.2 0 0.33)
(-0.1499999999999999 0 0.33)
(-0.1 0 0.33)
(-0.05 0 0.33)
(0 0 0.33)
(0.05 0 0.33)
(0.1000000000000001 0 0.33)
(0.1499999999999999 0 0.33)
(0.2 0 0.33)
(0.25 0 0.33)
(0.3 0 0.33)
(0.35 0 0.33)
(0.3999999999999999 0 0.33)
(0.45 0 0.33)
(0.5 0 0.33)
(0.55 0 0.33)
(0.6 0 0.3300000000000001)
(0.65 0 0.3300000000000001)
(0.7000000000000001 0 0.33)
(0.75 0 0.33)
(0.8 0 0.33)
(0.85 0 0.33)
(0.9 0 0.33)
(0.9500000000000001 0 0.33)
(1 0 0.33)
(-1 0.005 0.33)
(-0.9500000000000001 0.005 0.3300000000000001)
(-0.9 0.005 0.33)
(-0.85 0.005000000000000001 0.3300000000000001)
(-0.8 0.005 0.3300000000000001)
(-0.75 0.005000000000000001 0.3300000000000001)
(-0.7000000000000001 0.005 0.3300000000000001)
(-0.65 0.005 0.33)
(-0.6 0.005 0.33)
(-0.55 0.005 0.33)
(-0.5 0.005 0.33)
(-0.45 0.005000000000000001 0.33)
(-0.4 0.005 0.33)
(-0.35 0.005 0.33)
(-0.3 0.005 0.3300000000000001)
(-0.25 0.005 0.33)
(-0.2 0.005 0.33)
(-0.1499999999999999 0.005000000000000001 0.3300000000000001)
(-0.09999999999999998 0.005000000000000001 0.3300000000000001)
(-0.05 0.005 0.33)
(0 0.005 0.33)
(0.05 0.005 0.33)
(0.1000000000000001 0.005000000000000001 0.3300000000000001)
(0.1499999999999999 0.005000000000000001 0.3300000000000001)
(0.2 0.005 0.33)
(0.25 0.005 0.33)
(0.3 0.005000000000000001 0.33)
(0.3500000000000001 0.005000000000000001 0.3300000000000001)
(0.3999999999999999 0.005 0.33)
(0.45 0.005 0.33)
(0.5 0.005 0.33)
(0.55 0.005000000000000001 0.33)
(0.6000000000000001 0.005000000000000001 0.33)
(0.65 0.005000000000000001 0.33)
(0.7000000000000001 0.005 0.3300000000000001)
(0.75 0.005 0.3300000000000001)
(0.8 0.005000000000000001 0.3300000000000001)
(0.85 0.005 0.33)
(0.9 0.005 0.33)
(0.9500000000000001 0.005 0.33)
(1 0.005 0.33)
(-1 0.01 0.33)
(-0.9500000000000001 0.01 0.3300000000000001)
(-0.9 0.01 0.3300000000000001)
(-0.85 0.01 0.33)
(-0.8 0.01 0.33)
(-0.75 0.01 0.3300000000000001)
(-0.7000000000000001 0.01 0.3300000000000001)
(-0.65 0.01 0.33)
(-0.6 0.01 0.33)
(-0.55 0.01 0.3300000000000001)
(-0.5 0.01 0.33)
(-0.45 0.01 0.33)
(-0.4 0.01 0.33)
(-0.35 0.01 0.3300000000000001)
(-0.3000000000000001 0.009999999999999998 0.33)
(-0.2500000000000001 0.01 0.33)
(-0.2 0.01 0.33)
(-0.15 0.01 0.33)
(-0.09999999999999995 0.01 0.33)
(-0.05 0.01 0.33)
(0 0.01 0.33)
(0.05 0.01 0.33)
(0.1000000000000001 0.01 0.33)
(0.1499999999999999 0.01 0.3300000000000001)
(0.1999999999999999 0.009999999999999998 0.33)
(0.2500000000000001 0.01 0.33)
(0.3 0.01 0.33)
(0.35 0.01 0.3300000000000001)
(0.3999999999999999 0.01 0.33)
(0.45 0.01 0.33)
(0.5 0.01 0.3300000000000001)
(0.55 0.01 0.3300000000000001)
(0.6 0.01 0.33)
(0.65 0.01 0.33)
(0.7000000000000001 0.009999999999999998 0.3300000000000001)
(0.75 0.01 0.33)
(0.8 0.01 0.33)
(0.85 0.01 0.33)
(0.9 0.01 0.3300000000000001)
(0.9500000000000001 0.009999999999999998 0.33)
(1 0.01 0.33)
(-1 0.015 0.33)
(-0.9500000000000001 0.015 0.33)
(-0.9 0.015 0.3300000000000001)
(-0.85 0.015 0.33)
(-0.8 0.015 0.3300000000000001)
(-0.75 0.015 0.33)
(-0.7000000000000001 0.015 0.33)
(-0.65 0.015 0.33)
(-0.6 0.015 0.33)
(-0.55 0.015 0.3300000000000001)
(-0.5 0.015 0.33)
(-0.45 0.015 0.3300000000000001)
(-0.4 0.015 0.3300000000000001)
(-0.35 0.015 0.3300000000000001)
(-0.3 0.015 0.33)
(-0.25 0.015 0.33)
(-0.2 0.015 0.3300000000000001)
(-0.15 0.015 0.3300000000000001)
(-0.09999999999999998 0.015 0.33)
(-0.05000000000000003 0.015 0.33)
(0 0.015 0.33)
(0.05000000000000003 0.015 0.33)
(0.1000000000000001 0.015 0.33)
(0.1499999999999999 0.015 0.33)
(0.2 0.015 0.33)
(0.25 0.015 0.33)
(0.3 0.015 0.33)
(0.3500000000000001 0.015 0.3300000000000001)
(0.4 0.015 0.3300000000000001)
(0.45 0.015 0.3300000000000001)
(0.5 0.015 0.3300000000000001)
(0.55 0.015 0.3300000000000001)
(0.6 0.015 0.33)
(0.65 0.015 0.33)
(0.7000000000000001 0.015 0.33)
(0.75 0.015 0.33)
(0.8 0.015 0.3300000000000001)
(0.85 0.015 0.3300000000000001)
(0.9 0.015 0.3300000000000001)
(0.9500000000000001 0.015 0.33)
(1 0.015 0.33)
(-1 0.02 0.33)
(-0.9500000000000001 0.02 0.3300000000000001)
(-0.9 0.02 0.33)
(-0.85 0.02 0.3300000000000001)
(-0.8 0.02 0.33)
(-0.75 0.02 0.33)
(-0.7000000000000001 0.02 0.33)
(-0.65 0.02 0.33)
(-0.6 0.02 0.33)
(-0.55 0.02 0.33)
(-0.5 0.02 0.3300000000000001)
(-0.45 0.02 0.33)
(-0.4 0.02 0.3300000000000001)
(-0.35 0.02 0.33)
(-0.3 0.02 0.33)
(-0.25 0.02 0.33)
(-0.2 0.02 0.33)
(-0.15 0.02 0.3300000000000001)
(-0.09999999999999995 0.02 0.33)
(-0.05000000000000003 0.02 0.3300000000000001)
(0 0.02 0.33)
(0.05000000000000003 0.02 0.3300000000000001)
(0.1000000000000001 0.02 0.33)
(0.1499999999999999 0.02 0.3300000000000001)
(0.2 0.02 0.33)
(0.25 0.02 0.33)
(0.3 0.02 0.33)
(0.35 0.02 0.33)
(0.4 0.02 0.3300000000000001)
(0.45 0.02 0.33)
(0.5 0.02 0.3300000000000001)
(0.5500000000000003 0.02 0.33)
(0.6 0.02 0.33)
(0.65 0.02 0.33)
(0.7000000000000001 0.02 0.33)
(0.75 0.02 0.3300000000000001)
(0.8 0.02 0.33)
(0.85 0.02 0.3300000000000001)
(0.9 0.02 0.3300000000000001)
(0.9500000000000001 0.02 0.3300000000000001)
(1 0.02 0.33)
(-1 0.025 0.33)
(-0.9500000000000001 0.025 0.3300000000000001)
(-0.9 0.025 0.33)
(-0.85 0.025 0.3300000000000001)
(-0.8 0.025 0.3300000000000001)
(-0.75 0.025 0.33)
(-0.7000000000000001 0.025 0.33)
(-0.65 0.025 0.3300000000000001)
(-0.6 0.025 0.33)
(-0.55 0.025 0.3300000000000001)
(-0.5 0.025 0.33)
(-0.45 0.025 0.33)
(-0.4 0.025 0.33)
(-0.35 0.025 0.3300000000000001)
(-0.3 0.025 0.33)
(-0.25 0.025 0.33)
(-0.2 0.025 0.33)
(-0.15 0.025 0.33)
(-0.1 0.025 0.3300000000000001)
(-0.05000000000000004 0.025 0.33)
(0 0.025 0.33)
(0.05000000000000007 0.025 0.33)
(0.1000000000000001 0.025 0.33)
(0.1499999999999999 0.025 0.33)
(0.1999999999999999 0.025 0.33)
(0.25 0.025 0.33)
(0.3 0.025 0.33)
(0.35 0.025 0.3300000000000001)
(0.3999999999999999 0.025 0.33)
(0.45 0.025 0.33)
(0.5 0.025 0.33)
(0.55 0.025 0.3300000000000001)
(0.6000000000000001 0.025 0.33)
(0.6500000000000001 0.025 0.33)
(0.7000000000000001 0.025 0.33)
(0.75 0.025 0.33)
(0.8 0.025 0.3300000000000001)
(0.85 0.025 0.33)
(0.9 0.025 0.33)
(0.9500000000000001 0.025 0.33)
(1 0.025 0.33)
(-1 0.03 0.33)
(-0.9500000000000001 0.03000000000000001 0.3300000000000001)
(-0.9 0.03 0.33)
(-0.85 0.03 0.3300000000000001)
(-0.8 0.03 0.33)
(-0.75 0.03 0.33)
(-0.7000000000000001 0.03 0.3300000000000001)
(-0.65 0.03000000000000001 0.3300000000000001)
(-0.6 0.03 0.33)
(-0.55 0.03 0.3300000000000001)
(-0.5 0.03 0.33)
(-0.45 0.03 0.33)
(-0.4 0.03 0.33)
(-0.35 0.03000000000000001 0.33)
(-0.3 0.03 0.33)
(-0.25 0.03 0.3300000000000001)
(-0.2 0.03 0.33)
(-0.15 0.03000000000000001 0.33)
(-0.1 0.03 0.33)
(-0.05000000000000005 0.03 0.3300000000000001)
(0 0.03 0.33)
(0.05000000000000005 0.03000000000000001 0.3300000000000001)
(0.1000000000000001 0.03 0.3300000000000001)
(0.1499999999999999 0.03 0.33)
(0.2 0.03 0.33)
(0.25 0.03 0.3300000000000001)
(0.3 0.03 0.33)
(0.35 0.03 0.33)
(0.4 0.03 0.33)
(0.45 0.03 0.33)
(0.5 0.03 0.33)
(0.55 0.03 0.3300000000000001)
(0.6000000000000001 0.03000000000000001 0.3300000000000001)
(0.65 0.03000000000000001 0.3300000000000001)
(0.7000000000000001 0.03 0.3300000000000001)
(0.75 0.03 0.33)
(0.8 0.03 0.33)
(0.85 0.03 0.33)
(0.9 0.03000000000000001 0.3300000000000001)
(0.9500000000000001 0.03 0.33)
(1 0.03 0.33)
(-1 0.035 0.33)
(-0.9500000000000001 0.035 0.33)
(-0.9 0.035 0.33)
(-0.85 0.035 0.3300000000000001)
(-0.8 0.035 0.3300000000000001)
(-0.75 0.035 0.3300000000000001)
(-0.7000000000000001 0.035 0.33)
(-0.6500000000000001 0.035 0.3300000000000001)
(-0.6 0.035 0.33)
(-0.55 0.035 0.33)
(-0.5 0.035 0.33)
(-0.45 0.035 0.33)
(-0.4 0.03500000000000002 0.33)
(-0.35 0.035 0.33)
(-0.3 0.035 0.3300000000000001)
(-0.25 0.035 0.3300000000000001)
(-0.2 0.035 0.33)
(-0.15 0.035 0.3300000000000001)
(-0.1 0.035 0.33)
(-0.05 0.035 0.33)
(0 0.035 0.33)
(0.05000000000000001 0.035 0.33)
(0.1000000000000001 0.035 0.3300000000000001)
(0.1499999999999999 0.035 0.33)
(0.2 0.035 0.33)
(0.25 0.035 0.3300000000000001)
(0.3000000000000001 0.035 0.33)
(0.3500000000000001 0.035 0.3300000000000001)
(0.3999999999999999 0.035 0.33)
(0.45 0.035 0.33)
(0.5 0.035 0.33)
(0.55 0.035 0.33)
(0.6 0.035 0.3300000000000001)
(0.65 0.035 0.3300000000000001)
(0.7000000000000001 0.035 0.33)
(0.75 0.035 0.3300000000000001)
(0.8 0.035 0.33)
(0.85 0.035 0.33)
(0.9 0.035 0.33)
(0.9500000000000001 0.035 0.33)
(1 0.035 0.33)
(-1 0.04 0.33)
(-0.9500000000000001 0.04 0.3300000000000001)
(-0.9 0.04 0.33)
(-0.85 0.04000000000000001 0.33)
(-0.8 0.04 0.33)
(-0.75 0.04 0.3300000000000001)
(-0.7000000000000001 0.04 0.3300000000000001)
(-0.65 0.04000000000000001 0.3300000000000001)
(-0.6 0.04 0.33)
(-0.55 0.04 0.33)
(-0.5 0.04 0.33)
(-0.45 0.04 0.33)
(-0.4 0.04 0.33)
(-0.35 0.04 0.3300000000000001)
(-0.3 0.03999999999999999 0.33)
(-0.25 0.04 0.33)
(-0.2 0.04 0.33)
(-0.1499999999999999 0.04000000000000001 0.3300000000000001)
(-0.09999999999999994 0.04 0.33)
(-0.05000000000000003 0.04 0.33)
(0 0.04 0.33)
(0.05000000000000004 0.04 0.3300000000000001)
(0.1000000000000001 0.04 0.33)
(0.1499999999999999 0.04000000000000001 0.3300000000000001)
(0.2 0.04 0.33)
(0.25 0.04 0.33)
(0.3 0.04 0.33)
(0.35 0.04 0.33)
(0.3999999999999999 0.04 0.33)
(0.45 0.04 0.33)
(0.5 0.04 0.33)
(0.55 0.04000000000000001 0.33)
(0.6 0.04000000000000001 0.33)
(0.65 0.04 0.3300000000000001)
(0.7000000000000001 0.04 0.3300000000000001)
(0.75 0.04 0.3300000000000001)
(0.8 0.04000000000000001 0.33)
(0.85 0.04 0.3300000000000001)
(0.9 0.04 0.3300000000000001)
(0.9500000000000001 0.03999999999999999 0.3300000000000001)
(1 0.04 0.33)
(-1 0.045 0.33)
(-0.9500000000000001 0.04500000000000001 0.3300000000000001)
(-0.9 0.045 0.3300000000000001)
(-0.85 0.045 0.33)
(-0.8 0.045 0.33)
(-0.75 0.045 0.33)
(-0.7000000000000001 0.045 0.33)
(-0.65 0.045 0.33)
(-0.6 0.045 0.33)
(-0.5499999999999999 0.045 0.33)
(-0.5 0.045 0.3300000000000001)
(-0.45 0.04499999999999999 0.33)
(-0.4 0.045 0.33)
(-0.35 0.04500000000000001 0.3300000000000001)
(-0.3 0.04500000000000001 0.3300000000000001)
(-0.25 0.045 0.33)
(-0.2 0.045 0.33)
(-0.1499999999999999 0.045 0.33)
(-0.1 0.045 0.3300000000000001)
(-0.05000000000000004 0.045 0.33)
(0 0.045 0.33)
(0.05000000000000004 0.045 0.33)
(0.1000000000000001 0.04499999999999999 0.3300000000000001)
(0.1499999999999999 0.045 0.33)
(0.2 0.045 0.33)
(0.25 0.045 0.33)
(0.3 0.045 0.3300000000000001)
(0.35 0.045 0.3300000000000001)
(0.4 0.045 0.33)
(0.45 0.04499999999999999 0.33)
(0.5 0.04499999999999999 0.3300000000000001)
(0.5499999999999999 0.045 0.33)
(0.6 0.045 0.33)
(0.65 0.04499999999999999 0.33)
(0.7000000000000001 0.045 0.33)
(0.75 0.04499999999999999 0.3300000000000001)
(0.7999999999999998 0.04499999999999999 0.33)
(0.85 0.045 0.33)
(0.9 0.045 0.3300000000000001)
(0.9500000000000001 0.045 0.3300000000000001)
(1 0.045 0.33)
(-1 0.05 0.33)
(-0.9500000000000001 0.05 0.33)
(-0.9 0.05 0.33)
(-0.85 0.05 0.33)
(-0.8 0.05 0.33)
(-0.75 0.05 0.33)
(-0.7000000000000001 0.05 0.33)
(-0.65 0.05 0.3300000000000001)
(-0.6 0.05 0.33)
(-0.55 0.05 0.33)
(-0.5 0.05 0.33)
(-0.45 0.05 0.33)
(-0.4 0.05 0.33)
(-0.35 0.05 0.33)
(-0.3 0.05 0.33)
(-0.25 0.05 0.33)
(-0.2 0.05 0.33)
(-0.1499999999999999 0.05 0.33)
(-0.1 0.05 0.33)
(-0.05 0.05 0.33)
(0 0.05 0.33)
(0.05 0.05 0.33)
(0.1000000000000001 0.05 0.33)
(0.1499999999999999 0.05 0.33)
(0.2 0.05 0.33)
(0.25 0.05 0.33)
(0.3 0.05 0.33)
(0.35 0.05 0.33)
(0.4 0.05 0.33)
(0.45 0.05 0.33)
(0.5 0.05 0.33)
(0.55 0.05 0.33)
(0.6 0.05000000000000001 0.3300000000000001)
(0.65 0.05 0.3300000000000001)
(0.7000000000000001 0.05 0.33)
(0.75 0.05 0.33)
(0.8 0.05 0.33)
(0.85 0.05 0.33)
(0.9 0.05 0.33)
(0.9500000000000001 0.05 0.33)
(1 0.05 0.33)
(-1 0.055 0.33)
(-0.9500000000000001 0.055 0.3300000000000001)
(-0.9 0.055 0.33)
(-0.85 0.055 0.33)
(-0.8 0.055 0.33)
(-0.75 0.05500000000000001 0.3300000000000001)
(-0.7000000000000001 0.055 0.3300000000000001)
(-0.65 0.055 0.33)
(-0.6 0.055 0.33)
(-0.55 0.055 0.33)
(-0.5 0.055 0.33)
(-0.45 0.055 0.33)
(-0.4 0.055 0.3300000000000001)
(-0.35 0.05500000000000001 0.3300000000000001)
(-0.3 0.055 0.3300000000000001)
(-0.25 0.055 0.33)
(-0.2 0.05500000000000001 0.33)
(-0.1499999999999999 0.055 0.33)
(-0.1 0.055 0.3300000000000001)
(-0.05000000000000007 0.055 0.33)
(0 0.055 0.33)
(0.05000000000000007 0.05500000000000001 0.33)
(0.1000000000000001 0.055 0.3300000000000001)
(0.1499999999999999 0.05500000000000001 0.33)
(0.2 0.05500000000000001 0.33)
(0.25 0.055 0.33)
(0.3 0.055 0.3300000000000001)
(0.3500000000000001 0.05500000000000001 0.3300000000000001)
(0.3999999999999999 0.055 0.33)
(0.45 0.055 0.33)
(0.5 0.055 0.33)
(0.55 0.055 0.33)
(0.6 0.05500000000000001 0.33)
(0.65 0.05500000000000001 0.33)
(0.7000000000000001 0.055 0.33)
(0.75 0.05500000000000001 0.3300000000000001)
(0.8 0.055 0.33)
(0.85 0.055 0.33)
(0.9 0.055 0.3300000000000001)
(0.9500000000000001 0.05499999999999999 0.3300000000000001)
(1 0.055 0.33)
(-1 0.06 0.33)
(-0.9500000000000001 0.06 0.33)
(-0.9 0.06 0.33)
(-0.85 0.06 0.33)
(-0.8 0.06 0.33)
(-0.75 0.06 0.33)
(-0.7000000000000001 0.06 0.3300000000000001)
(-0.65 0.06000000000000001 0.3300000000000001)
(-0.6 0.06 0.33)
(-0.55 0.06 0.3300000000000001)
(-0.5 0.06 0.33)
(-0.45 0.06 0.33)
(-0.4 0.05999999999999999 0.33)
(-0.35 0.06000000000000001 0.33)
(-0.3 0.06 0.33)
(-0.25 0.06 0.33)
(-0.2 0.06 0.33)
(-0.15 0.05999999999999999 0.33)
(-0.09999999999999995 0.06 0.33)
(-0.05000000000000004 0.06 0.33)
(0 0.06 0.33)
(0.05000000000000004 0.06 0.3300000000000001)
(0.1000000000000001 0.06 0.33)
(0.1499999999999999 0.06 0.3300000000000001)
(0.2 0.05999999999999999 0.33)
(0.25 0.06 0.33)
(0.3 0.06 0.33)
(0.35 0.06000000000000001 0.33)
(0.3999999999999999 0.06 0.33)
(0.45 0.06 0.33)
(0.4999999999999999 0.06 0.33)
(0.55 0.06 0.33)
(0.6 0.06 0.33)
(0.65 0.06000000000000001 0.3300000000000001)
(0.7000000000000001 0.06 0.3300000000000001)
(0.75 0.06 0.33)
(0.8 0.06 0.33)
(0.85 0.05999999999999999 0.33)
(0.9 0.06 0.3300000000000001)
(0.9500000000000001 0.05999999999999999 0.33)
(1 0.06 0.33)
(-1 0.065 0.33)
(-0.9500000000000001 0.065 0.33)
(-0.9000000000000001 0.065 0.33)
(-0.85 0.06500000000000002 0.33)
(-0.8 0.06500000000000002 0.33)
(-0.75 0.06500000000000002 0.33)
(-0.7000000000000001 0.065 0.33)
(-0.6500000000000001 0.065 0.3300000000000001)
(-0.6 0.065 0.33)
(-0.55 0.065 0.33)
(-0.5 0.065 0.33)
(-0.45 0.065 0.33)
(-0.4 0.065 0.33)
(-0.35 0.065 0.33)
(-0.3 0.065 0.33)
(-0.25 0.065 0.3300000000000001)
(-0.2 0.065 0.3300000000000001)
(-0.15 0.06500000000000002 0.33)
(-0.09999999999999998 0.065 0.33)
(-0.05000000000000001 0.06500000000000002 0.33)
(0 0.065 0.33)
(0.05000000000000001 0.065 0.33)
(0.1000000000000001 0.065 0.3300000000000001)
(0.1499999999999999 0.065 0.33)
(0.2 0.065 0.3300000000000001)
(0.25 0.065 0.3300000000000001)
(0.3 0.06499999999999999 0.33)
(0.3500000000000001 0.065 0.3300000000000001)
(0.3999999999999999 0.065 0.33)
(0.45 0.065 0.33)
(0.5 0.065 0.33)
(0.55 0.065 0.33)
(0.6 0.06500000000000002 0.33)
(0.65 0.065 0.33)
(0.7000000000000001 0.065 0.33)
(0.75 0.065 0.3300000000000001)
(0.8 0.065 0.33)
(0.85 0.06500000000000002 0.33)
(0.9 0.065 0.33)
(0.9500000000000001 0.065 0.33)
(1 0.065 0.33)
(-1 0.07000000000000001 0.33)
(-0.9500000000000001 0.07000000000000001 0.33)
(-0.9 0.06999999999999999 0.33)
(-0.85 0.07000000000000001 0.3300000000000001)
(-0.8 0.07000000000000001 0.33)
(-0.75 0.06999999999999999 0.3300000000000001)
(-0.7000000000000001 0.07000000000000001 0.3300000000000001)
(-0.65 0.07000000000000001 0.3300000000000001)
(-0.6 0.07000000000000001 0.33)
(-0.55 0.07000000000000001 0.3300000000000001)
(-0.5 0.06999999999999999 0.33)
(-0.45 0.07000000000000001 0.33)
(-0.4 0.07000000000000001 0.3300000000000001)
(-0.35 0.07000000000000001 0.33)
(-0.3 0.07000000000000001 0.33)
(-0.25 0.07000000000000001 0.33)
(-0.2 0.06999999999999999 0.33)
(-0.15 0.07000000000000001 0.33)
(-0.1 0.07000000000000001 0.33)
(-0.05000000000000003 0.07000000000000001 0.33)
(0 0.07000000000000001 0.33)
(0.05000000000000003 0.07000000000000001 0.33)
(0.1000000000000001 0.07000000000000001 0.33)
(0.1499999999999999 0.07000000000000001 0.33)
(0.2 0.07000000000000001 0.33)
(0.25 0.07000000000000001 0.33)
(0.3 0.07000000000000001 0.33)
(0.35 0.07000000000000001 0.33)
(0.3999999999999999 0.07000000000000001 0.3300000000000001)
(0.45 0.06999999999999999 0.33)
(0.5 0.06999999999999999 0.33)
(0.55 0.07000000000000001 0.3300000000000001)
(0.6 0.07000000000000001 0.33)
(0.65 0.07000000000000001 0.3300000000000001)
(0.7000000000000001 0.07000000000000001 0.33)
(0.75 0.07000000000000001 0.3300000000000001)
(0.8 0.07000000000000001 0.33)
(0.85 0.07000000000000001 0.33)
(0.9 0.07000000000000001 0.33)
(0.9500000000000001 0.07000000000000001 0.3300000000000001)
(1 0.07000000000000001 0.33)
(-1 0.075 0.33)
(-0.9500000000000001 0.07500000000000001 0.3300000000000001)
(-0.9 0.075 0.33)
(-0.85 0.075 0.33)
(-0.8 0.075 0.3300000000000001)
(-0.75 0.075 0.33)
(-0.7000000000000001 0.075 0.33)
(-0.65 0.075 0.3300000000000001)
(-0.6 0.075 0.33)
(-0.55 0.075 0.33)
(-0.5 0.075 0.33)
(-0.45 0.075 0.33)
(-0.4 0.075 0.33)
(-0.35 0.075 0.33)
(-0.3 0.075 0.33)
(-0.25 0.075 0.33)
(-0.2 0.075 0.33)
(-0.15 0.075 0.33)
(-0.1 0.075 0.3300000000000001)
(-0.05000000000000007 0.075 0.33)
(0 0.075 0.33)
(0.05000000000000004 0.075 0.33)
(0.1000000000000001 0.075 0.33)
(0.1499999999999999 0.075 0.33)
(0.1999999999999999 0.075 0.33)
(0.25 0.075 0.3300000000000001)
(0.3 0.075 0.33)
(0.35 0.075 0.3300000000000001)
(0.4 0.075 0.3300000000000001)
(0.45 0.075 0.33)
(0.5 0.075 0.33)
(0.55 0.075 0.33)
(0.6 0.075 0.33)
(0.6500000000000001 0.075 0.3300000000000001)
(0.7000000000000001 0.075 0.33)
(0.75 0.075 0.33)
(0.8 0.075 0.3300000000000001)
(0.85 0.075 0.33)
(0.9 0.075 0.3300000000000001)
(0.9500000000000001 0.075 0.33)
(1 0.075 0.33)
(-1 0.08 0.3300000000000001)
(-0.9500000000000001 0.08 0.3300000000000001)
(-0.9 0.08 0.33)
(-0.85 0.08000000000000002 0.3300000000000001)
(-0.8 0.08 0.33)
(-0.75 0.08 0.33)
(-0.7000000000000001 0.08 0.33)
(-0.65 0.08000000000000002 0.3300000000000001)
(-0.6 0.08 0.33)
(-0.55 0.08 0.33)
(-0.5 0.08 0.33)
(-0.45 0.08000000000000002 0.3300000000000001)
(-0.4000000000000001 0.08000000000000002 0.3300000000000001)
(-0.35 0.08 0.33)
(-0.3 0.08 0.3300000000000001)
(-0.25 0.08 0.33)
(-0.2 0.08 0.33)
(-0.15 0.08 0.33)
(-0.1 0.08 0.33)
(-0.05000000000000007 0.08 0.3300000000000001)
(0 0.08000000000000002 0.3300000000000001)
(0.05000000000000007 0.08000000000000002 0.3300000000000001)
(0.1000000000000001 0.08 0.33)
(0.1499999999999999 0.08000000000000002 0.33)
(0.2 0.08 0.33)
(0.25 0.08 0.33)
(0.3 0.08 0.3300000000000001)
(0.35 0.08 0.33)
(0.4 0.08 0.3300000000000001)
(0.45 0.08000000000000002 0.3300000000000001)
(0.5 0.08 0.33)
(0.55 0.08000000000000002 0.33)
(0.6 0.08 0.33)
(0.65 0.08000000000000002 0.3300000000000001)
(0.7000000000000001 0.08 0.33)
(0.75 0.08 0.3300000000000001)
(0.8000000000000002 0.08000000000000002 0.3300000000000001)
(0.85 0.08 0.3300000000000001)
(0.9 0.08 0.3300000000000001)
(0.9500000000000001 0.07999999999999999 0.33)
(1 0.08 0.3300000000000001)
(-1 0.08500000000000001 0.33)
(-0.9500000000000001 0.08500000000000001 0.33)
(-0.9 0.08500000000000002 0.33)
(-0.85 0.08500000000000001 0.33)
(-0.8 0.08500000000000002 0.3300000000000001)
(-0.75 0.08500000000000001 0.33)
(-0.7000000000000001 0.08500000000000001 0.33)
(-0.65 0.08500000000000001 0.33)
(-0.6 0.08500000000000001 0.33)
(-0.55 0.08500000000000001 0.33)
(-0.5 0.08500000000000001 0.33)
(-0.45 0.08500000000000001 0.33)
(-0.4 0.08500000000000001 0.3300000000000001)
(-0.35 0.08500000000000001 0.33)
(-0.3 0.08500000000000001 0.33)
(-0.25 0.08500000000000001 0.33)
(-0.2 0.08500000000000001 0.33)
(-0.15 0.08500000000000001 0.3300000000000001)
(-0.09999999999999998 0.08500000000000001 0.33)
(-0.05000000000000003 0.08500000000000001 0.33)
(0 0.08500000000000001 0.33)
(0.05000000000000003 0.08500000000000001 0.33)
(0.1000000000000001 0.08500000000000001 0.33)
(0.1499999999999999 0.08500000000000001 0.33)
(0.2 0.08500000000000001 0.33)
(0.25 0.08500000000000001 0.33)
(0.3 0.08500000000000001 0.33)
(0.35 0.08499999999999998 0.33)
(0.4 0.08500000000000001 0.3300000000000001)
(0.45 0.08500000000000001 0.33)
(0.5 0.08500000000000001 0.33)
(0.55 0.08500000000000001 0.33)
(0.6 0.08500000000000002 0.33)
(0.65 0.08500000000000001 0.33)
(0.7000000000000001 0.08500000000000001 0.33)
(0.75 0.08500000000000001 0.33)
(0.8 0.08500000000000001 0.33)
(0.85 0.08499999999999998 0.3300000000000001)
(0.9 0.08500000000000002 0.3300000000000001)
(0.9500000000000001 0.08500000000000001 0.33)
(1 0.08500000000000001 0.33)
(-1 0.09 0.33)
(-0.9500000000000001 0.09000000000000002 0.3300000000000001)
(-0.9 0.09 0.3300000000000001)
(-0.85 0.09 0.33)
(-0.8 0.09 0.33)
(-0.75 0.09 0.33)
(-0.7000000000000001 0.09 0.33)
(-0.65 0.09 0.3300000000000001)
(-0.6 0.09 0.33)
(-0.55 0.09 0.3300000000000001)
(-0.5 0.09 0.3300000000000001)
(-0.45 0.09 0.33)
(-0.4 0.09 0.33)
(-0.35 0.09 0.3300000000000001)
(-0.3 0.09 0.33)
(-0.25 0.09 0.33)
(-0.2 0.09 0.33)
(-0.1499999999999999 0.09 0.33)
(-0.09999999999999998 0.09 0.33)
(-0.05 0.09 0.33)
(0 0.09 0.33)
(0.05 0.09 0.33)
(0.1000000000000001 0.09 0.33)
(0.1499999999999999 0.09 0.3300000000000001)
(0.2 0.09 0.33)
(0.25 0.09000000000000002 0.33)
(0.3 0.09 0.33)
(0.35 0.09 0.3300000000000001)
(0.4 0.09 0.33)
(0.45 0.09 0.33)
(0.5 0.08999999999999998 0.3300000000000001)
(0.55 0.09000000000000002 0.3300000000000001)
(0.6 0.09000000000000002 0.33)
(0.65 0.08999999999999998 0.33)
(0.7000000000000001 0.09 0.33)
(0.75 0.09000000000000002 0.33)
(0.8 0.08999999999999998 0.33)
(0.85 0.09 0.33)
(0.9 0.09 0.3300000000000001)
(0.9500000000000001 0.09 0.33)
(1 0.09 0.33)
(-1 0.095 0.33)
(-0.9500000000000001 0.095 0.3300000000000001)
(-0.9 0.095 0.33)
(-0.85 0.095 0.3300000000000001)
(-0.8 0.095 0.3300000000000001)
(-0.75 0.095 0.3300000000000001)
(-0.7000000000000001 0.095 0.3300000000000001)
(-0.65 0.09500000000000001 0.33)
(-0.6 0.095 0.3300000000000001)
(-0.55 0.095 0.33)
(-0.5 0.095 0.33)
(-0.45 0.09500000000000001 0.33)
(-0.3999999999999999 0.09500000000000001 0.3300000000000001)
(-0.35 0.095 0.33)
(-0.3 0.095 0.33)
(-0.2500000000000001 0.095 0.33)
(-0.2 0.095 0.33)
(-0.1499999999999999 0.095 0.3300000000000001)
(-0.09999999999999998 0.09500000000000001 0.33)
(-0.05 0.095 0.33)
(0 0.09499999999999999 0.33)
(0.05 0.095 0.33)
(0.1000000000000001 0.095 0.3300000000000001)
(0.1499999999999999 0.095 0.3300000000000001)
(0.2 0.09500000000000001 0.33)
(0.2500000000000001 0.095 0.33)
(0.3 0.09499999999999999 0.33)
(0.35 0.095 0.33)
(0.3999999999999999 0.095 0.33)
(0.45 0.095 0.33)
(0.5 0.09500000000000001 0.33)
(0.55 0.09499999999999999 0.33)
(0.6000000000000001 0.095 0.3300000000000001)
(0.65 0.095 0.33)
(0.7000000000000001 0.095 0.3300000000000001)
(0.75 0.095 0.3300000000000001)
(0.8 0.095 0.3300000000000001)
(0.85 0.095 0.33)
(0.9 0.095 0.33)
(0.9500000000000001 0.095 0.33)
(1 0.095 0.33)
(-1 0.1 0.33)
(-0.9500000000000001 0.1 0.3300000000000001)
(-0.9 0.1 0.33)
(-0.85 0.1 0.33)
(-0.8 0.1 0.33)
(-0.75 0.1 0.33)
(-0.7000000000000001 0.1 0.33)
(-0.65 0.1 0.3300000000000001)
(-0.6 0.1 0.33)
(-0.55 0.1 0.33)
(-0.5 0.1 0.33)
(-0.45 0.1 0.33)
(-0.4 0.1 0.33)
(-0.35 0.1 0.33)
(-0.3 0.1 0.33)
(-0.25 0.1 0.33)
(-0.2 0.1 0.33)
(-0.1499999999999999 0.1 0.33)
(-0.1 0.1 0.33)
(-0.05 0.1 0.33)
(0 0.1 0.33)
(0.05 0.1 0.33)
(0.1000000000000001 0.1 0.33)
(0.1499999999999999 0.1 0.33)
(0.2 0.1 0.33)
(0.25 0.1 0.33)
(0.3 0.1 0.33)
(0.35 0.1 0.33)
(0.4 0.1 0.33)
(0.45 0.1 0.33)
(0.5 0.1 0.33)
(0.55 0.1 0.33)
(0.6 0.1 0.3300000000000001)
(0.65 0.1 0.3300000000000001)
(0.7000000000000001 0.1 0.33)
(0.75 0.1 0.33)
(0.8 0.1 0.33)
(0.85 0.1 0.33)
(0.9 0.1 0.33)
(0.9500000000000001 0.1 0.33)
(1 0.1 0.33)
(-1 0 0.36)
(-0.9500000000000001 0 0.36)
(-0.9 0 0.3599999999999999)
(-0.85 0 0.3600000000000001)
(-0.8 0 0.36)
(-0.75 0 0.36)
(-0.7000000000000001 0 0.36)
(-0.65 0 0.3600000000000001)
(-0.6 0 0.36)
(-0.55 0 0.36)
(-0.5 0 0.36)
(-0.45 0 0.36)
(-0.4 0 0.36)
(-0.35 0 0.3600000000000001)
(-0.3 0 0.36)
(-0.25 0 0.36)
(-0.2 0 0.36)
(-0.1499999999999999 0 0.36)
(-0.1 0 0.3600000000000001)
(-0.05000000000000003 0 0.36)
(0 0 0.36)
(0.05000000000000003 0 0.36)
(0.1000000000000001 0 0.36)
(0.1499999999999999 0 0.36)
(0.2 0 0.36)
(0.25 0 0.36)
(0.3 0 0.36)
(0.35 0 0.36)
(0.4 0 0.36)
(0.45 0 0.36)
(0.5 0 0.36)
(0.55 0 0.36)
(0.6 0 0.36)
(0.65 0 0.36)
(0.7000000000000001 0 0.36)
(0.75 0 0.36)
(0.8 0 0.36)
(0.85 0 0.3600000000000001)
(0.9 0 0.36)
(0.9500000000000001 0 0.36)
(1 0 0.36)
(-1 0.005 0.3599999999999999)
(-0.9500000000000001 0.005000000000000001 0.36)
(-0.9 0.005 0.3599999999999999)
(-0.85 0.005 0.36)
(-0.8 0.005 0.3600000000000001)
(-0.75 0.005 0.36)
(-0.7000000000000001 0.005 0.36)
(-0.65 0.005 0.36)
(-0.6 0.005 0.3599999999999999)
(-0.55 0.005 0.36)
(-0.5 0.005 0.36)
(-0.45 0.005 0.36)
(-0.4 0.005 0.3600000000000001)
(-0.35 0.005 0.3599999999999999)
(-0.3 0.005 0.36)
(-0.25 0.005 0.36)
(-0.2 0.004999999999999999 0.3599999999999999)
(-0.15 0.005 0.3599999999999999)
(-0.09999999999999998 0.005000000000000001 0.36)
(-0.05 0.005 0.36)
(0 0.005 0.36)
(0.05 0.005 0.36)
(0.1000000000000001 0.005 0.3599999999999999)
(0.1499999999999999 0.005 0.3599999999999999)
(0.2 0.005 0.3599999999999999)
(0.25 0.005 0.3599999999999999)
(0.3 0.005000000000000001 0.3600000000000001)
(0.3500000000000001 0.005 0.3599999999999999)
(0.3999999999999999 0.005 0.3600000000000001)
(0.45 0.004999999999999999 0.3600000000000001)
(0.5 0.005000000000000001 0.36)
(0.55 0.005000000000000001 0.36)
(0.6 0.005 0.36)
(0.65 0.005 0.3599999999999999)
(0.7000000000000001 0.005 0.3599999999999999)
(0.75 0.005 0.36)
(0.8 0.005 0.3600000000000001)
(0.85 0.005000000000000001 0.3600000000000001)
(0.9 0.005 0.36)
(0.9500000000000001 0.005 0.36)
(1 0.005 0.3599999999999999)
(-1 0.01 0.36)
(-0.9500000000000001 0.01 0.3600000000000001)
(-0.9 0.009999999999999998 0.3600000000000001)
(-0.85 0.01 0.3600000000000001)
(-0.8 0.01 0.3600000000000001)
(-0.75 0.01 0.36)
(-0.7000000000000001 0.01 0.36)
(-0.65 0.01 0.3600000000000001)
(-0.6 0.01 0.36)
(-0.55 0.01 0.3600000000000001)
(-0.5 0.01 0.3600000000000001)
(-0.45 0.01 0.3599999999999999)
(-0.4 0.01 0.36)
(-0.35 0.01 0.3600000000000001)
(-0.3 0.01 0.3600000000000001)
(-0.2500000000000001 0.01 0.36)
(-0.2 0.01 0.3599999999999999)
(-0.15 0.01 0.3600000000000001)
(-0.1 0.009999999999999998 0.3600000000000001)
(-0.05000000000000003 0.01 0.3600000000000001)
(0 0.01 0.3600000000000001)
(0.05000000000000003 0.01 0.36)
(0.1000000000000001 0.009999999999999998 0.3600000000000001)
(0.1499999999999999 0.01 0.36)
(0.2 0.01 0.36)
(0.2500000000000001 0.01 0.36)
(0.3 0.01 0.3600000000000001)
(0.35 0.01 0.3600000000000001)
(0.3999999999999999 0.01 0.36)
(0.45 0.009999999999999998 0.36)
(0.5 0.01 0.3600000000000001)
(0.55 0.01 0.36)
(0.6000000000000001 0.01 0.3600000000000001)
(0.65 0.01 0.36)
(0.7000000000000001 0.009999999999999998 0.3600000000000001)
(0.75 0.01 0.3600000000000001)
(0.8 0.01 0.36)
(0.85 0.01 0.36)
(0.9 0.01 0.3600000000000001)
(0.9500000000000001 0.01 0.3600000000000001)
(1 0.01 0.36)
(-1 0.015 0.36)
(-0.9500000000000001 0.015 0.3600000000000001)
(-0.9 0.015 0.36)
(-0.85 0.015 0.3600000000000001)
(-0.8 0.015 0.36)
(-0.75 0.015 0.36)
(-0.7000000000000001 0.015 0.36)
(-0.65 0.015 0.3600000000000001)
(-0.6 0.015 0.36)
(-0.55 0.015 0.3600000000000001)
(-0.5 0.015 0.36)
(-0.45 0.015 0.3600000000000001)
(-0.4 0.015 0.36)
(-0.35 0.015 0.36)
(-0.3 0.015 0.36)
(-0.25 0.015 0.36)
(-0.2 0.015 0.3599999999999999)
(-0.15 0.015 0.36)
(-0.1 0.015 0.36)
(-0.05000000000000003 0.015 0.3599999999999999)
(0 0.015 0.36)
(0.05000000000000003 0.015 0.3599999999999999)
(0.1000000000000001 0.015 0.36)
(0.1499999999999999 0.015 0.36)
(0.2 0.015 0.3599999999999999)
(0.25 0.015 0.36)
(0.3 0.015 0.36)
(0.35 0.015 0.3600000000000001)
(0.4 0.015 0.3600000000000001)
(0.45 0.015 0.3600000000000001)
(0.5 0.015 0.36)
(0.55 0.015 0.3600000000000001)
(0.6 0.015 0.3600000000000001)
(0.65 0.015 0.36)
(0.7000000000000001 0.015 0.3600000000000001)
(0.75 0.015 0.36)
(0.8 0.015 0.36)
(0.85 0.015 0.3600000000000001)
(0.9 0.015 0.36)
(0.9500000000000001 0.015 0.36)
(1 0.015 0.36)
(-1 0.02 0.36)
(-0.9500000000000001 0.02 0.36)
(-0.9 0.02 0.36)
(-0.85 0.02 0.36)
(-0.8 0.02 0.36)
(-0.75 0.02 0.36)
(-0.7000000000000001 0.02 0.3599999999999999)
(-0.65 0.02 0.3599999999999999)
(-0.6 0.02 0.36)
(-0.55 0.02 0.36)
(-0.5 0.02 0.36)
(-0.45 0.02 0.36)
(-0.4 0.02 0.36)
(-0.35 0.02 0.36)
(-0.3 0.02 0.36)
(-0.2500000000000001 0.02 0.36)
(-0.2 0.02 0.36)
(-0.15 0.02 0.36)
(-0.1 0.02 0.3599999999999999)
(-0.05000000000000005 0.02 0.3600000000000001)
(0 0.02 0.36)
(0.05000000000000004 0.02 0.3600000000000001)
(0.1000000000000001 0.02 0.3599999999999999)
(0.1499999999999999 0.02 0.36)
(0.2 0.02 0.36)
(0.2500000000000001 0.02 0.36)
(0.3 0.02 0.3599999999999999)
(0.35 0.02 0.36)
(0.4 0.02 0.36)
(0.45 0.02 0.36)
(0.5 0.02 0.36)
(0.55 0.02 0.3600000000000001)
(0.6 0.02 0.3600000000000001)
(0.65 0.02 0.3600000000000001)
(0.7000000000000001 0.02 0.3600000000000001)
(0.75 0.02 0.36)
(0.8 0.02 0.36)
(0.85 0.02 0.3600000000000001)
(0.9 0.02 0.36)
(0.9500000000000001 0.02 0.36)
(1 0.02 0.36)
(-1 0.025 0.36)
(-0.9500000000000001 0.025 0.36)
(-0.9 0.025 0.36)
(-0.85 0.025 0.3600000000000001)
(-0.8 0.025 0.3600000000000001)
(-0.75 0.025 0.36)
(-0.7000000000000001 0.025 0.36)
(-0.65 0.025 0.36)
(-0.6 0.025 0.36)
(-0.55 0.025 0.36)
(-0.5 0.025 0.36)
(-0.45 0.025 0.36)
(-0.4 0.025 0.36)
(-0.35 0.025 0.36)
(-0.3 0.025 0.3600000000000001)
(-0.25 0.025 0.36)
(-0.2 0.025 0.36)
(-0.15 0.025 0.36)
(-0.1 0.025 0.3600000000000001)
(-0.05000000000000007 0.025 0.36)
(0 0.025 0.36)
(0.05000000000000007 0.025 0.36)
(0.1000000000000001 0.025 0.3599999999999999)
(0.1499999999999999 0.025 0.36)
(0.2 0.025 0.36)
(0.2500000000000001 0.025 0.36)
(0.3 0.025 0.36)
(0.35 0.025 0.36)
(0.4 0.025 0.36)
(0.45 0.025 0.36)
(0.5 0.025 0.36)
(0.55 0.025 0.36)
(0.6000000000000001 0.025 0.3600000000000001)
(0.65 0.025 0.36)
(0.7000000000000001 0.025 0.36)
(0.75 0.025 0.36)
(0.8 0.025 0.36)
(0.85 0.025 0.36)
(0.9 0.025 0.36)
(0.9500000000000001 0.025 0.36)
(1 0.025 0.36)
(-1 0.03 0.36)
(-0.9500000000000001 0.03 0.3599999999999999)
(-0.9 0.03 0.3600000000000001)
(-0.85 0.03 0.36)
(-0.8 0.03000000000000001 0.36)
(-0.75 0.03000000000000001 0.36)
(-0.7000000000000001 0.03 0.36)
(-0.65 0.03 0.3599999999999999)
(-0.6 0.03 0.3599999999999999)
(-0.55 0.03 0.3600000000000001)
(-0.5 0.03 0.36)
(-0.45 0.03 0.3599999999999999)
(-0.4 0.03000000000000001 0.36)
(-0.35 0.03 0.36)
(-0.3 0.03 0.3599999999999999)
(-0.25 0.03 0.36)
(-0.2 0.03 0.3600000000000001)
(-0.15 0.03 0.36)
(-0.09999999999999996 0.03 0.36)
(-0.05000000000000001 0.03 0.36)
(0 0.03 0.36)
(0.05000000000000001 0.03 0.36)
(0.1000000000000001 0.03 0.36)
(0.1499999999999999 0.03 0.3599999999999999)
(0.2 0.03 0.36)
(0.25 0.03 0.36)
(0.3 0.03 0.3599999999999999)
(0.35 0.03 0.3599999999999999)
(0.4 0.03 0.36)
(0.45 0.03 0.3599999999999999)
(0.5 0.03 0.36)
(0.55 0.03 0.3600000000000001)
(0.6 0.03 0.3599999999999999)
(0.65 0.03 0.3599999999999999)
(0.7000000000000001 0.03 0.36)
(0.75 0.03 0.36)
(0.8 0.03000000000000001 0.3599999999999999)
(0.85 0.03000000000000001 0.3600000000000001)
(0.9 0.03000000000000001 0.3600000000000001)
(0.9500000000000001 0.03 0.3599999999999999)
(1 0.03 0.36)
(-1 0.035 0.36)
(-0.9500000000000001 0.035 0.3599999999999999)
(-0.9 0.035 0.36)
(-0.85 0.035 0.36)
(-0.8 0.035 0.3600000000000001)
(-0.75 0.035 0.36)
(-0.7000000000000001 0.035 0.36)
(-0.65 0.035 0.36)
(-0.6 0.035 0.36)
(-0.55 0.035 0.36)
(-0.5 0.035 0.36)
(-0.45 0.035 0.3600000000000001)
(-0.4 0.035 0.36)
(-0.35 0.035 0.36)
(-0.3 0.035 0.36)
(-0.25 0.035 0.36)
(-0.2 0.035 0.36)
(-0.15 0.035 0.3600000000000001)
(-0.1 0.035 0.36)
(-0.05000000000000007 0.035 0.3599999999999999)
(0 0.035 0.36)
(0.05000000000000007 0.035 0.3599999999999999)
(0.1000000000000001 0.035 0.36)
(0.1499999999999999 0.035 0.3600000000000001)
(0.2 0.035 0.36)
(0.25 0.035 0.36)
(0.3 0.035 0.36)
(0.35 0.035 0.36)
(0.4 0.035 0.36)
(0.45 0.035 0.3600000000000001)
(0.5 0.035 0.36)
(0.55 0.035 0.36)
(0.6 0.035 0.36)
(0.65 0.035 0.36)
(0.7000000000000001 0.035 0.36)
(0.75 0.035 0.3600000000000001)
(0.8 0.035 0.3600000000000001)
(0.85 0.035 0.36)
(0.9 0.035 0.36)
(0.9500000000000001 0.035 0.3599999999999999)
(1 0.035 0.36)
(-1 0.04 0.36)
(-0.9500000000000001 0.04000000000000001 0.3600000000000001)
(-0.9 0.03999999999999999 0.3599999999999999)
(-0.85 0.04 0.36)
(-0.8 0.04 0.3599999999999999)
(-0.75 0.04 0.36)
(-0.7000000000000001 0.04 0.3599999999999999)
(-0.65 0.04 0.3599999999999999)
(-0.6 0.04 0.3599999999999999)
(-0.55 0.04 0.3599999999999999)
(-0.5 0.04 0.36)
(-0.45 0.04 0.36)
(-0.4 0.04 0.3600000000000001)
(-0.35 0.04 0.36)
(-0.3 0.04 0.3600000000000001)
(-0.25 0.04 0.36)
(-0.2 0.03999999999999999 0.36)
(-0.15 0.04 0.36)
(-0.09999999999999998 0.04 0.36)
(-0.05000000000000003 0.04 0.3600000000000001)
(0 0.04 0.36)
(0.05000000000000004 0.04 0.3600000000000001)
(0.1000000000000001 0.04 0.36)
(0.1499999999999999 0.03999999999999999 0.3600000000000001)
(0.2 0.04 0.36)
(0.25 0.04 0.36)
(0.3 0.04000000000000001 0.3600000000000001)
(0.35 0.04 0.36)
(0.4 0.04000000000000001 0.3600000000000001)
(0.45 0.03999999999999999 0.36)
(0.5 0.04000000000000001 0.36)
(0.55 0.04000000000000001 0.3599999999999999)
(0.6000000000000001 0.04 0.3599999999999999)
(0.65 0.04000000000000001 0.3599999999999999)
(0.7000000000000001 0.03999999999999999 0.3599999999999999)
(0.75 0.04 0.3600000000000001)
(0.8 0.04 0.3599999999999999)
(0.85 0.04 0.3600000000000001)
(0.9 0.04 0.3599999999999999)
(0.9500000000000001 0.04 0.3600000000000001)
(1 0.04 0.36)
(-1 0.045 0.36)
(-0.9500000000000001 0.045 0.3600000000000001)
(-0.9 0.045 0.36)
(-0.85 0.045 0.36)
(-0.8 0.045 0.3600000000000001)
(-0.75 0.045 0.36)
(-0.7000000000000001 0.045 0.36)
(-0.65 0.04499999999999999 0.36)
(-0.6 0.04499999999999999 0.3599999999999999)
(-0.55 0.045 0.36)
(-0.5 0.045 0.36)
(-0.45 0.045 0.3600000000000001)
(-0.4 0.045 0.36)
(-0.35 0.04500000000000001 0.3600000000000001)
(-0.3 0.045 0.3600000000000001)
(-0.25 0.045 0.36)
(-0.2 0.045 0.36)
(-0.1499999999999999 0.045 0.3600000000000001)
(-0.1 0.045 0.3600000000000001)
(-0.05000000000000007 0.045 0.36)
(0 0.04500000000000001 0.36)
(0.05000000000000004 0.045 0.36)
(0.1000000000000001 0.045 0.36)
(0.1499999999999999 0.045 0.3600000000000001)
(0.2 0.04500000000000001 0.36)
(0.25 0.045 0.36)
(0.3000000000000001 0.045 0.3600000000000001)
(0.35 0.04500000000000001 0.36)
(0.3999999999999999 0.04499999999999999 0.36)
(0.45 0.045 0.3600000000000001)
(0.5 0.045 0.3599999999999999)
(0.55 0.045 0.3599999999999999)
(0.6 0.045 0.36)
(0.65 0.04499999999999999 0.36)
(0.7000000000000001 0.045 0.36)
(0.75 0.04499999999999999 0.36)
(0.8 0.04499999999999999 0.3600000000000001)
(0.85 0.045 0.3600000000000001)
(0.9 0.04500000000000001 0.36)
(0.9500000000000001 0.045 0.3600000000000001)
(1 0.045 0.36)
(-1 0.05 0.36)
(-0.9500000000000001 0.05000000000000001 0.36)
(-0.9 0.05 0.36)
(-0.85 0.05 0.3600000000000001)
(-0.8 0.05 0.3600000000000001)
(-0.75 0.05 0.36)
(-0.7000000000000001 0.05 0.36)
(-0.65 0.05 0.3600000000000001)
(-0.6 0.05 0.36)
(-0.55 0.05 0.36)
(-0.5 0.05 0.36)
(-0.45 0.05 0.36)
(-0.4 0.05 0.36)
(-0.35 0.05 0.3600000000000001)
(-0.3 0.05 0.36)
(-0.25 0.05 0.36)
(-0.2 0.05 0.36)
(-0.1499999999999999 0.05 0.36)
(-0.1 0.05 0.3600000000000001)
(-0.05000000000000003 0.05 0.36)
(0 0.05 0.36)
(0.05000000000000003 0.05 0.36)
(0.1000000000000001 0.05 0.36)
(0.1499999999999999 0.05 0.36)
(0.2 0.05 0.36)
(0.25 0.05 0.36)
(0.3 0.05 0.36)
(0.35 0.05 0.36)
(0.4 0.05 0.36)
(0.45 0.05 0.36)
(0.5 0.05 0.36)
(0.55 0.05 0.36)
(0.6 0.05 0.36)
(0.65 0.05 0.36)
(0.7000000000000001 0.05 0.36)
(0.75 0.05 0.36)
(0.8 0.05 0.36)
(0.85 0.05 0.3600000000000001)
(0.9 0.05 0.36)
(0.9500000000000001 0.05 0.36)
(1 0.05 0.36)
(-1 0.055 0.36)
(-0.9500000000000001 0.055 0.36)
(-0.9 0.055 0.36)
(-0.85 0.055 0.36)
(-0.8 0.055 0.36)
(-0.75 0.055 0.36)
(-0.7000000000000001 0.055 0.3599999999999999)
(-0.65 0.055 0.36)
(-0.6 0.055 0.3599999999999999)
(-0.55 0.05500000000000001 0.3599999999999999)
(-0.5 0.055 0.36)
(-0.45 0.055 0.3600000000000001)
(-0.4 0.055 0.36)
(-0.35 0.055 0.36)
(-0.3 0.055 0.36)
(-0.25 0.055 0.36)
(-0.2 0.055 0.36)
(-0.1499999999999999 0.055 0.3600000000000001)
(-0.1 0.055 0.3599999999999999)
(-0.05000000000000008 0.055 0.3599999999999999)
(0 0.055 0.36)
(0.05000000000000007 0.05500000000000001 0.3599999999999999)
(0.1000000000000001 0.055 0.3599999999999999)
(0.1499999999999999 0.055 0.3600000000000001)
(0.2 0.05500000000000001 0.36)
(0.25 0.055 0.36)
(0.3 0.055 0.36)
(0.35 0.055 0.36)
(0.3999999999999999 0.055 0.36)
(0.45 0.055 0.36)
(0.5 0.05500000000000001 0.36)
(0.55 0.05500000000000001 0.3599999999999999)
(0.6 0.05500000000000001 0.3599999999999999)
(0.65 0.05500000000000001 0.36)
(0.7000000000000001 0.055 0.36)
(0.75 0.05500000000000001 0.36)
(0.8 0.055 0.3600000000000001)
(0.85 0.05500000000000001 0.3600000000000001)
(0.9 0.055 0.3599999999999999)
(0.9500000000000001 0.055 0.36)
(1 0.055 0.36)
(-1 0.06 0.36)
(-0.9500000000000001 0.06 0.3600000000000001)
(-0.9 0.06 0.36)
(-0.85 0.05999999999999998 0.36)
(-0.8 0.06 0.3599999999999999)
(-0.7500000000000001 0.06 0.36)
(-0.7000000000000001 0.06 0.3599999999999999)
(-0.65 0.06 0.36)
(-0.6 0.06 0.36)
(-0.55 0.05999999999999999 0.3599999999999999)
(-0.5 0.06 0.36)
(-0.45 0.06 0.36)
(-0.4 0.06000000000000001 0.3600000000000001)
(-0.35 0.06 0.36)
(-0.3 0.06 0.36)
(-0.25 0.06 0.36)
(-0.2 0.06 0.36)
(-0.15 0.06 0.3600000000000001)
(-0.09999999999999998 0.06000000000000001 0.36)
(-0.05000000000000003 0.06 0.3600000000000001)
(0 0.06 0.36)
(0.05000000000000004 0.06 0.3600000000000001)
(0.1000000000000001 0.06 0.36)
(0.1499999999999999 0.06 0.3600000000000001)
(0.2 0.06 0.36)
(0.2500000000000001 0.06 0.36)
(0.3 0.06 0.36)
(0.35 0.05999999999999999 0.36)
(0.4 0.06 0.3600000000000001)
(0.45 0.05999999999999999 0.3599999999999999)
(0.5 0.06 0.36)
(0.55 0.06 0.3599999999999999)
(0.6 0.06 0.3599999999999999)
(0.65 0.06 0.36)
(0.7000000000000001 0.06 0.3599999999999999)
(0.75 0.06 0.3600000000000001)
(0.8 0.06000000000000001 0.36)
(0.85 0.05999999999999999 0.3600000000000001)
(0.9 0.06 0.3599999999999999)
(0.9500000000000001 0.05999999999999999 0.3600000000000001)
(1 0.06 0.36)
(-1 0.065 0.36)
(-0.9500000000000001 0.065 0.3599999999999999)
(-0.9 0.065 0.36)
(-0.85 0.06500000000000002 0.36)
(-0.8 0.065 0.3600000000000001)
(-0.75 0.065 0.36)
(-0.7000000000000001 0.065 0.36)
(-0.65 0.06500000000000002 0.36)
(-0.6 0.06500000000000002 0.36)
(-0.55 0.06500000000000002 0.36)
(-0.5 0.065 0.36)
(-0.45 0.065 0.36)
(-0.4 0.06500000000000002 0.3599999999999999)
(-0.35 0.065 0.36)
(-0.3 0.065 0.36)
(-0.25 0.065 0.36)
(-0.2 0.065 0.36)
(-0.1499999999999999 0.065 0.3600000000000001)
(-0.1 0.065 0.36)
(-0.05000000000000007 0.065 0.3599999999999999)
(0 0.065 0.36)
(0.05000000000000007 0.065 0.3599999999999999)
(0.1000000000000001 0.065 0.36)
(0.1499999999999999 0.06499999999999999 0.3600000000000001)
(0.2 0.065 0.36)
(0.25 0.065 0.36)
(0.3 0.06499999999999999 0.3599999999999999)
(0.35 0.065 0.36)
(0.3999999999999999 0.065 0.3599999999999999)
(0.45 0.065 0.36)
(0.5 0.065 0.36)
(0.55 0.065 0.36)
(0.6 0.06500000000000002 0.3599999999999999)
(0.65 0.065 0.36)
(0.7000000000000001 0.06500000000000002 0.36)
(0.75 0.065 0.3599999999999999)
(0.8 0.065 0.3600000000000001)
(0.85 0.06500000000000002 0.36)
(0.9 0.065 0.3599999999999999)
(0.9500000000000001 0.065 0.3599999999999999)
(1 0.065 0.36)
(-1 0.07000000000000001 0.36)
(-0.9500000000000001 0.07000000000000001 0.3599999999999999)
(-0.9 0.06999999999999999 0.3600000000000001)
(-0.85 0.07000000000000001 0.36)
(-0.8 0.07000000000000001 0.3599999999999999)
(-0.75 0.07000000000000001 0.36)
(-0.7000000000000001 0.07000000000000001 0.3600000000000001)
(-0.65 0.07000000000000001 0.36)
(-0.6 0.07000000000000001 0.36)
(-0.55 0.06999999999999999 0.3600000000000001)
(-0.5 0.07000000000000001 0.36)
(-0.45 0.07000000000000001 0.3599999999999999)
(-0.4 0.07000000000000001 0.36)
(-0.35 0.07000000000000001 0.36)
(-0.3 0.07000000000000001 0.3599999999999999)
(-0.25 0.07000000000000001 0.36)
(-0.2 0.06999999999999999 0.3600000000000001)
(-0.1499999999999999 0.07000000000000001 0.36)
(-0.1 0.07000000000000001 0.36)
(-0.05000000000000004 0.07000000000000001 0.36)
(0 0.07000000000000001 0.36)
(0.05000000000000003 0.07000000000000001 0.36)
(0.1000000000000001 0.07000000000000001 0.36)
(0.1499999999999999 0.07000000000000001 0.36)
(0.2 0.07000000000000001 0.3600000000000001)
(0.25 0.07000000000000001 0.36)
(0.3 0.06999999999999999 0.36)
(0.35 0.06999999999999999 0.3600000000000001)
(0.3999999999999999 0.07000000000000001 0.36)
(0.45 0.07000000000000001 0.3599999999999999)
(0.5 0.07000000000000001 0.3599999999999999)
(0.55 0.07000000000000001 0.3600000000000001)
(0.6 0.07000000000000001 0.3599999999999999)
(0.65 0.07000000000000001 0.3599999999999999)
(0.7000000000000001 0.07000000000000001 0.3600000000000001)
(0.75 0.07000000000000001 0.36)
(0.8 0.07000000000000001 0.3599999999999999)
(0.85 0.07000000000000001 0.3600000000000001)
(0.9 0.07000000000000001 0.3600000000000001)
(0.9500000000000001 0.07000000000000001 0.3599999999999999)
(1 0.07000000000000001 0.36)
(-1 0.075 0.36)
(-0.9500000000000001 0.075 0.36)
(-0.9 0.075 0.36)
(-0.85 0.075 0.3600000000000001)
(-0.8 0.075 0.36)
(-0.75 0.075 0.36)
(-0.7000000000000001 0.075 0.36)
(-0.65 0.075 0.36)
(-0.6 0.075 0.36)
(-0.55 0.075 0.36)
(-0.5 0.075 0.36)
(-0.45 0.075 0.36)
(-0.4 0.075 0.36)
(-0.35 0.075 0.36)
(-0.3 0.075 0.3600000000000001)
(-0.25 0.075 0.36)
(-0.2 0.075 0.36)
(-0.15 0.075 0.36)
(-0.1 0.075 0.36)
(-0.05000000000000007 0.075 0.36)
(0 0.075 0.36)
(0.05000000000000007 0.075 0.36)
(0.1000000000000001 0.075 0.36)
(0.1499999999999999 0.075 0.36)
(0.2 0.07500000000000001 0.36)
(0.25 0.075 0.36)
(0.3 0.075 0.36)
(0.35 0.075 0.36)
(0.4 0.075 0.36)
(0.45 0.075 0.36)
(0.5 0.075 0.36)
(0.55 0.075 0.36)
(0.6000000000000001 0.075 0.3600000000000001)
(0.65 0.075 0.3599999999999999)
(0.7000000000000001 0.075 0.36)
(0.75 0.075 0.36)
(0.8 0.075 0.36)
(0.85 0.075 0.3600000000000001)
(0.9 0.075 0.36)
(0.9500000000000001 0.07500000000000001 0.36)
(1 0.075 0.36)
(-1 0.08 0.36)
(-0.9500000000000001 0.08000000000000002 0.36)
(-0.9 0.08 0.36)
(-0.85 0.08 0.36)
(-0.8 0.08000000000000002 0.36)
(-0.75 0.08 0.36)
(-0.7000000000000001 0.08 0.3600000000000001)
(-0.6500000000000001 0.08 0.3600000000000001)
(-0.6 0.08 0.36)
(-0.55 0.08 0.3600000000000001)
(-0.5000000000000001 0.08000000000000002 0.36)
(-0.45 0.08 0.36)
(-0.4 0.08 0.36)
(-0.35 0.08 0.36)
(-0.3 0.08 0.36)
(-0.2500000000000001 0.08 0.36)
(-0.2 0.08000000000000002 0.3599999999999999)
(-0.15 0.08 0.36)
(-0.1 0.08 0.3599999999999999)
(-0.05000000000000004 0.08 0.3600000000000001)
(0 0.08 0.36)
(0.05000000000000003 0.08000000000000002 0.3600000000000001)
(0.1000000000000001 0.07999999999999999 0.3599999999999999)
(0.1499999999999999 0.08 0.36)
(0.2 0.08 0.3599999999999999)
(0.2500000000000001 0.08 0.36)
(0.3 0.08 0.3599999999999999)
(0.35 0.08 0.36)
(0.4 0.08 0.3599999999999999)
(0.45 0.07999999999999999 0.36)
(0.5000000000000001 0.08000000000000002 0.3599999999999999)
(0.55 0.08000000000000002 0.3600000000000001)
(0.6000000000000001 0.08 0.3600000000000001)
(0.65 0.08000000000000002 0.3600000000000001)
(0.7000000000000001 0.08 0.3600000000000001)
(0.7500000000000001 0.08 0.36)
(0.8 0.08000000000000002 0.36)
(0.85 0.08 0.3600000000000001)
(0.9 0.08000000000000002 0.36)
(0.9500000000000001 0.08 0.36)
(1 0.08 0.36)
(-1 0.08500000000000001 0.36)
(-0.9500000000000001 0.08500000000000001 0.36)
(-0.9 0.08500000000000001 0.36)
(-0.85 0.08500000000000001 0.36)
(-0.8 0.08500000000000001 0.36)
(-0.75 0.08500000000000001 0.36)
(-0.7000000000000001 0.08500000000000001 0.3600000000000001)
(-0.65 0.08500000000000001 0.36)
(-0.6 0.08500000000000001 0.36)
(-0.55 0.08500000000000001 0.36)
(-0.5 0.08500000000000001 0.36)
(-0.45 0.08500000000000001 0.3600000000000001)
(-0.4 0.08500000000000001 0.3600000000000001)
(-0.35 0.08500000000000001 0.36)
(-0.3 0.08500000000000001 0.36)
(-0.25 0.08500000000000001 0.36)
(-0.2 0.08500000000000001 0.3599999999999999)
(-0.15 0.08500000000000001 0.36)
(-0.1 0.08500000000000001 0.36)
(-0.05000000000000004 0.08500000000000001 0.3599999999999999)
(0 0.08500000000000001 0.36)
(0.05000000000000003 0.08500000000000001 0.3599999999999999)
(0.1000000000000001 0.08500000000000001 0.36)
(0.1499999999999999 0.08500000000000001 0.36)
(0.2 0.08500000000000001 0.3599999999999999)
(0.25 0.08500000000000001 0.36)
(0.3 0.08500000000000001 0.36)
(0.35 0.08500000000000001 0.36)
(0.4 0.08500000000000001 0.36)
(0.45 0.08500000000000001 0.3600000000000001)
(0.5 0.08500000000000001 0.36)
(0.55 0.08500000000000002 0.3600000000000001)
(0.6 0.08500000000000001 0.3600000000000001)
(0.65 0.08500000000000001 0.3599999999999999)
(0.7000000000000001 0.08500000000000001 0.36)
(0.75 0.08500000000000001 0.3600000000000001)
(0.8 0.08500000000000001 0.36)
(0.85 0.08500000000000001 0.3600000000000001)
(0.9 0.08500000000000001 0.3599999999999999)
(0.9500000000000001 0.08500000000000001 0.3600000000000001)
(1 0.08500000000000001 0.36)
(-1 0.09 0.36)
(-0.9500000000000001 0.09 0.3600000000000001)
(-0.9 0.09 0.3600000000000001)
(-0.85 0.09 0.3600000000000001)
(-0.8 0.09 0.36)
(-0.75 0.09 0.36)
(-0.7000000000000001 0.09 0.36)
(-0.65 0.09 0.3600000000000001)
(-0.6 0.09 0.3600000000000001)
(-0.55 0.09 0.3600000000000001)
(-0.5 0.09 0.3600000000000001)
(-0.45 0.09 0.3599999999999999)
(-0.4 0.09 0.36)
(-0.35 0.09 0.3600000000000001)
(-0.3 0.08999999999999998 0.3600000000000001)
(-0.25 0.09 0.36)
(-0.2 0.09 0.3599999999999999)
(-0.1499999999999999 0.09 0.36)
(-0.1000000000000001 0.09 0.36)
(-0.05000000000000003 0.09 0.3600000000000001)
(0 0.09000000000000002 0.36)
(0.05000000000000004 0.09 0.36)
(0.1000000000000001 0.09 0.3600000000000001)
(0.1499999999999999 0.09 0.3599999999999999)
(0.2 0.09000000000000002 0.36)
(0.25 0.09 0.36)
(0.3 0.09 0.3600000000000001)
(0.35 0.09000000000000002 0.36)
(0.4 0.09 0.36)
(0.45 0.09 0.36)
(0.5 0.09000000000000002 0.3600000000000001)
(0.55 0.09 0.36)
(0.6 0.09000000000000002 0.3600000000000001)
(0.65 0.08999999999999998 0.3599999999999999)
(0.7000000000000001 0.09 0.3600000000000001)
(0.75 0.09 0.36)
(0.8 0.09 0.3599999999999999)
(0.85 0.09 0.36)
(0.9 0.09000000000000002 0.3600000000000001)
(0.9500000000000001 0.09 0.36)
(1 0.09 0.36)
(-1 0.095 0.36)
(-0.9500000000000001 0.095 0.36)
(-0.9 0.095 0.36)
(-0.85 0.095 0.36)
(-0.8 0.095 0.3600000000000001)
(-0.75 0.095 0.36)
(-0.7000000000000001 0.09499999999999999 0.36)
(-0.65 0.095 0.36)
(-0.6 0.095 0.36)
(-0.55 0.09499999999999999 0.36)
(-0.5 0.095 0.36)
(-0.45 0.095 0.3600000000000001)
(-0.3999999999999999 0.095 0.3600000000000001)
(-0.35 0.095 0.36)
(-0.3 0.09499999999999999 0.36)
(-0.25 0.095 0.36)
(-0.2 0.095 0.3599999999999999)
(-0.1499999999999999 0.095 0.36)
(-0.1 0.095 0.36)
(-0.05 0.095 0.3600000000000001)
(0 0.095 0.36)
(0.05 0.095 0.3600000000000001)
(0.1000000000000001 0.09499999999999999 0.36)
(0.1499999999999999 0.095 0.36)
(0.2 0.095 0.36)
(0.25 0.095 0.36)
(0.3 0.09499999999999999 0.36)
(0.35 0.09499999999999999 0.3600000000000001)
(0.4 0.09500000000000001 0.3600000000000001)
(0.45 0.095 0.3600000000000001)
(0.5 0.09499999999999999 0.3600000000000001)
(0.55 0.095 0.36)
(0.6 0.095 0.3600000000000001)
(0.65 0.095 0.3599999999999999)
(0.7000000000000001 0.09499999999999999 0.36)
(0.75 0.095 0.36)
(0.8 0.095 0.3600000000000001)
(0.85 0.095 0.3600000000000001)
(0.9 0.095 0.3600000000000001)
(0.9500000000000001 0.09499999999999999 0.36)
(1 0.095 0.36)
(-1 0.1 0.36)
(-0.9500000000000001 0.1 0.36)
(-0.9 0.1 0.36)
(-0.85 0.1 0.3600000000000001)
(-0.8 0.1 0.36)
(-0.75 0.1 0.36)
(-0.7000000000000001 0.1 0.36)
(-0.65 0.1 0.3600000000000001)
(-0.6 0.1 0.36)
(-0.55 0.1 0.36)
(-0.5 0.1 0.36)
(-0.45 0.1 0.36)
(-0.4 0.1 0.36)
(-0.35 0.1 0.3600000000000001)
(-0.3 0.1 0.36)
(-0.25 0.1 0.36)
(-0.2 0.1 0.36)
(-0.1499999999999999 0.1 0.36)
(-0.1 0.1 0.3600000000000001)
(-0.05000000000000003 0.1 0.36)
(0 0.1 0.36)
(0.05000000000000003 0.1 0.36)
(0.1000000000000001 0.1 0.36)
(0.1499999999999999 0.1 0.36)
(0.2 0.1 0.36)
(0.25 0.1 0.36)
(0.3 0.1 0.36)
(0.35 0.1 0.36)
(0.4 0.1 0.36)
(0.45 0.1 0.36)
(0.5 0.1 0.36)
(0.55 0.1 0.36)
(0.6 0.1 0.36)
(0.65 0.1 0.36)
(0.7000000000000001 0.1 0.36)
(0.75 0.1 0.36)
(0.8 0.1 0.36)
(0.85 0.1 0.3600000000000001)
(0.9 0.1 0.3599999999999999)
(0.9500000000000001 0.1 0.36)
(1 0.1 0.36)
(-1 0 0.39)
(-0.9500000000000001 0 0.39)
(-0.9 0 0.39)
(-0.85 0 0.39)
(-0.8 0 0.39)
(-0.75 0 0.39)
(-0.7000000000000001 0 0.39)
(-0.65 0 0.39)
(-0.6 0 0.39)
(-0.55 0 0.39)
(-0.5 0 0.39)
(-0.45 0 0.39)
(-0.4 0 0.39)
(-0.35 0 0.39)
(-0.3 0 0.39)
(-0.25 0 0.39)
(-0.2 0 0.39)
(-0.15 0 0.39)
(-0.1 0 0.3900000000000001)
(-0.0500000000000001 0 0.39)
(0 0 0.39)
(0.0500000000000001 0 0.3900000000000001)
(0.1000000000000001 0 0.39)
(0.1499999999999999 0 0.39)
(0.2 0 0.39)
(0.25 0 0.39)
(0.3 0 0.39)
(0.35 0 0.39)
(0.4 0 0.39)
(0.45 0 0.39)
(0.5 0 0.39)
(0.55 0 0.3900000000000001)
(0.6 0 0.39)
(0.65 0 0.39)
(0.7000000000000001 0 0.39)
(0.75 0 0.39)
(0.8 0 0.3900000000000001)
(0.85 0 0.39)
(0.9 0 0.39)
(0.9500000000000001 0 0.39)
(1 0 0.39)
(-1 0.005 0.39)
(-0.9500000000000001 0.005 0.39)
(-0.9 0.005 0.3900000000000001)
(-0.85 0.005000000000000001 0.39)
(-0.8 0.005 0.39)
(-0.75 0.005 0.39)
(-0.7000000000000001 0.005 0.3900000000000001)
(-0.65 0.005 0.39)
(-0.6 0.005000000000000001 0.3900000000000001)
(-0.55 0.005000000000000001 0.3900000000000001)
(-0.5 0.005 0.39)
(-0.45 0.005 0.39)
(-0.4 0.005 0.39)
(-0.35 0.005 0.39)
(-0.3 0.005 0.3900000000000001)
(-0.25 0.005 0.39)
(-0.2 0.005 0.3900000000000001)
(-0.15 0.005 0.39)
(-0.1 0.005 0.39)
(-0.05 0.005 0.39)
(0 0.005 0.39)
(0.05 0.005 0.39)
(0.1000000000000001 0.005 0.3900000000000001)
(0.1499999999999999 0.005000000000000001 0.39)
(0.2 0.005 0.39)
(0.25 0.005 0.39)
(0.3 0.005000000000000001 0.3900000000000001)
(0.35 0.005 0.3900000000000001)
(0.3999999999999999 0.005 0.39)
(0.45 0.004999999999999999 0.39)
(0.5 0.005 0.3900000000000001)
(0.55 0.005000000000000001 0.39)
(0.6 0.005 0.3900000000000001)
(0.65 0.005 0.3900000000000001)
(0.7000000000000001 0.005 0.3900000000000001)
(0.75 0.005000000000000001 0.39)
(0.8 0.005 0.39)
(0.85 0.005 0.3900000000000001)
(0.9 0.005 0.3900000000000001)
(0.9500000000000001 0.005000000000000001 0.39)
(1 0.005 0.39)
(-1 0.01 0.39)
(-0.9500000000000001 0.01 0.39)
(-0.9 0.01 0.39)
(-0.85 0.01 0.39)
(-0.8 0.01 0.3900000000000001)
(-0.75 0.01 0.39)
(-0.7000000000000001 0.01 0.39)
(-0.65 0.01 0.3900000000000001)
(-0.6 0.01 0.39)
(-0.55 0.01 0.39)
(-0.5 0.01 0.39)
(-0.45 0.01 0.3900000000000001)
(-0.4 0.01 0.39)
(-0.35 0.01 0.39)
(-0.3 0.01 0.39)
(-0.25 0.01 0.3900000000000001)
(-0.1999999999999999 0.01 0.39)
(-0.15 0.01 0.39)
(-0.1 0.01 0.39)
(-0.05000000000000004 0.01 0.3900000000000001)
(0 0.01 0.39)
(0.05000000000000004 0.01 0.39)
(0.1000000000000001 0.009999999999999998 0.39)
(0.1499999999999999 0.01 0.39)
(0.1999999999999999 0.009999999999999998 0.39)
(0.25 0.01 0.39)
(0.3000000000000001 0.01 0.39)
(0.35 0.01 0.39)
(0.3999999999999999 0.01 0.39)
(0.45 0.009999999999999998 0.39)
(0.5 0.01 0.39)
(0.55 0.01 0.39)
(0.6 0.01 0.39)
(0.65 0.01 0.39)
(0.7000000000000001 0.01 0.39)
(0.75 0.01 0.39)
(0.8 0.01 0.3900000000000001)
(0.85 0.01 0.39)
(0.9 0.01 0.39)
(0.9500000000000001 0.01 0.39)
(1 0.01 0.39)
(-1 0.015 0.39)
(-0.9500000000000001 0.015 0.3900000000000001)
(-0.9000000000000001 0.015 0.3900000000000001)
(-0.85 0.015 0.39)
(-0.8 0.015 0.39)
(-0.75 0.015 0.39)
(-0.7000000000000001 0.015 0.39)
(-0.65 0.015 0.39)
(-0.6 0.015 0.39)
(-0.55 0.015 0.39)
(-0.5 0.015 0.3900000000000001)
(-0.45 0.015 0.39)
(-0.4 0.015 0.39)
(-0.35 0.015 0.3900000000000001)
(-0.3 0.015 0.39)
(-0.25 0.015 0.39)
(-0.2 0.015 0.3900000000000001)
(-0.15 0.015 0.39)
(-0.1 0.015 0.39)
(-0.05000000000000003 0.015 0.3900000000000001)
(0 0.015 0.39)
(0.05 0.015 0.3900000000000001)
(0.1000000000000001 0.015 0.39)
(0.1499999999999999 0.015 0.39)
(0.2 0.015 0.3900000000000001)
(0.25 0.015 0.39)
(0.3 0.015 0.39)
(0.3500000000000001 0.015 0.3900000000000001)
(0.4 0.015 0.39)
(0.45 0.015 0.39)
(0.5 0.015 0.39)
(0.55 0.015 0.39)
(0.6 0.015 0.3900000000000001)
(0.65 0.015 0.39)
(0.7000000000000001 0.015 0.39)
(0.75 0.015 0.3900000000000001)
(0.8 0.015 0.39)
(0.85 0.015 0.39)
(0.9 0.015 0.3900000000000001)
(0.9500000000000001 0.015 0.39)
(1 0.015 0.39)
(-1 0.02 0.39)
(-0.9500000000000001 0.02 0.39)
(-0.9 0.02 0.39)
(-0.85 0.02 0.39)
(-0.8 0.02 0.39)
(-0.75 0.02 0.3900000000000001)
(-0.7000000000000001 0.02 0.3900000000000001)
(-0.65 0.02 0.3900000000000001)
(-0.6 0.02 0.39)
(-0.55 0.02 0.39)
(-0.5 0.02 0.39)
(-0.45 0.02 0.39)
(-0.4 0.02 0.39)
(-0.35 0.02 0.39)
(-0.3 0.02 0.39)
(-0.25 0.02 0.39)
(-0.2 0.02 0.39)
(-0.15 0.02 0.39)
(-0.1 0.02 0.39)
(-0.05000000000000005 0.02 0.39)
(0 0.02 0.39)
(0.05000000000000004 0.02 0.39)
(0.1000000000000001 0.02 0.39)
(0.1499999999999999 0.02 0.39)
(0.2 0.02 0.39)
(0.25 0.02 0.39)
(0.3 0.02 0.3900000000000001)
(0.35 0.02 0.39)
(0.4 0.02 0.39)
(0.45 0.02 0.39)
(0.5 0.02 0.39)
(0.55 0.02 0.39)
(0.6000000000000001 0.02 0.39)
(0.65 0.02 0.3900000000000001)
(0.7000000000000001 0.02 0.3900000000000001)
(0.75 0.02 0.3900000000000001)
(0.8 0.02 0.39)
(0.85 0.02 0.39)
(0.9 0.02 0.39)
(0.9500000000000001 0.02 0.39)
(1 0.02 0.39)
(-1 0.025 0.39)
(-0.9500000000000001 0.025 0.3900000000000001)
(-0.9 0.025 0.39)
(-0.85 0.025 0.39)
(-0.8 0.025 0.39)
(-0.75 0.025 0.39)
(-0.7000000000000001 0.025 0.39)
(-0.65 0.025 0.39)
(-0.6 0.025 0.39)
(-0.55 0.025 0.39)
(-0.5 0.025 0.39)
(-0.45 0.025 0.3900000000000001)
(-0.4 0.025 0.39)
(-0.35 0.025 0.39)
(-0.3 0.025 0.39)
(-0.25 0.025 0.39)
(-0.2 0.025 0.39)
(-0.15 0.025 0.39)
(-0.1 0.025 0.39)
(-0.05000000000000008 0.025 0.39)
(0 0.025 0.39)
(0.05000000000000008 0.025 0.39)
(0.1000000000000001 0.025 0.39)
(0.1499999999999999 0.025 0.39)
(0.2 0.025 0.39)
(0.25 0.025 0.39)
(0.3 0.025 0.39)
(0.35 0.025 0.39)
(0.4 0.025 0.39)
(0.45 0.025 0.39)
(0.5 0.025 0.39)
(0.55 0.025 0.39)
(0.6 0.025 0.39)
(0.65 0.025 0.39)
(0.7000000000000001 0.025 0.39)
(0.75 0.025 0.39)
(0.8 0.025 0.39)
(0.85 0.025 0.39)
(0.9 0.025 0.39)
(0.9500000000000001 0.025 0.39)
(1 0.025 0.39)
(-1 0.03 0.39)
(-0.9500000000000001 0.03 0.3900000000000001)
(-0.9 0.03 0.39)
(-0.85 0.03 0.39)
(-0.8000000000000002 0.03 0.39)
(-0.75 0.03 0.39)
(-0.7000000000000001 0.03 0.39)
(-0.65 0.03 0.3900000000000001)
(-0.6 0.03000000000000001 0.3900000000000001)
(-0.55 0.03 0.39)
(-0.5 0.03000000000000001 0.39)
(-0.45 0.03 0.39)
(-0.4 0.03000000000000001 0.39)
(-0.35 0.03 0.39)
(-0.3 0.03 0.3900000000000001)
(-0.25 0.03 0.39)
(-0.2 0.03 0.39)
(-0.15 0.03 0.3900000000000001)
(-0.1 0.03 0.3900000000000001)
(-0.05000000000000007 0.03 0.39)
(0 0.03000000000000001 0.39)
(0.05000000000000004 0.03000000000000001 0.3900000000000001)
(0.1000000000000001 0.03 0.39)
(0.1499999999999999 0.03 0.39)
(0.2 0.03 0.39)
(0.2500000000000001 0.03 0.39)
(0.3 0.03 0.3900000000000001)
(0.35 0.03 0.3900000000000001)
(0.4 0.03 0.39)
(0.45 0.03 0.39)
(0.5 0.03000000000000001 0.3900000000000001)
(0.55 0.03000000000000001 0.39)
(0.6 0.03 0.39)
(0.65 0.03000000000000001 0.3900000000000001)
(0.7000000000000001 0.03 0.39)
(0.75 0.03 0.39)
(0.8000000000000002 0.03000000000000001 0.3900000000000001)
(0.85 0.03000000000000001 0.39)
(0.9 0.03000000000000001 0.39)
(0.9500000000000001 0.03 0.3900000000000001)
(1 0.03 0.39)
(-1 0.035 0.39)
(-0.9500000000000001 0.035 0.3900000000000001)
(-0.9 0.035 0.3900000000000001)
(-0.85 0.035 0.39)
(-0.8000000000000002 0.035 0.39)
(-0.75 0.035 0.39)
(-0.7000000000000001 0.035 0.39)
(-0.65 0.035 0.39)
(-0.6 0.035 0.39)
(-0.5500000000000003 0.035 0.3900000000000001)
(-0.5 0.035 0.39)
(-0.45 0.035 0.39)
(-0.4 0.035 0.3900000000000001)
(-0.35 0.035 0.39)
(-0.3 0.035 0.39)
(-0.25 0.035 0.39)
(-0.2 0.035 0.39)
(-0.15 0.035 0.39)
(-0.09999999999999998 0.035 0.39)
(-0.05000000000000007 0.035 0.39)
(0 0.035 0.39)
(0.05000000000000007 0.035 0.39)
(0.1000000000000001 0.035 0.3900000000000001)
(0.1499999999999999 0.035 0.39)
(0.2 0.035 0.39)
(0.25 0.035 0.39)
(0.3 0.035 0.39)
(0.35 0.035 0.39)
(0.4 0.035 0.39)
(0.45 0.035 0.39)
(0.5 0.035 0.39)
(0.55 0.035 0.3900000000000001)
(0.6 0.035 0.39)
(0.65 0.035 0.39)
(0.7000000000000001 0.035 0.39)
(0.75 0.035 0.39)
(0.8000000000000002 0.035 0.39)
(0.85 0.035 0.39)
(0.9 0.035 0.39)
(0.9500000000000001 0.035 0.3900000000000001)
(1 0.035 0.39)
(-1 0.04 0.39)
(-0.9500000000000001 0.04 0.39)
(-0.9 0.04 0.39)
(-0.85 0.04000000000000001 0.39)
(-0.8000000000000002 0.04 0.39)
(-0.75 0.04 0.39)
(-0.7000000000000001 0.04 0.3900000000000001)
(-0.65 0.04 0.3900000000000001)
(-0.6 0.04000000000000001 0.3900000000000001)
(-0.55 0.04000000000000001 0.3900000000000001)
(-0.5 0.04 0.3900000000000001)
(-0.45 0.04 0.3900000000000001)
(-0.4 0.04000000000000001 0.39)
(-0.35 0.04 0.39)
(-0.3 0.04000000000000001 0.3900000000000001)
(-0.25 0.04 0.39)
(-0.2 0.04 0.39)
(-0.15 0.04 0.39)
(-0.1 0.04 0.39)
(-0.05000000000000004 0.04 0.39)
(0 0.04 0.39)
(0.05000000000000004 0.04 0.39)
(0.1000000000000002 0.03999999999999999 0.39)
(0.1499999999999999 0.04000000000000001 0.39)
(0.2 0.04 0.39)
(0.25 0.04 0.39)
(0.3 0.04 0.39)
(0.35 0.04 0.39)
(0.4 0.04000000000000001 0.39)
(0.45 0.03999999999999999 0.3900000000000001)
(0.5 0.04 0.39)
(0.55 0.04000000000000001 0.3900000000000001)
(0.6 0.04 0.3900000000000001)
(0.65 0.04 0.39)
(0.7000000000000001 0.03999999999999999 0.39)
(0.75 0.04000000000000001 0.3900000000000001)
(0.8 0.04 0.3900000000000001)
(0.8500000000000002 0.04 0.3900000000000001)
(0.9 0.04 0.39)
(0.9500000000000001 0.04000000000000001 0.39)
(1 0.04 0.39)
(-1 0.045 0.39)
(-0.9500000000000001 0.045 0.39)
(-0.9 0.045 0.39)
(-0.85 0.045 0.39)
(-0.8 0.04499999999999999 0.39)
(-0.7500000000000001 0.045 0.3900000000000001)
(-0.7000000000000001 0.045 0.3900000000000001)
(-0.65 0.045 0.39)
(-0.6 0.045 0.3900000000000001)
(-0.55 0.045 0.39)
(-0.5 0.04500000000000001 0.39)
(-0.45 0.045 0.39)
(-0.4 0.045 0.39)
(-0.35 0.04499999999999999 0.39)
(-0.3 0.04500000000000001 0.3900000000000001)
(-0.25 0.045 0.39)
(-0.2 0.045 0.39)
(-0.15 0.045 0.3900000000000001)
(-0.1 0.04499999999999999 0.39)
(-0.05000000000000008 0.04500000000000001 0.39)
(0 0.04499999999999999 0.39)
(0.05000000000000007 0.04500000000000001 0.39)
(0.1000000000000001 0.04500000000000001 0.39)
(0.1499999999999999 0.045 0.3900000000000001)
(0.2 0.045 0.39)
(0.25 0.045 0.39)
(0.3000000000000001 0.045 0.3900000000000001)
(0.35 0.04499999999999999 0.39)
(0.4 0.04500000000000001 0.3900000000000001)
(0.45 0.045 0.39)
(0.5 0.045 0.39)
(0.55 0.045 0.3900000000000001)
(0.6 0.045 0.39)
(0.65 0.04499999999999999 0.39)
(0.7000000000000001 0.045 0.39)
(0.7500000000000001 0.04500000000000001 0.3900000000000001)
(0.8 0.045 0.39)
(0.85 0.045 0.39)
(0.9 0.045 0.39)
(0.9500000000000001 0.04500000000000001 0.39)
(1 0.045 0.39)
(-1 0.05 0.39)
(-0.9500000000000001 0.05 0.39)
(-0.9 0.05 0.39)
(-0.85 0.05 0.39)
(-0.8 0.05 0.39)
(-0.75 0.05 0.39)
(-0.7000000000000001 0.05 0.39)
(-0.65 0.05 0.39)
(-0.6 0.05 0.39)
(-0.55 0.05 0.39)
(-0.5 0.05 0.39)
(-0.45 0.05 0.39)
(-0.4 0.05 0.39)
(-0.35 0.05 0.39)
(-0.3 0.05 0.39)
(-0.25 0.05 0.39)
(-0.2 0.05 0.39)
(-0.15 0.05 0.39)
(-0.1 0.05 0.39)
(-0.0500000000000001 0.05 0.39)
(0 0.05 0.39)
(0.0500000000000001 0.05 0.39)
(0.1000000000000002 0.05 0.39)
(0.1499999999999999 0.05 0.39)
(0.2 0.05 0.39)
(0.25 0.05 0.39)
(0.3 0.05 0.39)
(0.35 0.05 0.39)
(0.4 0.05 0.39)
(0.45 0.05 0.39)
(0.5 0.05 0.39)
(0.55 0.05 0.39)
(0.6 0.05 0.39)
(0.65 0.05 0.39)
(0.7000000000000001 0.05 0.39)
(0.75 0.05 0.39)
(0.8 0.05 0.3900000000000001)
(0.85 0.05 0.39)
(0.9 0.05 0.39)
(0.9500000000000001 0.05 0.39)
(1 0.05 0.39)
(-1 0.055 0.39)
(-0.9500000000000001 0.055 0.39)
(-0.9 0.055 0.39)
(-0.85 0.055 0.39)
(-0.8 0.05500000000000001 0.39)
(-0.75 0.05500000000000001 0.39)
(-0.7000000000000001 0.055 0.3900000000000001)
(-0.65 0.055 0.3900000000000001)
(-0.6 0.055 0.39)
(-0.55 0.05500000000000001 0.39)
(-0.5 0.055 0.39)
(-0.45 0.055 0.39)
(-0.4 0.05500000000000001 0.39)
(-0.35 0.05500000000000001 0.39)
(-0.3 0.055 0.39)
(-0.25 0.055 0.39)
(-0.2 0.055 0.39)
(-0.1499999999999999 0.055 0.39)
(-0.1000000000000001 0.05500000000000001 0.39)
(-0.05000000000000008 0.05500000000000001 0.39)
(0 0.05500000000000001 0.39)
(0.05000000000000008 0.05500000000000001 0.39)
(0.1000000000000001 0.05500000000000001 0.39)
(0.1499999999999999 0.05500000000000001 0.39)
(0.2 0.05500000000000001 0.39)
(0.25 0.05500000000000001 0.39)
(0.3 0.05500000000000001 0.39)
(0.35 0.055 0.39)
(0.4 0.05500000000000001 0.39)
(0.45 0.055 0.39)
(0.5 0.05500000000000001 0.3900000000000001)
(0.55 0.055 0.3900000000000001)
(0.6 0.055 0.39)
(0.65 0.055 0.39)
(0.7000000000000001 0.055 0.39)
(0.75 0.055 0.39)
(0.8 0.055 0.39)
(0.85 0.05500000000000001 0.39)
(0.9 0.055 0.39)
(0.9500000000000001 0.055 0.39)
(1 0.055 0.39)
(-1 0.06 0.39)
(-0.9500000000000001 0.06 0.39)
(-0.9 0.06 0.39)
(-0.85 0.05999999999999998 0.39)
(-0.8 0.06 0.3900000000000001)
(-0.75 0.06 0.3900000000000001)
(-0.7000000000000001 0.06000000000000001 0.3900000000000001)
(-0.65 0.06 0.39)
(-0.6 0.06 0.39)
(-0.55 0.06 0.39)
(-0.5 0.06000000000000001 0.39)
(-0.45 0.06 0.39)
(-0.4 0.06 0.39)
(-0.35 0.06 0.39)
(-0.3 0.06 0.39)
(-0.25 0.06 0.39)
(-0.2 0.06 0.39)
(-0.15 0.06 0.39)
(-0.1 0.06 0.39)
(-0.05000000000000007 0.06 0.39)
(0 0.06000000000000001 0.39)
(0.05000000000000007 0.06 0.39)
(0.1000000000000002 0.06 0.39)
(0.1499999999999999 0.06 0.39)
(0.2 0.06 0.39)
(0.25 0.06 0.39)
(0.3 0.06 0.39)
(0.35 0.06 0.39)
(0.4 0.06000000000000001 0.39)
(0.45 0.06 0.39)
(0.5 0.06000000000000001 0.39)
(0.55 0.06000000000000001 0.3900000000000001)
(0.6 0.06 0.39)
(0.65 0.06000000000000001 0.39)
(0.7000000000000001 0.06 0.39)
(0.75 0.06 0.3900000000000001)
(0.8000000000000002 0.06 0.3900000000000001)
(0.8500000000000002 0.06000000000000001 0.3900000000000001)
(0.9 0.06 0.39)
(0.9500000000000001 0.06 0.39)
(1 0.06 0.39)
(-1 0.065 0.39)
(-0.9500000000000001 0.065 0.3900000000000001)
(-0.9 0.065 0.39)
(-0.85 0.065 0.39)
(-0.8000000000000002 0.06500000000000002 0.39)
(-0.75 0.065 0.39)
(-0.7000000000000001 0.065 0.39)
(-0.65 0.06499999999999999 0.39)
(-0.6 0.065 0.39)
(-0.55 0.06500000000000002 0.3900000000000001)
(-0.5 0.065 0.39)
(-0.45 0.065 0.39)
(-0.4 0.065 0.3900000000000001)
(-0.35 0.06500000000000003 0.39)
(-0.3 0.065 0.3900000000000001)
(-0.25 0.065 0.39)
(-0.2 0.065 0.39)
(-0.15 0.06500000000000002 0.39)
(-0.1 0.065 0.39)
(-0.05000000000000007 0.06500000000000002 0.3900000000000001)
(0 0.065 0.39)
(0.05000000000000008 0.065 0.3900000000000001)
(0.1000000000000001 0.06500000000000002 0.3900000000000001)
(0.1499999999999999 0.06500000000000002 0.39)
(0.2 0.06500000000000002 0.3900000000000001)
(0.25 0.065 0.39)
(0.3 0.065 0.3900000000000001)
(0.35 0.06500000000000002 0.39)
(0.4 0.065 0.3900000000000001)
(0.45 0.065 0.39)
(0.5 0.065 0.39)
(0.55 0.065 0.3900000000000001)
(0.6 0.065 0.39)
(0.65 0.06499999999999999 0.39)
(0.7000000000000001 0.065 0.39)
(0.75 0.065 0.39)
(0.8000000000000002 0.065 0.39)
(0.85 0.06500000000000002 0.39)
(0.9 0.065 0.3900000000000001)
(0.9500000000000001 0.06500000000000002 0.3900000000000001)
(1 0.065 0.39)
(-1 0.07000000000000001 0.39)
(-0.9500000000000001 0.07000000000000001 0.39)
(-0.9 0.07000000000000001 0.39)
(-0.85 0.07000000000000001 0.39)
(-0.8000000000000002 0.07000000000000001 0.39)
(-0.75 0.07000000000000001 0.39)
(-0.7000000000000001 0.07000000000000001 0.39)
(-0.65 0.07000000000000001 0.39)
(-0.6 0.07000000000000001 0.39)
(-0.55 0.07000000000000001 0.39)
(-0.5 0.07000000000000001 0.39)
(-0.45 0.07000000000000001 0.39)
(-0.4 0.07000000000000001 0.39)
(-0.35 0.07000000000000001 0.39)
(-0.3 0.07000000000000001 0.39)
(-0.25 0.07000000000000001 0.39)
(-0.2 0.07000000000000001 0.39)
(-0.15 0.07000000000000001 0.39)
(-0.1 0.07000000000000001 0.3900000000000001)
(-0.0500000000000001 0.07000000000000001 0.39)
(0 0.07000000000000001 0.39)
(0.0500000000000001 0.07000000000000001 0.39)
(0.1000000000000001 0.07000000000000001 0.39)
(0.1499999999999999 0.07000000000000001 0.3900000000000001)
(0.2 0.07000000000000001 0.39)
(0.25 0.07000000000000001 0.39)
(0.3 0.07000000000000001 0.39)
(0.35 0.07000000000000001 0.39)
(0.4 0.07000000000000001 0.39)
(0.45 0.07000000000000001 0.39)
(0.5 0.07000000000000001 0.3900000000000001)
(0.55 0.07000000000000001 0.39)
(0.6 0.07000000000000001 0.39)
(0.65 0.07000000000000001 0.39)
(0.7000000000000001 0.07000000000000001 0.39)
(0.75 0.07000000000000001 0.39)
(0.8 0.07000000000000001 0.3900000000000001)
(0.8500000000000002 0.07000000000000001 0.39)
(0.9 0.07000000000000001 0.39)
(0.9500000000000001 0.07000000000000001 0.39)
(1 0.07000000000000001 0.39)
(-1 0.075 0.39)
(-0.9500000000000001 0.07500000000000001 0.39)
(-0.9 0.075 0.39)
(-0.85 0.075 0.39)
(-0.8 0.075 0.39)
(-0.75 0.075 0.39)
(-0.7000000000000001 0.075 0.39)
(-0.65 0.075 0.39)
(-0.6 0.07500000000000001 0.3900000000000001)
(-0.55 0.075 0.39)
(-0.5 0.07500000000000001 0.39)
(-0.45 0.075 0.39)
(-0.4 0.075 0.39)
(-0.3500000000000001 0.07500000000000002 0.3900000000000001)
(-0.3 0.075 0.39)
(-0.25 0.075 0.39)
(-0.2 0.075 0.39)
(-0.15 0.075 0.39)
(-0.1000000000000001 0.075 0.3900000000000001)
(-0.05000000000000007 0.075 0.39)
(0 0.075 0.39)
(0.05000000000000007 0.075 0.39)
(0.1000000000000001 0.07500000000000001 0.39)
(0.1499999999999999 0.075 0.39)
(0.2 0.075 0.39)
(0.25 0.075 0.39)
(0.3 0.075 0.39)
(0.35 0.075 0.39)
(0.4 0.075 0.39)
(0.45 0.075 0.3900000000000001)
(0.5 0.075 0.39)
(0.55 0.075 0.39)
(0.6 0.07500000000000001 0.39)
(0.65 0.075 0.39)
(0.7000000000000001 0.075 0.39)
(0.75 0.075 0.39)
(0.8 0.075 0.39)
(0.8500000000000002 0.07500000000000001 0.39)
(0.9 0.075 0.39)
(0.9500000000000001 0.075 0.3900000000000001)
(1 0.075 0.39)
(-1 0.08 0.39)
(-0.9500000000000001 0.08 0.39)
(-0.9 0.08 0.39)
(-0.85 0.08000000000000002 0.39)
(-0.8 0.08 0.39)
(-0.75 0.08 0.39)
(-0.7000000000000001 0.08 0.39)
(-0.65 0.08 0.39)
(-0.6 0.08000000000000002 0.39)
(-0.55 0.08 0.39)
(-0.5 0.08 0.39)
(-0.45 0.08 0.39)
(-0.4 0.08 0.39)
(-0.35 0.08 0.39)
(-0.3 0.08 0.39)
(-0.25 0.08 0.39)
(-0.2 0.08 0.3900000000000001)
(-0.15 0.08 0.39)
(-0.1 0.08 0.39)
(-0.05000000000000003 0.08 0.39)
(0 0.08 0.39)
(0.05000000000000003 0.08 0.39)
(0.1000000000000001 0.08 0.39)
(0.1499999999999999 0.08000000000000002 0.39)
(0.2 0.08 0.3900000000000001)
(0.25 0.08 0.39)
(0.3 0.08 0.39)
(0.35 0.08 0.39)
(0.4 0.08 0.39)
(0.45 0.07999999999999999 0.39)
(0.5 0.08 0.39)
(0.55 0.08000000000000002 0.39)
(0.6 0.08 0.39)
(0.65 0.08 0.39)
(0.7000000000000001 0.08 0.39)
(0.75 0.08000000000000002 0.39)
(0.8 0.08 0.39)
(0.85 0.08 0.39)
(0.9 0.08 0.39)
(0.9500000000000001 0.08000000000000002 0.39)
(1 0.08 0.39)
(-1 0.08500000000000001 0.39)
(-0.9500000000000001 0.08500000000000001 0.39)
(-0.9 0.08500000000000001 0.39)
(-0.85 0.08500000000000001 0.39)
(-0.8 0.08500000000000001 0.39)
(-0.75 0.08500000000000001 0.39)
(-0.7000000000000001 0.08500000000000001 0.39)
(-0.65 0.08500000000000001 0.39)
(-0.6 0.08500000000000001 0.39)
(-0.55 0.08500000000000001 0.39)
(-0.5 0.08500000000000001 0.39)
(-0.45 0.08500000000000001 0.39)
(-0.4 0.08500000000000001 0.39)
(-0.35 0.08500000000000001 0.39)
(-0.3 0.08500000000000001 0.39)
(-0.25 0.08500000000000001 0.39)
(-0.2 0.08500000000000001 0.3900000000000001)
(-0.15 0.08500000000000001 0.39)
(-0.1 0.08500000000000001 0.39)
(-0.05000000000000001 0.08500000000000001 0.3900000000000001)
(0 0.08500000000000001 0.39)
(0.05 0.08500000000000001 0.3900000000000001)
(0.1000000000000001 0.08500000000000001 0.39)
(0.1499999999999999 0.08500000000000001 0.39)
(0.2 0.08500000000000001 0.3900000000000001)
(0.2500000000000001 0.08500000000000001 0.39)
(0.3 0.08500000000000001 0.39)
(0.35 0.08500000000000001 0.39)
(0.4 0.08500000000000001 0.39)
(0.45 0.08500000000000001 0.39)
(0.5 0.08500000000000001 0.39)
(0.55 0.08500000000000001 0.3900000000000001)
(0.6 0.08499999999999998 0.39)
(0.65 0.08500000000000001 0.3900000000000001)
(0.7000000000000001 0.08500000000000001 0.39)
(0.75 0.08500000000000001 0.3900000000000001)
(0.8 0.08500000000000002 0.39)
(0.85 0.08500000000000001 0.39)
(0.9 0.08500000000000001 0.39)
(0.9500000000000001 0.08500000000000001 0.39)
(1 0.08500000000000001 0.39)
(-1 0.09 0.3900000000000001)
(-0.9500000000000001 0.09 0.39)
(-0.9 0.09 0.39)
(-0.85 0.09 0.39)
(-0.8 0.09 0.3900000000000001)
(-0.75 0.09 0.39)
(-0.7000000000000001 0.09 0.39)
(-0.65 0.09 0.39)
(-0.6 0.09 0.39)
(-0.55 0.09 0.39)
(-0.5 0.09 0.39)
(-0.45 0.09 0.3900000000000001)
(-0.4 0.09 0.39)
(-0.35 0.08999999999999998 0.39)
(-0.3 0.09000000000000002 0.39)
(-0.25 0.09 0.3900000000000001)
(-0.2 0.09 0.3900000000000001)
(-0.15 0.09 0.3900000000000001)
(-0.1000000000000001 0.09 0.39)
(-0.05000000000000004 0.09 0.39)
(0 0.08999999999999998 0.3900000000000001)
(0.05000000000000004 0.09000000000000002 0.3900000000000001)
(0.1000000000000001 0.09000000000000002 0.39)
(0.1499999999999999 0.09 0.3900000000000001)
(0.2 0.09 0.3900000000000001)
(0.25 0.09 0.3900000000000001)
(0.3000000000000001 0.09 0.39)
(0.3500000000000001 0.09 0.39)
(0.4 0.08999999999999998 0.39)
(0.45 0.09 0.3900000000000001)
(0.5 0.09 0.39)
(0.55 0.09 0.39)
(0.6 0.09000000000000002 0.39)
(0.65 0.09 0.39)
(0.7000000000000001 0.09 0.39)
(0.75 0.09000000000000002 0.39)
(0.8 0.09 0.3900000000000001)
(0.8500000000000002 0.09000000000000002 0.39)
(0.9 0.09 0.39)
(0.9500000000000001 0.09000000000000002 0.39)
(1 0.09 0.3900000000000001)
(-1 0.095 0.39)
(-0.9500000000000001 0.095 0.39)
(-0.9 0.095 0.39)
(-0.85 0.095 0.39)
(-0.8 0.095 0.39)
(-0.75 0.095 0.39)
(-0.7000000000000001 0.095 0.39)
(-0.65 0.09499999999999999 0.39)
(-0.6 0.095 0.39)
(-0.55 0.09500000000000001 0.39)
(-0.5 0.095 0.39)
(-0.45 0.095 0.39)
(-0.3999999999999999 0.095 0.39)
(-0.35 0.095 0.39)
(-0.3 0.095 0.39)
(-0.25 0.095 0.39)
(-0.2 0.09499999999999999 0.39)
(-0.15 0.09499999999999999 0.39)
(-0.1 0.09500000000000001 0.39)
(-0.05000000000000003 0.095 0.39)
(0 0.095 0.39)
(0.05000000000000003 0.095 0.39)
(0.1000000000000001 0.09500000000000001 0.39)
(0.1499999999999999 0.095 0.39)
(0.2 0.09499999999999999 0.39)
(0.25 0.095 0.39)
(0.3 0.095 0.39)
(0.35 0.09499999999999999 0.39)
(0.3999999999999999 0.095 0.39)
(0.45 0.09499999999999999 0.39)
(0.5 0.09500000000000001 0.3900000000000001)
(0.55 0.09500000000000001 0.39)
(0.6 0.095 0.39)
(0.65 0.09499999999999999 0.39)
(0.7000000000000001 0.09500000000000001 0.39)
(0.75 0.095 0.39)
(0.8 0.095 0.39)
(0.85 0.09499999999999999 0.39)
(0.9 0.095 0.3900000000000001)
(0.9500000000000001 0.09500000000000001 0.39)
(1 0.095 0.39)
(-1 0.1 0.39)
(-0.9500000000000001 0.1 0.39)
(-0.9 0.1 0.39)
(-0.85 0.1 0.39)
(-0.8 0.1 0.39)
(-0.75 0.1 0.39)
(-0.7000000000000001 0.1 0.39)
(-0.65 0.1 0.39)
(-0.6 0.1 0.39)
(-0.55 0.1 0.39)
(-0.5 0.1 0.39)
(-0.45 0.1 0.39)
(-0.4 0.1 0.39)
(-0.35 0.1 0.39)
(-0.3 0.1 0.39)
(-0.25 0.1 0.39)
(-0.2 0.1 0.39)
(-0.15 0.1 0.39)
(-0.1 0.1 0.3900000000000001)
(-0.0500000000000001 0.1 0.3900000000000001)
(0 0.1 0.39)
(0.0500000000000001 0.1 0.39)
(0.1000000000000001 0.1 0.39)
(0.1499999999999999 0.1 0.39)
(0.2 0.1 0.39)
(0.25 0.1 0.39)
(0.3 0.1 0.39)
(0.35 0.1 0.39)
(0.4 0.1 0.39)
(0.45 0.1 0.39)
(0.5 0.1 0.39)
(0.55 0.1 0.39)
(0.6 0.1 0.39)
(0.65 0.1 0.39)
(0.7000000000000001 0.1 0.39)
(0.75 0.1 0.39)
(0.8 0.1 0.3900000000000001)
(0.85 0.1 0.39)
(0.9 0.1 0.39)
(0.9500000000000001 0.1 0.39)
(1 0.1 0.39)
(-1 0 0.42)
(-0.9500000000000001 0 0.42)
(-0.9 0 0.42)
(-0.85 0 0.42)
(-0.8 0 0.42)
(-0.75 0 0.42)
(-0.7000000000000001 0 0.4199999999999999)
(-0.65 0 0.4199999999999999)
(-0.6 0 0.42)
(-0.55 0 0.4200000000000001)
(-0.5 0 0.42)
(-0.45 0 0.42)
(-0.4 0 0.42)
(-0.35 0 0.42)
(-0.3 0 0.42)
(-0.25 0 0.42)
(-0.2 0 0.42)
(-0.15 0 0.42)
(-0.1 0 0.42)
(-0.05000000000000004 0 0.42)
(0 0 0.42)
(0.05000000000000004 0 0.42)
(0.1000000000000001 0 0.42)
(0.1499999999999999 0 0.42)
(0.2 0 0.42)
(0.25 0 0.42)
(0.3 0 0.42)
(0.35 0 0.4199999999999999)
(0.3999999999999999 0 0.42)
(0.45 0 0.4199999999999999)
(0.5 0 0.42)
(0.55 0 0.42)
(0.6 0 0.42)
(0.65 0 0.42)
(0.7000000000000001 0 0.4199999999999999)
(0.75 0 0.42)
(0.8 0 0.42)
(0.85 0 0.4199999999999999)
(0.9 0 0.4200000000000001)
(0.9500000000000001 0 0.42)
(1 0 0.42)
(-1 0.005000000000000001 0.42)
(-0.9500000000000001 0.005000000000000001 0.42)
(-0.9 0.005 0.4200000000000001)
(-0.85 0.005000000000000001 0.42)
(-0.8 0.005000000000000001 0.4199999999999999)
(-0.75 0.005000000000000001 0.42)
(-0.7000000000000001 0.005 0.42)
(-0.65 0.005000000000000001 0.42)
(-0.6 0.005000000000000001 0.4200000000000001)
(-0.55 0.005000000000000001 0.42)
(-0.5 0.005000000000000001 0.4200000000000001)
(-0.45 0.005 0.4199999999999999)
(-0.4 0.005000000000000001 0.4199999999999999)
(-0.35 0.005 0.4200000000000001)
(-0.3 0.005000000000000001 0.42)
(-0.2500000000000001 0.005 0.42)
(-0.2 0.005 0.4200000000000001)
(-0.15 0.005000000000000001 0.42)
(-0.1 0.005000000000000001 0.42)
(-0.05000000000000003 0.005000000000000001 0.4200000000000001)
(0 0.005 0.42)
(0.05000000000000004 0.005000000000000001 0.4200000000000001)
(0.1000000000000001 0.005000000000000001 0.42)
(0.1499999999999999 0.005000000000000001 0.42)
(0.2 0.004999999999999999 0.4200000000000001)
(0.2500000000000001 0.005 0.42)
(0.3 0.005000000000000001 0.42)
(0.3500000000000001 0.005000000000000001 0.42)
(0.3999999999999999 0.005 0.4199999999999999)
(0.45 0.004999999999999999 0.4199999999999999)
(0.5 0.005000000000000001 0.42)
(0.55 0.005000000000000001 0.4200000000000001)
(0.6000000000000001 0.005000000000000001 0.4200000000000001)
(0.65 0.005 0.4200000000000001)
(0.7000000000000001 0.005000000000000001 0.42)
(0.75 0.005000000000000001 0.4200000000000001)
(0.8 0.005000000000000001 0.42)
(0.85 0.005 0.4199999999999999)
(0.9 0.005 0.4200000000000001)
(0.9500000000000001 0.005000000000000001 0.4200000000000001)
(1 0.005000000000000001 0.42)
(-1 0.01 0.42)
(-0.9500000000000001 0.01 0.42)
(-0.9 0.01 0.4199999999999999)
(-0.85 0.01 0.42)
(-0.8 0.01 0.4200000000000001)
(-0.75 0.01 0.4199999999999999)
(-0.7000000000000001 0.009999999999999997 0.4199999999999999)
(-0.65 0.01 0.42)
(-0.6 0.01 0.4200000000000001)
(-0.55 0.01 0.4199999999999999)
(-0.5 0.009999999999999998 0.42)
(-0.45 0.01 0.42)
(-0.4 0.01 0.4200000000000001)
(-0.35 0.01 0.4199999999999999)
(-0.3 0.01 0.4199999999999999)
(-0.25 0.01 0.42)
(-0.2 0.009999999999999998 0.4199999999999999)
(-0.15 0.01 0.42)
(-0.1 0.01 0.4199999999999999)
(-0.05000000000000004 0.01 0.42)
(0 0.009999999999999998 0.4199999999999999)
(0.05000000000000004 0.01 0.42)
(0.1000000000000001 0.01 0.42)
(0.1499999999999999 0.01 0.42)
(0.2 0.01 0.4200000000000001)
(0.25 0.01 0.42)
(0.3 0.01 0.4199999999999999)
(0.3500000000000001 0.01 0.4200000000000001)
(0.3999999999999999 0.01 0.4199999999999999)
(0.45 0.01 0.42)
(0.5 0.01 0.4200000000000001)
(0.55 0.01 0.4199999999999999)
(0.6 0.01 0.4199999999999999)
(0.65 0.01 0.4200000000000001)
(0.7000000000000001 0.009999999999999998 0.4199999999999999)
(0.75 0.01 0.4199999999999999)
(0.8 0.01 0.4200000000000001)
(0.85 0.01 0.4199999999999999)
(0.9 0.01 0.42)
(0.9499999999999998 0.009999999999999998 0.42)
(1 0.01 0.42)
(-1 0.015 0.4199999999999999)
(-0.9500000000000001 0.015 0.42)
(-0.9 0.015 0.42)
(-0.85 0.015 0.42)
(-0.8 0.015 0.4199999999999999)
(-0.75 0.015 0.42)
(-0.7000000000000001 0.015 0.4199999999999999)
(-0.65 0.015 0.42)
(-0.6 0.015 0.42)
(-0.55 0.015 0.4199999999999999)
(-0.5 0.015 0.4199999999999999)
(-0.45 0.015 0.4199999999999999)
(-0.4 0.015 0.4199999999999999)
(-0.35 0.015 0.42)
(-0.3 0.015 0.4199999999999999)
(-0.25 0.015 0.4199999999999999)
(-0.2 0.015 0.4199999999999999)
(-0.15 0.015 0.42)
(-0.1 0.015 0.42)
(-0.05000000000000003 0.015 0.42)
(0 0.015 0.42)
(0.05000000000000004 0.015 0.42)
(0.1000000000000001 0.015 0.42)
(0.1499999999999999 0.015 0.4199999999999999)
(0.2 0.015 0.4199999999999999)
(0.25 0.015 0.4199999999999999)
(0.3 0.015 0.4199999999999999)
(0.35 0.015 0.4199999999999999)
(0.4 0.015 0.42)
(0.45 0.015 0.4199999999999999)
(0.5 0.015 0.4199999999999999)
(0.55 0.015 0.42)
(0.6 0.015 0.4200000000000001)
(0.65 0.015 0.4199999999999999)
(0.7000000000000001 0.015 0.4199999999999999)
(0.75 0.015 0.4199999999999999)
(0.8 0.015 0.4199999999999999)
(0.85 0.015 0.4199999999999999)
(0.9 0.015 0.42)
(0.9500000000000001 0.015 0.4199999999999999)
(1 0.015 0.4199999999999999)
(-1 0.02 0.42)
(-0.9500000000000001 0.02 0.4199999999999999)
(-0.9 0.02 0.4200000000000001)
(-0.85 0.02 0.4199999999999999)
(-0.8 0.02 0.4199999999999999)
(-0.75 0.02 0.42)
(-0.7000000000000001 0.02 0.42)
(-0.65 0.02 0.4199999999999999)
(-0.6 0.02 0.4199999999999999)
(-0.55 0.02 0.42)
(-0.5 0.02 0.42)
(-0.45 0.02 0.42)
(-0.4 0.02 0.4199999999999999)
(-0.35 0.02 0.4200000000000001)
(-0.3 0.02 0.4199999999999999)
(-0.25 0.02 0.42)
(-0.2 0.02 0.42)
(-0.15 0.02 0.4199999999999999)
(-0.1 0.02 0.4200000000000001)
(-0.05000000000000005 0.02 0.4199999999999999)
(0 0.02 0.42)
(0.05000000000000004 0.02 0.42)
(0.1000000000000001 0.02 0.4200000000000001)
(0.1499999999999999 0.02 0.42)
(0.2 0.02 0.42)
(0.25 0.02 0.42)
(0.3 0.02 0.4199999999999999)
(0.35 0.02 0.42)
(0.3999999999999999 0.02 0.4199999999999999)
(0.45 0.02 0.4199999999999999)
(0.5 0.02 0.42)
(0.55 0.02 0.42)
(0.6 0.02 0.4199999999999999)
(0.65 0.02 0.4199999999999999)
(0.7000000000000001 0.02 0.42)
(0.75 0.02 0.4199999999999999)
(0.8 0.02 0.42)
(0.85 0.02 0.4199999999999999)
(0.9 0.02 0.4199999999999999)
(0.9500000000000001 0.02 0.4199999999999999)
(1 0.02 0.42)
(-1 0.025 0.42)
(-0.9500000000000001 0.025 0.42)
(-0.9 0.025 0.42)
(-0.85 0.025 0.42)
(-0.8 0.025 0.42)
(-0.75 0.025 0.4199999999999999)
(-0.7000000000000001 0.025 0.4199999999999999)
(-0.65 0.025 0.42)
(-0.6 0.025 0.42)
(-0.55 0.025 0.42)
(-0.5 0.025 0.4199999999999999)
(-0.45 0.025 0.42)
(-0.4 0.025 0.42)
(-0.35 0.02499999999999999 0.4199999999999999)
(-0.3 0.025 0.4199999999999999)
(-0.25 0.025 0.42)
(-0.2 0.025 0.42)
(-0.15 0.025 0.42)
(-0.1 0.025 0.42)
(-0.0500000000000001 0.025 0.42)
(0 0.025 0.42)
(0.0500000000000001 0.025 0.42)
(0.1000000000000001 0.025 0.42)
(0.1499999999999999 0.025 0.4199999999999999)
(0.2 0.025 0.4199999999999999)
(0.25 0.025 0.42)
(0.3 0.025 0.42)
(0.3500000000000001 0.025 0.4199999999999999)
(0.3999999999999999 0.025 0.42)
(0.45 0.025 0.42)
(0.5 0.025 0.4199999999999999)
(0.55 0.025 0.42)
(0.6 0.025 0.4199999999999999)
(0.65 0.025 0.4199999999999999)
(0.7000000000000001 0.025 0.4199999999999999)
(0.75 0.025 0.4199999999999999)
(0.8 0.025 0.42)
(0.85 0.025 0.4199999999999999)
(0.9 0.025 0.4200000000000001)
(0.9500000000000001 0.025 0.42)
(1 0.025 0.42)
(-1 0.03 0.42)
(-0.9500000000000001 0.03 0.4199999999999999)
(-0.9 0.03000000000000001 0.4199999999999999)
(-0.85 0.03000000000000001 0.42)
(-0.8 0.03000000000000001 0.4199999999999999)
(-0.75 0.03 0.42)
(-0.7000000000000001 0.03 0.42)
(-0.65 0.03 0.4199999999999999)
(-0.6 0.03 0.4199999999999999)
(-0.55 0.03 0.4199999999999999)
(-0.5 0.03 0.42)
(-0.45 0.03 0.42)
(-0.4000000000000001 0.03000000000000001 0.42)
(-0.35 0.03 0.42)
(-0.3 0.03 0.4199999999999999)
(-0.25 0.03 0.42)
(-0.2 0.03 0.4200000000000001)
(-0.15 0.03000000000000001 0.4200000000000001)
(-0.1 0.03 0.42)
(-0.05000000000000008 0.03000000000000001 0.42)
(0 0.03 0.42)
(0.05000000000000007 0.03000000000000001 0.42)
(0.1000000000000001 0.03000000000000001 0.42)
(0.1499999999999999 0.03 0.4200000000000001)
(0.2 0.03 0.4200000000000001)
(0.2500000000000001 0.03 0.42)
(0.3 0.03 0.4199999999999999)
(0.35 0.03 0.4199999999999999)
(0.4 0.03000000000000001 0.4200000000000001)
(0.45 0.03 0.42)
(0.5 0.03000000000000001 0.42)
(0.55 0.03 0.4199999999999999)
(0.6000000000000001 0.03000000000000001 0.42)
(0.65 0.03000000000000001 0.4199999999999999)
(0.7000000000000001 0.03 0.4199999999999999)
(0.75 0.03 0.4200000000000001)
(0.8 0.03 0.4199999999999999)
(0.85 0.03000000000000001 0.4199999999999999)
(0.9 0.03000000000000001 0.42)
(0.9500000000000001 0.03 0.4199999999999999)
(1 0.03 0.42)
(-1 0.035 0.42)
(-0.9500000000000001 0.035 0.4200000000000001)
(-0.9 0.035 0.42)
(-0.85 0.035 0.42)
(-0.8 0.035 0.42)
(-0.75 0.035 0.42)
(-0.7000000000000001 0.035 0.42)
(-0.65 0.035 0.4199999999999999)
(-0.6 0.035 0.4199999999999999)
(-0.55 0.035 0.4199999999999999)
(-0.5 0.035 0.4199999999999999)
(-0.45 0.03500000000000002 0.4200000000000001)
(-0.4 0.035 0.42)
(-0.35 0.035 0.4199999999999999)
(-0.3 0.035 0.4199999999999999)
(-0.25 0.035 0.4199999999999999)
(-0.2 0.035 0.4199999999999999)
(-0.15 0.035 0.4200000000000001)
(-0.1 0.035 0.42)
(-0.05000000000000013 0.035 0.4200000000000001)
(0 0.035 0.42)
(0.05000000000000011 0.035 0.4200000000000001)
(0.1000000000000001 0.035 0.4199999999999999)
(0.1499999999999999 0.035 0.42)
(0.2 0.035 0.4199999999999999)
(0.25 0.035 0.42)
(0.3 0.035 0.4200000000000001)
(0.3500000000000001 0.035 0.4200000000000001)
(0.4 0.035 0.4199999999999999)
(0.45 0.035 0.4200000000000002)
(0.5 0.035 0.4199999999999999)
(0.55 0.035 0.42)
(0.6000000000000002 0.035 0.42)
(0.65 0.035 0.4200000000000001)
(0.7000000000000001 0.035 0.4199999999999999)
(0.75 0.035 0.42)
(0.8000000000000002 0.035 0.4200000000000001)
(0.85 0.035 0.4199999999999999)
(0.9 0.035 0.4200000000000001)
(0.9500000000000001 0.035 0.4200000000000001)
(1 0.035 0.42)
(-1 0.04 0.42)
(-0.9500000000000001 0.04000000000000001 0.4199999999999999)
(-0.9 0.04 0.42)
(-0.85 0.04000000000000001 0.42)
(-0.8 0.03999999999999999 0.4199999999999999)
(-0.75 0.04 0.4199999999999999)
(-0.7000000000000001 0.04 0.42)
(-0.65 0.04 0.4199999999999999)
(-0.6 0.04000000000000001 0.42)
(-0.55 0.04 0.42)
(-0.5 0.04 0.42)
(-0.45 0.04 0.42)
(-0.4 0.04000000000000001 0.4200000000000001)
(-0.35 0.04 0.4199999999999999)
(-0.3 0.04 0.4199999999999999)
(-0.25 0.04 0.42)
(-0.2 0.04 0.42)
(-0.15 0.04 0.4199999999999999)
(-0.1 0.04 0.42)
(-0.05000000000000003 0.04 0.42)
(0 0.04 0.42)
(0.05000000000000004 0.04 0.4199999999999999)
(0.1000000000000001 0.04 0.42)
(0.1499999999999999 0.04000000000000001 0.42)
(0.2 0.04 0.42)
(0.25 0.04 0.42)
(0.3 0.04 0.4199999999999999)
(0.35 0.04000000000000001 0.42)
(0.4 0.04000000000000001 0.4200000000000001)
(0.45 0.03999999999999999 0.42)
(0.5 0.04 0.4200000000000001)
(0.55 0.04000000000000001 0.42)
(0.6 0.04000000000000001 0.4199999999999999)
(0.65 0.04 0.4199999999999999)
(0.7000000000000001 0.03999999999999999 0.4199999999999999)
(0.7499999999999999 0.04 0.4199999999999999)
(0.8 0.04 0.42)
(0.85 0.04 0.4199999999999999)
(0.9 0.04 0.42)
(0.9500000000000001 0.04 0.4199999999999999)
(1 0.04 0.42)
(-1 0.045 0.42)
(-0.9500000000000001 0.045 0.42)
(-0.9 0.04500000000000001 0.42)
(-0.85 0.045 0.4200000000000001)
(-0.8 0.04499999999999999 0.42)
(-0.75 0.04500000000000001 0.42)
(-0.7000000000000001 0.045 0.42)
(-0.65 0.045 0.4200000000000001)
(-0.6 0.045 0.4200000000000001)
(-0.55 0.045 0.42)
(-0.5 0.045 0.42)
(-0.45 0.04500000000000001 0.4200000000000001)
(-0.4 0.045 0.4200000000000001)
(-0.35 0.045 0.42)
(-0.3 0.045 0.4199999999999999)
(-0.25 0.045 0.42)
(-0.2 0.045 0.42)
(-0.15 0.045 0.42)
(-0.1 0.045 0.4199999999999999)
(-0.0500000000000001 0.045 0.4199999999999999)
(0 0.045 0.42)
(0.0500000000000001 0.045 0.42)
(0.1000000000000001 0.04500000000000001 0.4199999999999999)
(0.1499999999999999 0.045 0.42)
(0.2 0.045 0.4200000000000001)
(0.25 0.045 0.42)
(0.3 0.045 0.4199999999999999)
(0.35 0.04499999999999999 0.4199999999999999)
(0.4 0.04499999999999999 0.4199999999999999)
(0.45 0.04500000000000001 0.42)
(0.5 0.04500000000000001 0.42)
(0.55 0.045 0.42)
(0.6 0.045 0.42)
(0.65 0.04499999999999999 0.4200000000000001)
(0.7000000000000001 0.045 0.4199999999999999)
(0.75 0.04499999999999999 0.42)
(0.8 0.045 0.4200000000000001)
(0.85 0.04499999999999999 0.42)
(0.9 0.045 0.4200000000000001)
(0.9500000000000001 0.045 0.4199999999999999)
(1 0.045 0.42)
(-1 0.05 0.42)
(-0.9500000000000001 0.05 0.42)
(-0.9 0.05 0.42)
(-0.85 0.05000000000000001 0.42)
(-0.8 0.05 0.4199999999999999)
(-0.75 0.05 0.42)
(-0.7000000000000001 0.05 0.42)
(-0.65 0.05 0.42)
(-0.6 0.05 0.42)
(-0.55 0.05 0.42)
(-0.5 0.05 0.42)
(-0.45 0.05 0.42)
(-0.4 0.05 0.42)
(-0.35 0.05 0.42)
(-0.3 0.05 0.42)
(-0.25 0.05 0.42)
(-0.2 0.05 0.42)
(-0.15 0.05 0.42)
(-0.1 0.05 0.42)
(-0.05000000000000004 0.05 0.42)
(0 0.05 0.42)
(0.05000000000000004 0.05 0.42)
(0.1000000000000001 0.05 0.42)
(0.1499999999999999 0.05 0.42)
(0.2 0.05 0.42)
(0.25 0.05 0.42)
(0.3 0.05 0.42)
(0.35 0.05 0.4199999999999999)
(0.4 0.05 0.42)
(0.45 0.05 0.4199999999999999)
(0.5 0.05 0.42)
(0.55 0.05 0.42)
(0.6 0.05 0.42)
(0.65 0.05 0.42)
(0.7000000000000001 0.05 0.4199999999999999)
(0.75 0.05 0.42)
(0.8 0.05 0.42)
(0.85 0.05 0.4199999999999999)
(0.9 0.05 0.4200000000000001)
(0.9500000000000001 0.05 0.42)
(1 0.05 0.42)
(-1 0.055 0.42)
(-0.9500000000000002 0.055 0.42)
(-0.9 0.055 0.42)
(-0.85 0.055 0.42)
(-0.8 0.055 0.42)
(-0.75 0.055 0.42)
(-0.7000000000000001 0.055 0.42)
(-0.65 0.055 0.42)
(-0.6 0.055 0.4200000000000001)
(-0.55 0.05500000000000001 0.4200000000000001)
(-0.5 0.055 0.42)
(-0.45 0.055 0.4200000000000001)
(-0.4 0.055 0.42)
(-0.35 0.055 0.4199999999999999)
(-0.3 0.055 0.4199999999999999)
(-0.25 0.055 0.42)
(-0.2 0.055 0.4200000000000001)
(-0.15 0.05500000000000001 0.42)
(-0.1 0.055 0.4199999999999999)
(-0.0500000000000001 0.055 0.4199999999999999)
(0 0.055 0.42)
(0.0500000000000001 0.055 0.42)
(0.1000000000000001 0.055 0.4199999999999999)
(0.1499999999999999 0.055 0.4199999999999999)
(0.2 0.055 0.42)
(0.25 0.055 0.42)
(0.3000000000000001 0.055 0.42)
(0.35 0.055 0.4199999999999999)
(0.3999999999999999 0.055 0.4200000000000001)
(0.45 0.055 0.42)
(0.5 0.055 0.42)
(0.55 0.05500000000000001 0.4200000000000001)
(0.6 0.055 0.42)
(0.65 0.055 0.4200000000000001)
(0.7000000000000001 0.055 0.4199999999999999)
(0.75 0.055 0.42)
(0.8 0.055 0.4200000000000001)
(0.85 0.055 0.4199999999999999)
(0.9 0.05499999999999999 0.4200000000000001)
(0.9500000000000002 0.05500000000000001 0.4199999999999999)
(1 0.055 0.42)
(-1 0.06 0.42)
(-0.9500000000000001 0.06 0.42)
(-0.9 0.06 0.4200000000000001)
(-0.8500000000000002 0.06 0.4200000000000001)
(-0.8 0.06 0.42)
(-0.75 0.06 0.42)
(-0.7000000000000001 0.06 0.42)
(-0.65 0.06 0.4199999999999999)
(-0.6 0.06 0.42)
(-0.55 0.05999999999999999 0.42)
(-0.5 0.06 0.42)
(-0.45 0.06 0.4200000000000001)
(-0.4 0.06 0.42)
(-0.35 0.06 0.4199999999999999)
(-0.3 0.06 0.4199999999999999)
(-0.25 0.06 0.42)
(-0.2 0.06 0.42)
(-0.15 0.06 0.4199999999999999)
(-0.1 0.06 0.4200000000000001)
(-0.05000000000000004 0.05999999999999999 0.42)
(0 0.06 0.42)
(0.05000000000000004 0.06 0.4199999999999999)
(0.1000000000000001 0.06 0.4200000000000001)
(0.1499999999999999 0.06 0.42)
(0.2 0.06 0.42)
(0.25 0.06 0.42)
(0.3 0.06 0.4199999999999999)
(0.35 0.06 0.42)
(0.4 0.06000000000000001 0.4200000000000001)
(0.45 0.06 0.4199999999999999)
(0.5 0.06 0.4200000000000001)
(0.55 0.06 0.42)
(0.6 0.05999999999999999 0.4199999999999999)
(0.65 0.06 0.4199999999999999)
(0.7000000000000001 0.06 0.4199999999999999)
(0.75 0.06 0.42)
(0.8 0.06 0.4200000000000001)
(0.85 0.06000000000000001 0.42)
(0.9 0.06 0.4200000000000001)
(0.9500000000000001 0.06 0.4199999999999999)
(1 0.06 0.42)
(-1 0.065 0.42)
(-0.9500000000000001 0.065 0.42)
(-0.9000000000000001 0.065 0.42)
(-0.85 0.065 0.42)
(-0.8 0.06499999999999999 0.4199999999999999)
(-0.75 0.065 0.42)
(-0.7000000000000001 0.065 0.42)
(-0.65 0.065 0.42)
(-0.6 0.06500000000000002 0.4199999999999999)
(-0.55 0.065 0.4199999999999999)
(-0.5 0.065 0.42)
(-0.45 0.065 0.42)
(-0.4 0.065 0.4199999999999999)
(-0.35 0.065 0.42)
(-0.3000000000000001 0.06500000000000002 0.42)
(-0.25 0.065 0.42)
(-0.2 0.065 0.4199999999999999)
(-0.15 0.065 0.4199999999999999)
(-0.1 0.06500000000000002 0.42)
(-0.05000000000000011 0.06500000000000002 0.42)
(0 0.065 0.42)
(0.05000000000000011 0.065 0.42)
(0.1000000000000001 0.06500000000000002 0.4199999999999999)
(0.1499999999999999 0.065 0.42)
(0.2 0.065 0.4199999999999999)
(0.25 0.065 0.42)
(0.3000000000000001 0.065 0.42)
(0.35 0.065 0.42)
(0.3999999999999999 0.065 0.4199999999999999)
(0.45 0.06500000000000002 0.4200000000000001)
(0.5 0.065 0.4200000000000001)
(0.55 0.065 0.42)
(0.6 0.06500000000000002 0.4199999999999999)
(0.65 0.065 0.42)
(0.7000000000000001 0.065 0.4199999999999999)
(0.75 0.065 0.42)
(0.8 0.06499999999999999 0.42)
(0.8500000000000002 0.06500000000000002 0.4199999999999999)
(0.9000000000000001 0.065 0.4200000000000001)
(0.9500000000000001 0.065 0.42)
(1 0.065 0.42)
(-1 0.07000000000000001 0.42)
(-0.9500000000000001 0.07000000000000001 0.42)
(-0.9 0.07000000000000001 0.4199999999999999)
(-0.8499999999999999 0.07000000000000001 0.4199999999999999)
(-0.8 0.06999999999999999 0.4199999999999999)
(-0.75 0.07000000000000001 0.4199999999999999)
(-0.7000000000000001 0.06999999999999999 0.42)
(-0.65 0.07000000000000001 0.4199999999999999)
(-0.6 0.07000000000000001 0.4199999999999999)
(-0.55 0.06999999999999999 0.4199999999999999)
(-0.5 0.07000000000000001 0.42)
(-0.45 0.07000000000000001 0.42)
(-0.4000000000000001 0.07000000000000001 0.4200000000000001)
(-0.35 0.07000000000000001 0.42)
(-0.3 0.07000000000000001 0.4199999999999999)
(-0.25 0.07000000000000001 0.42)
(-0.2 0.07000000000000001 0.4200000000000001)
(-0.15 0.07000000000000001 0.4200000000000001)
(-0.1 0.07000000000000001 0.42)
(-0.0500000000000001 0.07000000000000001 0.42)
(0 0.07000000000000001 0.42)
(0.0500000000000001 0.07000000000000001 0.42)
(0.1000000000000001 0.07000000000000001 0.42)
(0.1499999999999999 0.07000000000000001 0.4200000000000001)
(0.2 0.07000000000000001 0.42)
(0.2500000000000001 0.07000000000000001 0.42)
(0.3 0.07000000000000001 0.4199999999999999)
(0.35 0.07000000000000001 0.42)
(0.3999999999999998 0.06999999999999999 0.4199999999999999)
(0.45 0.07000000000000001 0.42)
(0.5 0.07000000000000001 0.42)
(0.55 0.07000000000000001 0.4199999999999999)
(0.6000000000000001 0.07000000000000001 0.4199999999999999)
(0.65 0.07000000000000001 0.4199999999999999)
(0.7000000000000001 0.07000000000000001 0.4199999999999999)
(0.75 0.06999999999999999 0.4199999999999999)
(0.8 0.07000000000000001 0.42)
(0.85 0.06999999999999999 0.4199999999999999)
(0.9 0.07000000000000001 0.42)
(0.9500000000000001 0.07000000000000001 0.4199999999999999)
(1 0.07000000000000001 0.42)
(-1 0.075 0.42)
(-0.9500000000000001 0.075 0.42)
(-0.9 0.075 0.42)
(-0.85 0.075 0.42)
(-0.8 0.075 0.42)
(-0.75 0.075 0.4199999999999999)
(-0.7000000000000001 0.075 0.4199999999999999)
(-0.65 0.075 0.42)
(-0.6 0.075 0.42)
(-0.55 0.075 0.42)
(-0.5 0.075 0.4199999999999999)
(-0.45 0.07500000000000001 0.42)
(-0.4 0.075 0.42)
(-0.35 0.075 0.4199999999999999)
(-0.3 0.075 0.4199999999999999)
(-0.25 0.075 0.42)
(-0.2 0.075 0.42)
(-0.15 0.075 0.42)
(-0.1000000000000001 0.075 0.42)
(-0.0500000000000001 0.075 0.4199999999999999)
(0 0.075 0.42)
(0.0500000000000001 0.075 0.42)
(0.1000000000000001 0.075 0.42)
(0.1499999999999999 0.075 0.4199999999999999)
(0.2 0.075 0.4199999999999999)
(0.25 0.075 0.42)
(0.3 0.075 0.42)
(0.3500000000000001 0.075 0.4199999999999999)
(0.3999999999999999 0.075 0.42)
(0.45 0.07500000000000001 0.42)
(0.5 0.075 0.4199999999999999)
(0.55 0.075 0.42)
(0.6 0.075 0.4199999999999999)
(0.65 0.075 0.4199999999999999)
(0.7000000000000001 0.075 0.4199999999999999)
(0.75 0.075 0.4199999999999999)
(0.8 0.075 0.42)
(0.85 0.075 0.4199999999999999)
(0.9 0.075 0.4200000000000001)
(0.9500000000000001 0.075 0.42)
(1 0.075 0.42)
(-1 0.08000000000000002 0.42)
(-0.9500000000000001 0.08000000000000002 0.42)
(-0.9 0.08 0.4200000000000001)
(-0.85 0.08000000000000002 0.4199999999999999)
(-0.8 0.08 0.42)
(-0.7500000000000001 0.08000000000000002 0.42)
(-0.7000000000000001 0.08 0.4200000000000001)
(-0.65 0.08000000000000002 0.4199999999999999)
(-0.6 0.08 0.4199999999999999)
(-0.55 0.08 0.42)
(-0.5 0.08 0.42)
(-0.45 0.08000000000000002 0.4200000000000001)
(-0.4 0.08000000000000002 0.4199999999999999)
(-0.35 0.08 0.42)
(-0.3 0.08000000000000002 0.42)
(-0.25 0.08 0.42)
(-0.2 0.08 0.42)
(-0.15 0.08000000000000002 0.42)
(-0.1 0.08 0.4200000000000001)
(-0.05000000000000004 0.08000000000000002 0.4199999999999999)
(0 0.08 0.42)
(0.05000000000000003 0.08 0.42)
(0.1000000000000001 0.08 0.4200000000000001)
(0.1499999999999999 0.08000000000000002 0.42)
(0.2 0.08 0.4199999999999999)
(0.25 0.08 0.42)
(0.3 0.08000000000000002 0.42)
(0.35 0.08 0.4199999999999999)
(0.3999999999999999 0.08 0.4199999999999999)
(0.45 0.08000000000000002 0.42)
(0.5 0.08 0.42)
(0.55 0.08 0.42)
(0.6 0.08 0.4199999999999999)
(0.65 0.08 0.4199999999999999)
(0.7000000000000001 0.08000000000000002 0.42)
(0.7500000000000001 0.08000000000000002 0.42)
(0.8 0.08000000000000002 0.4200000000000001)
(0.8500000000000002 0.08000000000000002 0.4199999999999999)
(0.9 0.08 0.4200000000000001)
(0.9500000000000001 0.08000000000000002 0.4199999999999999)
(1 0.08000000000000002 0.42)
(-1 0.08500000000000001 0.42)
(-0.9500000000000001 0.08500000000000001 0.42)
(-0.9 0.08500000000000001 0.42)
(-0.85 0.08500000000000001 0.4199999999999999)
(-0.8 0.08500000000000001 0.42)
(-0.75 0.08500000000000001 0.42)
(-0.7000000000000001 0.08500000000000001 0.4199999999999999)
(-0.6499999999999999 0.08500000000000001 0.4199999999999999)
(-0.6 0.08500000000000001 0.4199999999999999)
(-0.55 0.08500000000000001 0.42)
(-0.5 0.08500000000000001 0.42)
(-0.45 0.08500000000000001 0.42)
(-0.4 0.08500000000000001 0.4199999999999999)
(-0.35 0.08500000000000001 0.42)
(-0.3 0.08500000000000001 0.42)
(-0.25 0.08500000000000001 0.42)
(-0.2 0.08499999999999998 0.42)
(-0.15 0.08500000000000001 0.42)
(-0.1 0.08500000000000001 0.4200000000000001)
(-0.05000000000000004 0.08500000000000001 0.42)
(0 0.08500000000000001 0.42)
(0.05000000000000003 0.08500000000000002 0.4200000000000001)
(0.1000000000000001 0.08500000000000001 0.42)
(0.1499999999999999 0.08500000000000001 0.4199999999999999)
(0.2 0.08500000000000001 0.42)
(0.25 0.08500000000000001 0.42)
(0.3 0.08500000000000001 0.42)
(0.35 0.08500000000000001 0.4199999999999999)
(0.4 0.08500000000000001 0.42)
(0.45 0.08500000000000001 0.4199999999999999)
(0.5 0.08499999999999998 0.4199999999999999)
(0.55 0.08499999999999998 0.42)
(0.6 0.08500000000000001 0.4200000000000001)
(0.6499999999999999 0.08500000000000001 0.4199999999999999)
(0.7000000000000001 0.08499999999999998 0.42)
(0.75 0.08500000000000001 0.42)
(0.8000000000000002 0.08500000000000001 0.42)
(0.85 0.08500000000000001 0.4199999999999999)
(0.9 0.08500000000000001 0.42)
(0.9500000000000001 0.08500000000000001 0.4199999999999999)
(1 0.08500000000000001 0.42)
(-1 0.09 0.42)
(-0.9500000000000001 0.09 0.42)
(-0.9 0.09000000000000002 0.4199999999999999)
(-0.85 0.09 0.42)
(-0.8 0.09 0.42)
(-0.75 0.09 0.42)
(-0.7000000000000001 0.09 0.4199999999999999)
(-0.65 0.09 0.42)
(-0.6 0.09 0.4199999999999999)
(-0.55 0.09 0.4199999999999999)
(-0.5 0.09 0.42)
(-0.45 0.09000000000000002 0.42)
(-0.4 0.09 0.42)
(-0.35 0.08999999999999998 0.4199999999999999)
(-0.3 0.09 0.42)
(-0.25 0.09 0.4199999999999999)
(-0.2 0.09 0.42)
(-0.15 0.09 0.4199999999999999)
(-0.1000000000000001 0.09 0.4200000000000001)
(-0.05000000000000004 0.09 0.42)
(0 0.09 0.42)
(0.05000000000000004 0.09 0.42)
(0.1000000000000001 0.09000000000000002 0.42)
(0.1499999999999999 0.09 0.4199999999999999)
(0.2 0.09 0.4199999999999999)
(0.25 0.09 0.42)
(0.3 0.09 0.4199999999999999)
(0.35 0.09 0.4199999999999999)
(0.4 0.08999999999999998 0.42)
(0.4500000000000001 0.09000000000000002 0.42)
(0.5 0.09000000000000002 0.4199999999999999)
(0.55 0.09 0.4199999999999999)
(0.6000000000000001 0.09000000000000002 0.42)
(0.65 0.08999999999999998 0.42)
(0.7000000000000001 0.09 0.4199999999999999)
(0.75 0.08999999999999998 0.42)
(0.8 0.09 0.42)
(0.85 0.08999999999999998 0.4199999999999999)
(0.9 0.09 0.42)
(0.9500000000000001 0.09 0.4200000000000001)
(1 0.09 0.42)
(-1 0.09499999999999999 0.42)
(-0.9500000000000001 0.09499999999999999 0.42)
(-0.9 0.095 0.4200000000000001)
(-0.85 0.095 0.42)
(-0.8 0.095 0.4199999999999999)
(-0.75 0.095 0.42)
(-0.7000000000000001 0.095 0.42)
(-0.65 0.09499999999999999 0.42)
(-0.6 0.09499999999999999 0.42)
(-0.55 0.095 0.4199999999999999)
(-0.5 0.09499999999999999 0.42)
(-0.45 0.095 0.42)
(-0.3999999999999999 0.095 0.4199999999999999)
(-0.35 0.095 0.42)
(-0.3000000000000001 0.095 0.42)
(-0.25 0.09499999999999999 0.42)
(-0.2 0.095 0.42)
(-0.1499999999999999 0.095 0.4199999999999999)
(-0.1000000000000001 0.095 0.42)
(-0.05000000000000007 0.09499999999999999 0.4200000000000001)
(0 0.095 0.42)
(0.05000000000000007 0.09499999999999999 0.4200000000000001)
(0.1000000000000001 0.095 0.4200000000000001)
(0.1499999999999999 0.095 0.42)
(0.2 0.09499999999999999 0.42)
(0.25 0.09499999999999999 0.42)
(0.3000000000000001 0.095 0.42)
(0.35 0.09499999999999999 0.42)
(0.3999999999999999 0.09499999999999999 0.4199999999999999)
(0.45 0.09499999999999999 0.4199999999999999)
(0.5 0.09499999999999999 0.42)
(0.55 0.095 0.42)
(0.6 0.095 0.4200000000000001)
(0.65 0.09499999999999999 0.4199999999999999)
(0.7000000000000001 0.095 0.4199999999999999)
(0.75 0.09499999999999999 0.42)
(0.8 0.095 0.4199999999999999)
(0.85 0.095 0.4199999999999999)
(0.9 0.09499999999999999 0.4200000000000001)
(0.9500000000000001 0.09499999999999999 0.42)
(1 0.09499999999999999 0.42)
(-1 0.1 0.42)
(-0.9500000000000001 0.1 0.42)
(-0.9 0.1 0.42)
(-0.85 0.1 0.42)
(-0.8 0.1 0.42)
(-0.75 0.1 0.42)
(-0.7000000000000001 0.1 0.42)
(-0.65 0.1 0.4199999999999999)
(-0.6 0.1 0.42)
(-0.55 0.1 0.42)
(-0.5 0.1 0.42)
(-0.45 0.1 0.42)
(-0.4 0.1 0.42)
(-0.35 0.1 0.42)
(-0.3 0.1 0.42)
(-0.25 0.1 0.42)
(-0.2 0.1 0.42)
(-0.15 0.1 0.42)
(-0.1 0.1 0.42)
(-0.05000000000000004 0.1 0.42)
(0 0.1 0.42)
(0.05000000000000004 0.1 0.42)
(0.1000000000000001 0.1 0.42)
(0.1499999999999999 0.1 0.42)
(0.2 0.1 0.42)
(0.25 0.1 0.42)
(0.3 0.1 0.42)
(0.35 0.1 0.42)
(0.4 0.1 0.42)
(0.45 0.1 0.4199999999999999)
(0.5 0.1 0.42)
(0.55 0.1 0.4200000000000001)
(0.6 0.1 0.42)
(0.65 0.1 0.42)
(0.7000000000000001 0.1 0.4199999999999999)
(0.75 0.1 0.42)
(0.8 0.1 0.4200000000000001)
(0.85 0.1 0.4199999999999999)
(0.9 0.1 0.4200000000000001)
(0.9500000000000001 0.1 0.42)
(1 0.1 0.42)
(-1 0 0.45)
(-0.9500000000000001 0 0.45)
(-0.9 0 0.45)
(-0.85 0 0.45)
(-0.8 0 0.45)
(-0.75 0 0.45)
(-0.7000000000000001 0 0.45)
(-0.65 0 0.45)
(-0.6 0 0.45)
(-0.55 0 0.45)
(-0.5 0 0.45)
(-0.45 0 0.45)
(-0.4 0 0.45)
(-0.35 0 0.45)
(-0.3 0 0.45)
(-0.25 0 0.45)
(-0.2 0 0.45)
(-0.15 0 0.45)
(-0.1 0 0.45)
(-0.05000000000000003 0 0.45)
(0 0 0.45)
(0.05000000000000003 0 0.45)
(0.1000000000000001 0 0.45)
(0.1499999999999999 0 0.45)
(0.2 0 0.45)
(0.25 0 0.45)
(0.3 0 0.45)
(0.35 0 0.45)
(0.4 0 0.45)
(0.45 0 0.45)
(0.5 0 0.45)
(0.55 0 0.45)
(0.6 0 0.45)
(0.65 0 0.45)
(0.7000000000000001 0 0.45)
(0.75 0 0.45)
(0.8 0 0.45)
(0.85 0 0.45)
(0.9 0 0.45)
(0.9500000000000001 0 0.45)
(1 0 0.45)
(-1 0.005 0.45)
(-0.9500000000000001 0.005 0.45)
(-0.9 0.005 0.45)
(-0.85 0.005 0.45)
(-0.8 0.005000000000000001 0.45)
(-0.75 0.005 0.45)
(-0.7000000000000001 0.005 0.45)
(-0.65 0.005 0.45)
(-0.6 0.005000000000000001 0.4500000000000001)
(-0.55 0.005000000000000001 0.45)
(-0.5 0.005 0.45)
(-0.45 0.005 0.45)
(-0.4 0.005 0.45)
(-0.35 0.005 0.45)
(-0.3 0.005000000000000001 0.45)
(-0.25 0.005 0.45)
(-0.2 0.005 0.45)
(-0.1499999999999999 0.005000000000000001 0.45)
(-0.09999999999999998 0.005000000000000001 0.45)
(-0.05 0.005 0.45)
(0 0.005 0.45)
(0.05 0.005 0.45)
(0.1000000000000001 0.005000000000000001 0.45)
(0.1499999999999999 0.005000000000000001 0.45)
(0.2 0.005 0.45)
(0.25 0.005 0.45)
(0.3 0.005000000000000001 0.45)
(0.3500000000000001 0.005000000000000001 0.45)
(0.3999999999999999 0.005 0.45)
(0.45 0.005 0.45)
(0.5 0.005 0.45)
(0.55 0.005000000000000001 0.45)
(0.6 0.005 0.45)
(0.65 0.005 0.45)
(0.7000000000000001 0.005 0.45)
(0.75 0.005 0.45)
(0.8 0.005 0.45)
(0.85 0.005 0.45)
(0.9 0.005 0.45)
(0.9500000000000001 0.005 0.45)
(1 0.005 0.45)
(-1 0.01 0.45)
(-0.9500000000000001 0.01 0.45)
(-0.9 0.01 0.45)
(-0.85 0.01 0.45)
(-0.8 0.01 0.45)
(-0.75 0.01 0.45)
(-0.7000000000000001 0.01 0.45)
(-0.65 0.01 0.45)
(-0.6 0.01 0.45)
(-0.55 0.01 0.45)
(-0.5 0.01 0.45)
(-0.45 0.01 0.45)
(-0.4 0.01 0.45)
(-0.35 0.01 0.45)
(-0.3 0.01 0.45)
(-0.25 0.01 0.45)
(-0.2 0.01 0.45)
(-0.15 0.01 0.45)
(-0.1 0.01 0.45)
(-0.05000000000000003 0.01 0.45)
(0 0.01 0.45)
(0.05000000000000003 0.01 0.45)
(0.1000000000000001 0.01 0.45)
(0.1499999999999999 0.01 0.45)
(0.2 0.009999999999999998 0.45)
(0.25 0.01 0.45)
(0.3000000000000001 0.01 0.45)
(0.35 0.01 0.45)
(0.3999999999999999 0.01 0.45)
(0.45 0.01 0.45)
(0.5 0.01 0.45)
(0.55 0.01 0.45)
(0.6 0.01 0.45)
(0.65 0.01 0.45)
(0.7000000000000001 0.01 0.45)
(0.75 0.01 0.45)
(0.8 0.01 0.45)
(0.85 0.01 0.45)
(0.9 0.01 0.45)
(0.9500000000000001 0.01 0.45)
(1 0.01 0.45)
(-1 0.015 0.45)
(-0.9500000000000001 0.015 0.45)
(-0.9 0.015 0.45)
(-0.85 0.015 0.4500000000000001)
(-0.8 0.015 0.45)
(-0.75 0.015 0.45)
(-0.7000000000000001 0.015 0.45)
(-0.65 0.015 0.45)
(-0.6 0.015 0.45)
(-0.55 0.015 0.45)
(-0.5 0.015 0.45)
(-0.45 0.015 0.45)
(-0.4 0.015 0.45)
(-0.35 0.015 0.45)
(-0.3 0.015 0.45)
(-0.25 0.015 0.45)
(-0.2 0.015 0.45)
(-0.15 0.015 0.45)
(-0.1 0.015 0.45)
(-0.05 0.015 0.45)
(0 0.015 0.45)
(0.05 0.015 0.45)
(0.1000000000000001 0.015 0.45)
(0.1499999999999999 0.015 0.45)
(0.2 0.015 0.45)
(0.25 0.015 0.45)
(0.3 0.015 0.45)
(0.35 0.015 0.45)
(0.4 0.015 0.45)
(0.45 0.015 0.45)
(0.5 0.015 0.45)
(0.55 0.015 0.45)
(0.6 0.015 0.45)
(0.65 0.015 0.45)
(0.7000000000000001 0.015 0.45)
(0.75 0.015 0.45)
(0.8 0.015 0.45)
(0.85 0.015 0.45)
(0.9 0.015 0.45)
(0.9500000000000001 0.015 0.45)
(1 0.015 0.45)
(-1 0.02 0.45)
(-0.9500000000000001 0.02 0.45)
(-0.9 0.02 0.4500000000000001)
(-0.85 0.02 0.45)
(-0.8 0.02 0.45)
(-0.75 0.02 0.45)
(-0.7000000000000001 0.02 0.45)
(-0.65 0.02 0.45)
(-0.6 0.02 0.45)
(-0.55 0.02 0.45)
(-0.5 0.02 0.45)
(-0.45 0.02 0.45)
(-0.4 0.02 0.45)
(-0.35 0.02 0.45)
(-0.3 0.02 0.45)
(-0.25 0.02 0.45)
(-0.1999999999999999 0.02 0.4500000000000001)
(-0.15 0.02 0.45)
(-0.1 0.02 0.45)
(-0.05000000000000003 0.02 0.4500000000000001)
(0 0.02 0.45)
(0.05000000000000003 0.02 0.4500000000000001)
(0.1000000000000001 0.02 0.4500000000000001)
(0.1499999999999999 0.02 0.45)
(0.2 0.02 0.45)
(0.25 0.02 0.45)
(0.3 0.02 0.45)
(0.35 0.02 0.45)
(0.4 0.02 0.45)
(0.45 0.02 0.45)
(0.5 0.02 0.45)
(0.55 0.02 0.45)
(0.6 0.02 0.45)
(0.65 0.02 0.45)
(0.7000000000000001 0.02 0.45)
(0.75 0.02 0.45)
(0.8 0.02 0.45)
(0.85 0.02 0.45)
(0.9 0.02 0.45)
(0.9500000000000001 0.02 0.45)
(1 0.02 0.45)
(-1 0.025 0.45)
(-0.9500000000000001 0.025 0.45)
(-0.9 0.025 0.45)
(-0.85 0.025 0.45)
(-0.8 0.025 0.45)
(-0.75 0.025 0.45)
(-0.7000000000000001 0.025 0.45)
(-0.65 0.025 0.45)
(-0.6 0.025 0.45)
(-0.55 0.025 0.45)
(-0.5 0.025 0.45)
(-0.45 0.025 0.45)
(-0.4 0.025 0.45)
(-0.3500000000000001 0.025 0.45)
(-0.3 0.025 0.45)
(-0.25 0.025 0.45)
(-0.2 0.025 0.45)
(-0.15 0.025 0.45)
(-0.1 0.025 0.45)
(-0.05000000000000007 0.025 0.45)
(0 0.025 0.45)
(0.05000000000000007 0.025 0.45)
(0.1000000000000001 0.025 0.45)
(0.1499999999999999 0.025 0.45)
(0.2 0.025 0.45)
(0.25 0.025 0.45)
(0.3 0.025 0.45)
(0.3500000000000001 0.025 0.45)
(0.3999999999999999 0.025 0.45)
(0.45 0.025 0.45)
(0.5 0.025 0.45)
(0.55 0.025 0.45)
(0.6 0.025 0.45)
(0.65 0.025 0.45)
(0.7000000000000001 0.025 0.45)
(0.75 0.025 0.45)
(0.8 0.025 0.45)
(0.85 0.025 0.45)
(0.9 0.025 0.45)
(0.9500000000000001 0.025 0.45)
(1 0.025 0.45)
(-1 0.03 0.45)
(-0.9500000000000001 0.03 0.45)
(-0.9 0.03 0.45)
(-0.85 0.03 0.45)
(-0.8 0.03 0.45)
(-0.75 0.03 0.45)
(-0.7000000000000001 0.03 0.45)
(-0.65 0.03 0.45)
(-0.6000000000000001 0.03 0.45)
(-0.55 0.03 0.45)
(-0.5 0.03 0.45)
(-0.45 0.03 0.45)
(-0.4 0.03 0.45)
(-0.35 0.03 0.45)
(-0.3 0.03 0.45)
(-0.25 0.03 0.45)
(-0.2 0.03 0.45)
(-0.15 0.03 0.45)
(-0.09999999999999998 0.03 0.45)
(-0.05000000000000005 0.03 0.45)
(0 0.03 0.45)
(0.05000000000000005 0.03 0.45)
(0.1000000000000001 0.03 0.45)
(0.1499999999999999 0.03 0.45)
(0.2 0.03 0.45)
(0.25 0.03 0.45)
(0.3 0.03 0.45)
(0.35 0.03 0.45)
(0.4 0.03 0.45)
(0.45 0.03 0.45)
(0.5 0.03 0.45)
(0.55 0.03 0.45)
(0.6000000000000001 0.03 0.45)
(0.65 0.03 0.45)
(0.7000000000000001 0.03 0.45)
(0.75 0.03 0.45)
(0.8 0.03 0.45)
(0.85 0.03 0.45)
(0.9 0.03000000000000001 0.45)
(0.9500000000000001 0.03 0.45)
(1 0.03 0.45)
(-1 0.035 0.45)
(-0.9500000000000001 0.035 0.45)
(-0.9 0.035 0.45)
(-0.85 0.035 0.45)
(-0.8 0.035 0.45)
(-0.75 0.035 0.45)
(-0.7000000000000001 0.035 0.45)
(-0.65 0.035 0.45)
(-0.6 0.035 0.45)
(-0.55 0.035 0.45)
(-0.5 0.035 0.45)
(-0.45 0.035 0.45)
(-0.4 0.035 0.45)
(-0.35 0.035 0.45)
(-0.3 0.035 0.45)
(-0.25 0.035 0.45)
(-0.2 0.035 0.45)
(-0.15 0.035 0.45)
(-0.1 0.035 0.45)
(-0.0500000000000001 0.035 0.45)
(0 0.035 0.45)
(0.0500000000000001 0.035 0.45)
(0.1000000000000001 0.035 0.45)
(0.1499999999999999 0.035 0.45)
(0.2 0.035 0.45)
(0.25 0.035 0.45)
(0.3 0.035 0.45)
(0.35 0.035 0.45)
(0.4 0.035 0.45)
(0.45 0.035 0.45)
(0.5 0.035 0.45)
(0.55 0.035 0.45)
(0.6 0.035 0.45)
(0.65 0.035 0.45)
(0.7000000000000001 0.035 0.45)
(0.75 0.035 0.45)
(0.8 0.035 0.45)
(0.85 0.035 0.45)
(0.9 0.035 0.45)
(0.9500000000000001 0.035 0.45)
(1 0.035 0.45)
(-1 0.04 0.45)
(-0.9500000000000001 0.04 0.45)
(-0.9 0.04 0.45)
(-0.85 0.04 0.45)
(-0.8 0.04000000000000001 0.45)
(-0.75 0.04 0.45)
(-0.7000000000000001 0.04 0.45)
(-0.65 0.04 0.45)
(-0.6 0.04000000000000001 0.45)
(-0.55 0.04000000000000001 0.45)
(-0.5 0.04 0.45)
(-0.45 0.04 0.45)
(-0.4 0.04 0.45)
(-0.35 0.04 0.45)
(-0.3 0.04 0.45)
(-0.25 0.04 0.45)
(-0.2 0.04 0.45)
(-0.15 0.04 0.45)
(-0.09999999999999998 0.04 0.45)
(-0.05000000000000003 0.04 0.45)
(0 0.04 0.45)
(0.05000000000000004 0.04 0.45)
(0.1000000000000001 0.04000000000000001 0.45)
(0.1499999999999999 0.04000000000000001 0.45)
(0.2 0.04 0.45)
(0.25 0.04 0.45)
(0.3 0.04 0.45)
(0.3500000000000001 0.04 0.45)
(0.4 0.04 0.45)
(0.45 0.04 0.45)
(0.5 0.04 0.45)
(0.55 0.04000000000000001 0.45)
(0.6 0.04 0.45)
(0.65 0.04 0.45)
(0.7000000000000001 0.04 0.45)
(0.75 0.04 0.45)
(0.8 0.04 0.45)
(0.85 0.04 0.45)
(0.9 0.04 0.45)
(0.9500000000000001 0.04 0.45)
(1 0.04 0.45)
(-1 0.045 0.45)
(-0.9500000000000001 0.04499999999999999 0.45)
(-0.9 0.045 0.45)
(-0.85 0.045 0.45)
(-0.8 0.045 0.45)
(-0.75 0.045 0.45)
(-0.7000000000000001 0.045 0.45)
(-0.65 0.045 0.45)
(-0.6 0.045 0.45)
(-0.55 0.045 0.45)
(-0.5 0.045 0.45)
(-0.45 0.045 0.45)
(-0.4 0.045 0.45)
(-0.35 0.045 0.4500000000000001)
(-0.3 0.045 0.45)
(-0.25 0.045 0.45)
(-0.2 0.045 0.45)
(-0.15 0.045 0.45)
(-0.1 0.045 0.45)
(-0.05000000000000007 0.045 0.45)
(0 0.045 0.45)
(0.05000000000000007 0.045 0.45)
(0.1000000000000001 0.045 0.45)
(0.1499999999999999 0.045 0.45)
(0.2 0.045 0.45)
(0.25 0.045 0.45)
(0.3 0.045 0.4500000000000001)
(0.3500000000000001 0.045 0.4500000000000001)
(0.4 0.04499999999999999 0.45)
(0.45 0.045 0.45)
(0.5 0.045 0.45)
(0.55 0.045 0.45)
(0.6 0.045 0.4500000000000001)
(0.65 0.04499999999999999 0.45)
(0.7000000000000001 0.045 0.45)
(0.75 0.045 0.45)
(0.8 0.045 0.45)
(0.85 0.04500000000000001 0.45)
(0.9 0.045 0.45)
(0.9500000000000001 0.045 0.45)
(1 0.045 0.45)
(-1 0.05 0.45)
(-0.9500000000000001 0.05 0.45)
(-0.9 0.05 0.45)
(-0.85 0.05 0.45)
(-0.8 0.05 0.45)
(-0.75 0.05 0.45)
(-0.7000000000000001 0.05 0.45)
(-0.65 0.05 0.45)
(-0.6 0.05 0.45)
(-0.55 0.05 0.45)
(-0.5 0.05 0.45)
(-0.45 0.05 0.45)
(-0.4 0.05 0.45)
(-0.35 0.05 0.4500000000000001)
(-0.3 0.05 0.45)
(-0.25 0.05 0.45)
(-0.2 0.05 0.45)
(-0.15 0.05 0.45)
(-0.1 0.05 0.45)
(-0.05000000000000003 0.05 0.45)
(0 0.05 0.45)
(0.05000000000000003 0.05 0.45)
(0.1000000000000001 0.05 0.45)
(0.1499999999999999 0.05 0.45)
(0.2 0.05 0.45)
(0.25 0.05 0.45)
(0.3 0.05 0.45)
(0.35 0.05 0.45)
(0.4 0.05 0.45)
(0.45 0.05 0.45)
(0.5 0.05 0.45)
(0.55 0.05 0.45)
(0.6 0.05 0.45)
(0.65 0.05 0.45)
(0.7000000000000001 0.05 0.45)
(0.75 0.05 0.45)
(0.8 0.05 0.45)
(0.85 0.05 0.45)
(0.9 0.05 0.45)
(0.9500000000000001 0.05 0.45)
(1 0.05 0.45)
(-1 0.055 0.45)
(-0.9500000000000001 0.055 0.45)
(-0.9 0.055 0.45)
(-0.85 0.055 0.45)
(-0.8 0.055 0.45)
(-0.75 0.055 0.45)
(-0.7000000000000001 0.055 0.45)
(-0.65 0.055 0.45)
(-0.6 0.055 0.4500000000000001)
(-0.55 0.055 0.45)
(-0.5 0.055 0.45)
(-0.45 0.055 0.45)
(-0.4 0.055 0.45)
(-0.35 0.055 0.45)
(-0.3 0.055 0.45)
(-0.25 0.055 0.45)
(-0.2 0.055 0.45)
(-0.15 0.055 0.45)
(-0.1 0.055 0.45)
(-0.05000000000000007 0.055 0.45)
(0 0.055 0.45)
(0.05000000000000004 0.055 0.45)
(0.1000000000000001 0.055 0.45)
(0.1499999999999999 0.055 0.45)
(0.2 0.055 0.45)
(0.25 0.055 0.45)
(0.3 0.055 0.45)
(0.35 0.055 0.45)
(0.4 0.055 0.45)
(0.45 0.055 0.45)
(0.5 0.055 0.45)
(0.55 0.055 0.45)
(0.6 0.055 0.45)
(0.65 0.055 0.45)
(0.7000000000000001 0.055 0.45)
(0.75 0.055 0.45)
(0.8 0.055 0.45)
(0.85 0.055 0.45)
(0.9 0.055 0.45)
(0.9500000000000001 0.055 0.45)
(1 0.055 0.45)
(-1 0.06 0.45)
(-0.9500000000000001 0.06 0.45)
(-0.9 0.06 0.45)
(-0.85 0.06 0.45)
(-0.8 0.06 0.45)
(-0.75 0.06 0.45)
(-0.7000000000000001 0.06 0.45)
(-0.65 0.06 0.45)
(-0.6 0.06 0.45)
(-0.55 0.06 0.45)
(-0.5 0.06 0.45)
(-0.45 0.06 0.45)
(-0.4 0.06 0.45)
(-0.35 0.06 0.45)
(-0.3 0.06 0.45)
(-0.25 0.06 0.45)
(-0.2 0.06 0.45)
(-0.15 0.06 0.45)
(-0.09999999999999998 0.06 0.45)
(-0.05000000000000004 0.06 0.45)
(0 0.06 0.45)
(0.05000000000000004 0.06 0.45)
(0.1000000000000001 0.06 0.45)
(0.1499999999999999 0.06 0.45)
(0.2 0.06 0.45)
(0.25 0.06 0.45)
(0.3 0.06 0.45)
(0.3500000000000001 0.06 0.45)
(0.4 0.06 0.45)
(0.45 0.06 0.45)
(0.5 0.06 0.45)
(0.55 0.06 0.45)
(0.6 0.06 0.45)
(0.65 0.06 0.45)
(0.7000000000000001 0.06 0.45)
(0.75 0.06 0.45)
(0.8 0.06000000000000001 0.45)
(0.85 0.06 0.45)
(0.9 0.06 0.45)
(0.9500000000000001 0.06 0.45)
(1 0.06 0.45)
(-1 0.065 0.45)
(-0.9500000000000001 0.065 0.45)
(-0.9 0.065 0.45)
(-0.85 0.065 0.45)
(-0.8 0.06500000000000002 0.45)
(-0.75 0.065 0.45)
(-0.7000000000000001 0.065 0.45)
(-0.65 0.065 0.45)
(-0.6 0.065 0.45)
(-0.55 0.065 0.45)
(-0.5 0.065 0.45)
(-0.45 0.065 0.45)
(-0.4 0.065 0.45)
(-0.35 0.065 0.45)
(-0.3 0.065 0.45)
(-0.25 0.065 0.45)
(-0.2 0.065 0.45)
(-0.15 0.065 0.45)
(-0.1 0.065 0.45)
(-0.0500000000000001 0.065 0.45)
(0 0.065 0.45)
(0.05000000000000011 0.065 0.45)
(0.1000000000000001 0.065 0.45)
(0.1499999999999999 0.065 0.45)
(0.2 0.065 0.45)
(0.25 0.065 0.45)
(0.3 0.065 0.45)
(0.35 0.06500000000000002 0.45)
(0.4 0.065 0.45)
(0.45 0.065 0.45)
(0.5 0.065 0.45)
(0.55 0.065 0.45)
(0.6 0.065 0.45)
(0.65 0.065 0.45)
(0.7000000000000001 0.065 0.45)
(0.75 0.065 0.45)
(0.8 0.065 0.45)
(0.85 0.06500000000000002 0.45)
(0.9 0.06499999999999999 0.45)
(0.9500000000000001 0.065 0.45)
(1 0.065 0.45)
(-1 0.07000000000000001 0.45)
(-0.9500000000000001 0.07000000000000001 0.45)
(-0.9 0.06999999999999999 0.45)
(-0.85 0.07000000000000001 0.45)
(-0.8 0.07000000000000001 0.45)
(-0.75 0.07000000000000001 0.45)
(-0.7000000000000001 0.07000000000000001 0.45)
(-0.65 0.07000000000000001 0.45)
(-0.6 0.07000000000000001 0.45)
(-0.55 0.07000000000000001 0.45)
(-0.5 0.07000000000000001 0.45)
(-0.45 0.07000000000000001 0.45)
(-0.4 0.07000000000000001 0.45)
(-0.35 0.07000000000000001 0.45)
(-0.3 0.07000000000000001 0.45)
(-0.25 0.07000000000000001 0.45)
(-0.2 0.07000000000000001 0.45)
(-0.15 0.07000000000000001 0.45)
(-0.1 0.07000000000000001 0.45)
(-0.05000000000000004 0.07000000000000001 0.45)
(0 0.07000000000000001 0.45)
(0.05000000000000004 0.07000000000000001 0.45)
(0.1000000000000001 0.07000000000000001 0.45)
(0.1499999999999999 0.07000000000000001 0.45)
(0.2 0.07000000000000001 0.45)
(0.25 0.07000000000000001 0.45)
(0.3 0.07000000000000001 0.45)
(0.35 0.06999999999999999 0.45)
(0.4 0.07000000000000001 0.45)
(0.45 0.07000000000000001 0.45)
(0.5 0.07000000000000001 0.45)
(0.55 0.07000000000000001 0.45)
(0.6 0.06999999999999999 0.45)
(0.65 0.07000000000000001 0.45)
(0.7000000000000001 0.07000000000000001 0.45)
(0.75 0.07000000000000001 0.45)
(0.8 0.07000000000000001 0.45)
(0.85 0.06999999999999999 0.45)
(0.9 0.07000000000000001 0.45)
(0.9500000000000001 0.07000000000000001 0.45)
(1 0.07000000000000001 0.45)
(-1 0.075 0.45)
(-0.9500000000000001 0.075 0.45)
(-0.9 0.075 0.45)
(-0.85 0.07500000000000001 0.4500000000000001)
(-0.8 0.075 0.45)
(-0.75 0.075 0.45)
(-0.7000000000000001 0.075 0.45)
(-0.65 0.075 0.45)
(-0.6 0.07500000000000001 0.4500000000000001)
(-0.55 0.075 0.45)
(-0.5 0.075 0.45)
(-0.45 0.075 0.45)
(-0.3999999999999999 0.075 0.45)
(-0.3500000000000001 0.075 0.4500000000000001)
(-0.3 0.075 0.45)
(-0.25 0.075 0.45)
(-0.2 0.075 0.45)
(-0.15 0.075 0.45)
(-0.1 0.075 0.45)
(-0.05000000000000007 0.075 0.45)
(0 0.075 0.45)
(0.05000000000000007 0.075 0.45)
(0.1000000000000001 0.075 0.45)
(0.1499999999999999 0.075 0.45)
(0.2 0.075 0.45)
(0.25 0.075 0.45)
(0.3 0.075 0.45)
(0.3500000000000001 0.075 0.45)
(0.3999999999999999 0.075 0.45)
(0.45 0.075 0.45)
(0.5 0.075 0.45)
(0.55 0.075 0.45)
(0.6 0.075 0.45)
(0.65 0.075 0.45)
(0.7000000000000001 0.075 0.45)
(0.75 0.075 0.45)
(0.8 0.075 0.45)
(0.85 0.075 0.45)
(0.9 0.075 0.45)
(0.9500000000000001 0.075 0.45)
(1 0.075 0.45)
(-1 0.08 0.45)
(-0.9500000000000001 0.08 0.45)
(-0.9 0.08 0.45)
(-0.85 0.08 0.45)
(-0.8 0.08 0.45)
(-0.75 0.08 0.45)
(-0.7000000000000001 0.08 0.45)
(-0.65 0.08 0.45)
(-0.6 0.08000000000000002 0.45)
(-0.55 0.08 0.45)
(-0.5 0.08 0.45)
(-0.45 0.08 0.45)
(-0.4 0.08 0.45)
(-0.35 0.08 0.45)
(-0.3 0.08 0.45)
(-0.25 0.08 0.45)
(-0.2 0.08 0.45)
(-0.1499999999999999 0.08 0.45)
(-0.1 0.08 0.45)
(-0.05000000000000004 0.08 0.45)
(0 0.08 0.45)
(0.05000000000000004 0.08 0.45)
(0.1000000000000001 0.08 0.45)
(0.1499999999999999 0.08000000000000002 0.45)
(0.2 0.08 0.45)
(0.25 0.08 0.45)
(0.3 0.08 0.45)
(0.35 0.08 0.45)
(0.4 0.08 0.45)
(0.45 0.08 0.45)
(0.5 0.08 0.45)
(0.55 0.08000000000000002 0.45)
(0.6 0.08 0.45)
(0.65 0.08 0.45)
(0.7000000000000001 0.08 0.45)
(0.75 0.08 0.45)
(0.8 0.08000000000000002 0.45)
(0.85 0.08000000000000002 0.45)
(0.9 0.08 0.45)
(0.9500000000000001 0.08 0.45)
(1 0.08 0.45)
(-1 0.08500000000000001 0.45)
(-0.9500000000000001 0.08500000000000001 0.45)
(-0.9 0.08500000000000001 0.45)
(-0.85 0.08500000000000001 0.4500000000000001)
(-0.8 0.08500000000000001 0.45)
(-0.75 0.08500000000000001 0.45)
(-0.7000000000000001 0.08500000000000001 0.45)
(-0.65 0.08500000000000001 0.45)
(-0.6 0.08500000000000001 0.45)
(-0.55 0.08500000000000001 0.45)
(-0.5 0.08500000000000001 0.45)
(-0.45 0.08500000000000001 0.45)
(-0.4 0.08500000000000001 0.45)
(-0.35 0.08500000000000001 0.45)
(-0.3 0.08500000000000001 0.45)
(-0.25 0.08500000000000001 0.45)
(-0.2 0.08500000000000001 0.45)
(-0.15 0.08500000000000001 0.45)
(-0.1000000000000001 0.08500000000000001 0.45)
(-0.05000000000000003 0.08500000000000001 0.45)
(0 0.08500000000000001 0.45)
(0.05 0.08500000000000001 0.45)
(0.1000000000000001 0.08500000000000001 0.45)
(0.1499999999999999 0.08500000000000001 0.45)
(0.2 0.08500000000000001 0.45)
(0.25 0.08500000000000001 0.45)
(0.3 0.08500000000000001 0.45)
(0.35 0.08500000000000001 0.45)
(0.4 0.08500000000000001 0.45)
(0.45 0.08500000000000001 0.45)
(0.5 0.08500000000000001 0.45)
(0.55 0.08500000000000001 0.45)
(0.6 0.08500000000000001 0.45)
(0.65 0.08500000000000001 0.45)
(0.7000000000000001 0.08500000000000001 0.45)
(0.75 0.08500000000000001 0.45)
(0.8 0.08500000000000001 0.45)
(0.85 0.08500000000000001 0.45)
(0.9 0.08500000000000001 0.45)
(0.9500000000000001 0.08500000000000001 0.4500000000000001)
(1 0.08500000000000001 0.45)
(-1 0.09 0.45)
(-0.9500000000000001 0.09 0.45)
(-0.9 0.09 0.45)
(-0.85 0.09 0.45)
(-0.8 0.09 0.45)
(-0.75 0.09 0.45)
(-0.7000000000000001 0.09 0.45)
(-0.65 0.09 0.45)
(-0.6 0.09 0.45)
(-0.55 0.09 0.45)
(-0.5 0.09 0.45)
(-0.45 0.09 0.45)
(-0.4 0.09 0.45)
(-0.35 0.09 0.45)
(-0.3 0.09 0.45)
(-0.25 0.09 0.45)
(-0.2 0.09 0.45)
(-0.15 0.09 0.45)
(-0.09999999999999998 0.09 0.45)
(-0.05000000000000003 0.09 0.45)
(0 0.09 0.45)
(0.05 0.09 0.45)
(0.1000000000000001 0.09 0.45)
(0.1499999999999999 0.09 0.45)
(0.2 0.09 0.45)
(0.25 0.09 0.45)
(0.3 0.09 0.45)
(0.35 0.09 0.45)
(0.4 0.08999999999999998 0.45)
(0.45 0.09 0.45)
(0.5 0.09 0.45)
(0.55 0.09 0.45)
(0.6 0.09000000000000002 0.45)
(0.65 0.08999999999999998 0.45)
(0.7000000000000001 0.09 0.45)
(0.75 0.09 0.45)
(0.8 0.09 0.45)
(0.85 0.09000000000000002 0.45)
(0.9 0.09 0.45)
(0.9500000000000001 0.09 0.45)
(1 0.09 0.45)
(-1 0.095 0.45)
(-0.9500000000000001 0.095 0.45)
(-0.9 0.095 0.45)
(-0.85 0.095 0.45)
(-0.8 0.095 0.45)
(-0.75 0.095 0.45)
(-0.7000000000000001 0.095 0.45)
(-0.65 0.095 0.45)
(-0.6 0.095 0.45)
(-0.55 0.095 0.45)
(-0.5 0.095 0.45)
(-0.45 0.095 0.45)
(-0.3999999999999999 0.095 0.45)
(-0.35 0.095 0.45)
(-0.3 0.095 0.45)
(-0.25 0.095 0.45)
(-0.2 0.095 0.45)
(-0.1499999999999999 0.095 0.45)
(-0.09999999999999998 0.095 0.45)
(-0.05 0.095 0.45)
(0 0.095 0.45)
(0.05 0.095 0.45)
(0.1000000000000001 0.095 0.45)
(0.1499999999999999 0.095 0.45)
(0.2 0.095 0.45)
(0.25 0.095 0.45)
(0.3 0.09499999999999999 0.45)
(0.35 0.095 0.45)
(0.4 0.095 0.45)
(0.45 0.095 0.45)
(0.5 0.095 0.45)
(0.55 0.095 0.45)
(0.6 0.095 0.45)
(0.65 0.095 0.45)
(0.7000000000000001 0.095 0.45)
(0.75 0.095 0.45)
(0.8 0.095 0.45)
(0.85 0.095 0.45)
(0.9 0.095 0.45)
(0.9500000000000001 0.095 0.45)
(1 0.095 0.45)
(-1 0.1 0.45)
(-0.9500000000000001 0.1 0.45)
(-0.9 0.1 0.45)
(-0.85 0.1 0.45)
(-0.8 0.1 0.45)
(-0.75 0.1 0.45)
(-0.7000000000000001 0.1 0.45)
(-0.65 0.1 0.45)
(-0.6 0.1 0.45)
(-0.55 0.1 0.45)
(-0.5 0.1 0.45)
(-0.45 0.1 0.45)
(-0.4 0.1 0.45)
(-0.35 0.1 0.4500000000000001)
(-0.3 0.1 0.45)
(-0.25 0.1 0.45)
(-0.2 0.1 0.45)
(-0.15 0.1 0.45)
(-0.1 0.1 0.45)
(-0.05000000000000003 0.1 0.45)
(0 0.1 0.45)
(0.05000000000000003 0.1 0.45)
(0.1000000000000001 0.1 0.45)
(0.1499999999999999 0.1 0.45)
(0.2 0.1 0.45)
(0.25 0.1 0.45)
(0.3 0.1 0.45)
(0.35 0.1 0.45)
(0.4 0.1 0.45)
(0.45 0.1 0.45)
(0.5 0.1 0.45)
(0.55 0.1 0.45)
(0.6 0.1 0.45)
(0.65 0.1 0.45)
(0.7000000000000001 0.1 0.45)
(0.75 0.1 0.45)
(0.8 0.1 0.45)
(0.85 0.1 0.45)
(0.9 0.1 0.45)
(0.9500000000000001 0.1 0.45)
(1 0.1 0.45)
(-1 0 0.48)
(-0.9500000000000001 0 0.48)
(-0.9 0 0.48)
(-0.85 0 0.48)
(-0.8 0 0.48)
(-0.75 0 0.48)
(-0.7000000000000001 0 0.48)
(-0.65 0 0.48)
(-0.6 0 0.4800000000000001)
(-0.55 0 0.4800000000000001)
(-0.5 0 0.48)
(-0.45 0 0.48)
(-0.4 0 0.4799999999999999)
(-0.35 0 0.48)
(-0.3 0 0.48)
(-0.25 0 0.48)
(-0.2 0 0.48)
(-0.15 0 0.48)
(-0.09999999999999998 0 0.48)
(-0.05000000000000003 0 0.48)
(0 0 0.48)
(0.05000000000000003 0 0.48)
(0.1000000000000001 0 0.48)
(0.1499999999999999 0 0.48)
(0.2 0 0.48)
(0.25 0 0.48)
(0.3 0 0.48)
(0.35 0 0.48)
(0.4 0 0.48)
(0.45 0 0.48)
(0.5 0 0.48)
(0.55 0 0.48)
(0.6 0 0.48)
(0.65 0 0.48)
(0.7000000000000001 0 0.4800000000000001)
(0.75 0 0.48)
(0.8 0 0.48)
(0.85 0 0.48)
(0.9 0 0.48)
(0.9500000000000001 0 0.48)
(1 0 0.48)
(-1 0.005 0.48)
(-0.9500000000000001 0.005 0.48)
(-0.9 0.005 0.48)
(-0.85 0.005000000000000001 0.48)
(-0.8 0.005 0.48)
(-0.75 0.005 0.48)
(-0.7000000000000001 0.005 0.48)
(-0.65 0.005 0.4799999999999999)
(-0.6 0.005000000000000001 0.48)
(-0.55 0.005000000000000001 0.48)
(-0.5 0.005 0.48)
(-0.45 0.005000000000000001 0.48)
(-0.4 0.005 0.48)
(-0.35 0.005 0.48)
(-0.3 0.005 0.48)
(-0.25 0.005 0.48)
(-0.2 0.005 0.48)
(-0.1499999999999999 0.005 0.48)
(-0.09999999999999998 0.005000000000000001 0.4800000000000001)
(-0.05 0.005 0.48)
(0 0.005 0.4799999999999999)
(0.05 0.005 0.48)
(0.1000000000000001 0.005000000000000001 0.48)
(0.1499999999999999 0.005000000000000001 0.48)
(0.2 0.005 0.4800000000000001)
(0.25 0.005 0.48)
(0.3 0.005 0.4800000000000001)
(0.3500000000000001 0.005000000000000001 0.48)
(0.3999999999999999 0.005 0.48)
(0.45 0.005 0.4800000000000001)
(0.5 0.005000000000000001 0.4800000000000001)
(0.55 0.005000000000000001 0.48)
(0.6 0.005 0.48)
(0.65 0.005 0.4799999999999999)
(0.7000000000000001 0.005000000000000001 0.4800000000000001)
(0.75 0.005 0.4800000000000001)
(0.8 0.005000000000000001 0.48)
(0.85 0.005 0.48)
(0.9 0.005 0.48)
(0.9500000000000001 0.005 0.4800000000000001)
(1 0.005 0.48)
(-1 0.01 0.48)
(-0.9500000000000001 0.01 0.4800000000000001)
(-0.9 0.01 0.48)
(-0.85 0.01 0.4800000000000001)
(-0.8 0.01 0.4799999999999999)
(-0.75 0.01 0.48)
(-0.7000000000000001 0.01 0.4800000000000001)
(-0.65 0.01 0.48)
(-0.6 0.01 0.48)
(-0.55 0.01 0.4800000000000001)
(-0.5 0.01 0.48)
(-0.45 0.01 0.48)
(-0.4 0.01 0.4800000000000001)
(-0.35 0.01 0.48)
(-0.3 0.009999999999999998 0.48)
(-0.25 0.01 0.48)
(-0.2 0.01 0.4799999999999999)
(-0.1499999999999999 0.01 0.48)
(-0.1 0.009999999999999998 0.4799999999999999)
(-0.05000000000000003 0.01 0.4800000000000001)
(0 0.009999999999999998 0.48)
(0.05000000000000003 0.01 0.48)
(0.1000000000000001 0.009999999999999998 0.4799999999999999)
(0.1499999999999999 0.01 0.4799999999999999)
(0.2 0.009999999999999998 0.4799999999999999)
(0.25 0.01 0.48)
(0.3 0.009999999999999998 0.4800000000000001)
(0.35 0.01 0.48)
(0.3999999999999999 0.009999999999999998 0.48)
(0.45 0.009999999999999998 0.4799999999999999)
(0.5 0.01 0.4799999999999999)
(0.55 0.01 0.48)
(0.6 0.01 0.48)
(0.65 0.01 0.48)
(0.7000000000000001 0.009999999999999998 0.4800000000000001)
(0.75 0.01 0.4799999999999999)
(0.8 0.01 0.48)
(0.85 0.009999999999999998 0.48)
(0.9 0.01 0.48)
(0.9500000000000001 0.01 0.4800000000000001)
(1 0.01 0.48)
(-1 0.015 0.48)
(-0.9500000000000001 0.015 0.4800000000000001)
(-0.9 0.015 0.48)
(-0.85 0.015 0.48)
(-0.8 0.015 0.4800000000000001)
(-0.75 0.015 0.4800000000000001)
(-0.7000000000000001 0.015 0.4800000000000001)
(-0.65 0.015 0.48)
(-0.6 0.015 0.4799999999999999)
(-0.55 0.015 0.4800000000000001)
(-0.5 0.015 0.48)
(-0.45 0.015 0.48)
(-0.4 0.015 0.48)
(-0.35 0.015 0.4800000000000001)
(-0.3 0.015 0.48)
(-0.25 0.015 0.48)
(-0.2 0.015 0.48)
(-0.15 0.015 0.48)
(-0.09999999999999998 0.015 0.4800000000000002)
(-0.05000000000000003 0.015 0.48)
(0 0.015 0.48)
(0.05000000000000004 0.015 0.48)
(0.1000000000000001 0.015 0.4800000000000001)
(0.1499999999999999 0.015 0.48)
(0.2 0.015 0.4799999999999999)
(0.25 0.015 0.48)
(0.3 0.015 0.4800000000000001)
(0.35 0.015 0.4800000000000001)
(0.4 0.015 0.48)
(0.45 0.015 0.48)
(0.5 0.015 0.4800000000000001)
(0.55 0.015 0.4800000000000001)
(0.6 0.015 0.48)
(0.65 0.015 0.48)
(0.7000000000000001 0.015 0.4800000000000001)
(0.75 0.015 0.4800000000000001)
(0.8 0.015 0.48)
(0.85 0.015 0.48)
(0.9 0.015 0.4800000000000001)
(0.9500000000000001 0.015 0.4800000000000001)
(1 0.015 0.48)
(-1 0.02 0.4800000000000001)
(-0.9500000000000001 0.02 0.4800000000000002)
(-0.9 0.02 0.48)
(-0.85 0.02 0.48)
(-0.8 0.02 0.48)
(-0.75 0.02 0.48)
(-0.7000000000000001 0.02 0.4799999999999999)
(-0.65 0.02 0.48)
(-0.6 0.02 0.48)
(-0.55 0.02 0.4799999999999999)
(-0.5 0.02 0.48)
(-0.45 0.02 0.4800000000000001)
(-0.4 0.02 0.48)
(-0.35 0.02 0.48)
(-0.3 0.02 0.4800000000000001)
(-0.25 0.02 0.48)
(-0.2 0.02 0.4800000000000001)
(-0.15 0.02 0.4800000000000001)
(-0.09999999999999998 0.02 0.48)
(-0.05000000000000005 0.02 0.4800000000000001)
(0 0.02 0.4800000000000002)
(0.05000000000000004 0.02 0.4800000000000001)
(0.1000000000000001 0.02 0.48)
(0.1499999999999999 0.02 0.4800000000000002)
(0.2 0.02 0.48)
(0.25 0.02 0.48)
(0.3 0.02 0.4800000000000001)
(0.35 0.02 0.48)
(0.4 0.02 0.48)
(0.45 0.02 0.4800000000000002)
(0.5 0.02 0.48)
(0.55 0.02 0.48)
(0.6 0.02 0.48)
(0.65 0.02 0.48)
(0.7000000000000001 0.02 0.4800000000000001)
(0.75 0.02 0.48)
(0.8 0.02 0.4800000000000001)
(0.85 0.02 0.48)
(0.9 0.02 0.4800000000000001)
(0.9500000000000001 0.02 0.48)
(1 0.02 0.4800000000000001)
(-1 0.025 0.48)
(-0.9500000000000001 0.025 0.48)
(-0.9 0.025 0.48)
(-0.85 0.02499999999999999 0.48)
(-0.8 0.025 0.48)
(-0.75 0.025 0.48)
(-0.7000000000000001 0.025 0.48)
(-0.65 0.025 0.48)
(-0.6 0.02499999999999999 0.48)
(-0.55 0.025 0.4800000000000001)
(-0.5 0.025 0.48)
(-0.45 0.025 0.48)
(-0.4 0.025 0.48)
(-0.35 0.025 0.48)
(-0.3 0.025 0.48)
(-0.25 0.025 0.48)
(-0.2 0.025 0.4800000000000001)
(-0.15 0.025 0.48)
(-0.09999999999999998 0.025 0.48)
(-0.05000000000000004 0.025 0.4800000000000001)
(0 0.025 0.48)
(0.05000000000000004 0.025 0.4800000000000001)
(0.1000000000000001 0.025 0.48)
(0.1499999999999999 0.025 0.48)
(0.2 0.025 0.4800000000000001)
(0.25 0.025 0.48)
(0.3 0.025 0.48)
(0.35 0.025 0.48)
(0.4 0.025 0.48)
(0.45 0.025 0.4800000000000001)
(0.5 0.025 0.48)
(0.55 0.025 0.48)
(0.6 0.025 0.48)
(0.65 0.025 0.48)
(0.7000000000000001 0.025 0.4800000000000001)
(0.75 0.025 0.48)
(0.8 0.025 0.48)
(0.85 0.025 0.48)
(0.9 0.025 0.48)
(0.9500000000000001 0.025 0.48)
(1 0.025 0.48)
(-1 0.03 0.4799999999999999)
(-0.9500000000000001 0.03 0.48)
(-0.9 0.03 0.48)
(-0.85 0.03 0.48)
(-0.8 0.03 0.4800000000000001)
(-0.75 0.03 0.4800000000000001)
(-0.7000000000000001 0.03 0.48)
(-0.65 0.03 0.48)
(-0.6 0.03 0.48)
(-0.55 0.03 0.48)
(-0.5 0.03 0.48)
(-0.45 0.03 0.4800000000000001)
(-0.4 0.03000000000000001 0.4800000000000001)
(-0.35 0.03 0.4800000000000001)
(-0.3 0.03 0.48)
(-0.25 0.03 0.48)
(-0.2 0.03 0.48)
(-0.15 0.03 0.48)
(-0.1 0.03 0.4799999999999999)
(-0.05000000000000003 0.03 0.48)
(0 0.03 0.4799999999999999)
(0.05000000000000003 0.03 0.4799999999999999)
(0.1000000000000001 0.03000000000000001 0.4799999999999999)
(0.1499999999999999 0.03 0.48)
(0.2 0.03 0.48)
(0.25 0.03 0.48)
(0.3 0.03000000000000001 0.4800000000000001)
(0.35 0.03000000000000001 0.48)
(0.4 0.03000000000000001 0.4800000000000001)
(0.45 0.03 0.4800000000000001)
(0.5 0.03 0.4800000000000001)
(0.55 0.03 0.4800000000000001)
(0.6 0.03000000000000001 0.4800000000000001)
(0.65 0.03 0.4800000000000001)
(0.7000000000000001 0.03 0.48)
(0.75 0.03 0.4800000000000001)
(0.8 0.03 0.48)
(0.8500000000000002 0.03000000000000001 0.48)
(0.9 0.03000000000000001 0.4800000000000001)
(0.9500000000000001 0.03 0.4800000000000001)
(1 0.03 0.4799999999999999)
(-1 0.035 0.48)
(-0.9500000000000001 0.035 0.48)
(-0.9 0.035 0.48)
(-0.85 0.035 0.48)
(-0.8 0.035 0.48)
(-0.75 0.035 0.48)
(-0.7000000000000001 0.035 0.48)
(-0.65 0.035 0.48)
(-0.6 0.035 0.48)
(-0.55 0.035 0.48)
(-0.5 0.035 0.48)
(-0.45 0.035 0.48)
(-0.4 0.035 0.48)
(-0.35 0.035 0.48)
(-0.3 0.035 0.48)
(-0.25 0.035 0.48)
(-0.2 0.035 0.4800000000000001)
(-0.15 0.035 0.48)
(-0.09999999999999998 0.035 0.48)
(-0.05000000000000004 0.035 0.4799999999999999)
(0 0.035 0.48)
(0.05000000000000004 0.035 0.4799999999999999)
(0.1000000000000001 0.035 0.48)
(0.1499999999999999 0.035 0.48)
(0.2 0.035 0.4800000000000001)
(0.25 0.035 0.48)
(0.3 0.035 0.48)
(0.35 0.035 0.48)
(0.4 0.035 0.48)
(0.45 0.035 0.4800000000000001)
(0.5 0.035 0.48)
(0.55 0.035 0.48)
(0.6 0.035 0.4799999999999999)
(0.65 0.035 0.48)
(0.7000000000000001 0.035 0.48)
(0.75 0.035 0.48)
(0.8 0.035 0.4800000000000001)
(0.85 0.035 0.48)
(0.9 0.035 0.48)
(0.9500000000000001 0.035 0.48)
(1 0.035 0.48)
(-1 0.04 0.48)
(-0.9500000000000001 0.04 0.48)
(-0.9 0.04 0.48)
(-0.85 0.04 0.48)
(-0.8 0.04 0.48)
(-0.75 0.04000000000000001 0.48)
(-0.7000000000000001 0.04 0.48)
(-0.65 0.04 0.48)
(-0.6 0.04000000000000001 0.48)
(-0.55 0.04000000000000001 0.48)
(-0.5 0.04 0.48)
(-0.45 0.04 0.48)
(-0.4 0.04 0.48)
(-0.35 0.04 0.4800000000000001)
(-0.3 0.04 0.48)
(-0.25 0.04 0.48)
(-0.2 0.04 0.48)
(-0.15 0.04 0.48)
(-0.09999999999999995 0.04 0.48)
(-0.05000000000000004 0.03999999999999999 0.4800000000000001)
(0 0.04 0.48)
(0.05000000000000004 0.04 0.4800000000000001)
(0.1000000000000001 0.04 0.48)
(0.1499999999999999 0.04000000000000001 0.48)
(0.2 0.04 0.48)
(0.25 0.04 0.48)
(0.3 0.04 0.48)
(0.35 0.04 0.48)
(0.4 0.04 0.48)
(0.45 0.04 0.4800000000000001)
(0.5 0.04 0.48)
(0.55 0.04000000000000001 0.48)
(0.6 0.04 0.48)
(0.65 0.04 0.4800000000000001)
(0.7000000000000001 0.04000000000000001 0.4800000000000001)
(0.75 0.04 0.48)
(0.8 0.04000000000000001 0.4799999999999999)
(0.85 0.04 0.48)
(0.9 0.04 0.48)
(0.9500000000000001 0.04 0.48)
(1 0.04 0.48)
(-1 0.045 0.48)
(-0.9500000000000001 0.045 0.4800000000000001)
(-0.9 0.045 0.48)
(-0.85 0.045 0.48)
(-0.8 0.04499999999999999 0.48)
(-0.75 0.045 0.48)
(-0.7000000000000001 0.04500000000000001 0.48)
(-0.65 0.045 0.48)
(-0.6 0.045 0.48)
(-0.55 0.045 0.48)
(-0.5 0.045 0.48)
(-0.45 0.045 0.48)
(-0.4 0.045 0.48)
(-0.35 0.045 0.4800000000000001)
(-0.3 0.045 0.4799999999999999)
(-0.25 0.045 0.48)
(-0.2 0.045 0.4800000000000001)
(-0.15 0.045 0.48)
(-0.1 0.045 0.48)
(-0.05000000000000007 0.045 0.48)
(0 0.045 0.4800000000000001)
(0.05000000000000007 0.045 0.4799999999999999)
(0.1000000000000001 0.04500000000000001 0.48)
(0.1499999999999999 0.045 0.48)
(0.2 0.04500000000000001 0.48)
(0.25 0.045 0.48)
(0.3 0.04500000000000001 0.48)
(0.35 0.045 0.4800000000000001)
(0.4 0.045 0.48)
(0.45 0.045 0.4800000000000001)
(0.5 0.04499999999999999 0.48)
(0.55 0.045 0.48)
(0.6 0.045 0.48)
(0.65 0.04499999999999999 0.48)
(0.7000000000000001 0.04499999999999999 0.48)
(0.75 0.045 0.48)
(0.8 0.045 0.4800000000000001)
(0.85 0.04499999999999999 0.48)
(0.9 0.045 0.4800000000000001)
(0.9500000000000001 0.045 0.48)
(1 0.045 0.48)
(-1 0.05 0.48)
(-0.9500000000000001 0.05 0.48)
(-0.9 0.05 0.48)
(-0.85 0.04999999999999999 0.48)
(-0.8 0.05 0.48)
(-0.75 0.05 0.48)
(-0.7000000000000001 0.05 0.48)
(-0.65 0.05 0.48)
(-0.6 0.05 0.48)
(-0.55 0.05 0.4800000000000001)
(-0.5 0.05 0.48)
(-0.45 0.05 0.48)
(-0.4 0.05 0.48)
(-0.35 0.05 0.48)
(-0.3 0.05 0.48)
(-0.25 0.05 0.48)
(-0.2 0.05 0.48)
(-0.15 0.05 0.48)
(-0.09999999999999998 0.05 0.48)
(-0.05000000000000003 0.05 0.48)
(0 0.05 0.48)
(0.05000000000000003 0.05 0.48)
(0.1000000000000001 0.05 0.48)
(0.1499999999999999 0.05 0.48)
(0.2 0.05 0.48)
(0.25 0.05 0.48)
(0.3 0.05 0.48)
(0.35 0.05 0.48)
(0.4 0.05 0.48)
(0.45 0.05 0.48)
(0.5 0.05 0.48)
(0.55 0.05 0.48)
(0.6 0.05 0.48)
(0.65 0.05 0.48)
(0.7000000000000001 0.05 0.48)
(0.75 0.05 0.48)
(0.8 0.05 0.48)
(0.85 0.05 0.48)
(0.9 0.05 0.48)
(0.9500000000000001 0.05 0.48)
(1 0.05 0.48)
(-1 0.055 0.48)
(-0.9500000000000001 0.055 0.4800000000000001)
(-0.9 0.055 0.48)
(-0.85 0.055 0.48)
(-0.8 0.05500000000000001 0.48)
(-0.75 0.055 0.48)
(-0.7000000000000001 0.055 0.48)
(-0.65 0.055 0.48)
(-0.6 0.055 0.48)
(-0.55 0.055 0.48)
(-0.5 0.055 0.48)
(-0.45 0.05500000000000001 0.48)
(-0.4 0.05500000000000001 0.48)
(-0.35 0.055 0.48)
(-0.3 0.055 0.48)
(-0.25 0.055 0.48)
(-0.2 0.05500000000000001 0.48)
(-0.15 0.05500000000000001 0.4800000000000001)
(-0.09999999999999996 0.055 0.48)
(-0.05000000000000008 0.05499999999999999 0.48)
(0 0.055 0.4799999999999999)
(0.0500000000000001 0.055 0.48)
(0.1000000000000001 0.055 0.48)
(0.1499999999999999 0.055 0.48)
(0.2 0.05500000000000001 0.48)
(0.25 0.055 0.4800000000000001)
(0.3 0.055 0.48)
(0.35 0.055 0.48)
(0.3999999999999999 0.055 0.48)
(0.45 0.055 0.48)
(0.5 0.055 0.48)
(0.55 0.055 0.48)
(0.6 0.055 0.48)
(0.65 0.055 0.48)
(0.7000000000000001 0.05500000000000001 0.4800000000000001)
(0.75 0.05500000000000001 0.48)
(0.8 0.05500000000000001 0.48)
(0.8500000000000002 0.05500000000000001 0.48)
(0.9 0.055 0.48)
(0.9500000000000001 0.055 0.4800000000000001)
(1 0.055 0.48)
(-1 0.06 0.48)
(-0.9500000000000001 0.06 0.48)
(-0.9 0.06 0.48)
(-0.85 0.06 0.48)
(-0.8 0.06 0.48)
(-0.75 0.06 0.48)
(-0.7000000000000001 0.06 0.4799999999999999)
(-0.65 0.06 0.48)
(-0.6 0.06 0.48)
(-0.55 0.06 0.48)
(-0.5 0.06 0.48)
(-0.45 0.06 0.48)
(-0.4 0.06 0.48)
(-0.35 0.06 0.48)
(-0.3 0.06 0.48)
(-0.25 0.06 0.48)
(-0.2 0.06 0.48)
(-0.15 0.06 0.4799999999999999)
(-0.09999999999999998 0.06 0.48)
(-0.05000000000000004 0.06 0.48)
(0 0.06 0.48)
(0.05000000000000007 0.06 0.48)
(0.1000000000000001 0.06 0.48)
(0.1499999999999999 0.06 0.48)
(0.2 0.06 0.4800000000000001)
(0.25 0.06 0.48)
(0.3 0.06 0.4800000000000001)
(0.35 0.05999999999999999 0.4799999999999999)
(0.4 0.06 0.48)
(0.45 0.06 0.48)
(0.5 0.06 0.48)
(0.55 0.06 0.4799999999999999)
(0.6 0.06 0.48)
(0.65 0.06 0.48)
(0.7000000000000001 0.06 0.48)
(0.75 0.06 0.48)
(0.8 0.06 0.48)
(0.85 0.06 0.48)
(0.9 0.06 0.48)
(0.9500000000000001 0.06 0.4800000000000001)
(1 0.06 0.48)
(-1 0.065 0.48)
(-0.9500000000000001 0.065 0.48)
(-0.9 0.065 0.48)
(-0.85 0.065 0.4800000000000001)
(-0.8 0.065 0.4800000000000001)
(-0.75 0.065 0.48)
(-0.7000000000000001 0.065 0.48)
(-0.65 0.06500000000000002 0.48)
(-0.6 0.065 0.48)
(-0.55 0.06500000000000002 0.48)
(-0.5 0.065 0.48)
(-0.45 0.065 0.48)
(-0.4000000000000001 0.06500000000000002 0.4800000000000001)
(-0.35 0.065 0.48)
(-0.3 0.065 0.48)
(-0.25 0.065 0.48)
(-0.2 0.065 0.48)
(-0.15 0.065 0.48)
(-0.09999999999999998 0.065 0.48)
(-0.05000000000000004 0.065 0.48)
(0 0.065 0.48)
(0.05000000000000004 0.065 0.48)
(0.1000000000000001 0.065 0.48)
(0.1499999999999999 0.065 0.48)
(0.2 0.065 0.48)
(0.25 0.065 0.48)
(0.3 0.065 0.4799999999999999)
(0.35 0.06500000000000002 0.48)
(0.4 0.065 0.4800000000000001)
(0.45 0.065 0.4800000000000001)
(0.5 0.065 0.48)
(0.55 0.065 0.48)
(0.6 0.065 0.48)
(0.65 0.065 0.48)
(0.7000000000000001 0.065 0.48)
(0.75 0.065 0.48)
(0.8 0.065 0.48)
(0.85 0.06500000000000002 0.4800000000000001)
(0.9 0.06500000000000002 0.48)
(0.9500000000000001 0.065 0.4800000000000001)
(1 0.065 0.48)
(-1 0.07000000000000001 0.48)
(-0.9500000000000001 0.07000000000000001 0.48)
(-0.9 0.07000000000000001 0.48)
(-0.85 0.07000000000000001 0.48)
(-0.7999999999999998 0.06999999999999999 0.48)
(-0.75 0.07000000000000001 0.4800000000000001)
(-0.7000000000000001 0.07000000000000001 0.48)
(-0.65 0.07000000000000001 0.48)
(-0.6 0.07000000000000001 0.48)
(-0.55 0.07000000000000001 0.48)
(-0.5 0.06999999999999999 0.4799999999999999)
(-0.45 0.07000000000000001 0.48)
(-0.4 0.07000000000000001 0.48)
(-0.35 0.07000000000000001 0.48)
(-0.3 0.07000000000000001 0.4800000000000001)
(-0.25 0.07000000000000001 0.48)
(-0.2 0.07000000000000001 0.48)
(-0.15 0.07000000000000001 0.48)
(-0.09999999999999995 0.07000000000000001 0.48)
(-0.05000000000000003 0.07000000000000001 0.48)
(0 0.07000000000000001 0.48)
(0.05000000000000003 0.07000000000000001 0.4800000000000001)
(0.1000000000000001 0.07000000000000001 0.48)
(0.1499999999999999 0.07000000000000001 0.48)
(0.2 0.07000000000000001 0.48)
(0.25 0.07000000000000001 0.48)
(0.3 0.07000000000000001 0.48)
(0.35 0.07000000000000001 0.48)
(0.4 0.07000000000000001 0.4800000000000001)
(0.45 0.07000000000000001 0.48)
(0.5 0.07000000000000001 0.48)
(0.55 0.07000000000000001 0.48)
(0.6 0.07000000000000001 0.48)
(0.65 0.07000000000000001 0.4799999999999999)
(0.7000000000000001 0.06999999999999999 0.48)
(0.75 0.07000000000000001 0.48)
(0.8 0.06999999999999999 0.48)
(0.85 0.06999999999999999 0.4800000000000001)
(0.9 0.07000000000000001 0.4800000000000001)
(0.9500000000000001 0.07000000000000001 0.4800000000000001)
(1 0.07000000000000001 0.48)
(-1 0.075 0.48)
(-0.9500000000000001 0.075 0.48)
(-0.9 0.075 0.48)
(-0.85 0.075 0.48)
(-0.8 0.075 0.48)
(-0.75 0.075 0.48)
(-0.7000000000000001 0.075 0.48)
(-0.65 0.075 0.48)
(-0.6 0.075 0.48)
(-0.55 0.075 0.4800000000000001)
(-0.5 0.075 0.48)
(-0.45 0.075 0.48)
(-0.4 0.075 0.48)
(-0.35 0.075 0.48)
(-0.3 0.075 0.48)
(-0.25 0.075 0.48)
(-0.2 0.075 0.4800000000000001)
(-0.15 0.075 0.48)
(-0.09999999999999998 0.075 0.48)
(-0.05000000000000004 0.075 0.4800000000000001)
(0 0.075 0.48)
(0.05000000000000004 0.075 0.4800000000000001)
(0.1000000000000001 0.075 0.48)
(0.1499999999999999 0.075 0.4800000000000001)
(0.2 0.075 0.4800000000000001)
(0.25 0.075 0.48)
(0.3 0.075 0.48)
(0.35 0.075 0.48)
(0.4 0.075 0.48)
(0.45 0.075 0.4800000000000001)
(0.5 0.075 0.48)
(0.55 0.075 0.48)
(0.6 0.075 0.48)
(0.65 0.075 0.48)
(0.7000000000000001 0.075 0.4800000000000001)
(0.75 0.075 0.48)
(0.8 0.07500000000000001 0.4800000000000001)
(0.85 0.075 0.48)
(0.9 0.075 0.48)
(0.9500000000000001 0.075 0.4800000000000001)
(1 0.075 0.48)
(-1 0.08 0.48)
(-0.9500000000000001 0.08 0.48)
(-0.9 0.08 0.48)
(-0.85 0.08000000000000002 0.48)
(-0.8 0.08 0.48)
(-0.75 0.08000000000000002 0.48)
(-0.7000000000000001 0.08000000000000002 0.48)
(-0.65 0.08 0.48)
(-0.6 0.08000000000000002 0.48)
(-0.55 0.08 0.48)
(-0.5 0.08 0.4800000000000001)
(-0.45 0.08 0.48)
(-0.4 0.08 0.48)
(-0.35 0.08 0.48)
(-0.3 0.08 0.48)
(-0.25 0.08 0.48)
(-0.1999999999999999 0.08 0.48)
(-0.15 0.08 0.48)
(-0.09999999999999998 0.08 0.48)
(-0.05000000000000007 0.07999999999999999 0.48)
(0 0.08 0.48)
(0.05000000000000004 0.08 0.48)
(0.1000000000000001 0.08 0.48)
(0.1499999999999999 0.08000000000000002 0.48)
(0.2 0.08 0.48)
(0.25 0.08 0.48)
(0.3 0.08 0.48)
(0.35 0.08000000000000002 0.48)
(0.4 0.08 0.4800000000000001)
(0.45 0.08000000000000002 0.48)
(0.5 0.08 0.48)
(0.55 0.08000000000000002 0.48)
(0.6 0.08 0.48)
(0.65 0.08000000000000002 0.48)
(0.7000000000000001 0.08000000000000002 0.48)
(0.75 0.08 0.48)
(0.8 0.08000000000000002 0.4800000000000001)
(0.8500000000000002 0.08 0.48)
(0.9 0.08 0.48)
(0.9500000000000001 0.08 0.4800000000000001)
(1 0.08 0.48)
(-1 0.08500000000000001 0.48)
(-0.9500000000000001 0.08500000000000001 0.48)
(-0.9 0.08500000000000001 0.48)
(-0.85 0.08500000000000001 0.48)
(-0.7999999999999998 0.08500000000000001 0.48)
(-0.75 0.08500000000000001 0.4800000000000001)
(-0.7000000000000001 0.08500000000000001 0.4800000000000001)
(-0.65 0.08500000000000001 0.48)
(-0.6 0.08499999999999998 0.48)
(-0.55 0.08500000000000002 0.4800000000000001)
(-0.5 0.08500000000000001 0.4800000000000001)
(-0.45 0.08500000000000001 0.48)
(-0.4 0.08500000000000001 0.48)
(-0.35 0.08500000000000001 0.48)
(-0.3 0.08500000000000001 0.48)
(-0.25 0.08500000000000001 0.48)
(-0.2 0.08500000000000001 0.48)
(-0.15 0.08500000000000002 0.4800000000000001)
(-0.09999999999999995 0.08500000000000001 0.48)
(-0.05000000000000004 0.08500000000000001 0.48)
(0 0.08500000000000001 0.48)
(0.05000000000000003 0.08500000000000001 0.48)
(0.1000000000000001 0.08500000000000001 0.48)
(0.1499999999999999 0.08500000000000001 0.48)
(0.2 0.08500000000000001 0.4800000000000001)
(0.25 0.08500000000000001 0.48)
(0.3 0.08500000000000001 0.48)
(0.35 0.08500000000000001 0.48)
(0.4 0.08500000000000001 0.48)
(0.45 0.08500000000000001 0.4800000000000001)
(0.5 0.08500000000000001 0.48)
(0.55 0.08500000000000001 0.4800000000000001)
(0.6000000000000001 0.08500000000000001 0.48)
(0.65 0.08500000000000001 0.4800000000000001)
(0.7000000000000001 0.08500000000000002 0.4800000000000001)
(0.75 0.08500000000000001 0.4800000000000001)
(0.8 0.08500000000000001 0.48)
(0.85 0.08500000000000001 0.48)
(0.9 0.08500000000000002 0.48)
(0.9500000000000001 0.08500000000000001 0.4800000000000001)
(1 0.08500000000000001 0.48)
(-1 0.09 0.48)
(-0.9500000000000001 0.09 0.48)
(-0.9 0.09 0.48)
(-0.85 0.09 0.48)
(-0.8 0.09 0.48)
(-0.75 0.09 0.48)
(-0.7000000000000001 0.09000000000000002 0.48)
(-0.65 0.09 0.48)
(-0.6 0.09 0.48)
(-0.55 0.09 0.48)
(-0.5 0.09 0.48)
(-0.45 0.09 0.48)
(-0.4 0.09 0.48)
(-0.35 0.09 0.48)
(-0.3 0.09 0.48)
(-0.25 0.09 0.48)
(-0.2 0.09 0.48)
(-0.1499999999999999 0.09 0.48)
(-0.1000000000000001 0.09000000000000002 0.48)
(-0.05000000000000003 0.09 0.48)
(0 0.09 0.48)
(0.05000000000000003 0.09 0.48)
(0.1000000000000001 0.09000000000000002 0.48)
(0.1499999999999999 0.09 0.4800000000000001)
(0.2 0.09000000000000002 0.48)
(0.25 0.09 0.48)
(0.3 0.09 0.48)
(0.35 0.08999999999999998 0.48)
(0.4 0.09000000000000002 0.48)
(0.45 0.09 0.48)
(0.5 0.09 0.48)
(0.55 0.09 0.48)
(0.6000000000000002 0.09000000000000002 0.48)
(0.65 0.08999999999999998 0.48)
(0.7000000000000001 0.09 0.48)
(0.75 0.09000000000000002 0.48)
(0.8 0.09 0.48)
(0.8500000000000002 0.09000000000000002 0.48)
(0.9 0.09 0.48)
(0.9500000000000001 0.08999999999999998 0.48)
(1 0.09 0.48)
(-1 0.095 0.48)
(-0.9500000000000001 0.095 0.48)
(-0.9 0.095 0.48)
(-0.85 0.095 0.48)
(-0.8 0.095 0.48)
(-0.75 0.095 0.48)
(-0.7000000000000001 0.095 0.48)
(-0.65 0.095 0.48)
(-0.6 0.095 0.4800000000000002)
(-0.55 0.095 0.48)
(-0.5 0.095 0.4799999999999999)
(-0.45 0.095 0.48)
(-0.3999999999999999 0.095 0.48)
(-0.35 0.095 0.48)
(-0.3 0.09499999999999999 0.48)
(-0.25 0.095 0.48)
(-0.2 0.095 0.48)
(-0.1499999999999999 0.095 0.4799999999999999)
(-0.09999999999999996 0.095 0.48)
(-0.04999999999999998 0.095 0.48)
(0 0.09499999999999999 0.48)
(0.04999999999999998 0.095 0.48)
(0.1000000000000001 0.095 0.4800000000000001)
(0.1499999999999999 0.09500000000000001 0.48)
(0.2 0.095 0.48)
(0.25 0.095 0.48)
(0.3 0.09499999999999999 0.48)
(0.35 0.095 0.48)
(0.4 0.095 0.48)
(0.45 0.09500000000000001 0.48)
(0.5 0.095 0.48)
(0.55 0.09500000000000001 0.48)
(0.6 0.095 0.48)
(0.65 0.095 0.48)
(0.7000000000000001 0.095 0.4800000000000001)
(0.75 0.095 0.48)
(0.8 0.095 0.48)
(0.85 0.095 0.48)
(0.9 0.09500000000000001 0.48)
(0.9500000000000001 0.095 0.4800000000000001)
(1 0.095 0.48)
(-1 0.1 0.48)
(-0.9500000000000001 0.1 0.48)
(-0.9 0.1 0.48)
(-0.85 0.09999999999999998 0.48)
(-0.8 0.1 0.48)
(-0.75 0.1 0.48)
(-0.7000000000000001 0.1 0.48)
(-0.65 0.1 0.48)
(-0.6 0.1 0.4800000000000001)
(-0.55 0.1 0.48)
(-0.5 0.1 0.48)
(-0.45 0.1 0.48)
(-0.4 0.1 0.4799999999999999)
(-0.35 0.1 0.48)
(-0.3 0.1 0.48)
(-0.25 0.1 0.48)
(-0.2 0.1 0.48)
(-0.1499999999999999 0.1 0.48)
(-0.09999999999999998 0.1 0.48)
(-0.05000000000000003 0.1 0.48)
(0 0.1 0.48)
(0.05000000000000003 0.1 0.48)
(0.1000000000000001 0.1 0.48)
(0.1499999999999999 0.1 0.48)
(0.2 0.1 0.48)
(0.25 0.1 0.48)
(0.3 0.1 0.48)
(0.35 0.1 0.48)
(0.4 0.1 0.48)
(0.45 0.1 0.48)
(0.5 0.1 0.48)
(0.55 0.1 0.48)
(0.6 0.1 0.48)
(0.65 0.1 0.48)
(0.7000000000000001 0.1 0.48)
(0.75 0.1 0.48)
(0.8 0.1 0.48)
(0.85 0.1 0.48)
(0.9 0.1 0.48)
(0.9500000000000001 0.1 0.48)
(1 0.1 0.48)
(-1 0 0.51)
(-0.9500000000000001 0 0.51)
(-0.9 0 0.51)
(-0.85 0 0.51)
(-0.8 0 0.51)
(-0.75 0 0.51)
(-0.7000000000000001 0 0.51)
(-0.65 0 0.51)
(-0.6 0 0.51)
(-0.55 0 0.51)
(-0.5 0 0.51)
(-0.45 0 0.51)
(-0.4 0 0.5100000000000001)
(-0.35 0 0.51)
(-0.3 0 0.51)
(-0.25 0 0.51)
(-0.2 0 0.51)
(-0.15 0 0.51)
(-0.1000000000000001 0 0.51)
(-0.05 0 0.51)
(0 0 0.51)
(0.05 0 0.51)
(0.1000000000000001 0 0.51)
(0.1499999999999999 0 0.51)
(0.2 0 0.5100000000000001)
(0.25 0 0.51)
(0.3 0 0.51)
(0.3500000000000001 0 0.5100000000000001)
(0.4 0 0.5099999999999999)
(0.45 0 0.51)
(0.5 0 0.51)
(0.55 0 0.51)
(0.6 0 0.5100000000000001)
(0.65 0 0.51)
(0.7000000000000001 0 0.51)
(0.75 0 0.51)
(0.8 0 0.51)
(0.85 0 0.5100000000000001)
(0.9 0 0.51)
(0.9500000000000001 0 0.5100000000000001)
(1 0 0.51)
(-1 0.005 0.51)
(-0.9500000000000001 0.005000000000000001 0.5100000000000001)
(-0.9 0.005 0.5100000000000001)
(-0.85 0.005000000000000001 0.5099999999999999)
(-0.8 0.005 0.5099999999999999)
(-0.75 0.005000000000000001 0.51)
(-0.7000000000000001 0.005 0.51)
(-0.65 0.005 0.5099999999999999)
(-0.6 0.005 0.5099999999999999)
(-0.55 0.005000000000000001 0.5099999999999999)
(-0.5 0.005000000000000001 0.51)
(-0.45 0.005000000000000001 0.5099999999999999)
(-0.4 0.005 0.5099999999999999)
(-0.35 0.005 0.5100000000000001)
(-0.3 0.005 0.5100000000000001)
(-0.25 0.005 0.51)
(-0.1999999999999999 0.005 0.51)
(-0.1499999999999999 0.005 0.51)
(-0.09999999999999998 0.005000000000000001 0.5100000000000001)
(-0.05000000000000003 0.005 0.51)
(0 0.005 0.51)
(0.05000000000000004 0.005 0.51)
(0.1000000000000001 0.005000000000000001 0.51)
(0.1499999999999999 0.005 0.51)
(0.2 0.005 0.51)
(0.25 0.005 0.51)
(0.3 0.005000000000000001 0.51)
(0.3500000000000001 0.005000000000000001 0.5100000000000001)
(0.3999999999999999 0.005 0.5099999999999999)
(0.45 0.005 0.5099999999999999)
(0.5 0.005000000000000001 0.5099999999999999)
(0.55 0.005000000000000001 0.5099999999999999)
(0.6 0.005 0.51)
(0.65 0.005 0.5099999999999999)
(0.7000000000000001 0.005 0.5099999999999999)
(0.75 0.005 0.51)
(0.7999999999999998 0.004999999999999999 0.5099999999999999)
(0.85 0.005 0.51)
(0.9 0.005 0.51)
(0.9500000000000001 0.005000000000000001 0.5100000000000001)
(1 0.005 0.51)
(-1 0.01 0.51)
(-0.9500000000000001 0.01 0.51)
(-0.9 0.01 0.5099999999999999)
(-0.85 0.01 0.51)
(-0.8 0.01 0.51)
(-0.75 0.01 0.51)
(-0.7000000000000001 0.01 0.5099999999999999)
(-0.65 0.01 0.5100000000000001)
(-0.6 0.01 0.5100000000000002)
(-0.55 0.01 0.51)
(-0.5 0.01 0.51)
(-0.45 0.01 0.51)
(-0.4 0.01 0.51)
(-0.35 0.01 0.51)
(-0.3 0.01 0.51)
(-0.25 0.01 0.51)
(-0.2 0.009999999999999998 0.5099999999999999)
(-0.15 0.01 0.51)
(-0.1 0.01 0.51)
(-0.05 0.01 0.5100000000000001)
(0 0.01 0.5100000000000001)
(0.05 0.01 0.5100000000000001)
(0.1000000000000001 0.01 0.51)
(0.1499999999999999 0.01 0.51)
(0.2 0.01 0.51)
(0.25 0.01 0.51)
(0.3 0.01 0.51)
(0.3500000000000001 0.01 0.51)
(0.3999999999999999 0.01 0.5099999999999999)
(0.45 0.01 0.51)
(0.5 0.01 0.51)
(0.55 0.01 0.5100000000000001)
(0.6 0.01 0.5100000000000001)
(0.65 0.01 0.51)
(0.7000000000000001 0.01 0.51)
(0.75 0.01 0.51)
(0.8 0.009999999999999998 0.51)
(0.8500000000000002 0.01 0.51)
(0.9 0.01 0.51)
(0.9500000000000001 0.01 0.5100000000000001)
(1 0.01 0.51)
(-1 0.015 0.51)
(-0.9500000000000001 0.015 0.5100000000000001)
(-0.9 0.015 0.51)
(-0.85 0.015 0.5099999999999999)
(-0.8 0.015 0.5099999999999999)
(-0.75 0.015 0.51)
(-0.7000000000000001 0.015 0.51)
(-0.65 0.015 0.5100000000000001)
(-0.6 0.015 0.51)
(-0.55 0.015 0.51)
(-0.5 0.015 0.51)
(-0.45 0.015 0.5099999999999999)
(-0.4 0.015 0.51)
(-0.35 0.015 0.51)
(-0.3 0.015 0.5100000000000001)
(-0.25 0.015 0.51)
(-0.2 0.015 0.51)
(-0.15 0.015 0.51)
(-0.1 0.015 0.51)
(-0.05000000000000004 0.015 0.51)
(0 0.015 0.5099999999999999)
(0.05000000000000004 0.015 0.51)
(0.1000000000000001 0.015 0.51)
(0.1499999999999999 0.015 0.5100000000000001)
(0.2 0.015 0.51)
(0.25 0.015 0.51)
(0.3 0.015 0.51)
(0.35 0.015 0.5100000000000001)
(0.4 0.015 0.5099999999999998)
(0.45 0.015 0.5099999999999999)
(0.5 0.015 0.5100000000000001)
(0.55 0.015 0.51)
(0.6 0.015 0.5100000000000001)
(0.65 0.015 0.51)
(0.7000000000000001 0.015 0.51)
(0.75 0.015 0.51)
(0.8 0.015 0.5099999999999999)
(0.85 0.015 0.51)
(0.9 0.015 0.5100000000000001)
(0.9500000000000001 0.015 0.51)
(1 0.015 0.51)
(-1 0.02 0.51)
(-0.9500000000000001 0.02 0.5100000000000001)
(-0.9 0.02 0.5099999999999999)
(-0.85 0.02 0.51)
(-0.8 0.02 0.5100000000000002)
(-0.75 0.02 0.5100000000000001)
(-0.7000000000000001 0.02 0.51)
(-0.65 0.02 0.51)
(-0.6000000000000001 0.02 0.51)
(-0.5500000000000003 0.02 0.51)
(-0.5 0.02 0.5100000000000001)
(-0.45 0.02 0.51)
(-0.4000000000000001 0.02 0.51)
(-0.35 0.02 0.5099999999999999)
(-0.3 0.02 0.51)
(-0.25 0.02 0.51)
(-0.2 0.02 0.5100000000000001)
(-0.1499999999999999 0.02 0.5100000000000001)
(-0.1 0.02 0.5100000000000001)
(-0.05000000000000005 0.02 0.51)
(0 0.02 0.51)
(0.05000000000000004 0.02 0.51)
(0.1000000000000001 0.02 0.5100000000000001)
(0.1499999999999999 0.02 0.5100000000000001)
(0.2 0.02 0.5100000000000001)
(0.25 0.02 0.51)
(0.3 0.02 0.51)
(0.3500000000000001 0.02 0.51)
(0.4 0.02 0.51)
(0.45 0.02 0.5100000000000001)
(0.5 0.02 0.5100000000000001)
(0.55 0.02 0.51)
(0.6 0.02 0.51)
(0.65 0.02 0.51)
(0.7000000000000001 0.02 0.51)
(0.75 0.02 0.5100000000000001)
(0.8 0.02 0.5100000000000001)
(0.85 0.02 0.51)
(0.9 0.02 0.51)
(0.9500000000000001 0.02 0.51)
(1 0.02 0.51)
(-1 0.025 0.51)
(-0.9500000000000001 0.025 0.51)
(-0.9 0.025 0.51)
(-0.85 0.025 0.51)
(-0.8 0.025 0.51)
(-0.75 0.025 0.51)
(-0.7000000000000001 0.025 0.51)
(-0.65 0.025 0.51)
(-0.6 0.025 0.5100000000000001)
(-0.55 0.025 0.51)
(-0.5 0.025 0.51)
(-0.45 0.025 0.51)
(-0.4 0.025 0.51)
(-0.35 0.025 0.51)
(-0.3 0.025 0.51)
(-0.25 0.025 0.51)
(-0.2 0.025 0.5100000000000001)
(-0.15 0.025 0.5100000000000001)
(-0.1 0.025 0.51)
(-0.05000000000000004 0.025 0.51)
(0 0.025 0.51)
(0.05000000000000004 0.025 0.51)
(0.1000000000000001 0.025 0.51)
(0.1499999999999999 0.025 0.51)
(0.2 0.025 0.5100000000000001)
(0.25 0.025 0.51)
(0.3 0.025 0.51)
(0.3500000000000001 0.025 0.51)
(0.4 0.025 0.51)
(0.45 0.025 0.51)
(0.5 0.025 0.51)
(0.55 0.025 0.51)
(0.6 0.025 0.51)
(0.65 0.025 0.5100000000000001)
(0.7000000000000001 0.025 0.51)
(0.75 0.025 0.51)
(0.8 0.025 0.51)
(0.8500000000000002 0.025 0.51)
(0.9 0.025 0.5100000000000001)
(0.9500000000000001 0.025 0.51)
(1 0.025 0.51)
(-1 0.03 0.51)
(-0.9500000000000001 0.03 0.51)
(-0.9 0.03 0.5099999999999999)
(-0.85 0.03 0.5100000000000001)
(-0.8 0.03 0.51)
(-0.75 0.03 0.51)
(-0.7000000000000001 0.03 0.5099999999999999)
(-0.65 0.03000000000000001 0.51)
(-0.6 0.03 0.51)
(-0.55 0.03000000000000001 0.51)
(-0.5 0.03 0.51)
(-0.45 0.03 0.51)
(-0.4 0.03000000000000001 0.5100000000000001)
(-0.35 0.03 0.51)
(-0.3 0.03 0.51)
(-0.25 0.03 0.51)
(-0.2 0.03 0.5100000000000001)
(-0.15 0.03 0.5100000000000001)
(-0.1 0.03 0.5099999999999999)
(-0.05000000000000005 0.03 0.5100000000000001)
(0 0.03 0.51)
(0.05000000000000005 0.03 0.51)
(0.1000000000000001 0.03 0.5099999999999999)
(0.1499999999999999 0.03 0.51)
(0.2 0.03 0.51)
(0.25 0.03 0.51)
(0.3 0.03000000000000001 0.51)
(0.35 0.03 0.5100000000000001)
(0.4 0.03000000000000001 0.5100000000000001)
(0.45 0.03 0.51)
(0.5 0.03 0.51)
(0.55 0.03000000000000001 0.5099999999999999)
(0.6 0.03 0.5100000000000001)
(0.65 0.03 0.51)
(0.7000000000000001 0.03 0.51)
(0.75 0.03 0.51)
(0.8 0.03 0.51)
(0.85 0.03000000000000001 0.5100000000000001)
(0.9 0.03000000000000001 0.5100000000000001)
(0.9500000000000001 0.03 0.51)
(1 0.03 0.51)
(-1 0.035 0.51)
(-0.9500000000000001 0.035 0.51)
(-0.9 0.035 0.5100000000000001)
(-0.85 0.035 0.51)
(-0.8000000000000002 0.035 0.51)
(-0.75 0.035 0.51)
(-0.7000000000000001 0.035 0.51)
(-0.65 0.035 0.51)
(-0.6 0.035 0.51)
(-0.55 0.035 0.51)
(-0.5 0.035 0.51)
(-0.45 0.035 0.51)
(-0.4 0.035 0.51)
(-0.35 0.035 0.5100000000000001)
(-0.3 0.035 0.51)
(-0.25 0.035 0.51)
(-0.2 0.035 0.51)
(-0.15 0.035 0.51)
(-0.1 0.035 0.51)
(-0.05000000000000004 0.035 0.51)
(0 0.035 0.5100000000000001)
(0.05000000000000004 0.035 0.51)
(0.1000000000000001 0.035 0.51)
(0.1499999999999999 0.035 0.51)
(0.2 0.035 0.51)
(0.25 0.035 0.51)
(0.3 0.035 0.51)
(0.3500000000000001 0.035 0.5100000000000001)
(0.4 0.035 0.51)
(0.45 0.035 0.51)
(0.5 0.035 0.51)
(0.55 0.035 0.51)
(0.6 0.035 0.51)
(0.65 0.035 0.51)
(0.7000000000000001 0.035 0.51)
(0.75 0.035 0.51)
(0.8000000000000002 0.035 0.51)
(0.85 0.035 0.51)
(0.9 0.035 0.5100000000000001)
(0.9500000000000001 0.035 0.5100000000000001)
(1 0.035 0.51)
(-1 0.04 0.51)
(-0.9500000000000001 0.04 0.51)
(-0.9 0.04 0.51)
(-0.85 0.04000000000000001 0.51)
(-0.8 0.04 0.5100000000000001)
(-0.75 0.04 0.51)
(-0.7000000000000001 0.04 0.51)
(-0.65 0.04 0.51)
(-0.6 0.04 0.51)
(-0.55 0.04 0.51)
(-0.5 0.04 0.51)
(-0.45 0.04000000000000001 0.5100000000000001)
(-0.4 0.04 0.5100000000000001)
(-0.35 0.04 0.51)
(-0.3 0.04 0.5100000000000001)
(-0.25 0.04 0.5100000000000001)
(-0.2 0.04 0.5100000000000001)
(-0.15 0.04 0.5099999999999999)
(-0.09999999999999998 0.04000000000000001 0.5100000000000001)
(-0.05000000000000004 0.03999999999999999 0.51)
(0 0.04 0.5099999999999999)
(0.05000000000000004 0.04 0.51)
(0.1000000000000001 0.04000000000000001 0.51)
(0.1499999999999999 0.04 0.51)
(0.2 0.04 0.5100000000000001)
(0.25 0.04 0.5100000000000001)
(0.3 0.04 0.51)
(0.3500000000000001 0.04 0.5100000000000001)
(0.4 0.04 0.5100000000000001)
(0.45 0.04 0.5100000000000001)
(0.5 0.04000000000000001 0.51)
(0.55 0.04000000000000001 0.51)
(0.6 0.04000000000000001 0.5100000000000001)
(0.65 0.04 0.51)
(0.7000000000000001 0.04 0.51)
(0.75 0.04 0.51)
(0.8 0.03999999999999999 0.51)
(0.85 0.04 0.5100000000000001)
(0.9 0.04 0.51)
(0.9500000000000001 0.04000000000000001 0.51)
(1 0.04 0.51)
(-1 0.045 0.51)
(-0.9500000000000001 0.045 0.5099999999999999)
(-0.9 0.045 0.5100000000000001)
(-0.8500000000000002 0.045 0.51)
(-0.8 0.045 0.51)
(-0.7500000000000001 0.045 0.5100000000000001)
(-0.7000000000000001 0.045 0.51)
(-0.65 0.045 0.5100000000000001)
(-0.6 0.045 0.51)
(-0.55 0.045 0.5099999999999999)
(-0.5 0.045 0.51)
(-0.45 0.045 0.51)
(-0.4 0.045 0.51)
(-0.35 0.045 0.5100000000000001)
(-0.3 0.045 0.51)
(-0.25 0.045 0.51)
(-0.2 0.045 0.5100000000000001)
(-0.15 0.04499999999999999 0.51)
(-0.09999999999999998 0.045 0.51)
(-0.05000000000000003 0.045 0.51)
(0 0.04500000000000001 0.51)
(0.05000000000000003 0.045 0.5100000000000001)
(0.1000000000000001 0.04500000000000001 0.51)
(0.1499999999999999 0.04499999999999999 0.51)
(0.2 0.045 0.5100000000000001)
(0.25 0.045 0.51)
(0.3 0.045 0.51)
(0.35 0.045 0.51)
(0.4 0.04499999999999999 0.51)
(0.45 0.045 0.51)
(0.5 0.045 0.5100000000000001)
(0.55 0.04499999999999999 0.51)
(0.6 0.045 0.5100000000000001)
(0.65 0.04499999999999999 0.51)
(0.7000000000000001 0.045 0.51)
(0.75 0.04499999999999999 0.5100000000000001)
(0.8 0.045 0.51)
(0.85 0.045 0.51)
(0.9 0.045 0.5100000000000001)
(0.9500000000000001 0.04500000000000001 0.51)
(1 0.045 0.51)
(-1 0.05 0.51)
(-0.9500000000000001 0.05 0.51)
(-0.9 0.05 0.51)
(-0.85 0.05 0.51)
(-0.8 0.05 0.51)
(-0.75 0.05 0.51)
(-0.7000000000000001 0.05 0.51)
(-0.65 0.05 0.51)
(-0.6 0.05 0.5100000000000001)
(-0.55 0.05 0.51)
(-0.5 0.05 0.51)
(-0.45 0.05 0.51)
(-0.4 0.05 0.51)
(-0.35 0.05 0.51)
(-0.3 0.05 0.51)
(-0.25 0.05 0.51)
(-0.2 0.05 0.51)
(-0.15 0.05 0.5100000000000001)
(-0.1000000000000001 0.05 0.51)
(-0.05 0.05 0.51)
(0 0.05 0.51)
(0.05 0.05 0.51)
(0.1000000000000001 0.05 0.51)
(0.1499999999999999 0.05 0.51)
(0.2 0.05 0.51)
(0.25 0.05 0.51)
(0.3 0.05 0.51)
(0.3500000000000001 0.05 0.51)
(0.4 0.05 0.51)
(0.45 0.05 0.51)
(0.5 0.05 0.51)
(0.55 0.05 0.51)
(0.6 0.05 0.51)
(0.65 0.05 0.51)
(0.7000000000000001 0.05 0.51)
(0.75 0.05 0.51)
(0.8 0.05 0.51)
(0.85 0.05000000000000001 0.51)
(0.9 0.04999999999999999 0.5100000000000001)
(0.9500000000000001 0.05 0.51)
(1 0.05 0.51)
(-1 0.055 0.51)
(-0.9500000000000001 0.05499999999999999 0.51)
(-0.9 0.05500000000000001 0.51)
(-0.85 0.055 0.51)
(-0.8 0.05500000000000001 0.51)
(-0.7500000000000001 0.05500000000000001 0.51)
(-0.7000000000000001 0.055 0.51)
(-0.65 0.055 0.5100000000000001)
(-0.6 0.055 0.51)
(-0.55 0.05500000000000001 0.51)
(-0.5 0.055 0.51)
(-0.45 0.05500000000000001 0.51)
(-0.4 0.05500000000000001 0.51)
(-0.35 0.055 0.51)
(-0.3 0.05500000000000001 0.51)
(-0.25 0.055 0.51)
(-0.2 0.05500000000000001 0.51)
(-0.1499999999999999 0.055 0.5099999999999999)
(-0.1 0.055 0.51)
(-0.05000000000000003 0.055 0.5099999999999999)
(0 0.055 0.51)
(0.05000000000000004 0.055 0.51)
(0.1000000000000001 0.055 0.51)
(0.1499999999999999 0.055 0.51)
(0.2 0.05500000000000001 0.51)
(0.25 0.055 0.51)
(0.3 0.05500000000000001 0.51)
(0.35 0.05500000000000001 0.51)
(0.4 0.055 0.5099999999999999)
(0.45 0.05500000000000001 0.51)
(0.5 0.05500000000000001 0.5099999999999999)
(0.55 0.05500000000000001 0.51)
(0.6 0.055 0.51)
(0.65 0.05500000000000001 0.51)
(0.7000000000000001 0.05500000000000001 0.51)
(0.7500000000000001 0.05500000000000001 0.51)
(0.8 0.05500000000000001 0.51)
(0.85 0.05500000000000001 0.51)
(0.9 0.055 0.5099999999999999)
(0.9500000000000001 0.055 0.51)
(1 0.055 0.51)
(-1 0.06 0.51)
(-0.9500000000000001 0.06 0.51)
(-0.9 0.06 0.51)
(-0.85 0.06 0.5100000000000001)
(-0.8000000000000002 0.06 0.5100000000000001)
(-0.75 0.06 0.51)
(-0.7000000000000001 0.06 0.51)
(-0.65 0.06000000000000001 0.51)
(-0.6 0.06 0.5099999999999999)
(-0.55 0.06 0.51)
(-0.5 0.06 0.5099999999999999)
(-0.45 0.06 0.51)
(-0.4 0.06 0.51)
(-0.35 0.06 0.51)
(-0.3 0.06 0.51)
(-0.25 0.06 0.51)
(-0.2 0.06 0.51)
(-0.15 0.06 0.51)
(-0.1 0.06 0.5100000000000001)
(-0.05000000000000004 0.06 0.51)
(0 0.06 0.5100000000000001)
(0.05000000000000007 0.06 0.51)
(0.1000000000000001 0.06 0.5100000000000001)
(0.1499999999999999 0.05999999999999999 0.51)
(0.2 0.05999999999999999 0.51)
(0.25 0.06 0.51)
(0.3 0.06 0.51)
(0.3500000000000001 0.06 0.51)
(0.4 0.06 0.51)
(0.45 0.05999999999999999 0.51)
(0.5 0.06 0.51)
(0.55 0.06 0.51)
(0.6 0.05999999999999999 0.51)
(0.65 0.06 0.5099999999999999)
(0.7000000000000001 0.06 0.51)
(0.75 0.06 0.51)
(0.8 0.06 0.51)
(0.85 0.06 0.51)
(0.9 0.05999999999999999 0.51)
(0.9500000000000001 0.06 0.51)
(1 0.06 0.51)
(-1 0.065 0.51)
(-0.9500000000000001 0.065 0.51)
(-0.9 0.065 0.51)
(-0.85 0.065 0.51)
(-0.8 0.065 0.51)
(-0.75 0.065 0.51)
(-0.7000000000000001 0.065 0.51)
(-0.65 0.06500000000000002 0.51)
(-0.6 0.06500000000000002 0.51)
(-0.55 0.065 0.51)
(-0.5 0.065 0.5100000000000001)
(-0.45 0.065 0.51)
(-0.4 0.065 0.5100000000000001)
(-0.35 0.065 0.51)
(-0.3 0.065 0.5100000000000001)
(-0.25 0.065 0.51)
(-0.2 0.065 0.51)
(-0.1499999999999999 0.065 0.51)
(-0.09999999999999998 0.065 0.5099999999999999)
(-0.05000000000000004 0.06500000000000002 0.51)
(0 0.065 0.5099999999999999)
(0.05000000000000004 0.065 0.5100000000000001)
(0.1000000000000001 0.065 0.5099999999999999)
(0.1499999999999999 0.06499999999999999 0.51)
(0.2 0.06500000000000002 0.51)
(0.25 0.065 0.51)
(0.3 0.06499999999999999 0.5099999999999999)
(0.3500000000000001 0.06500000000000002 0.5100000000000001)
(0.4 0.06499999999999999 0.51)
(0.45 0.065 0.51)
(0.5 0.065 0.51)
(0.55 0.065 0.51)
(0.6 0.06500000000000002 0.51)
(0.65 0.065 0.51)
(0.7000000000000001 0.065 0.51)
(0.75 0.065 0.51)
(0.8 0.065 0.51)
(0.85 0.06500000000000002 0.51)
(0.9 0.06500000000000002 0.51)
(0.9500000000000001 0.06500000000000002 0.5100000000000002)
(1 0.065 0.51)
(-1 0.07000000000000001 0.51)
(-0.9500000000000001 0.07000000000000001 0.51)
(-0.9 0.07000000000000001 0.51)
(-0.85 0.07000000000000001 0.51)
(-0.8 0.06999999999999999 0.51)
(-0.75 0.07000000000000001 0.51)
(-0.7000000000000001 0.07000000000000001 0.51)
(-0.65 0.07000000000000001 0.51)
(-0.6000000000000001 0.07000000000000001 0.51)
(-0.55 0.07000000000000001 0.51)
(-0.5 0.07000000000000001 0.51)
(-0.45 0.07000000000000001 0.51)
(-0.4 0.07000000000000001 0.5100000000000001)
(-0.35 0.07000000000000001 0.51)
(-0.3 0.07000000000000001 0.51)
(-0.25 0.07000000000000001 0.51)
(-0.2 0.06999999999999999 0.51)
(-0.15 0.07000000000000001 0.51)
(-0.1 0.07000000000000001 0.51)
(-0.05000000000000007 0.07000000000000001 0.51)
(0 0.07000000000000001 0.51)
(0.05000000000000004 0.06999999999999999 0.51)
(0.1000000000000001 0.06999999999999999 0.51)
(0.1499999999999999 0.07000000000000001 0.51)
(0.2 0.06999999999999999 0.51)
(0.25 0.06999999999999999 0.5099999999999999)
(0.3 0.06999999999999999 0.51)
(0.35 0.06999999999999999 0.51)
(0.4 0.07000000000000001 0.51)
(0.45 0.06999999999999999 0.51)
(0.5 0.07000000000000001 0.5100000000000001)
(0.55 0.06999999999999999 0.51)
(0.6 0.07000000000000001 0.51)
(0.65 0.07000000000000001 0.5099999999999999)
(0.7000000000000001 0.07000000000000001 0.5099999999999999)
(0.75 0.06999999999999999 0.51)
(0.8 0.06999999999999999 0.51)
(0.85 0.06999999999999999 0.5100000000000001)
(0.9 0.07000000000000001 0.51)
(0.9500000000000001 0.07000000000000001 0.5100000000000001)
(1 0.07000000000000001 0.51)
(-1 0.075 0.51)
(-0.9500000000000001 0.075 0.51)
(-0.9 0.075 0.51)
(-0.85 0.075 0.51)
(-0.8 0.075 0.51)
(-0.75 0.075 0.51)
(-0.7000000000000001 0.075 0.51)
(-0.65 0.075 0.5100000000000001)
(-0.6 0.075 0.51)
(-0.55 0.075 0.5100000000000001)
(-0.5 0.075 0.51)
(-0.45 0.075 0.51)
(-0.4 0.075 0.51)
(-0.35 0.075 0.51)
(-0.3 0.07500000000000001 0.5100000000000001)
(-0.25 0.075 0.51)
(-0.2 0.075 0.51)
(-0.15 0.075 0.5100000000000001)
(-0.1 0.075 0.51)
(-0.05000000000000004 0.075 0.5100000000000001)
(0 0.075 0.51)
(0.05000000000000004 0.075 0.51)
(0.1000000000000001 0.075 0.51)
(0.1499999999999999 0.075 0.51)
(0.2 0.075 0.51)
(0.25 0.075 0.51)
(0.3 0.075 0.51)
(0.3500000000000001 0.075 0.5100000000000001)
(0.4 0.075 0.51)
(0.45 0.075 0.51)
(0.5 0.075 0.51)
(0.55 0.07500000000000001 0.51)
(0.6 0.075 0.5100000000000001)
(0.65 0.075 0.51)
(0.7000000000000001 0.075 0.51)
(0.75 0.075 0.51)
(0.8 0.075 0.51)
(0.8500000000000002 0.07500000000000001 0.5100000000000001)
(0.9 0.075 0.51)
(0.9500000000000001 0.075 0.51)
(1 0.075 0.51)
(-1 0.08 0.51)
(-0.9500000000000001 0.08 0.51)
(-0.9 0.08 0.51)
(-0.85 0.08000000000000002 0.51)
(-0.8 0.08 0.51)
(-0.75 0.08 0.51)
(-0.7000000000000001 0.08 0.51)
(-0.65 0.08 0.51)
(-0.6 0.08 0.51)
(-0.55 0.08 0.51)
(-0.5 0.08 0.51)
(-0.45 0.08 0.51)
(-0.4 0.08 0.51)
(-0.35 0.08 0.51)
(-0.3 0.08 0.51)
(-0.25 0.08 0.51)
(-0.2 0.08 0.51)
(-0.15 0.08 0.51)
(-0.1 0.08 0.51)
(-0.05000000000000004 0.07999999999999999 0.51)
(0 0.08 0.51)
(0.05000000000000004 0.08 0.51)
(0.1000000000000001 0.08 0.51)
(0.1499999999999999 0.08 0.5099999999999999)
(0.2 0.08 0.51)
(0.25 0.08 0.51)
(0.3 0.08 0.51)
(0.35 0.08 0.51)
(0.4 0.08 0.51)
(0.45 0.08 0.51)
(0.5 0.08000000000000002 0.5099999999999999)
(0.55 0.08000000000000002 0.51)
(0.6 0.08 0.5100000000000001)
(0.65 0.08 0.51)
(0.7000000000000001 0.08 0.51)
(0.75 0.08 0.51)
(0.8 0.08 0.51)
(0.85 0.08 0.5100000000000001)
(0.9 0.08 0.51)
(0.9500000000000001 0.08000000000000002 0.5100000000000001)
(1 0.08 0.51)
(-1 0.08500000000000001 0.51)
(-0.9500000000000001 0.08500000000000001 0.51)
(-0.9 0.08500000000000001 0.51)
(-0.85 0.08500000000000001 0.51)
(-0.8 0.08500000000000001 0.51)
(-0.75 0.08500000000000001 0.51)
(-0.7000000000000001 0.08500000000000001 0.51)
(-0.65 0.08500000000000001 0.51)
(-0.6 0.08500000000000001 0.51)
(-0.55 0.08500000000000001 0.51)
(-0.5 0.08500000000000001 0.5099999999999999)
(-0.45 0.08500000000000001 0.51)
(-0.4 0.08500000000000001 0.51)
(-0.35 0.08500000000000001 0.51)
(-0.3 0.08500000000000001 0.51)
(-0.25 0.08500000000000001 0.51)
(-0.2 0.08500000000000001 0.51)
(-0.15 0.08499999999999998 0.5100000000000001)
(-0.1000000000000001 0.08500000000000001 0.51)
(-0.05000000000000004 0.08500000000000001 0.51)
(0 0.08500000000000001 0.5100000000000001)
(0.05000000000000003 0.08500000000000001 0.51)
(0.1000000000000001 0.08500000000000001 0.51)
(0.1499999999999999 0.08500000000000001 0.5100000000000001)
(0.2 0.08500000000000001 0.51)
(0.25 0.08500000000000001 0.51)
(0.3 0.08500000000000001 0.51)
(0.35 0.08500000000000001 0.51)
(0.4 0.08500000000000001 0.51)
(0.45 0.08500000000000001 0.51)
(0.5 0.08500000000000001 0.51)
(0.55 0.08500000000000001 0.51)
(0.6 0.08500000000000001 0.51)
(0.65 0.08500000000000001 0.51)
(0.7000000000000001 0.08500000000000001 0.51)
(0.75 0.08500000000000002 0.51)
(0.8 0.08500000000000001 0.5100000000000001)
(0.85 0.08500000000000001 0.5100000000000001)
(0.9 0.08500000000000001 0.51)
(0.9500000000000001 0.08500000000000001 0.51)
(1 0.08500000000000001 0.51)
(-1 0.09 0.51)
(-0.9500000000000001 0.09 0.51)
(-0.9 0.08999999999999998 0.51)
(-0.85 0.09000000000000002 0.51)
(-0.8 0.09 0.51)
(-0.75 0.09 0.51)
(-0.7000000000000001 0.09 0.51)
(-0.65 0.09 0.51)
(-0.6 0.09 0.51)
(-0.55 0.09 0.51)
(-0.5 0.09 0.51)
(-0.45 0.09 0.51)
(-0.4 0.09 0.51)
(-0.35 0.09 0.51)
(-0.3 0.09000000000000002 0.51)
(-0.25 0.09 0.51)
(-0.2 0.09 0.51)
(-0.15 0.09 0.5100000000000001)
(-0.1000000000000001 0.09 0.51)
(-0.05000000000000003 0.09 0.51)
(0 0.09000000000000002 0.5099999999999999)
(0.05 0.09 0.51)
(0.1000000000000001 0.09000000000000002 0.51)
(0.1499999999999999 0.09 0.51)
(0.2 0.09 0.51)
(0.25 0.09 0.51)
(0.3 0.09000000000000002 0.51)
(0.35 0.09 0.5099999999999999)
(0.4 0.09 0.51)
(0.45 0.09 0.51)
(0.5 0.09 0.51)
(0.55 0.09 0.5099999999999999)
(0.6 0.09000000000000002 0.5100000000000001)
(0.65 0.08999999999999998 0.5099999999999999)
(0.7000000000000001 0.09 0.51)
(0.75 0.09 0.51)
(0.8 0.09 0.5100000000000001)
(0.85 0.09 0.51)
(0.9 0.09 0.51)
(0.9500000000000001 0.09000000000000002 0.51)
(1 0.09 0.51)
(-1 0.095 0.51)
(-0.9500000000000001 0.095 0.51)
(-0.9 0.095 0.51)
(-0.85 0.095 0.51)
(-0.8 0.095 0.51)
(-0.75 0.095 0.51)
(-0.7000000000000001 0.095 0.51)
(-0.65 0.095 0.5100000000000001)
(-0.6 0.09499999999999999 0.5100000000000001)
(-0.55 0.09499999999999999 0.5100000000000001)
(-0.5 0.095 0.5100000000000001)
(-0.45 0.095 0.51)
(-0.3999999999999999 0.095 0.51)
(-0.35 0.095 0.51)
(-0.3 0.095 0.51)
(-0.2500000000000001 0.095 0.51)
(-0.2 0.095 0.51)
(-0.1499999999999999 0.095 0.51)
(-0.1 0.095 0.51)
(-0.05000000000000003 0.095 0.51)
(0 0.09499999999999999 0.5100000000000001)
(0.05000000000000003 0.095 0.51)
(0.1000000000000001 0.09499999999999999 0.5100000000000001)
(0.1499999999999999 0.095 0.5100000000000001)
(0.2 0.095 0.51)
(0.2500000000000001 0.09500000000000001 0.51)
(0.3 0.09499999999999999 0.51)
(0.35 0.095 0.5100000000000001)
(0.4 0.095 0.51)
(0.45 0.095 0.51)
(0.5 0.095 0.5100000000000001)
(0.55 0.095 0.5100000000000001)
(0.6 0.09499999999999999 0.5100000000000001)
(0.6499999999999999 0.095 0.51)
(0.6999999999999998 0.09499999999999999 0.5100000000000001)
(0.75 0.095 0.51)
(0.7999999999999998 0.09499999999999999 0.51)
(0.85 0.095 0.51)
(0.9 0.095 0.51)
(0.9500000000000001 0.095 0.51)
(1 0.095 0.51)
(-1 0.1 0.51)
(-0.9500000000000001 0.1 0.51)
(-0.9 0.1 0.51)
(-0.85 0.1 0.51)
(-0.8 0.1 0.51)
(-0.75 0.1 0.51)
(-0.7000000000000001 0.1 0.51)
(-0.65 0.1 0.51)
(-0.6 0.1 0.5100000000000001)
(-0.55 0.1 0.51)
(-0.5 0.1 0.51)
(-0.45 0.1 0.51)
(-0.4 0.1 0.51)
(-0.35 0.1 0.51)
(-0.3 0.1 0.51)
(-0.25 0.1 0.51)
(-0.2 0.1 0.51)
(-0.15 0.1 0.51)
(-0.1000000000000001 0.1 0.51)
(-0.05 0.1 0.51)
(0 0.1 0.51)
(0.05 0.1 0.51)
(0.1000000000000001 0.1 0.51)
(0.1499999999999999 0.1 0.51)
(0.2 0.1 0.5100000000000001)
(0.25 0.1 0.51)
(0.3 0.1 0.51)
(0.35 0.1 0.51)
(0.4 0.1 0.51)
(0.45 0.1 0.51)
(0.5 0.1 0.51)
(0.55 0.1 0.51)
(0.6 0.1 0.51)
(0.65 0.1 0.51)
(0.7000000000000001 0.1 0.51)
(0.75 0.1 0.51)
(0.8 0.1 0.51)
(0.85 0.1 0.51)
(0.9 0.09999999999999998 0.5100000000000001)
(0.9500000000000001 0.1 0.5100000000000001)
(1 0.1 0.51)
(-1 0 0.54)
(-0.9500000000000001 0 0.54)
(-0.9 0 0.54)
(-0.85 0 0.54)
(-0.8 0 0.54)
(-0.75 0 0.54)
(-0.7000000000000001 0 0.54)
(-0.65 0 0.5399999999999999)
(-0.6 0 0.54)
(-0.55 0 0.54)
(-0.5 0 0.54)
(-0.45 0 0.54)
(-0.4 0 0.54)
(-0.35 0 0.54)
(-0.3 0 0.54)
(-0.25 0 0.54)
(-0.2 0 0.54)
(-0.1499999999999999 0 0.54)
(-0.09999999999999998 0 0.54)
(-0.05000000000000007 0 0.54)
(0 0 0.54)
(0.05000000000000007 0 0.54)
(0.1000000000000001 0 0.54)
(0.1499999999999999 0 0.54)
(0.2 0 0.54)
(0.25 0 0.54)
(0.3000000000000001 0 0.54)
(0.3500000000000001 0 0.54)
(0.4 0 0.54)
(0.45 0 0.54)
(0.5 0 0.54)
(0.55 0 0.54)
(0.6 0 0.54)
(0.65 0 0.54)
(0.7000000000000001 0 0.5399999999999999)
(0.75 0 0.54)
(0.8 0 0.54)
(0.85 0 0.54)
(0.9 0 0.54)
(0.9500000000000001 0 0.5399999999999999)
(1 0 0.54)
(-1 0.005000000000000001 0.54)
(-0.9500000000000001 0.005 0.5399999999999999)
(-0.9 0.005000000000000001 0.54)
(-0.85 0.005 0.5399999999999999)
(-0.8 0.005000000000000001 0.54)
(-0.75 0.005 0.54)
(-0.7000000000000001 0.005 0.54)
(-0.65 0.005 0.5399999999999999)
(-0.6000000000000001 0.005000000000000001 0.54)
(-0.55 0.005000000000000001 0.5399999999999999)
(-0.5 0.005000000000000001 0.54)
(-0.45 0.005000000000000001 0.54)
(-0.4 0.005 0.54)
(-0.35 0.005 0.54)
(-0.3000000000000001 0.005 0.54)
(-0.2500000000000001 0.005 0.54)
(-0.2 0.005 0.5400000000000003)
(-0.1499999999999999 0.005 0.54)
(-0.1 0.005000000000000001 0.5400000000000003)
(-0.05000000000000004 0.005000000000000001 0.54)
(0 0.005000000000000001 0.54)
(0.05000000000000004 0.005000000000000001 0.54)
(0.1000000000000001 0.005000000000000001 0.54)
(0.1499999999999999 0.005000000000000001 0.54)
(0.2 0.005000000000000001 0.54)
(0.2500000000000001 0.005000000000000001 0.54)
(0.3000000000000001 0.005000000000000001 0.54)
(0.35 0.005 0.54)
(0.3999999999999999 0.005000000000000001 0.54)
(0.45 0.005 0.54)
(0.5 0.005 0.54)
(0.55 0.005000000000000001 0.54)
(0.6 0.005 0.5399999999999999)
(0.65 0.005000000000000001 0.54)
(0.7000000000000001 0.004999999999999999 0.5399999999999999)
(0.75 0.005000000000000001 0.54)
(0.8 0.005000000000000001 0.54)
(0.85 0.005000000000000001 0.54)
(0.9 0.005 0.54)
(0.9500000000000001 0.005000000000000001 0.54)
(1 0.005000000000000001 0.54)
(-1 0.01 0.54)
(-0.9500000000000001 0.01 0.54)
(-0.9 0.01 0.54)
(-0.85 0.01 0.54)
(-0.8 0.01 0.54)
(-0.7500000000000001 0.01 0.54)
(-0.7000000000000001 0.01 0.54)
(-0.65 0.01 0.54)
(-0.6 0.01 0.54)
(-0.55 0.01 0.54)
(-0.5 0.01 0.54)
(-0.45 0.01 0.54)
(-0.4 0.01 0.54)
(-0.35 0.01 0.5399999999999999)
(-0.3 0.009999999999999998 0.5399999999999999)
(-0.25 0.01 0.54)
(-0.2 0.01 0.54)
(-0.15 0.01 0.5399999999999999)
(-0.1 0.01 0.54)
(-0.05000000000000005 0.009999999999999998 0.5399999999999999)
(0 0.01 0.54)
(0.05000000000000005 0.01 0.5399999999999999)
(0.1000000000000001 0.009999999999999998 0.54)
(0.1499999999999999 0.01 0.5399999999999999)
(0.2 0.009999999999999998 0.54)
(0.25 0.01 0.54)
(0.3 0.01 0.54)
(0.3500000000000001 0.01 0.54)
(0.3999999999999999 0.01 0.54)
(0.45 0.01 0.54)
(0.5 0.01 0.54)
(0.55 0.01 0.54)
(0.6 0.009999999999999998 0.54)
(0.65 0.01 0.54)
(0.7000000000000001 0.01 0.5399999999999999)
(0.75 0.01 0.54)
(0.8 0.01 0.54)
(0.85 0.01 0.54)
(0.9 0.01 0.54)
(0.9500000000000001 0.009999999999999998 0.54)
(1 0.01 0.54)
(-1 0.015 0.54)
(-0.9500000000000001 0.015 0.54)
(-0.9 0.015 0.54)
(-0.85 0.015 0.54)
(-0.8 0.015 0.54)
(-0.75 0.015 0.54)
(-0.7000000000000001 0.015 0.5399999999999999)
(-0.65 0.015 0.5399999999999999)
(-0.6000000000000001 0.015 0.54)
(-0.55 0.015 0.5399999999999999)
(-0.5 0.015 0.54)
(-0.45 0.015 0.54)
(-0.4 0.015 0.54)
(-0.35 0.015 0.54)
(-0.3 0.015 0.54)
(-0.25 0.015 0.54)
(-0.2 0.015 0.5400000000000003)
(-0.15 0.015 0.5399999999999999)
(-0.1 0.015 0.54)
(-0.05000000000000004 0.015 0.54)
(0 0.015 0.54)
(0.05000000000000003 0.015 0.54)
(0.1000000000000001 0.015 0.54)
(0.1499999999999999 0.015 0.5399999999999999)
(0.2 0.015 0.54)
(0.25 0.015 0.54)
(0.3 0.015 0.54)
(0.35 0.015 0.5399999999999999)
(0.4 0.015 0.54)
(0.45 0.015 0.54)
(0.5 0.015 0.5399999999999999)
(0.55 0.015 0.54)
(0.6 0.015 0.54)
(0.65 0.015 0.5399999999999999)
(0.7000000000000001 0.015 0.54)
(0.75 0.015 0.54)
(0.8 0.015 0.54)
(0.85 0.015 0.54)
(0.9 0.015 0.5399999999999999)
(0.9500000000000001 0.015 0.54)
(1 0.015 0.54)
(-1 0.02 0.54)
(-0.9500000000000001 0.02 0.54)
(-0.9 0.02 0.5399999999999999)
(-0.85 0.02 0.54)
(-0.8 0.02 0.54)
(-0.7500000000000001 0.02 0.54)
(-0.7000000000000002 0.02 0.54)
(-0.65 0.02 0.54)
(-0.6 0.02 0.54)
(-0.55 0.02 0.54)
(-0.5 0.02 0.54)
(-0.45 0.02 0.54)
(-0.4 0.02 0.54)
(-0.3500000000000001 0.02 0.5399999999999999)
(-0.3 0.02 0.54)
(-0.25 0.02 0.54)
(-0.1999999999999999 0.02 0.54)
(-0.1499999999999999 0.02 0.54)
(-0.09999999999999994 0.02 0.54)
(-0.05000000000000005 0.02 0.54)
(0 0.02 0.54)
(0.05000000000000004 0.02 0.54)
(0.1000000000000001 0.02 0.54)
(0.1499999999999999 0.02 0.54)
(0.2 0.02 0.54)
(0.25 0.02 0.54)
(0.3 0.02 0.54)
(0.3500000000000001 0.02 0.5399999999999999)
(0.4 0.02 0.54)
(0.4500000000000001 0.02 0.54)
(0.5 0.02 0.5399999999999999)
(0.55 0.02 0.54)
(0.6 0.02 0.54)
(0.65 0.02 0.54)
(0.7000000000000001 0.02 0.54)
(0.7500000000000001 0.02 0.54)
(0.8000000000000002 0.02 0.54)
(0.85 0.02 0.54)
(0.9 0.02 0.5399999999999999)
(0.9500000000000001 0.02 0.54)
(1 0.02 0.54)
(-1 0.025 0.54)
(-0.9500000000000001 0.025 0.54)
(-0.9 0.025 0.54)
(-0.85 0.025 0.54)
(-0.8 0.025 0.54)
(-0.75 0.025 0.54)
(-0.7000000000000001 0.025 0.54)
(-0.65 0.025 0.54)
(-0.6 0.025 0.54)
(-0.55 0.025 0.54)
(-0.5 0.025 0.54)
(-0.45 0.025 0.54)
(-0.4 0.025 0.54)
(-0.35 0.025 0.54)
(-0.3 0.025 0.54)
(-0.25 0.025 0.54)
(-0.2 0.025 0.54)
(-0.15 0.025 0.54)
(-0.1 0.025 0.54)
(-0.05000000000000008 0.025 0.54)
(0 0.025 0.54)
(0.05000000000000008 0.025 0.54)
(0.1000000000000001 0.025 0.54)
(0.1499999999999999 0.025 0.54)
(0.2 0.025 0.54)
(0.25 0.025 0.54)
(0.3000000000000001 0.025 0.54)
(0.3500000000000001 0.025 0.54)
(0.3999999999999999 0.025 0.54)
(0.45 0.025 0.54)
(0.5 0.025 0.54)
(0.55 0.025 0.54)
(0.6 0.02499999999999999 0.54)
(0.65 0.025 0.54)
(0.7000000000000001 0.02499999999999999 0.5399999999999999)
(0.75 0.025 0.54)
(0.8 0.025 0.54)
(0.85 0.025 0.54)
(0.9 0.025 0.54)
(0.9500000000000001 0.025 0.54)
(1 0.025 0.54)
(-1 0.03 0.54)
(-0.9500000000000001 0.03000000000000001 0.54)
(-0.9 0.03 0.5399999999999999)
(-0.85 0.03000000000000001 0.54)
(-0.8 0.03 0.54)
(-0.75 0.03 0.54)
(-0.7000000000000001 0.03 0.54)
(-0.65 0.03 0.54)
(-0.6 0.03 0.54)
(-0.55 0.03 0.54)
(-0.5 0.03000000000000001 0.54)
(-0.45 0.03 0.54)
(-0.4 0.03000000000000001 0.54)
(-0.35 0.03 0.54)
(-0.3 0.03000000000000001 0.5399999999999999)
(-0.25 0.03 0.54)
(-0.2 0.03 0.54)
(-0.15 0.03000000000000001 0.54)
(-0.1 0.03 0.54)
(-0.05000000000000007 0.03 0.54)
(0 0.03 0.54)
(0.05000000000000004 0.03000000000000001 0.54)
(0.1000000000000001 0.03 0.5399999999999999)
(0.1499999999999999 0.03 0.54)
(0.2 0.03 0.54)
(0.25 0.03 0.54)
(0.3000000000000001 0.03000000000000001 0.54)
(0.35 0.03 0.54)
(0.3999999999999999 0.03000000000000001 0.54)
(0.45 0.03 0.54)
(0.5 0.03 0.54)
(0.55 0.03000000000000001 0.54)
(0.6 0.03 0.54)
(0.65 0.03 0.54)
(0.7000000000000001 0.03 0.54)
(0.75 0.03 0.5399999999999999)
(0.8 0.03 0.54)
(0.85 0.03000000000000001 0.54)
(0.9 0.03000000000000001 0.54)
(0.9500000000000001 0.03 0.54)
(1 0.03 0.54)
(-1 0.035 0.54)
(-0.9500000000000001 0.035 0.54)
(-0.9 0.035 0.54)
(-0.85 0.035 0.5399999999999999)
(-0.8 0.035 0.5399999999999998)
(-0.75 0.035 0.54)
(-0.7000000000000001 0.035 0.54)
(-0.65 0.035 0.54)
(-0.6 0.035 0.54)
(-0.55 0.035 0.54)
(-0.5 0.035 0.54)
(-0.45 0.035 0.5399999999999999)
(-0.4 0.035 0.5399999999999999)
(-0.35 0.035 0.54)
(-0.3 0.035 0.54)
(-0.25 0.035 0.54)
(-0.2 0.035 0.54)
(-0.15 0.035 0.5399999999999999)
(-0.1 0.035 0.54)
(-0.05000000000000008 0.035 0.54)
(0 0.035 0.5399999999999999)
(0.05000000000000008 0.035 0.54)
(0.1000000000000001 0.035 0.54)
(0.1499999999999999 0.035 0.54)
(0.2 0.035 0.54)
(0.25 0.035 0.54)
(0.3 0.035 0.54)
(0.3500000000000001 0.035 0.54)
(0.3999999999999999 0.035 0.5399999999999999)
(0.45 0.035 0.5399999999999999)
(0.5 0.035 0.54)
(0.55 0.035 0.54)
(0.6 0.035 0.54)
(0.65 0.035 0.54)
(0.7000000000000001 0.035 0.5399999999999999)
(0.75 0.035 0.54)
(0.8000000000000002 0.035 0.54)
(0.85 0.035 0.5399999999999999)
(0.9 0.035 0.5399999999999998)
(0.9500000000000001 0.035 0.54)
(1 0.035 0.54)
(-1 0.04 0.54)
(-0.9500000000000001 0.04 0.54)
(-0.9 0.04 0.54)
(-0.85 0.04 0.54)
(-0.8 0.04 0.54)
(-0.7500000000000001 0.04 0.54)
(-0.7000000000000001 0.04 0.5400000000000003)
(-0.65 0.04 0.54)
(-0.6000000000000001 0.04000000000000001 0.54)
(-0.55 0.04000000000000001 0.54)
(-0.5 0.04000000000000001 0.54)
(-0.45 0.04000000000000001 0.54)
(-0.4 0.04 0.54)
(-0.35 0.04 0.54)
(-0.3 0.03999999999999999 0.54)
(-0.25 0.04 0.54)
(-0.2 0.04 0.54)
(-0.15 0.04000000000000001 0.54)
(-0.1 0.04000000000000001 0.54)
(-0.05000000000000007 0.04 0.54)
(0 0.04 0.54)
(0.05000000000000007 0.04 0.54)
(0.1000000000000001 0.04 0.54)
(0.1499999999999999 0.04000000000000001 0.54)
(0.2 0.04 0.54)
(0.25 0.04 0.54)
(0.3 0.04 0.54)
(0.3500000000000001 0.04000000000000001 0.54)
(0.3999999999999999 0.04 0.54)
(0.4500000000000001 0.04 0.54)
(0.5 0.04 0.54)
(0.55 0.04000000000000001 0.54)
(0.6 0.04 0.5399999999999999)
(0.65 0.04 0.54)
(0.7000000000000001 0.03999999999999999 0.54)
(0.7500000000000001 0.04000000000000001 0.54)
(0.8 0.04000000000000001 0.54)
(0.85 0.04 0.54)
(0.9 0.04 0.54)
(0.9500000000000001 0.03999999999999999 0.54)
(1 0.04 0.54)
(-1 0.045 0.54)
(-0.9500000000000001 0.045 0.54)
(-0.9 0.04500000000000001 0.54)
(-0.85 0.045 0.5399999999999999)
(-0.8 0.04499999999999999 0.54)
(-0.75 0.045 0.54)
(-0.7000000000000002 0.04500000000000001 0.54)
(-0.65 0.045 0.54)
(-0.6 0.045 0.54)
(-0.55 0.045 0.54)
(-0.5000000000000001 0.04500000000000001 0.54)
(-0.45 0.045 0.54)
(-0.4 0.045 0.5399999999999999)
(-0.35 0.045 0.54)
(-0.3000000000000001 0.04500000000000001 0.54)
(-0.25 0.045 0.54)
(-0.2 0.04500000000000001 0.54)
(-0.15 0.045 0.5399999999999999)
(-0.1 0.04499999999999999 0.54)
(-0.05000000000000007 0.045 0.54)
(0 0.045 0.54)
(0.05000000000000007 0.045 0.54)
(0.1000000000000002 0.04500000000000001 0.54)
(0.1499999999999999 0.04500000000000001 0.54)
(0.2 0.04500000000000001 0.54)
(0.25 0.04500000000000001 0.54)
(0.3000000000000001 0.04500000000000001 0.54)
(0.3500000000000001 0.04500000000000001 0.54)
(0.4 0.045 0.54)
(0.45 0.045 0.54)
(0.5000000000000001 0.04500000000000001 0.5399999999999999)
(0.55 0.04499999999999999 0.54)
(0.6 0.04499999999999999 0.54)
(0.65 0.04499999999999999 0.54)
(0.7000000000000001 0.045 0.5399999999999999)
(0.75 0.045 0.54)
(0.8 0.045 0.54)
(0.85 0.045 0.5399999999999999)
(0.9 0.045 0.54)
(0.9500000000000001 0.045 0.54)
(1 0.045 0.54)
(-1 0.05 0.54)
(-0.9500000000000001 0.05 0.54)
(-0.9 0.05 0.54)
(-0.85 0.05 0.54)
(-0.8 0.05 0.54)
(-0.75 0.05 0.54)
(-0.7000000000000001 0.05 0.54)
(-0.65 0.05 0.5399999999999999)
(-0.6 0.05 0.54)
(-0.55 0.05000000000000001 0.54)
(-0.5 0.05 0.54)
(-0.45 0.05 0.54)
(-0.4 0.05 0.54)
(-0.35 0.05 0.54)
(-0.3 0.05 0.54)
(-0.25 0.05 0.54)
(-0.2 0.05 0.54)
(-0.1499999999999999 0.05 0.5399999999999999)
(-0.09999999999999998 0.05 0.54)
(-0.05000000000000007 0.05 0.54)
(0 0.05 0.54)
(0.05000000000000007 0.05 0.54)
(0.1000000000000001 0.05 0.54)
(0.1499999999999999 0.05 0.54)
(0.2 0.05 0.54)
(0.25 0.05 0.54)
(0.3 0.05 0.54)
(0.3500000000000001 0.05 0.54)
(0.4 0.05 0.54)
(0.45 0.05 0.54)
(0.5 0.05 0.54)
(0.55 0.05 0.54)
(0.6 0.05 0.5399999999999999)
(0.65 0.05 0.54)
(0.7000000000000001 0.04999999999999999 0.54)
(0.75 0.05 0.54)
(0.8 0.05 0.54)
(0.85 0.05 0.54)
(0.9 0.05 0.54)
(0.9500000000000001 0.05 0.5399999999999999)
(1 0.05 0.54)
(-1 0.055 0.54)
(-0.9500000000000001 0.055 0.54)
(-0.9 0.055 0.54)
(-0.85 0.055 0.5399999999999999)
(-0.8 0.055 0.54)
(-0.7500000000000001 0.05500000000000001 0.54)
(-0.7000000000000001 0.055 0.54)
(-0.65 0.055 0.54)
(-0.6 0.055 0.54)
(-0.55 0.055 0.54)
(-0.5 0.055 0.54)
(-0.45 0.05500000000000001 0.5399999999999999)
(-0.4 0.055 0.5399999999999999)
(-0.3500000000000001 0.05500000000000001 0.54)
(-0.3 0.055 0.54)
(-0.25 0.055 0.54)
(-0.2 0.05500000000000001 0.54)
(-0.15 0.05500000000000001 0.54)
(-0.1 0.05500000000000001 0.54)
(-0.05000000000000004 0.055 0.5399999999999999)
(0 0.055 0.54)
(0.05000000000000004 0.055 0.54)
(0.1000000000000001 0.05500000000000001 0.54)
(0.1499999999999999 0.05500000000000001 0.54)
(0.2 0.055 0.54)
(0.25 0.055 0.54)
(0.3 0.055 0.54)
(0.3500000000000001 0.055 0.54)
(0.4 0.055 0.54)
(0.45 0.055 0.54)
(0.5 0.05500000000000001 0.54)
(0.55 0.055 0.54)
(0.6 0.055 0.5399999999999999)
(0.65 0.055 0.54)
(0.7000000000000001 0.055 0.54)
(0.7500000000000001 0.05500000000000001 0.54)
(0.8 0.05500000000000001 0.5399999999999999)
(0.85 0.055 0.54)
(0.9 0.055 0.54)
(0.9500000000000001 0.055 0.54)
(1 0.055 0.54)
(-1 0.06 0.54)
(-0.9500000000000001 0.06 0.54)
(-0.9 0.06 0.54)
(-0.8500000000000002 0.06000000000000001 0.54)
(-0.8 0.06 0.54)
(-0.7500000000000001 0.06 0.54)
(-0.7000000000000001 0.06 0.54)
(-0.65 0.06 0.5399999999999999)
(-0.6000000000000001 0.06 0.54)
(-0.55 0.06 0.54)
(-0.5 0.06 0.54)
(-0.45 0.06 0.54)
(-0.4 0.06 0.54)
(-0.35 0.06 0.54)
(-0.3 0.06 0.54)
(-0.25 0.06 0.54)
(-0.2 0.06 0.54)
(-0.1499999999999999 0.06 0.54)
(-0.1 0.06 0.54)
(-0.05000000000000007 0.06 0.5399999999999999)
(0 0.06 0.54)
(0.05000000000000007 0.06 0.54)
(0.1000000000000002 0.06 0.54)
(0.1499999999999999 0.06 0.54)
(0.2 0.06 0.54)
(0.25 0.06 0.54)
(0.3 0.06000000000000001 0.54)
(0.35 0.05999999999999999 0.54)
(0.4 0.06000000000000001 0.54)
(0.4500000000000001 0.06 0.54)
(0.5 0.06 0.54)
(0.55 0.06000000000000001 0.54)
(0.6 0.06 0.5399999999999999)
(0.65 0.06 0.54)
(0.7000000000000001 0.05999999999999999 0.54)
(0.7500000000000001 0.06 0.54)
(0.8 0.06 0.54)
(0.85 0.06 0.54)
(0.9 0.06 0.54)
(0.9500000000000001 0.06 0.54)
(1 0.06 0.54)
(-1 0.065 0.54)
(-0.9500000000000001 0.065 0.54)
(-0.9 0.065 0.54)
(-0.85 0.065 0.54)
(-0.8 0.065 0.54)
(-0.75 0.065 0.54)
(-0.7000000000000001 0.065 0.54)
(-0.65 0.065 0.54)
(-0.6 0.065 0.54)
(-0.55 0.065 0.54)
(-0.5 0.065 0.54)
(-0.45 0.065 0.54)
(-0.4 0.065 0.54)
(-0.35 0.06500000000000002 0.54)
(-0.3 0.065 0.5399999999999999)
(-0.25 0.065 0.54)
(-0.2 0.065 0.54)
(-0.15 0.065 0.5399999999999999)
(-0.1 0.06500000000000002 0.54)
(-0.05000000000000008 0.065 0.54)
(0 0.065 0.54)
(0.05000000000000008 0.06499999999999999 0.54)
(0.1000000000000001 0.06500000000000002 0.5399999999999999)
(0.1499999999999999 0.065 0.5399999999999999)
(0.2 0.065 0.54)
(0.25 0.065 0.54)
(0.3 0.06499999999999999 0.5399999999999999)
(0.3500000000000001 0.06500000000000002 0.5399999999999999)
(0.3999999999999999 0.06499999999999999 0.54)
(0.45 0.06500000000000002 0.54)
(0.5 0.065 0.54)
(0.55 0.065 0.54)
(0.6 0.065 0.54)
(0.65 0.065 0.54)
(0.7000000000000001 0.065 0.5399999999999999)
(0.75 0.065 0.5399999999999999)
(0.8 0.06500000000000002 0.54)
(0.85 0.065 0.54)
(0.9 0.06499999999999999 0.54)
(0.9500000000000001 0.065 0.5399999999999999)
(1 0.065 0.54)
(-1 0.07000000000000001 0.54)
(-0.9500000000000001 0.07000000000000001 0.54)
(-0.9 0.07000000000000001 0.54)
(-0.85 0.07000000000000001 0.54)
(-0.8 0.06999999999999999 0.54)
(-0.75 0.07000000000000001 0.54)
(-0.7000000000000001 0.07000000000000001 0.54)
(-0.65 0.07000000000000001 0.54)
(-0.6 0.07000000000000001 0.54)
(-0.55 0.07000000000000001 0.54)
(-0.5 0.07000000000000001 0.54)
(-0.45 0.07000000000000001 0.54)
(-0.4 0.07000000000000001 0.54)
(-0.35 0.07000000000000001 0.54)
(-0.3 0.07000000000000001 0.54)
(-0.2500000000000001 0.07000000000000001 0.54)
(-0.2 0.07000000000000001 0.54)
(-0.15 0.07000000000000001 0.54)
(-0.09999999999999998 0.07000000000000001 0.54)
(-0.05000000000000007 0.07000000000000001 0.54)
(0 0.07000000000000001 0.54)
(0.05000000000000007 0.07000000000000001 0.54)
(0.1000000000000001 0.07000000000000001 0.54)
(0.1499999999999999 0.07000000000000001 0.54)
(0.2 0.07000000000000001 0.54)
(0.25 0.07000000000000001 0.54)
(0.3 0.07000000000000001 0.54)
(0.3500000000000001 0.07000000000000001 0.54)
(0.4 0.07000000000000001 0.54)
(0.45 0.07000000000000001 0.54)
(0.5 0.07000000000000001 0.54)
(0.55 0.07000000000000001 0.54)
(0.6 0.06999999999999999 0.54)
(0.65 0.07000000000000001 0.54)
(0.7000000000000001 0.07000000000000001 0.5399999999999999)
(0.75 0.07000000000000001 0.54)
(0.8000000000000002 0.07000000000000001 0.54)
(0.85 0.07000000000000001 0.54)
(0.9 0.07000000000000001 0.54)
(0.9500000000000001 0.07000000000000001 0.5399999999999999)
(1 0.07000000000000001 0.54)
(-1 0.075 0.54)
(-0.9500000000000001 0.075 0.54)
(-0.9 0.075 0.54)
(-0.85 0.07500000000000001 0.54)
(-0.8 0.075 0.54)
(-0.75 0.075 0.54)
(-0.7000000000000001 0.075 0.54)
(-0.65 0.075 0.54)
(-0.6 0.075 0.54)
(-0.55 0.075 0.54)
(-0.5 0.075 0.54)
(-0.45 0.075 0.54)
(-0.4 0.075 0.5399999999999999)
(-0.35 0.07500000000000001 0.54)
(-0.3000000000000001 0.075 0.54)
(-0.25 0.075 0.54)
(-0.2 0.075 0.5400000000000003)
(-0.15 0.075 0.54)
(-0.1 0.07500000000000001 0.54)
(-0.05000000000000008 0.075 0.54)
(0 0.075 0.54)
(0.05000000000000007 0.075 0.54)
(0.1000000000000001 0.075 0.54)
(0.1499999999999999 0.075 0.54)
(0.2 0.075 0.5400000000000003)
(0.25 0.075 0.54)
(0.3000000000000001 0.075 0.54)
(0.3500000000000001 0.07500000000000001 0.54)
(0.3999999999999999 0.075 0.54)
(0.45 0.075 0.54)
(0.5 0.075 0.54)
(0.55 0.075 0.54)
(0.6 0.075 0.54)
(0.65 0.075 0.54)
(0.7000000000000001 0.075 0.5399999999999998)
(0.75 0.075 0.54)
(0.8 0.075 0.54)
(0.85 0.07500000000000001 0.54)
(0.9 0.075 0.54)
(0.9500000000000001 0.075 0.5399999999999999)
(1 0.075 0.54)
(-1 0.08 0.54)
(-0.9500000000000001 0.08 0.54)
(-0.9 0.08 0.54)
(-0.85 0.08 0.54)
(-0.8 0.08 0.54)
(-0.75 0.08 0.54)
(-0.7000000000000001 0.08 0.54)
(-0.65 0.08 0.54)
(-0.6 0.08000000000000002 0.54)
(-0.55 0.08 0.54)
(-0.5 0.08 0.54)
(-0.45 0.08 0.54)
(-0.4 0.08 0.54)
(-0.3500000000000001 0.08 0.54)
(-0.3 0.07999999999999999 0.54)
(-0.25 0.08 0.54)
(-0.2 0.08 0.54)
(-0.1499999999999999 0.08 0.54)
(-0.1 0.08 0.54)
(-0.05000000000000007 0.08 0.54)
(0 0.08 0.54)
(0.05000000000000004 0.08000000000000002 0.54)
(0.1000000000000001 0.08 0.5399999999999999)
(0.1499999999999999 0.08 0.54)
(0.2 0.08 0.54)
(0.25 0.08 0.54)
(0.3 0.08 0.54)
(0.35 0.08000000000000002 0.5399999999999999)
(0.4 0.08000000000000002 0.54)
(0.45 0.07999999999999999 0.54)
(0.5 0.08 0.54)
(0.55 0.08000000000000002 0.5399999999999999)
(0.6 0.08 0.54)
(0.6499999999999999 0.08 0.5399999999999999)
(0.6999999999999998 0.07999999999999999 0.5399999999999999)
(0.75 0.08 0.54)
(0.8 0.08000000000000002 0.54)
(0.85 0.08 0.54)
(0.9 0.08 0.5399999999999999)
(0.9500000000000001 0.07999999999999999 0.54)
(1 0.08 0.54)
(-1 0.08500000000000001 0.54)
(-0.9500000000000001 0.08500000000000001 0.54)
(-0.9 0.08500000000000001 0.54)
(-0.85 0.08500000000000001 0.54)
(-0.8 0.08500000000000001 0.54)
(-0.75 0.08500000000000001 0.54)
(-0.7000000000000001 0.08500000000000002 0.54)
(-0.65 0.08500000000000001 0.54)
(-0.6 0.08500000000000001 0.54)
(-0.55 0.08500000000000001 0.54)
(-0.5 0.08500000000000001 0.54)
(-0.45 0.08500000000000001 0.54)
(-0.4 0.08500000000000001 0.54)
(-0.35 0.08500000000000001 0.54)
(-0.3 0.08500000000000001 0.5399999999999999)
(-0.25 0.08500000000000001 0.5399999999999999)
(-0.2 0.08500000000000001 0.54)
(-0.1499999999999999 0.08500000000000001 0.54)
(-0.1 0.08500000000000001 0.54)
(-0.05000000000000003 0.08500000000000001 0.5399999999999999)
(0 0.08500000000000001 0.54)
(0.05000000000000003 0.08500000000000001 0.54)
(0.1000000000000001 0.08500000000000001 0.5399999999999999)
(0.1499999999999999 0.08500000000000001 0.5399999999999999)
(0.2 0.08500000000000002 0.54)
(0.25 0.08500000000000001 0.5399999999999999)
(0.3 0.08500000000000001 0.54)
(0.35 0.08500000000000001 0.54)
(0.4 0.08499999999999998 0.54)
(0.45 0.08499999999999998 0.54)
(0.5 0.08500000000000001 0.5399999999999999)
(0.55 0.08500000000000001 0.54)
(0.6 0.08499999999999998 0.54)
(0.65 0.08500000000000001 0.5399999999999999)
(0.7000000000000001 0.08500000000000001 0.54)
(0.75 0.08499999999999998 0.54)
(0.8 0.08500000000000001 0.54)
(0.85 0.08499999999999998 0.54)
(0.9 0.08499999999999998 0.54)
(0.9500000000000001 0.08500000000000001 0.5399999999999999)
(1 0.08500000000000001 0.54)
(-1 0.09 0.54)
(-0.9500000000000001 0.09 0.54)
(-0.9 0.09000000000000002 0.54)
(-0.85 0.09 0.54)
(-0.8 0.09 0.54)
(-0.75 0.09 0.54)
(-0.7000000000000002 0.09000000000000002 0.54)
(-0.65 0.09 0.54)
(-0.6000000000000002 0.09000000000000002 0.54)
(-0.55 0.09 0.54)
(-0.5 0.09000000000000002 0.54)
(-0.45 0.09 0.54)
(-0.4000000000000001 0.09 0.54)
(-0.35 0.09000000000000002 0.54)
(-0.3 0.09000000000000002 0.54)
(-0.25 0.09 0.54)
(-0.2 0.09000000000000002 0.54)
(-0.1499999999999999 0.09 0.54)
(-0.1000000000000001 0.09000000000000002 0.54)
(-0.05000000000000003 0.09 0.54)
(0 0.09 0.54)
(0.05000000000000003 0.09 0.54)
(0.1000000000000001 0.09000000000000002 0.54)
(0.1499999999999999 0.09000000000000002 0.54)
(0.2 0.09000000000000002 0.54)
(0.25 0.09000000000000002 0.54)
(0.3000000000000001 0.09000000000000002 0.54)
(0.3500000000000001 0.09000000000000002 0.5399999999999999)
(0.4 0.09000000000000002 0.54)
(0.45 0.09 0.54)
(0.5 0.09000000000000002 0.54)
(0.55 0.08999999999999998 0.54)
(0.6 0.08999999999999998 0.5399999999999999)
(0.65 0.08999999999999998 0.54)
(0.7000000000000001 0.09 0.5399999999999999)
(0.75 0.09 0.54)
(0.8 0.09 0.54)
(0.85 0.09 0.54)
(0.9 0.09 0.54)
(0.9500000000000001 0.09 0.54)
(1 0.09 0.54)
(-1 0.095 0.54)
(-0.9500000000000001 0.095 0.54)
(-0.9 0.095 0.54)
(-0.8499999999999999 0.095 0.54)
(-0.8 0.095 0.54)
(-0.75 0.095 0.54)
(-0.7000000000000001 0.095 0.54)
(-0.65 0.095 0.54)
(-0.6 0.095 0.54)
(-0.55 0.095 0.54)
(-0.5 0.095 0.54)
(-0.45 0.095 0.54)
(-0.3999999999999999 0.095 0.54)
(-0.3500000000000001 0.095 0.54)
(-0.3 0.09499999999999999 0.54)
(-0.2500000000000001 0.095 0.54)
(-0.2 0.095 0.54)
(-0.1499999999999999 0.095 0.54)
(-0.1 0.095 0.54)
(-0.05000000000000003 0.095 0.54)
(0 0.095 0.54)
(0.05000000000000003 0.095 0.54)
(0.1000000000000001 0.095 0.54)
(0.1499999999999999 0.095 0.54)
(0.2 0.09500000000000001 0.54)
(0.2500000000000001 0.095 0.54)
(0.3 0.095 0.54)
(0.3500000000000001 0.09500000000000001 0.54)
(0.4 0.095 0.54)
(0.45 0.095 0.54)
(0.5 0.095 0.54)
(0.55 0.095 0.5399999999999999)
(0.6 0.095 0.5399999999999999)
(0.65 0.095 0.5399999999999999)
(0.6999999999999998 0.09499999999999999 0.5399999999999999)
(0.75 0.095 0.54)
(0.8 0.095 0.54)
(0.85 0.095 0.54)
(0.9 0.095 0.5399999999999999)
(0.9500000000000001 0.095 0.54)
(1 0.095 0.54)
(-1 0.1 0.54)
(-0.9500000000000001 0.1 0.54)
(-0.9 0.1 0.54)
(-0.85 0.1 0.54)
(-0.8 0.1 0.54)
(-0.75 0.1 0.54)
(-0.7000000000000001 0.1 0.54)
(-0.65 0.1 0.54)
(-0.6 0.1 0.54)
(-0.55 0.1 0.54)
(-0.5 0.1 0.54)
(-0.45 0.1 0.54)
(-0.4 0.1 0.54)
(-0.35 0.1 0.54)
(-0.3 0.1 0.54)
(-0.25 0.1 0.54)
(-0.2 0.1 0.54)
(-0.1499999999999999 0.1 0.54)
(-0.1 0.1 0.54)
(-0.05000000000000007 0.1 0.54)
(0 0.1 0.54)
(0.05000000000000007 0.1 0.54)
(0.1000000000000001 0.1 0.54)
(0.1499999999999999 0.1 0.54)
(0.2 0.1 0.54)
(0.25 0.1 0.54)
(0.3000000000000001 0.1 0.54)
(0.35 0.1 0.54)
(0.4 0.1 0.54)
(0.45 0.1 0.54)
(0.5 0.1 0.54)
(0.55 0.1 0.54)
(0.6 0.1 0.54)
(0.65 0.1 0.54)
(0.7000000000000001 0.09999999999999998 0.5399999999999999)
(0.75 0.1 0.54)
(0.8 0.1 0.54)
(0.85 0.1 0.54)
(0.9 0.1 0.54)
(0.9500000000000001 0.1 0.5399999999999999)
(1 0.1 0.54)
(-1 0 0.5700000000000001)
(-0.9500000000000001 0 0.5700000000000001)
(-0.9 0 0.5700000000000001)
(-0.85 0 0.5700000000000001)
(-0.8 0 0.5700000000000001)
(-0.75 0 0.5700000000000001)
(-0.7000000000000001 0 0.5700000000000001)
(-0.65 0 0.5700000000000001)
(-0.6 0 0.5700000000000001)
(-0.55 0 0.5700000000000001)
(-0.5 0 0.5700000000000001)
(-0.45 0 0.5700000000000001)
(-0.4 0 0.5700000000000001)
(-0.35 0 0.5700000000000001)
(-0.3 0 0.5700000000000001)
(-0.25 0 0.5700000000000001)
(-0.2 0 0.5700000000000001)
(-0.1499999999999999 0 0.57)
(-0.1000000000000001 0 0.5700000000000001)
(-0.05 0 0.5700000000000001)
(0 0 0.5700000000000001)
(0.05 0 0.5700000000000001)
(0.1000000000000001 0 0.57)
(0.1499999999999999 0 0.5700000000000001)
(0.2 0 0.57)
(0.25 0 0.5700000000000001)
(0.3 0 0.5700000000000001)
(0.3500000000000001 0 0.5700000000000001)
(0.4 0 0.5700000000000001)
(0.45 0 0.57)
(0.5 0 0.5700000000000001)
(0.55 0 0.5700000000000001)
(0.6 0 0.57)
(0.65 0 0.5700000000000001)
(0.7000000000000001 0 0.5700000000000001)
(0.75 0 0.5700000000000001)
(0.8 0 0.5700000000000001)
(0.85 0 0.57)
(0.9 0 0.5700000000000001)
(0.9500000000000001 0 0.5700000000000001)
(1 0 0.5700000000000001)
(-1 0.005 0.5700000000000001)
(-0.9500000000000001 0.005 0.57)
(-0.9 0.005 0.5700000000000001)
(-0.85 0.005000000000000001 0.5700000000000001)
(-0.8 0.005 0.57)
(-0.75 0.005 0.5700000000000001)
(-0.7000000000000001 0.005 0.5700000000000001)
(-0.65 0.005 0.57)
(-0.6 0.005000000000000001 0.5700000000000001)
(-0.55 0.005000000000000001 0.5700000000000001)
(-0.5 0.005 0.5700000000000001)
(-0.45 0.005 0.5700000000000001)
(-0.4 0.005 0.5700000000000001)
(-0.35 0.005 0.5700000000000001)
(-0.3 0.005000000000000001 0.57)
(-0.25 0.005 0.5700000000000001)
(-0.1999999999999999 0.005 0.5700000000000001)
(-0.1499999999999999 0.005 0.57)
(-0.1000000000000001 0.005 0.5700000000000001)
(-0.05000000000000003 0.004999999999999999 0.57)
(0 0.005 0.5700000000000001)
(0.05000000000000004 0.005 0.57)
(0.1000000000000001 0.005000000000000001 0.57)
(0.1499999999999999 0.005 0.5699999999999998)
(0.2 0.005 0.5700000000000001)
(0.25 0.005 0.5700000000000001)
(0.3 0.005000000000000001 0.5700000000000001)
(0.3500000000000001 0.005 0.5700000000000001)
(0.3999999999999999 0.005 0.5700000000000001)
(0.45 0.004999999999999999 0.57)
(0.5 0.005 0.5700000000000001)
(0.55 0.005000000000000001 0.5700000000000001)
(0.6 0.005 0.57)
(0.65 0.005 0.5700000000000001)
(0.7000000000000001 0.005 0.5700000000000001)
(0.75 0.005 0.57)
(0.8 0.005000000000000001 0.57)
(0.85 0.005000000000000001 0.57)
(0.9 0.005 0.5700000000000001)
(0.9500000000000001 0.005000000000000001 0.57)
(1 0.005 0.5700000000000001)
(-1 0.01 0.5700000000000001)
(-0.9500000000000001 0.01 0.5700000000000001)
(-0.9 0.01 0.57)
(-0.85 0.01 0.5700000000000001)
(-0.8 0.01 0.5700000000000001)
(-0.75 0.01 0.5700000000000001)
(-0.7000000000000001 0.01 0.5700000000000001)
(-0.65 0.01 0.5700000000000001)
(-0.6 0.01 0.57)
(-0.55 0.01 0.57)
(-0.5 0.01 0.5700000000000001)
(-0.45 0.01 0.5700000000000001)
(-0.4 0.01 0.5700000000000001)
(-0.35 0.01 0.5700000000000001)
(-0.3 0.01 0.57)
(-0.25 0.01 0.5700000000000001)
(-0.2 0.01 0.5700000000000001)
(-0.15 0.01 0.5700000000000001)
(-0.1 0.01 0.5700000000000001)
(-0.05 0.01 0.5700000000000001)
(0 0.01 0.5700000000000001)
(0.05 0.01 0.5700000000000001)
(0.1000000000000001 0.01 0.57)
(0.1499999999999999 0.01 0.5700000000000001)
(0.2 0.009999999999999998 0.57)
(0.25 0.01 0.57)
(0.3 0.01 0.5700000000000001)
(0.35 0.01 0.5700000000000001)
(0.3999999999999999 0.01 0.5700000000000001)
(0.45 0.009999999999999998 0.57)
(0.5 0.01 0.5700000000000001)
(0.55 0.01 0.5700000000000001)
(0.6 0.01 0.5700000000000001)
(0.65 0.01 0.5700000000000001)
(0.7000000000000001 0.009999999999999998 0.5700000000000001)
(0.75 0.01 0.5700000000000001)
(0.8 0.01 0.5700000000000001)
(0.85 0.01 0.5700000000000001)
(0.9 0.01 0.5700000000000001)
(0.9500000000000001 0.01 0.5700000000000001)
(1 0.01 0.5700000000000001)
(-1 0.015 0.5700000000000001)
(-0.9500000000000001 0.015 0.5700000000000001)
(-0.9 0.015 0.5700000000000001)
(-0.85 0.015 0.5700000000000001)
(-0.8 0.015 0.5700000000000001)
(-0.75 0.015 0.5700000000000001)
(-0.7000000000000001 0.015 0.5700000000000001)
(-0.65 0.015 0.5700000000000001)
(-0.6 0.015 0.5700000000000001)
(-0.55 0.015 0.5700000000000001)
(-0.5 0.015 0.5700000000000001)
(-0.45 0.015 0.57)
(-0.4 0.015 0.5700000000000001)
(-0.35 0.015 0.5700000000000001)
(-0.3 0.015 0.5700000000000001)
(-0.25 0.015 0.5700000000000001)
(-0.2 0.015 0.57)
(-0.15 0.015 0.5700000000000001)
(-0.1 0.015 0.5700000000000001)
(-0.05 0.015 0.57)
(0 0.015 0.5700000000000001)
(0.05 0.015 0.5700000000000001)
(0.1000000000000001 0.015 0.57)
(0.1499999999999999 0.015 0.5699999999999998)
(0.2 0.015 0.57)
(0.25 0.015 0.5700000000000001)
(0.3 0.015 0.5700000000000001)
(0.3500000000000001 0.015 0.5700000000000001)
(0.4 0.015 0.5700000000000001)
(0.45 0.015 0.57)
(0.5 0.015 0.57)
(0.55 0.015 0.5700000000000001)
(0.6 0.015 0.5700000000000001)
(0.65 0.015 0.5700000000000001)
(0.7000000000000001 0.015 0.5700000000000001)
(0.75 0.015 0.5700000000000001)
(0.8 0.015 0.57)
(0.85 0.015 0.5700000000000001)
(0.9 0.015 0.5700000000000001)
(0.9500000000000001 0.015 0.5700000000000001)
(1 0.015 0.5700000000000001)
(-1 0.02 0.5700000000000001)
(-0.9500000000000001 0.02 0.5700000000000001)
(-0.9 0.02 0.5700000000000001)
(-0.85 0.02 0.5700000000000001)
(-0.8 0.02 0.5700000000000001)
(-0.75 0.02 0.5700000000000001)
(-0.7000000000000001 0.02 0.5700000000000001)
(-0.65 0.02 0.5700000000000001)
(-0.6 0.02 0.5700000000000001)
(-0.55 0.02 0.57)
(-0.5 0.02 0.5700000000000001)
(-0.45 0.02 0.5700000000000001)
(-0.4 0.02 0.5700000000000001)
(-0.35 0.02 0.5700000000000001)
(-0.3 0.02 0.5700000000000001)
(-0.25 0.02 0.5700000000000001)
(-0.1999999999999999 0.02 0.5700000000000001)
(-0.15 0.02 0.5700000000000001)
(-0.1 0.02 0.5700000000000001)
(-0.05000000000000003 0.02 0.5700000000000001)
(0 0.02 0.5700000000000001)
(0.05000000000000003 0.02 0.5700000000000001)
(0.1000000000000001 0.02 0.5700000000000001)
(0.1499999999999999 0.02 0.5700000000000001)
(0.1999999999999999 0.02 0.5700000000000001)
(0.25 0.02 0.5700000000000001)
(0.3 0.02 0.5700000000000001)
(0.3500000000000001 0.02 0.5700000000000001)
(0.4 0.02 0.57)
(0.45 0.02 0.5700000000000001)
(0.5 0.02 0.5700000000000001)
(0.55 0.02 0.5700000000000001)
(0.6 0.02 0.5700000000000001)
(0.65 0.02 0.5700000000000001)
(0.7000000000000001 0.02 0.5700000000000001)
(0.75 0.02 0.5700000000000001)
(0.8 0.02 0.5700000000000001)
(0.85 0.02 0.5700000000000001)
(0.9 0.02 0.5700000000000001)
(0.9500000000000001 0.02 0.5700000000000001)
(1 0.02 0.5700000000000001)
(-1 0.025 0.5700000000000001)
(-0.9500000000000001 0.025 0.57)
(-0.9 0.025 0.57)
(-0.85 0.025 0.5700000000000001)
(-0.8 0.025 0.5700000000000001)
(-0.75 0.025 0.5700000000000001)
(-0.7000000000000001 0.025 0.5700000000000001)
(-0.65 0.025 0.5700000000000001)
(-0.6 0.025 0.5700000000000001)
(-0.55 0.025 0.5700000000000001)
(-0.5 0.025 0.5700000000000001)
(-0.45 0.025 0.5700000000000001)
(-0.4 0.025 0.5700000000000001)
(-0.3500000000000001 0.025 0.5700000000000001)
(-0.3 0.025 0.5700000000000001)
(-0.25 0.025 0.5700000000000001)
(-0.2 0.025 0.5700000000000001)
(-0.15 0.025 0.57)
(-0.1 0.025 0.5700000000000001)
(-0.05000000000000003 0.025 0.5700000000000001)
(0 0.025 0.5700000000000001)
(0.05000000000000004 0.025 0.5700000000000001)
(0.1000000000000001 0.025 0.5700000000000001)
(0.1499999999999999 0.025 0.5700000000000001)
(0.2 0.025 0.5700000000000001)
(0.25 0.025 0.5700000000000001)
(0.3000000000000001 0.025 0.57)
(0.3500000000000001 0.025 0.5700000000000001)
(0.3999999999999999 0.025 0.5700000000000001)
(0.45 0.025 0.5700000000000001)
(0.5 0.025 0.5700000000000001)
(0.55 0.025 0.5700000000000001)
(0.6 0.025 0.5700000000000001)
(0.65 0.025 0.5700000000000001)
(0.7000000000000001 0.025 0.5700000000000001)
(0.75 0.025 0.5700000000000001)
(0.8 0.025 0.5700000000000001)
(0.85 0.025 0.5700000000000001)
(0.9 0.025 0.5700000000000001)
(0.9500000000000001 0.025 0.5700000000000001)
(1 0.025 0.5700000000000001)
(-1 0.03 0.5700000000000001)
(-0.9500000000000001 0.03 0.5700000000000001)
(-0.9 0.03 0.5700000000000001)
(-0.85 0.03 0.5700000000000001)
(-0.8 0.03 0.5700000000000001)
(-0.75 0.03 0.5700000000000001)
(-0.7000000000000001 0.03 0.57)
(-0.65 0.03 0.5700000000000001)
(-0.6 0.03 0.57)
(-0.55 0.03 0.5700000000000001)
(-0.5 0.03 0.5700000000000001)
(-0.45 0.03 0.5700000000000001)
(-0.4 0.03 0.5700000000000001)
(-0.35 0.03 0.5700000000000001)
(-0.3 0.03 0.5700000000000001)
(-0.2500000000000001 0.03 0.5700000000000001)
(-0.2 0.03 0.5700000000000001)
(-0.15 0.03 0.5700000000000001)
(-0.1000000000000001 0.03 0.57)
(-0.04999999999999999 0.03 0.57)
(0 0.03 0.5700000000000001)
(0.05000000000000001 0.03 0.57)
(0.1000000000000001 0.03 0.57)
(0.1499999999999999 0.03 0.5700000000000001)
(0.2 0.03 0.57)
(0.2500000000000001 0.03 0.5700000000000001)
(0.3 0.03 0.5700000000000001)
(0.3500000000000001 0.03000000000000001 0.5700000000000001)
(0.4 0.03 0.5700000000000001)
(0.45 0.03 0.5700000000000001)
(0.5 0.03 0.5700000000000001)
(0.55 0.03 0.5700000000000001)
(0.6 0.03000000000000001 0.5700000000000001)
(0.65 0.03000000000000001 0.5700000000000001)
(0.7000000000000001 0.03 0.57)
(0.75 0.03 0.5700000000000001)
(0.8 0.03 0.5700000000000001)
(0.85 0.03 0.57)
(0.9 0.03 0.5700000000000001)
(0.9500000000000001 0.03 0.5700000000000001)
(1 0.03 0.5700000000000001)
(-1 0.035 0.5700000000000001)
(-0.9500000000000001 0.035 0.5700000000000001)
(-0.9 0.035 0.5700000000000001)
(-0.85 0.035 0.5700000000000001)
(-0.8 0.035 0.5700000000000001)
(-0.75 0.035 0.5700000000000001)
(-0.7000000000000001 0.035 0.5700000000000001)
(-0.65 0.035 0.5700000000000001)
(-0.6 0.035 0.5700000000000001)
(-0.55 0.035 0.5700000000000001)
(-0.5 0.035 0.5700000000000001)
(-0.45 0.035 0.5700000000000001)
(-0.4 0.035 0.5700000000000001)
(-0.35 0.035 0.57)
(-0.3 0.035 0.5700000000000001)
(-0.25 0.035 0.5700000000000001)
(-0.2 0.035 0.57)
(-0.15 0.035 0.5700000000000001)
(-0.1000000000000001 0.035 0.5700000000000001)
(-0.05000000000000008 0.035 0.57)
(0 0.035 0.5700000000000001)
(0.0500000000000001 0.035 0.5700000000000001)
(0.1000000000000001 0.035 0.5700000000000001)
(0.1499999999999999 0.035 0.5700000000000001)
(0.2 0.035 0.57)
(0.25 0.035 0.5700000000000001)
(0.3 0.035 0.5700000000000001)
(0.3500000000000001 0.035 0.5700000000000001)
(0.3999999999999999 0.035 0.5700000000000001)
(0.45 0.035 0.5700000000000001)
(0.5 0.035 0.5700000000000001)
(0.55 0.035 0.5700000000000001)
(0.6 0.035 0.5700000000000001)
(0.65 0.035 0.5700000000000001)
(0.7000000000000001 0.035 0.5700000000000001)
(0.75 0.035 0.57)
(0.8 0.035 0.5700000000000001)
(0.85 0.035 0.57)
(0.9 0.035 0.5700000000000001)
(0.9500000000000001 0.035 0.57)
(1 0.035 0.5700000000000001)
(-1 0.04 0.5700000000000001)
(-0.9500000000000001 0.04 0.57)
(-0.9 0.04 0.5700000000000001)
(-0.85 0.04 0.5700000000000001)
(-0.8 0.04 0.5700000000000001)
(-0.75 0.04 0.5700000000000001)
(-0.7000000000000001 0.04 0.57)
(-0.65 0.04 0.5700000000000001)
(-0.6 0.04000000000000001 0.5700000000000001)
(-0.55 0.04000000000000001 0.5700000000000001)
(-0.5 0.04 0.5700000000000001)
(-0.45 0.04 0.5700000000000001)
(-0.4 0.04 0.5700000000000001)
(-0.3500000000000001 0.04 0.5700000000000001)
(-0.3 0.04 0.57)
(-0.25 0.04 0.5700000000000001)
(-0.2 0.04 0.5700000000000001)
(-0.15 0.04 0.5700000000000001)
(-0.1 0.04 0.57)
(-0.04999999999999999 0.04 0.5700000000000001)
(0 0.04 0.5700000000000001)
(0.04999999999999998 0.04 0.5700000000000001)
(0.1000000000000001 0.04 0.57)
(0.1499999999999999 0.04 0.5700000000000001)
(0.2 0.03999999999999999 0.5700000000000001)
(0.25 0.04 0.5700000000000001)
(0.3 0.04 0.57)
(0.3500000000000001 0.04 0.57)
(0.4 0.04000000000000001 0.5700000000000001)
(0.45 0.04 0.5700000000000001)
(0.5 0.04 0.57)
(0.55 0.04000000000000001 0.5700000000000001)
(0.6 0.04 0.5700000000000001)
(0.65 0.04 0.5700000000000001)
(0.7000000000000001 0.03999999999999999 0.57)
(0.75 0.04000000000000001 0.57)
(0.8 0.04000000000000001 0.5700000000000001)
(0.85 0.04 0.5700000000000001)
(0.9 0.04 0.5700000000000001)
(0.9500000000000001 0.04 0.57)
(1 0.04 0.5700000000000001)
(-1 0.045 0.5700000000000001)
(-0.9500000000000001 0.045 0.5700000000000001)
(-0.9 0.045 0.5700000000000001)
(-0.85 0.045 0.5700000000000001)
(-0.8 0.045 0.5700000000000001)
(-0.75 0.04500000000000001 0.5700000000000001)
(-0.7000000000000001 0.045 0.5700000000000001)
(-0.65 0.045 0.5700000000000001)
(-0.6 0.045 0.5700000000000001)
(-0.55 0.045 0.5700000000000001)
(-0.5 0.045 0.5700000000000001)
(-0.45 0.045 0.5700000000000001)
(-0.4 0.045 0.5700000000000001)
(-0.35 0.04499999999999999 0.57)
(-0.3 0.045 0.5700000000000001)
(-0.25 0.045 0.5700000000000001)
(-0.2 0.04500000000000001 0.5700000000000001)
(-0.15 0.045 0.57)
(-0.1000000000000001 0.045 0.57)
(-0.05000000000000004 0.045 0.5700000000000001)
(0 0.045 0.5700000000000001)
(0.05000000000000004 0.045 0.57)
(0.1000000000000002 0.045 0.5700000000000001)
(0.1499999999999999 0.045 0.5700000000000001)
(0.2 0.04500000000000001 0.5700000000000001)
(0.25 0.045 0.5700000000000001)
(0.3 0.045 0.57)
(0.3500000000000001 0.045 0.5700000000000001)
(0.4 0.04499999999999999 0.5700000000000001)
(0.45 0.045 0.5700000000000001)
(0.5 0.04500000000000001 0.5700000000000001)
(0.55 0.045 0.5700000000000001)
(0.6 0.04500000000000001 0.57)
(0.65 0.04500000000000001 0.5700000000000001)
(0.7000000000000001 0.045 0.57)
(0.75 0.045 0.5700000000000001)
(0.8 0.045 0.5700000000000001)
(0.85 0.045 0.57)
(0.9 0.04500000000000001 0.5700000000000001)
(0.9500000000000001 0.045 0.5700000000000001)
(1 0.045 0.5700000000000001)
(-1 0.05 0.5700000000000001)
(-0.9500000000000001 0.05 0.5700000000000001)
(-0.9 0.05 0.5700000000000001)
(-0.85 0.05 0.5700000000000001)
(-0.8 0.05 0.5700000000000001)
(-0.75 0.05 0.5700000000000001)
(-0.7000000000000001 0.05 0.5700000000000001)
(-0.65 0.05 0.5700000000000001)
(-0.6 0.05 0.5700000000000001)
(-0.55 0.05 0.5700000000000001)
(-0.5 0.05 0.5700000000000001)
(-0.45 0.05 0.5700000000000001)
(-0.4 0.05 0.5700000000000001)
(-0.35 0.05 0.57)
(-0.3 0.05 0.5700000000000001)
(-0.25 0.05 0.5700000000000001)
(-0.2 0.05 0.5700000000000001)
(-0.1499999999999999 0.05 0.5700000000000001)
(-0.1000000000000001 0.05 0.57)
(-0.05 0.05 0.5700000000000001)
(0 0.05 0.5700000000000001)
(0.05 0.05 0.5700000000000001)
(0.1000000000000001 0.05 0.5700000000000001)
(0.1499999999999999 0.05 0.5700000000000001)
(0.2 0.05 0.5700000000000001)
(0.25 0.05 0.5700000000000001)
(0.3 0.05 0.5700000000000001)
(0.3500000000000001 0.05 0.5700000000000001)
(0.4 0.05 0.5700000000000001)
(0.45 0.05 0.5700000000000001)
(0.5 0.05 0.5700000000000001)
(0.55 0.05000000000000001 0.5700000000000001)
(0.6 0.05 0.5700000000000001)
(0.65 0.05 0.5700000000000001)
(0.7000000000000001 0.05 0.5700000000000001)
(0.75 0.05 0.5700000000000001)
(0.8 0.05 0.5700000000000001)
(0.85 0.05 0.5700000000000001)
(0.9 0.05 0.5700000000000001)
(0.9500000000000001 0.05 0.5700000000000001)
(1 0.05 0.5700000000000001)
(-1 0.055 0.5700000000000001)
(-0.9500000000000001 0.055 0.5700000000000001)
(-0.9 0.055 0.57)
(-0.85 0.055 0.5700000000000001)
(-0.8 0.05500000000000001 0.5700000000000001)
(-0.75 0.055 0.57)
(-0.7000000000000001 0.055 0.5700000000000001)
(-0.65 0.055 0.5700000000000001)
(-0.6 0.055 0.5700000000000001)
(-0.55 0.05500000000000001 0.5700000000000001)
(-0.5 0.055 0.5700000000000001)
(-0.45 0.05500000000000001 0.5700000000000001)
(-0.4 0.055 0.57)
(-0.35 0.05500000000000001 0.5700000000000001)
(-0.3 0.055 0.5700000000000001)
(-0.25 0.055 0.5700000000000001)
(-0.2 0.055 0.57)
(-0.15 0.05500000000000001 0.5700000000000001)
(-0.1000000000000001 0.055 0.57)
(-0.05000000000000004 0.055 0.5700000000000001)
(0 0.055 0.5700000000000001)
(0.05000000000000004 0.055 0.5700000000000001)
(0.1000000000000001 0.05500000000000001 0.57)
(0.1499999999999999 0.055 0.5700000000000001)
(0.2 0.055 0.57)
(0.25 0.055 0.5700000000000001)
(0.3 0.055 0.57)
(0.35 0.05500000000000001 0.57)
(0.4 0.055 0.57)
(0.45 0.055 0.57)
(0.5 0.055 0.57)
(0.55 0.05500000000000001 0.5700000000000001)
(0.6 0.055 0.5700000000000001)
(0.65 0.055 0.5700000000000001)
(0.7000000000000001 0.05500000000000001 0.5700000000000001)
(0.75 0.055 0.57)
(0.8 0.05500000000000001 0.5700000000000001)
(0.85 0.055 0.57)
(0.9 0.05499999999999999 0.57)
(0.9500000000000001 0.05499999999999999 0.5700000000000001)
(1 0.055 0.5700000000000001)
(-1 0.06 0.5700000000000001)
(-0.9500000000000001 0.06 0.57)
(-0.9 0.06 0.5700000000000001)
(-0.85 0.06 0.57)
(-0.8 0.06 0.57)
(-0.75 0.06 0.57)
(-0.7000000000000001 0.06 0.57)
(-0.65 0.06 0.5700000000000001)
(-0.6 0.06 0.5700000000000001)
(-0.55 0.06 0.5700000000000001)
(-0.5 0.06 0.5700000000000001)
(-0.45 0.06 0.5700000000000001)
(-0.4 0.06 0.5700000000000001)
(-0.35 0.06 0.5700000000000001)
(-0.3 0.06 0.57)
(-0.25 0.06 0.5700000000000001)
(-0.2 0.06 0.5700000000000001)
(-0.15 0.06 0.57)
(-0.1 0.06 0.5700000000000001)
(-0.05 0.06 0.5700000000000001)
(0 0.06 0.5700000000000001)
(0.05000000000000001 0.06 0.5700000000000001)
(0.1000000000000001 0.06 0.57)
(0.1499999999999999 0.06 0.5700000000000001)
(0.2 0.06 0.5700000000000001)
(0.25 0.06 0.5700000000000001)
(0.3 0.06 0.5700000000000001)
(0.3500000000000001 0.06 0.5700000000000001)
(0.4 0.06 0.5700000000000001)
(0.45 0.06 0.57)
(0.5 0.06 0.5700000000000001)
(0.55 0.06 0.5700000000000001)
(0.6 0.06 0.57)
(0.65 0.06 0.5700000000000001)
(0.7000000000000001 0.06 0.5700000000000001)
(0.75 0.06 0.5700000000000001)
(0.8 0.06 0.5700000000000001)
(0.85 0.06 0.57)
(0.9 0.05999999999999999 0.5700000000000001)
(0.9500000000000001 0.06 0.5700000000000001)
(1 0.06 0.5700000000000001)
(-1 0.065 0.5700000000000001)
(-0.9500000000000001 0.065 0.5700000000000001)
(-0.9 0.065 0.5700000000000001)
(-0.85 0.06500000000000002 0.5700000000000001)
(-0.8 0.065 0.5700000000000001)
(-0.75 0.065 0.5700000000000001)
(-0.7000000000000001 0.065 0.5700000000000001)
(-0.65 0.065 0.5700000000000001)
(-0.6 0.06500000000000002 0.5700000000000001)
(-0.55 0.065 0.5700000000000001)
(-0.5 0.065 0.5700000000000001)
(-0.45 0.065 0.5700000000000001)
(-0.4 0.065 0.5700000000000001)
(-0.35 0.06500000000000002 0.5700000000000001)
(-0.3 0.065 0.5700000000000001)
(-0.25 0.065 0.5700000000000001)
(-0.2 0.065 0.57)
(-0.15 0.06500000000000002 0.5700000000000001)
(-0.1000000000000001 0.06499999999999999 0.5700000000000001)
(-0.05000000000000008 0.06500000000000002 0.5700000000000001)
(0 0.065 0.5700000000000001)
(0.05000000000000011 0.065 0.5700000000000001)
(0.1000000000000001 0.065 0.5700000000000001)
(0.1499999999999999 0.065 0.5700000000000001)
(0.2 0.065 0.57)
(0.25 0.065 0.5700000000000001)
(0.3000000000000001 0.06499999999999999 0.5700000000000001)
(0.3500000000000001 0.06500000000000002 0.5700000000000001)
(0.3999999999999999 0.065 0.5700000000000001)
(0.45 0.065 0.5700000000000001)
(0.5 0.065 0.57)
(0.55 0.065 0.5700000000000001)
(0.6 0.06500000000000002 0.57)
(0.65 0.065 0.5700000000000001)
(0.7000000000000001 0.065 0.5700000000000001)
(0.75 0.065 0.57)
(0.8 0.065 0.5700000000000001)
(0.85 0.065 0.5700000000000001)
(0.9 0.06499999999999999 0.5700000000000001)
(0.9500000000000001 0.065 0.5700000000000001)
(1 0.065 0.5700000000000001)
(-1 0.07000000000000001 0.5700000000000001)
(-0.9500000000000001 0.07000000000000001 0.5700000000000001)
(-0.9 0.07000000000000001 0.5700000000000001)
(-0.85 0.07000000000000001 0.5700000000000001)
(-0.8 0.06999999999999999 0.5700000000000001)
(-0.75 0.07000000000000001 0.5700000000000001)
(-0.7000000000000001 0.07000000000000001 0.57)
(-0.65 0.07000000000000001 0.5700000000000001)
(-0.6 0.07000000000000001 0.57)
(-0.55 0.06999999999999999 0.5700000000000001)
(-0.5 0.07000000000000001 0.57)
(-0.45 0.07000000000000001 0.5700000000000001)
(-0.4 0.07000000000000001 0.5700000000000001)
(-0.35 0.07000000000000001 0.5700000000000001)
(-0.3 0.06999999999999999 0.5700000000000001)
(-0.2500000000000001 0.07000000000000001 0.5700000000000001)
(-0.2 0.07000000000000001 0.5700000000000001)
(-0.15 0.07000000000000001 0.5700000000000001)
(-0.1000000000000001 0.07000000000000001 0.5699999999999998)
(-0.05000000000000003 0.07000000000000001 0.57)
(0 0.07000000000000001 0.57)
(0.05000000000000003 0.07000000000000001 0.57)
(0.1000000000000001 0.06999999999999999 0.5700000000000001)
(0.1499999999999999 0.07000000000000001 0.5700000000000001)
(0.2 0.07000000000000001 0.5700000000000001)
(0.25 0.07000000000000001 0.5700000000000001)
(0.3 0.07000000000000001 0.5700000000000001)
(0.3500000000000001 0.06999999999999999 0.5700000000000001)
(0.4 0.07000000000000001 0.5700000000000001)
(0.45 0.07000000000000001 0.5700000000000001)
(0.5 0.07000000000000001 0.57)
(0.55 0.07000000000000001 0.57)
(0.6 0.07000000000000001 0.57)
(0.65 0.07000000000000001 0.5700000000000001)
(0.6999999999999998 0.07000000000000001 0.5700000000000001)
(0.75 0.07000000000000001 0.5700000000000001)
(0.8 0.06999999999999999 0.5700000000000001)
(0.85 0.07000000000000001 0.5700000000000001)
(0.9 0.07000000000000001 0.5700000000000001)
(0.9500000000000001 0.06999999999999999 0.57)
(1 0.07000000000000001 0.5700000000000001)
(-1 0.075 0.5700000000000001)
(-0.9500000000000001 0.075 0.57)
(-0.9 0.075 0.5700000000000001)
(-0.85 0.07500000000000001 0.5700000000000002)
(-0.8 0.075 0.5700000000000001)
(-0.75 0.075 0.5700000000000001)
(-0.7000000000000001 0.075 0.5700000000000001)
(-0.65 0.075 0.5700000000000001)
(-0.6 0.07500000000000001 0.5700000000000001)
(-0.55 0.075 0.5700000000000001)
(-0.5 0.075 0.5700000000000001)
(-0.45 0.075 0.5700000000000001)
(-0.4 0.075 0.5700000000000001)
(-0.3500000000000001 0.075 0.5700000000000002)
(-0.3 0.075 0.5700000000000001)
(-0.25 0.075 0.5700000000000001)
(-0.2 0.075 0.5700000000000001)
(-0.15 0.075 0.5699999999999998)
(-0.1 0.075 0.5700000000000001)
(-0.05000000000000004 0.075 0.5700000000000001)
(0 0.075 0.5700000000000001)
(0.05000000000000003 0.075 0.5700000000000001)
(0.1000000000000001 0.075 0.5700000000000001)
(0.1499999999999999 0.075 0.5699999999999998)
(0.2 0.075 0.5700000000000001)
(0.25 0.075 0.5700000000000001)
(0.3000000000000001 0.075 0.57)
(0.3500000000000001 0.075 0.5700000000000001)
(0.3999999999999999 0.075 0.57)
(0.45 0.075 0.5700000000000001)
(0.5 0.075 0.5700000000000001)
(0.55 0.075 0.5700000000000001)
(0.6 0.075 0.5700000000000001)
(0.65 0.075 0.5700000000000001)
(0.7000000000000001 0.075 0.5700000000000001)
(0.75 0.075 0.5700000000000001)
(0.8 0.075 0.57)
(0.85 0.07500000000000001 0.5700000000000001)
(0.9 0.075 0.5700000000000001)
(0.9500000000000001 0.075 0.5700000000000001)
(1 0.075 0.5700000000000001)
(-1 0.08 0.5700000000000001)
(-0.9500000000000001 0.08 0.5700000000000001)
(-0.9 0.08 0.5700000000000001)
(-0.85 0.08 0.5700000000000001)
(-0.8 0.08 0.5700000000000001)
(-0.75 0.08 0.5700000000000001)
(-0.7000000000000001 0.08 0.5700000000000001)
(-0.65 0.08 0.5700000000000001)
(-0.6 0.08000000000000002 0.5700000000000001)
(-0.55 0.08 0.5700000000000001)
(-0.5 0.08 0.5700000000000001)
(-0.45 0.08 0.5700000000000001)
(-0.4 0.08 0.5700000000000001)
(-0.35 0.08 0.5700000000000001)
(-0.3 0.08 0.5700000000000001)
(-0.25 0.08 0.5700000000000001)
(-0.1999999999999999 0.08 0.5700000000000001)
(-0.15 0.08 0.57)
(-0.1 0.08 0.5700000000000001)
(-0.05000000000000004 0.08 0.57)
(0 0.08 0.5700000000000001)
(0.05000000000000004 0.08 0.5700000000000001)
(0.1000000000000001 0.08 0.5700000000000001)
(0.1499999999999999 0.08 0.5700000000000001)
(0.1999999999999999 0.07999999999999999 0.5700000000000001)
(0.25 0.08 0.5700000000000001)
(0.3 0.08 0.5700000000000001)
(0.35 0.08 0.5700000000000001)
(0.3999999999999999 0.08 0.5700000000000001)
(0.45 0.08 0.57)
(0.5 0.08 0.5700000000000001)
(0.55 0.08000000000000002 0.5700000000000001)
(0.6 0.08 0.5700000000000001)
(0.65 0.08 0.5700000000000001)
(0.7000000000000001 0.08 0.5700000000000001)
(0.75 0.08000000000000002 0.5700000000000001)
(0.8 0.08000000000000002 0.5700000000000001)
(0.85 0.08 0.57)
(0.9 0.08 0.5700000000000001)
(0.9500000000000001 0.08 0.5700000000000001)
(1 0.08 0.5700000000000001)
(-1 0.08500000000000001 0.5700000000000001)
(-0.9500000000000001 0.08500000000000001 0.5700000000000001)
(-0.9 0.08499999999999998 0.5700000000000001)
(-0.85 0.08500000000000001 0.5700000000000001)
(-0.8 0.08500000000000001 0.5700000000000001)
(-0.75 0.08500000000000001 0.5700000000000001)
(-0.7000000000000001 0.08500000000000001 0.5700000000000001)
(-0.65 0.08500000000000001 0.5700000000000001)
(-0.6000000000000001 0.08500000000000001 0.5700000000000001)
(-0.55 0.08500000000000001 0.5700000000000001)
(-0.5 0.08500000000000001 0.5700000000000001)
(-0.45 0.08500000000000001 0.5700000000000001)
(-0.4 0.08500000000000001 0.5700000000000001)
(-0.35 0.08500000000000001 0.5700000000000001)
(-0.3 0.08500000000000001 0.5700000000000001)
(-0.2500000000000001 0.08500000000000001 0.5700000000000001)
(-0.2 0.08500000000000001 0.5700000000000001)
(-0.15 0.08500000000000001 0.5700000000000001)
(-0.1 0.08500000000000001 0.5700000000000001)
(-0.05000000000000003 0.08500000000000001 0.5700000000000001)
(0 0.08500000000000001 0.5700000000000001)
(0.05 0.08500000000000001 0.57)
(0.1000000000000001 0.08500000000000001 0.5700000000000001)
(0.1499999999999999 0.08500000000000001 0.5700000000000001)
(0.2 0.08500000000000001 0.57)
(0.25 0.08500000000000001 0.5700000000000001)
(0.3 0.08500000000000001 0.5700000000000001)
(0.35 0.08500000000000001 0.5700000000000001)
(0.4 0.08500000000000001 0.57)
(0.45 0.08500000000000001 0.57)
(0.5 0.08499999999999998 0.5700000000000001)
(0.55 0.08500000000000001 0.5700000000000001)
(0.6 0.08500000000000001 0.5700000000000001)
(0.65 0.08500000000000001 0.5700000000000001)
(0.7000000000000001 0.08500000000000001 0.5700000000000001)
(0.75 0.08500000000000001 0.5700000000000001)
(0.8 0.08500000000000001 0.5700000000000001)
(0.85 0.08499999999999998 0.57)
(0.9 0.08500000000000001 0.5700000000000001)
(0.9500000000000001 0.08500000000000001 0.5700000000000001)
(1 0.08500000000000001 0.5700000000000001)
(-1 0.09 0.5700000000000001)
(-0.9500000000000001 0.09 0.5700000000000001)
(-0.9 0.09 0.5700000000000001)
(-0.85 0.09 0.57)
(-0.8 0.09 0.5700000000000001)
(-0.75 0.09 0.5700000000000001)
(-0.7000000000000001 0.09 0.5700000000000001)
(-0.65 0.09 0.5700000000000001)
(-0.6 0.09 0.5700000000000001)
(-0.55 0.09 0.57)
(-0.5 0.09 0.5700000000000001)
(-0.45 0.09 0.5700000000000001)
(-0.4 0.09 0.5700000000000001)
(-0.35 0.09 0.5700000000000001)
(-0.3 0.09 0.5700000000000001)
(-0.25 0.09 0.57)
(-0.2 0.09000000000000002 0.5700000000000001)
(-0.1499999999999999 0.09 0.5700000000000001)
(-0.1 0.09 0.5700000000000001)
(-0.05000000000000003 0.09 0.57)
(0 0.09 0.5700000000000001)
(0.05 0.09 0.5700000000000001)
(0.1000000000000002 0.09 0.5700000000000001)
(0.1499999999999999 0.09 0.5700000000000001)
(0.2 0.09000000000000002 0.5700000000000001)
(0.25 0.09 0.5700000000000001)
(0.3 0.09 0.5700000000000001)
(0.3500000000000001 0.09 0.5700000000000001)
(0.4 0.08999999999999998 0.57)
(0.45 0.09 0.5700000000000001)
(0.5 0.09000000000000002 0.57)
(0.55 0.09 0.5700000000000001)
(0.6 0.09000000000000002 0.5700000000000001)
(0.65 0.09000000000000002 0.5700000000000001)
(0.7000000000000001 0.09 0.5700000000000001)
(0.75 0.08999999999999998 0.57)
(0.8 0.09 0.57)
(0.85 0.09 0.57)
(0.9 0.09000000000000002 0.57)
(0.9500000000000001 0.09 0.5700000000000001)
(1 0.09 0.5700000000000001)
(-1 0.095 0.5700000000000001)
(-0.9500000000000001 0.095 0.5700000000000001)
(-0.9 0.095 0.5700000000000001)
(-0.85 0.09499999999999999 0.5700000000000001)
(-0.8 0.095 0.5700000000000001)
(-0.75 0.095 0.5700000000000001)
(-0.7000000000000001 0.095 0.5700000000000001)
(-0.65 0.095 0.5700000000000001)
(-0.6 0.095 0.5700000000000001)
(-0.55 0.095 0.57)
(-0.5 0.095 0.5700000000000001)
(-0.45 0.095 0.5700000000000001)
(-0.3999999999999999 0.095 0.5700000000000001)
(-0.3500000000000001 0.095 0.5700000000000001)
(-0.3 0.095 0.5700000000000001)
(-0.25 0.095 0.5700000000000001)
(-0.2 0.095 0.5700000000000002)
(-0.15 0.095 0.57)
(-0.1 0.095 0.57)
(-0.05000000000000003 0.095 0.5700000000000001)
(0 0.09500000000000001 0.57)
(0.05000000000000003 0.09500000000000001 0.5700000000000001)
(0.1000000000000001 0.095 0.5700000000000001)
(0.1499999999999999 0.095 0.5700000000000001)
(0.2 0.095 0.5700000000000001)
(0.25 0.095 0.5700000000000001)
(0.3 0.09499999999999999 0.5700000000000001)
(0.35 0.095 0.5700000000000001)
(0.3999999999999999 0.09500000000000001 0.5700000000000001)
(0.45 0.095 0.5700000000000001)
(0.5 0.095 0.57)
(0.55 0.095 0.5700000000000001)
(0.6 0.095 0.57)
(0.6500000000000001 0.095 0.5700000000000001)
(0.7000000000000001 0.095 0.5700000000000001)
(0.75 0.095 0.5700000000000001)
(0.8 0.095 0.57)
(0.85 0.095 0.5700000000000001)
(0.9 0.095 0.5700000000000001)
(0.9500000000000001 0.095 0.57)
(1 0.095 0.5700000000000001)
(-1 0.1 0.5700000000000001)
(-0.9500000000000001 0.1 0.5700000000000001)
(-0.9 0.1 0.5700000000000001)
(-0.85 0.1 0.5700000000000001)
(-0.8 0.1 0.5700000000000001)
(-0.75 0.1 0.5700000000000001)
(-0.7000000000000001 0.1 0.5700000000000001)
(-0.65 0.1 0.5700000000000001)
(-0.6 0.1 0.5700000000000001)
(-0.55 0.1 0.5700000000000001)
(-0.5 0.1 0.5700000000000001)
(-0.45 0.1 0.5700000000000001)
(-0.4 0.1 0.5700000000000001)
(-0.35 0.1 0.5700000000000001)
(-0.3 0.1 0.5700000000000001)
(-0.25 0.1 0.5700000000000001)
(-0.2 0.1 0.5700000000000001)
(-0.1499999999999999 0.1 0.5700000000000001)
(-0.1000000000000001 0.1 0.5700000000000001)
(-0.05 0.1 0.5700000000000001)
(0 0.1 0.5700000000000001)
(0.05 0.1 0.5700000000000001)
(0.1000000000000001 0.1 0.5700000000000001)
(0.1499999999999999 0.1 0.5700000000000001)
(0.2 0.1 0.5700000000000001)
(0.25 0.1 0.5700000000000001)
(0.3 0.1 0.5700000000000001)
(0.35 0.1 0.5700000000000001)
(0.4 0.1 0.5700000000000001)
(0.45 0.1 0.5700000000000001)
(0.5 0.1 0.5700000000000001)
(0.55 0.1 0.5700000000000001)
(0.6 0.1 0.5700000000000001)
(0.65 0.1 0.5700000000000001)
(0.7000000000000001 0.1 0.5700000000000001)
(0.75 0.1 0.5700000000000001)
(0.8 0.1 0.5700000000000001)
(0.85 0.1 0.5700000000000001)
(0.9 0.1 0.5700000000000001)
(0.9500000000000001 0.1 0.5700000000000001)
(1 0.1 0.5700000000000001)
(-1 0 0.6)
(-0.9500000000000001 0 0.6)
(-0.9 0 0.6)
(-0.85 0 0.6)
(-0.8 0 0.6)
(-0.75 0 0.6)
(-0.7000000000000001 0 0.6)
(-0.65 0 0.6)
(-0.6 0 0.6)
(-0.55 0 0.6)
(-0.5 0 0.6)
(-0.45 0 0.6)
(-0.4 0 0.6)
(-0.35 0 0.6)
(-0.3 0 0.6)
(-0.25 0 0.6)
(-0.2 0 0.6)
(-0.1499999999999999 0 0.6)
(-0.1000000000000001 0 0.6)
(-0.05 0 0.6)
(0 0 0.6)
(0.05 0 0.6)
(0.1000000000000002 0 0.6)
(0.1499999999999999 0 0.6)
(0.2 0 0.6)
(0.25 0 0.6)
(0.3 0 0.6)
(0.35 0 0.6)
(0.4 0 0.6)
(0.45 0 0.6)
(0.5 0 0.6)
(0.55 0 0.6)
(0.6 0 0.6)
(0.65 0 0.6)
(0.7000000000000001 0 0.6)
(0.75 0 0.6)
(0.8 0 0.6)
(0.85 0 0.6)
(0.9 0 0.6)
(0.9500000000000001 0 0.6)
(1 0 0.6)
(-1 0.005 0.6)
(-0.9500000000000001 0.005 0.6)
(-0.9 0.005 0.6)
(-0.85 0.005000000000000001 0.6)
(-0.8 0.005 0.6)
(-0.75 0.005 0.6)
(-0.7000000000000001 0.005 0.6)
(-0.65 0.005 0.6)
(-0.6 0.005000000000000001 0.6)
(-0.55 0.005000000000000001 0.6)
(-0.5 0.005 0.6)
(-0.45 0.005 0.6)
(-0.4 0.004999999999999998 0.6)
(-0.35 0.005 0.6)
(-0.3 0.005 0.6)
(-0.25 0.005 0.6)
(-0.2 0.005 0.6)
(-0.1499999999999999 0.005 0.6)
(-0.09999999999999998 0.005000000000000001 0.6)
(-0.05 0.005 0.6)
(0 0.005 0.6)
(0.05 0.005 0.6)
(0.1000000000000001 0.005000000000000001 0.6)
(0.1499999999999999 0.005000000000000001 0.6)
(0.2 0.005 0.6)
(0.25 0.005 0.6)
(0.3 0.005000000000000001 0.6)
(0.3500000000000001 0.005000000000000001 0.6)
(0.3999999999999999 0.005 0.6)
(0.45 0.005 0.6)
(0.5 0.005 0.6)
(0.55 0.005000000000000001 0.6)
(0.6 0.005 0.6)
(0.65 0.005 0.6)
(0.7000000000000001 0.005 0.6)
(0.75 0.005 0.6)
(0.8 0.005000000000000001 0.6)
(0.85 0.005 0.6)
(0.9 0.005 0.6)
(0.9500000000000001 0.005 0.6)
(1 0.005 0.6)
(-1 0.01 0.6)
(-0.9500000000000001 0.01 0.6)
(-0.9 0.01 0.6)
(-0.85 0.01 0.6)
(-0.8 0.01 0.6)
(-0.75 0.01 0.6)
(-0.7000000000000001 0.01 0.6)
(-0.65 0.01 0.6)
(-0.6 0.01 0.6)
(-0.55 0.01 0.6)
(-0.5 0.01 0.6)
(-0.45 0.01 0.6)
(-0.4 0.01 0.6)
(-0.35 0.01 0.6)
(-0.3 0.009999999999999998 0.6)
(-0.25 0.01 0.6)
(-0.2 0.01 0.6)
(-0.15 0.01 0.6)
(-0.1 0.01 0.6)
(-0.05 0.01 0.6)
(0 0.01 0.6)
(0.05 0.01 0.6)
(0.1000000000000001 0.01 0.6)
(0.1499999999999999 0.01 0.6)
(0.2 0.009999999999999998 0.6)
(0.25 0.01 0.6)
(0.3 0.01 0.6)
(0.35 0.01 0.6)
(0.4 0.01 0.6)
(0.45 0.01 0.6)
(0.5 0.01 0.6)
(0.55 0.01 0.6)
(0.6 0.01 0.6)
(0.65 0.01 0.6)
(0.7000000000000001 0.01 0.6)
(0.75 0.01 0.6)
(0.8 0.01 0.6)
(0.85 0.01 0.6)
(0.9 0.01 0.6)
(0.9500000000000001 0.01 0.6)
(1 0.01 0.6)
(-1 0.015 0.6)
(-0.9500000000000001 0.015 0.6)
(-0.9 0.015 0.6)
(-0.85 0.015 0.6)
(-0.8 0.015 0.6)
(-0.75 0.015 0.6)
(-0.7000000000000001 0.015 0.6)
(-0.65 0.015 0.6)
(-0.6 0.015 0.6)
(-0.55 0.015 0.6)
(-0.5 0.015 0.6)
(-0.45 0.015 0.6)
(-0.4 0.015 0.6)
(-0.35 0.015 0.6)
(-0.3 0.015 0.6)
(-0.25 0.015 0.6)
(-0.2 0.015 0.6)
(-0.15 0.015 0.6)
(-0.1 0.015 0.6)
(-0.05 0.015 0.6)
(0 0.015 0.6)
(0.05 0.015 0.6)
(0.1000000000000001 0.015 0.6)
(0.1499999999999999 0.015 0.6)
(0.2 0.015 0.6)
(0.25 0.015 0.6)
(0.3 0.015 0.6)
(0.35 0.015 0.6)
(0.4 0.015 0.6)
(0.45 0.015 0.6)
(0.5 0.015 0.6)
(0.55 0.015 0.6)
(0.6 0.015 0.6)
(0.65 0.015 0.6)
(0.7000000000000001 0.015 0.6)
(0.75 0.015 0.6)
(0.8 0.015 0.6)
(0.85 0.015 0.6)
(0.9 0.015 0.6)
(0.9500000000000001 0.015 0.6)
(1 0.015 0.6)
(-1 0.02 0.6)
(-0.9500000000000001 0.02 0.6)
(-0.9 0.02 0.6)
(-0.85 0.02 0.6)
(-0.8 0.02 0.6)
(-0.75 0.02 0.6)
(-0.7000000000000001 0.02 0.6)
(-0.65 0.02 0.6)
(-0.6 0.02 0.6)
(-0.5499999999999999 0.02 0.6)
(-0.5 0.02 0.6)
(-0.45 0.02 0.6)
(-0.4 0.02 0.6)
(-0.35 0.02 0.6)
(-0.3 0.02 0.6)
(-0.25 0.02 0.6)
(-0.2 0.02 0.6)
(-0.1499999999999999 0.02 0.6)
(-0.09999999999999998 0.02 0.6)
(-0.05000000000000003 0.02 0.6)
(0 0.02 0.6)
(0.05000000000000003 0.02 0.6)
(0.1000000000000001 0.02 0.6)
(0.1499999999999999 0.02 0.6)
(0.2 0.02 0.6)
(0.25 0.02 0.6)
(0.3 0.02 0.6)
(0.35 0.02 0.6)
(0.4 0.02 0.6)
(0.45 0.02 0.6)
(0.5 0.02 0.6)
(0.55 0.02 0.6)
(0.6 0.02 0.6)
(0.65 0.02 0.6)
(0.7000000000000001 0.02 0.6)
(0.75 0.02 0.6)
(0.8 0.02 0.6)
(0.85 0.02 0.6)
(0.9 0.02 0.6)
(0.9500000000000001 0.02 0.6)
(1 0.02 0.6)
(-1 0.025 0.6)
(-0.9500000000000001 0.025 0.6)
(-0.9 0.025 0.6)
(-0.85 0.025 0.6)
(-0.8 0.025 0.6)
(-0.75 0.025 0.6)
(-0.7000000000000001 0.025 0.6)
(-0.65 0.025 0.6)
(-0.6 0.025 0.6)
(-0.55 0.025 0.6)
(-0.5 0.025 0.6)
(-0.45 0.025 0.6)
(-0.4 0.025 0.6)
(-0.35 0.025 0.6)
(-0.3 0.025 0.6)
(-0.25 0.025 0.6)
(-0.2 0.025 0.6)
(-0.15 0.025 0.6)
(-0.1 0.025 0.6)
(-0.05000000000000004 0.025 0.6)
(0 0.025 0.6)
(0.05000000000000004 0.025 0.6)
(0.1000000000000001 0.025 0.6)
(0.1499999999999999 0.025 0.6)
(0.2 0.025 0.6)
(0.25 0.025 0.6)
(0.3 0.025 0.6)
(0.35 0.025 0.6)
(0.4 0.025 0.6)
(0.45 0.025 0.6)
(0.5 0.025 0.6)
(0.55 0.025 0.6)
(0.6 0.025 0.6)
(0.65 0.025 0.6)
(0.7000000000000001 0.025 0.6)
(0.75 0.025 0.6)
(0.8 0.025 0.6)
(0.85 0.025 0.6)
(0.9 0.025 0.6)
(0.9500000000000001 0.025 0.6)
(1 0.025 0.6)
(-1 0.03 0.6)
(-0.9500000000000001 0.03 0.6)
(-0.9 0.03 0.6)
(-0.85 0.03 0.6)
(-0.8 0.03000000000000001 0.6)
(-0.75 0.03 0.6)
(-0.7000000000000001 0.03 0.6)
(-0.65 0.03000000000000001 0.6)
(-0.6 0.03 0.6)
(-0.55 0.03 0.6)
(-0.5 0.03 0.6)
(-0.45 0.03 0.6)
(-0.4 0.03 0.6)
(-0.35 0.03000000000000001 0.6)
(-0.3 0.03 0.6)
(-0.25 0.03 0.6)
(-0.2 0.03 0.6)
(-0.15 0.03 0.6)
(-0.1 0.03000000000000001 0.6)
(-0.05000000000000003 0.03 0.6)
(0 0.03 0.6)
(0.05000000000000003 0.03 0.6)
(0.1000000000000001 0.03 0.6)
(0.1499999999999999 0.03 0.6)
(0.2 0.03 0.6)
(0.25 0.03 0.6)
(0.2999999999999999 0.03 0.6)
(0.35 0.03 0.6)
(0.4 0.03 0.6)
(0.45 0.03 0.6)
(0.5 0.03 0.6)
(0.55 0.03 0.6)
(0.6 0.03 0.6)
(0.65 0.03 0.6)
(0.7000000000000001 0.03 0.6)
(0.75 0.03 0.6)
(0.8 0.03 0.6)
(0.85 0.03 0.6)
(0.9 0.03000000000000001 0.6)
(0.9500000000000001 0.03 0.6)
(1 0.03 0.6)
(-1 0.035 0.6)
(-0.9500000000000001 0.035 0.6)
(-0.9 0.035 0.6)
(-0.85 0.035 0.6)
(-0.8 0.03499999999999999 0.6)
(-0.75 0.035 0.6)
(-0.7000000000000001 0.035 0.6)
(-0.65 0.035 0.6)
(-0.6 0.035 0.6)
(-0.55 0.035 0.6)
(-0.5 0.035 0.6)
(-0.45 0.035 0.6)
(-0.4 0.035 0.6)
(-0.35 0.035 0.6)
(-0.3 0.035 0.6)
(-0.25 0.035 0.6)
(-0.2 0.035 0.6)
(-0.15 0.035 0.6)
(-0.1 0.035 0.6000000000000001)
(-0.05000000000000004 0.035 0.6)
(0 0.035 0.6)
(0.05000000000000004 0.035 0.6)
(0.1000000000000002 0.035 0.6)
(0.1499999999999999 0.035 0.6)
(0.2 0.035 0.6)
(0.25 0.035 0.6)
(0.3 0.035 0.6)
(0.35 0.035 0.6)
(0.4 0.035 0.6)
(0.45 0.035 0.6)
(0.5 0.035 0.6)
(0.55 0.035 0.6)
(0.6 0.035 0.6)
(0.65 0.035 0.6)
(0.7000000000000001 0.035 0.6)
(0.75 0.035 0.6)
(0.8 0.035 0.6)
(0.85 0.035 0.6)
(0.9 0.035 0.6)
(0.9500000000000001 0.035 0.6)
(1 0.035 0.6)
(-1 0.04 0.6)
(-0.9500000000000001 0.04 0.6)
(-0.9 0.04 0.6)
(-0.85 0.04 0.6)
(-0.8 0.04 0.6)
(-0.75 0.04 0.6)
(-0.7000000000000001 0.04 0.6)
(-0.65 0.04 0.6)
(-0.6 0.04000000000000001 0.6)
(-0.55 0.04000000000000001 0.6)
(-0.5 0.04 0.6)
(-0.45 0.04 0.6)
(-0.4 0.03999999999999999 0.6)
(-0.35 0.04 0.6)
(-0.3 0.04 0.6)
(-0.25 0.04 0.6)
(-0.2 0.04 0.6)
(-0.1499999999999999 0.04 0.6)
(-0.09999999999999995 0.04 0.6)
(-0.05000000000000003 0.04 0.6)
(0 0.04 0.6)
(0.05000000000000003 0.04 0.6)
(0.1000000000000001 0.04 0.6)
(0.1499999999999999 0.04000000000000001 0.6)
(0.2 0.04 0.6)
(0.25 0.04 0.6)
(0.3 0.04 0.6)
(0.35 0.04 0.6)
(0.4 0.04000000000000001 0.6)
(0.45 0.04 0.6)
(0.5 0.04 0.6)
(0.55 0.04000000000000001 0.6)
(0.6 0.04 0.6)
(0.65 0.04 0.6)
(0.7000000000000001 0.04 0.6)
(0.75 0.04 0.6)
(0.8 0.04000000000000001 0.6)
(0.85 0.04 0.6)
(0.9 0.04 0.6)
(0.9500000000000001 0.04 0.6)
(1 0.04 0.6)
(-1 0.045 0.6)
(-0.9500000000000001 0.045 0.6)
(-0.9 0.04499999999999999 0.6)
(-0.85 0.04500000000000001 0.6)
(-0.8 0.045 0.6)
(-0.75 0.045 0.6)
(-0.7000000000000001 0.045 0.6)
(-0.65 0.045 0.6)
(-0.6 0.04500000000000001 0.6)
(-0.55 0.045 0.6)
(-0.5 0.045 0.6)
(-0.45 0.045 0.6)
(-0.4 0.045 0.6)
(-0.35 0.04500000000000001 0.6)
(-0.3000000000000001 0.045 0.6)
(-0.25 0.045 0.6)
(-0.2 0.04500000000000001 0.6)
(-0.1499999999999999 0.045 0.6)
(-0.1 0.04500000000000001 0.6)
(-0.05000000000000007 0.045 0.6)
(0 0.045 0.6)
(0.05000000000000007 0.045 0.6)
(0.1000000000000001 0.045 0.6)
(0.1499999999999999 0.045 0.6)
(0.2 0.04500000000000001 0.6)
(0.25 0.045 0.6)
(0.3000000000000001 0.04500000000000001 0.6)
(0.35 0.045 0.6)
(0.4 0.04500000000000001 0.6)
(0.45 0.045 0.6)
(0.5 0.045 0.6)
(0.55 0.045 0.6)
(0.6 0.045 0.6)
(0.65 0.04499999999999999 0.6)
(0.7000000000000001 0.045 0.6)
(0.75 0.045 0.6)
(0.8 0.045 0.6)
(0.85 0.045 0.6)
(0.9 0.045 0.6)
(0.9500000000000001 0.045 0.6)
(1 0.045 0.6)
(-1 0.05 0.6)
(-0.9500000000000001 0.05 0.6)
(-0.9 0.05 0.6)
(-0.85 0.05 0.6)
(-0.8 0.05 0.6)
(-0.75 0.05 0.6)
(-0.7000000000000001 0.05 0.6)
(-0.65 0.05 0.6)
(-0.6 0.05 0.6)
(-0.55 0.05 0.6)
(-0.5 0.05 0.6)
(-0.45 0.05 0.6)
(-0.4 0.05 0.6)
(-0.35 0.05 0.6)
(-0.3 0.05 0.6)
(-0.25 0.05 0.6)
(-0.2 0.05 0.6)
(-0.1499999999999999 0.05 0.6)
(-0.1 0.05 0.6)
(-0.05 0.05 0.6)
(0 0.05 0.6)
(0.05 0.05 0.6)
(0.1000000000000002 0.05 0.6)
(0.1499999999999999 0.05 0.6)
(0.2 0.05 0.6)
(0.25 0.05 0.6)
(0.3 0.05 0.6)
(0.35 0.05 0.6)
(0.4 0.05 0.6)
(0.45 0.05 0.6)
(0.5 0.05 0.6)
(0.55 0.05 0.6)
(0.6 0.05 0.6)
(0.65 0.05 0.6)
(0.7000000000000001 0.05 0.6)
(0.75 0.05 0.6)
(0.8 0.05 0.6)
(0.85 0.05 0.6)
(0.9 0.05 0.6)
(0.9500000000000001 0.05 0.6)
(1 0.05 0.6)
(-1 0.055 0.6)
(-0.9500000000000001 0.055 0.6)
(-0.9 0.055 0.6)
(-0.85 0.055 0.6)
(-0.8 0.055 0.6)
(-0.75 0.055 0.6)
(-0.7000000000000001 0.055 0.6)
(-0.65 0.055 0.6)
(-0.6 0.055 0.6)
(-0.55 0.055 0.6)
(-0.5 0.055 0.6)
(-0.45 0.055 0.6)
(-0.4 0.055 0.6)
(-0.35 0.055 0.6)
(-0.3 0.055 0.6)
(-0.25 0.055 0.6)
(-0.2 0.055 0.6)
(-0.15 0.055 0.6)
(-0.1 0.055 0.6)
(-0.05000000000000004 0.055 0.6)
(0 0.055 0.6)
(0.05000000000000004 0.055 0.6)
(0.1000000000000001 0.055 0.6)
(0.1499999999999999 0.05500000000000001 0.6)
(0.2 0.055 0.6)
(0.25 0.055 0.6)
(0.3 0.055 0.6)
(0.35 0.055 0.6)
(0.4 0.055 0.6)
(0.45 0.055 0.6)
(0.5 0.055 0.6)
(0.55 0.055 0.6)
(0.6 0.055 0.6)
(0.65 0.055 0.6)
(0.7000000000000001 0.055 0.6)
(0.75 0.055 0.6)
(0.8 0.055 0.6)
(0.85 0.055 0.6)
(0.9 0.055 0.6)
(0.9500000000000001 0.055 0.6)
(1 0.055 0.6)
(-1 0.06 0.6)
(-0.9500000000000001 0.06 0.6)
(-0.9 0.06 0.6)
(-0.85 0.06 0.6)
(-0.8 0.06 0.6)
(-0.75 0.06 0.6)
(-0.7000000000000001 0.06 0.6)
(-0.65 0.06 0.6)
(-0.6 0.06 0.6)
(-0.55 0.06 0.6)
(-0.5 0.06 0.6)
(-0.45 0.06 0.6)
(-0.4 0.06 0.6)
(-0.35 0.06000000000000001 0.6)
(-0.3 0.06 0.6)
(-0.25 0.06 0.6)
(-0.2 0.06 0.6)
(-0.1499999999999999 0.06 0.6)
(-0.09999999999999998 0.06000000000000001 0.6000000000000002)
(-0.05000000000000003 0.06 0.6)
(0 0.06 0.6)
(0.05000000000000001 0.06 0.6)
(0.1000000000000001 0.06 0.6)
(0.1499999999999999 0.06 0.6)
(0.2 0.06 0.6)
(0.25 0.06 0.6)
(0.3 0.06 0.6)
(0.35 0.06 0.6)
(0.4 0.06 0.6)
(0.45 0.06 0.6)
(0.5 0.06 0.6)
(0.55 0.06 0.6)
(0.6 0.06 0.6)
(0.65 0.06 0.6)
(0.7000000000000001 0.06 0.6)
(0.75 0.06 0.6)
(0.8 0.06 0.6)
(0.85 0.06 0.6)
(0.9 0.06 0.6)
(0.9500000000000001 0.06 0.6)
(1 0.06 0.6)
(-1 0.065 0.6)
(-0.9500000000000001 0.065 0.6)
(-0.9 0.065 0.6)
(-0.85 0.065 0.6)
(-0.8 0.065 0.6)
(-0.75 0.065 0.6)
(-0.7000000000000001 0.065 0.6)
(-0.65 0.065 0.6)
(-0.6 0.065 0.6)
(-0.55 0.065 0.6)
(-0.5 0.065 0.6)
(-0.45 0.065 0.6)
(-0.4 0.065 0.6)
(-0.35 0.065 0.6)
(-0.3 0.065 0.6)
(-0.25 0.065 0.6)
(-0.2 0.065 0.6)
(-0.1499999999999999 0.065 0.6)
(-0.1 0.06500000000000002 0.6)
(-0.05000000000000004 0.065 0.6)
(0 0.065 0.6)
(0.05000000000000007 0.065 0.6)
(0.1000000000000001 0.065 0.6)
(0.1499999999999999 0.065 0.6)
(0.2 0.065 0.6)
(0.25 0.065 0.6)
(0.3 0.065 0.6)
(0.35 0.065 0.6)
(0.4 0.065 0.6)
(0.45 0.065 0.6)
(0.5 0.065 0.6)
(0.55 0.065 0.6)
(0.6 0.065 0.6)
(0.65 0.065 0.6)
(0.7000000000000001 0.065 0.6)
(0.75 0.065 0.6)
(0.8 0.065 0.6)
(0.85 0.06500000000000002 0.6)
(0.9 0.06499999999999999 0.6)
(0.9500000000000001 0.065 0.6)
(1 0.065 0.6)
(-1 0.07000000000000001 0.6)
(-0.9500000000000001 0.07000000000000001 0.6)
(-0.9 0.07000000000000001 0.6)
(-0.85 0.07000000000000001 0.6)
(-0.8 0.06999999999999999 0.6)
(-0.75 0.07000000000000001 0.6)
(-0.7000000000000001 0.07000000000000001 0.6)
(-0.65 0.07000000000000001 0.6)
(-0.6 0.07000000000000001 0.6)
(-0.55 0.07000000000000001 0.6)
(-0.5 0.07000000000000001 0.6)
(-0.45 0.07000000000000001 0.6)
(-0.4 0.07000000000000001 0.6)
(-0.35 0.07000000000000001 0.6)
(-0.3 0.07000000000000001 0.6)
(-0.25 0.07000000000000001 0.6)
(-0.2 0.07000000000000001 0.6)
(-0.15 0.07000000000000001 0.6)
(-0.09999999999999998 0.07000000000000001 0.6)
(-0.05000000000000003 0.07000000000000001 0.6)
(0 0.07000000000000001 0.6)
(0.05000000000000003 0.07000000000000001 0.6)
(0.1000000000000001 0.07000000000000001 0.6)
(0.1499999999999999 0.07000000000000001 0.6)
(0.2 0.07000000000000001 0.6)
(0.25 0.07000000000000001 0.6)
(0.3 0.07000000000000001 0.6)
(0.35 0.07000000000000001 0.6)
(0.4 0.07000000000000001 0.6)
(0.45 0.07000000000000001 0.6)
(0.5 0.07000000000000001 0.6)
(0.55 0.07000000000000001 0.6)
(0.6 0.07000000000000001 0.6)
(0.65 0.07000000000000001 0.6)
(0.7000000000000001 0.07000000000000001 0.6)
(0.75 0.07000000000000001 0.6)
(0.8 0.07000000000000001 0.6)
(0.85 0.07000000000000001 0.6)
(0.9 0.07000000000000001 0.6)
(0.9500000000000001 0.07000000000000001 0.6)
(1 0.07000000000000001 0.6)
(-1 0.075 0.6)
(-0.9500000000000001 0.075 0.6)
(-0.9 0.075 0.6)
(-0.85 0.075 0.6)
(-0.8 0.075 0.6)
(-0.75 0.075 0.6)
(-0.7000000000000001 0.075 0.6)
(-0.65 0.075 0.6)
(-0.6 0.075 0.6)
(-0.55 0.075 0.6)
(-0.5 0.075 0.6)
(-0.45 0.075 0.6)
(-0.4 0.075 0.6)
(-0.35 0.075 0.6)
(-0.3 0.075 0.6)
(-0.25 0.075 0.6)
(-0.2 0.075 0.6)
(-0.15 0.075 0.6)
(-0.1 0.075 0.6)
(-0.05000000000000004 0.075 0.6)
(0 0.075 0.6)
(0.05000000000000004 0.075 0.6)
(0.1000000000000001 0.075 0.6)
(0.1499999999999999 0.075 0.6)
(0.2 0.075 0.6)
(0.25 0.075 0.6)
(0.3 0.075 0.6)
(0.35 0.075 0.6)
(0.4 0.075 0.6)
(0.45 0.075 0.6)
(0.5 0.075 0.6)
(0.55 0.075 0.6)
(0.6 0.075 0.6)
(0.65 0.075 0.6)
(0.7000000000000001 0.075 0.6)
(0.75 0.075 0.6)
(0.8 0.075 0.6)
(0.85 0.075 0.6)
(0.9 0.075 0.6)
(0.9500000000000001 0.075 0.6)
(1 0.075 0.6)
(-1 0.08 0.6)
(-0.9500000000000001 0.08 0.6)
(-0.9 0.08 0.6)
(-0.85 0.08000000000000002 0.6)
(-0.8 0.08 0.6)
(-0.75 0.08 0.6)
(-0.7000000000000001 0.08 0.6)
(-0.65 0.08 0.6)
(-0.6 0.08000000000000002 0.6)
(-0.55 0.08 0.6)
(-0.5 0.08 0.6)
(-0.45 0.08 0.6)
(-0.4 0.08 0.6)
(-0.35 0.08 0.6)
(-0.3 0.08 0.6)
(-0.25 0.08 0.6)
(-0.2 0.08 0.6)
(-0.15 0.08 0.6)
(-0.1 0.08 0.6)
(-0.05000000000000004 0.08 0.6)
(0 0.08 0.6)
(0.05000000000000003 0.08 0.6)
(0.1000000000000001 0.08 0.6)
(0.1499999999999999 0.08000000000000002 0.6)
(0.2 0.08 0.6)
(0.25 0.08 0.6)
(0.3 0.08 0.6)
(0.35 0.08 0.6)
(0.4 0.08 0.6)
(0.45 0.08 0.6)
(0.5 0.08 0.6)
(0.55 0.08000000000000002 0.6)
(0.6 0.08 0.6)
(0.65 0.08 0.6)
(0.7000000000000001 0.08 0.6)
(0.75 0.08 0.6)
(0.8 0.08000000000000002 0.6)
(0.85 0.08 0.6)
(0.9 0.08 0.6)
(0.9500000000000001 0.08 0.6)
(1 0.08 0.6)
(-1 0.08500000000000001 0.6)
(-0.9500000000000001 0.08500000000000001 0.6)
(-0.9 0.08500000000000001 0.6)
(-0.85 0.08500000000000001 0.6)
(-0.8 0.08500000000000001 0.6)
(-0.75 0.08500000000000001 0.6)
(-0.7000000000000001 0.08500000000000001 0.6000000000000001)
(-0.65 0.08500000000000001 0.6)
(-0.6 0.08500000000000001 0.6)
(-0.55 0.08500000000000001 0.6)
(-0.5 0.08500000000000001 0.6)
(-0.45 0.08500000000000001 0.6)
(-0.4 0.08500000000000001 0.6)
(-0.35 0.08500000000000001 0.6)
(-0.3 0.08500000000000001 0.6)
(-0.25 0.08500000000000001 0.6)
(-0.2 0.08500000000000001 0.6)
(-0.15 0.08500000000000001 0.6)
(-0.1 0.08500000000000001 0.6)
(-0.05 0.08500000000000001 0.6)
(0 0.08500000000000001 0.6)
(0.05 0.08500000000000001 0.6)
(0.1000000000000001 0.08500000000000001 0.6)
(0.1499999999999999 0.08500000000000001 0.6)
(0.2 0.08500000000000001 0.6)
(0.25 0.08500000000000001 0.6)
(0.3 0.08500000000000001 0.6)
(0.35 0.08500000000000001 0.6)
(0.4 0.08500000000000001 0.6)
(0.45 0.08500000000000001 0.6)
(0.5 0.08500000000000001 0.6)
(0.55 0.08500000000000001 0.6)
(0.6 0.08500000000000001 0.6)
(0.65 0.08500000000000001 0.6)
(0.7000000000000001 0.08500000000000001 0.6000000000000001)
(0.75 0.08500000000000001 0.6)
(0.8 0.08500000000000001 0.6)
(0.85 0.08500000000000001 0.6)
(0.9 0.08500000000000001 0.6)
(0.9500000000000001 0.08500000000000001 0.6)
(1 0.08500000000000001 0.6)
(-1 0.09 0.6)
(-0.9500000000000001 0.09 0.6)
(-0.9 0.08999999999999998 0.6)
(-0.85 0.09000000000000002 0.6)
(-0.8 0.09 0.6)
(-0.75 0.09 0.6)
(-0.7000000000000001 0.09 0.6)
(-0.65 0.09 0.6)
(-0.6 0.09000000000000002 0.6)
(-0.55 0.09 0.6)
(-0.5 0.09 0.6)
(-0.45 0.09 0.6)
(-0.4 0.09 0.6)
(-0.35 0.09000000000000002 0.6)
(-0.3 0.09 0.6)
(-0.25 0.09 0.6)
(-0.2 0.09000000000000002 0.6)
(-0.1499999999999999 0.09 0.6)
(-0.1000000000000001 0.09000000000000002 0.6)
(-0.05 0.09 0.6)
(0 0.09 0.6)
(0.05 0.09 0.6)
(0.1000000000000001 0.09 0.6)
(0.1499999999999999 0.09 0.6)
(0.2 0.09000000000000002 0.6)
(0.25 0.09 0.6)
(0.3 0.09 0.6)
(0.35 0.09 0.6)
(0.4 0.09000000000000002 0.6)
(0.45 0.09 0.6)
(0.5 0.09 0.6)
(0.55 0.09 0.6)
(0.6 0.09000000000000002 0.6)
(0.65 0.08999999999999998 0.6)
(0.7000000000000001 0.09 0.6)
(0.75 0.09 0.6)
(0.8 0.09 0.6)
(0.85 0.09 0.6)
(0.9 0.09 0.6)
(0.9500000000000001 0.09 0.6)
(1 0.09 0.6)
(-1 0.095 0.6)
(-0.9500000000000001 0.095 0.6)
(-0.9 0.095 0.6)
(-0.85 0.095 0.6)
(-0.8 0.095 0.6)
(-0.75 0.095 0.6)
(-0.7000000000000001 0.09500000000000001 0.6)
(-0.65 0.095 0.6000000000000001)
(-0.6 0.095 0.6)
(-0.55 0.095 0.6)
(-0.5 0.095 0.6)
(-0.45 0.095 0.6)
(-0.3999999999999999 0.095 0.6000000000000001)
(-0.35 0.095 0.6)
(-0.3 0.095 0.6)
(-0.25 0.095 0.6)
(-0.2 0.095 0.6)
(-0.1499999999999999 0.095 0.6)
(-0.1 0.095 0.6)
(-0.05 0.095 0.6)
(0 0.095 0.6)
(0.05 0.095 0.6)
(0.1000000000000001 0.095 0.6)
(0.1499999999999999 0.095 0.6)
(0.2 0.095 0.6)
(0.25 0.095 0.6)
(0.2999999999999999 0.09499999999999999 0.6)
(0.35 0.095 0.6)
(0.4 0.095 0.6)
(0.45 0.095 0.6)
(0.5 0.095 0.6)
(0.55 0.095 0.6)
(0.6 0.095 0.6)
(0.65 0.095 0.6)
(0.7000000000000001 0.095 0.6)
(0.75 0.095 0.6)
(0.8 0.095 0.6)
(0.85 0.095 0.6)
(0.9 0.095 0.6)
(0.9500000000000001 0.095 0.6)
(1 0.095 0.6)
(-1 0.1 0.6)
(-0.9500000000000001 0.1 0.6)
(-0.9 0.1 0.6)
(-0.85 0.1 0.6)
(-0.8 0.1 0.6)
(-0.75 0.1 0.6)
(-0.7000000000000001 0.1 0.6)
(-0.65 0.1 0.6)
(-0.6 0.1 0.6)
(-0.55 0.1 0.6)
(-0.5 0.1 0.6)
(-0.45 0.1 0.6)
(-0.4 0.1 0.6)
(-0.35 0.1 0.6)
(-0.3 0.1 0.6)
(-0.25 0.1 0.6)
(-0.2 0.1 0.6)
(-0.1499999999999999 0.1 0.6)
(-0.1 0.1 0.6)
(-0.05 0.1 0.6)
(0 0.1 0.6)
(0.05 0.1 0.6)
(0.1000000000000002 0.1 0.6)
(0.1499999999999999 0.1 0.6)
(0.2 0.1 0.6)
(0.25 0.1 0.6)
(0.3 0.1 0.6)
(0.35 0.1 0.6)
(0.4 0.1 0.6)
(0.45 0.1 0.6)
(0.5 0.1 0.6)
(0.55 0.1 0.6)
(0.6 0.1 0.6)
(0.65 0.1 0.6)
(0.7000000000000001 0.1 0.6)
(0.75 0.1 0.6)
(0.8 0.1 0.6)
(0.85 0.1 0.6)
(0.9 0.1 0.6)
(0.9500000000000001 0.1 0.6)
(1 0.1 0.6)
(-1 0 0.63)
(-0.9500000000000001 0 0.63)
(-0.9 0 0.63)
(-0.85 0 0.63)
(-0.8 0 0.63)
(-0.75 0 0.63)
(-0.7000000000000001 0 0.63)
(-0.65 0 0.63)
(-0.6 0 0.63)
(-0.55 0 0.63)
(-0.5 0 0.63)
(-0.45 0 0.63)
(-0.4 0 0.63)
(-0.35 0 0.6300000000000001)
(-0.3 0 0.63)
(-0.25 0 0.63)
(-0.2 0 0.63)
(-0.15 0 0.63)
(-0.1000000000000001 0 0.6300000000000001)
(-0.05 0 0.63)
(0 0 0.63)
(0.05 0 0.63)
(0.1000000000000001 0 0.63)
(0.1499999999999999 0 0.63)
(0.2 0 0.63)
(0.25 0 0.63)
(0.3 0 0.63)
(0.35 0 0.63)
(0.4 0 0.63)
(0.45 0 0.63)
(0.5 0 0.63)
(0.55 0 0.63)
(0.6 0 0.63)
(0.65 0 0.63)
(0.7000000000000001 0 0.63)
(0.75 0 0.63)
(0.8 0 0.63)
(0.85 0 0.63)
(0.9 0 0.63)
(0.9500000000000001 0 0.63)
(1 0 0.63)
(-1 0.005 0.63)
(-0.9500000000000001 0.005 0.6300000000000001)
(-0.9 0.005 0.6300000000000001)
(-0.85 0.005000000000000001 0.63)
(-0.8 0.005 0.6300000000000001)
(-0.75 0.005 0.63)
(-0.7000000000000001 0.005 0.63)
(-0.65 0.005 0.6299999999999999)
(-0.6 0.005000000000000001 0.63)
(-0.55 0.005000000000000001 0.6300000000000001)
(-0.5 0.005 0.63)
(-0.45 0.005 0.6300000000000001)
(-0.4 0.005 0.6299999999999999)
(-0.35 0.005 0.63)
(-0.3 0.005000000000000001 0.63)
(-0.25 0.005 0.63)
(-0.1999999999999999 0.005 0.6299999999999998)
(-0.15 0.005 0.6300000000000001)
(-0.1000000000000001 0.005 0.63)
(-0.05000000000000003 0.004999999999999999 0.6299999999999999)
(0 0.005 0.63)
(0.05000000000000003 0.005 0.6299999999999999)
(0.1000000000000002 0.005000000000000001 0.63)
(0.1499999999999999 0.005000000000000001 0.6300000000000001)
(0.1999999999999999 0.004999999999999999 0.6299999999999999)
(0.25 0.005 0.63)
(0.3 0.005000000000000001 0.63)
(0.35 0.005 0.63)
(0.3999999999999999 0.005 0.6300000000000001)
(0.45 0.005 0.6300000000000001)
(0.5 0.005 0.6300000000000001)
(0.55 0.005000000000000001 0.6299999999999999)
(0.6 0.005 0.63)
(0.65 0.005 0.63)
(0.7000000000000001 0.005 0.6300000000000001)
(0.75 0.005 0.63)
(0.8 0.005 0.63)
(0.85 0.005000000000000001 0.6300000000000001)
(0.9 0.005 0.63)
(0.9500000000000001 0.005000000000000001 0.63)
(1 0.005 0.63)
(-1 0.01 0.63)
(-0.9500000000000001 0.01 0.63)
(-0.9 0.01 0.6300000000000001)
(-0.85 0.01 0.63)
(-0.8 0.01 0.63)
(-0.75 0.01 0.63)
(-0.7000000000000001 0.01 0.6299999999999999)
(-0.65 0.01 0.6299999999999999)
(-0.6 0.01 0.63)
(-0.55 0.01 0.6299999999999999)
(-0.5 0.01 0.63)
(-0.45 0.01 0.6299999999999999)
(-0.4 0.01 0.6299999999999999)
(-0.35 0.01 0.6300000000000001)
(-0.3 0.01 0.6300000000000001)
(-0.25 0.01 0.63)
(-0.2 0.01 0.63)
(-0.15 0.01 0.6300000000000001)
(-0.1 0.01 0.63)
(-0.05 0.01 0.6300000000000001)
(0 0.01 0.63)
(0.05 0.01 0.6300000000000001)
(0.1000000000000001 0.01 0.63)
(0.1499999999999999 0.01 0.63)
(0.2 0.009999999999999998 0.63)
(0.25 0.01 0.63)
(0.3000000000000001 0.01 0.63)
(0.35 0.01 0.6300000000000001)
(0.3999999999999999 0.01 0.6300000000000002)
(0.45 0.01 0.6299999999999999)
(0.5 0.01 0.63)
(0.55 0.01 0.6299999999999999)
(0.6 0.01 0.63)
(0.65 0.01 0.63)
(0.6999999999999998 0.009999999999999998 0.6299999999999999)
(0.75 0.01 0.6299999999999999)
(0.8 0.01 0.63)
(0.85 0.01 0.6299999999999999)
(0.9 0.01 0.6300000000000001)
(0.9500000000000001 0.01 0.63)
(1 0.01 0.63)
(-1 0.015 0.63)
(-0.9500000000000001 0.015 0.6300000000000001)
(-0.9 0.015 0.63)
(-0.85 0.015 0.6300000000000002)
(-0.8 0.015 0.63)
(-0.75 0.015 0.63)
(-0.7000000000000001 0.015 0.63)
(-0.65 0.015 0.63)
(-0.6 0.015 0.63)
(-0.55 0.015 0.63)
(-0.5 0.015 0.63)
(-0.45 0.015 0.6299999999999999)
(-0.4 0.015 0.6300000000000001)
(-0.35 0.015 0.63)
(-0.3 0.015 0.6300000000000001)
(-0.25 0.015 0.63)
(-0.2 0.015 0.6299999999999999)
(-0.15 0.015 0.6300000000000001)
(-0.1 0.015 0.63)
(-0.05 0.015 0.6300000000000001)
(0 0.015 0.63)
(0.05 0.015 0.6300000000000001)
(0.1000000000000001 0.015 0.63)
(0.1499999999999999 0.015 0.63)
(0.2 0.015 0.63)
(0.25 0.015 0.63)
(0.3 0.015 0.6300000000000001)
(0.35 0.015 0.63)
(0.4 0.015 0.6300000000000001)
(0.45 0.015 0.6299999999999999)
(0.5 0.015 0.63)
(0.55 0.015 0.6299999999999999)
(0.6 0.015 0.63)
(0.65 0.015 0.63)
(0.7000000000000001 0.015 0.6300000000000001)
(0.75 0.015 0.6300000000000001)
(0.8 0.015 0.6299999999999999)
(0.85 0.015 0.6300000000000001)
(0.9 0.015 0.63)
(0.9500000000000001 0.015 0.6300000000000001)
(1 0.015 0.63)
(-1 0.02 0.63)
(-0.9500000000000001 0.02 0.63)
(-0.9 0.02 0.63)
(-0.85 0.02 0.63)
(-0.8 0.02 0.63)
(-0.75 0.02 0.6300000000000001)
(-0.7000000000000001 0.02 0.63)
(-0.65 0.02 0.6300000000000001)
(-0.6 0.02 0.6300000000000001)
(-0.55 0.02 0.63)
(-0.5 0.02 0.63)
(-0.45 0.02 0.6300000000000001)
(-0.4 0.02 0.63)
(-0.35 0.02 0.63)
(-0.3 0.02 0.63)
(-0.25 0.02 0.63)
(-0.2 0.02 0.63)
(-0.15 0.02 0.6299999999999999)
(-0.1 0.02 0.63)
(-0.05000000000000003 0.02 0.6300000000000001)
(0 0.02 0.63)
(0.05000000000000003 0.02 0.6300000000000002)
(0.1000000000000001 0.02 0.63)
(0.1499999999999999 0.02 0.63)
(0.1999999999999999 0.02 0.6300000000000001)
(0.25 0.02 0.63)
(0.3 0.02 0.63)
(0.35 0.02 0.63)
(0.4 0.02 0.63)
(0.45 0.02 0.6300000000000001)
(0.5 0.02 0.63)
(0.55 0.02 0.6300000000000001)
(0.6 0.02 0.6300000000000002)
(0.65 0.02 0.6300000000000002)
(0.7000000000000001 0.02 0.63)
(0.75 0.02 0.63)
(0.8 0.02 0.6300000000000001)
(0.85 0.02 0.63)
(0.9 0.02 0.63)
(0.9500000000000001 0.02 0.6300000000000001)
(1 0.02 0.63)
(-1 0.025 0.63)
(-0.9500000000000001 0.025 0.63)
(-0.9 0.025 0.63)
(-0.85 0.025 0.63)
(-0.8 0.025 0.6300000000000001)
(-0.75 0.025 0.63)
(-0.7000000000000001 0.025 0.63)
(-0.65 0.025 0.6300000000000002)
(-0.6 0.025 0.63)
(-0.55 0.025 0.6300000000000001)
(-0.5 0.025 0.63)
(-0.45 0.025 0.63)
(-0.4 0.025 0.63)
(-0.35 0.02499999999999999 0.63)
(-0.3000000000000001 0.025 0.63)
(-0.25 0.025 0.63)
(-0.2 0.025 0.6300000000000001)
(-0.15 0.025 0.63)
(-0.1 0.025 0.6300000000000002)
(-0.05000000000000003 0.025 0.63)
(0 0.025 0.63)
(0.05000000000000003 0.025 0.6300000000000001)
(0.1000000000000001 0.025 0.63)
(0.1499999999999999 0.025 0.63)
(0.2 0.025 0.63)
(0.25 0.025 0.63)
(0.3 0.025 0.6300000000000001)
(0.35 0.025 0.63)
(0.3999999999999999 0.025 0.63)
(0.45 0.025 0.63)
(0.5 0.025 0.63)
(0.55 0.025 0.6300000000000001)
(0.6 0.025 0.63)
(0.65 0.025 0.63)
(0.7000000000000001 0.025 0.63)
(0.75 0.025 0.63)
(0.8 0.025 0.6300000000000001)
(0.85 0.025 0.63)
(0.9 0.025 0.63)
(0.9500000000000001 0.025 0.63)
(1 0.025 0.63)
(-1 0.03 0.63)
(-0.9500000000000001 0.03 0.63)
(-0.9 0.03 0.63)
(-0.85 0.03 0.63)
(-0.8 0.03 0.63)
(-0.75 0.03 0.63)
(-0.7000000000000001 0.03 0.6300000000000001)
(-0.65 0.03 0.63)
(-0.6 0.03 0.63)
(-0.55 0.03 0.63)
(-0.5 0.03 0.63)
(-0.45 0.03 0.6299999999999999)
(-0.4 0.03 0.6299999999999999)
(-0.35 0.03 0.6300000000000001)
(-0.3 0.03 0.63)
(-0.25 0.03 0.63)
(-0.2 0.03 0.6299999999999999)
(-0.15 0.03 0.6300000000000001)
(-0.1000000000000001 0.03000000000000001 0.6300000000000001)
(-0.05000000000000002 0.03 0.63)
(0 0.03 0.63)
(0.04999999999999999 0.03 0.6300000000000001)
(0.1000000000000001 0.03 0.63)
(0.1499999999999999 0.03 0.63)
(0.2 0.03 0.63)
(0.25 0.03 0.63)
(0.3 0.03 0.63)
(0.35 0.03 0.63)
(0.4 0.03 0.63)
(0.45 0.03 0.6299999999999999)
(0.5 0.03 0.6300000000000001)
(0.55 0.03 0.63)
(0.6 0.03000000000000001 0.63)
(0.65 0.03 0.63)
(0.7000000000000001 0.03 0.6300000000000001)
(0.75 0.03 0.63)
(0.8 0.03 0.63)
(0.85 0.03 0.6300000000000001)
(0.9 0.03000000000000001 0.6300000000000001)
(0.9500000000000001 0.03 0.6300000000000001)
(1 0.03 0.63)
(-1 0.035 0.63)
(-0.9500000000000001 0.035 0.6300000000000001)
(-0.9 0.035 0.63)
(-0.85 0.035 0.63)
(-0.8 0.035 0.6300000000000001)
(-0.75 0.035 0.63)
(-0.7000000000000001 0.035 0.6300000000000001)
(-0.65 0.035 0.6299999999999999)
(-0.6 0.035 0.6299999999999999)
(-0.55 0.035 0.6300000000000001)
(-0.5 0.035 0.63)
(-0.45 0.035 0.63)
(-0.4 0.035 0.63)
(-0.35 0.035 0.63)
(-0.3 0.035 0.6300000000000001)
(-0.25 0.035 0.63)
(-0.2 0.035 0.6299999999999999)
(-0.15 0.035 0.6300000000000001)
(-0.1000000000000001 0.035 0.63)
(-0.05000000000000008 0.035 0.6299999999999999)
(0 0.035 0.63)
(0.0500000000000001 0.035 0.63)
(0.1000000000000001 0.035 0.63)
(0.1499999999999999 0.035 0.63)
(0.2 0.035 0.6299999999999999)
(0.25 0.035 0.63)
(0.3000000000000001 0.035 0.6300000000000001)
(0.35 0.035 0.6299999999999999)
(0.3999999999999999 0.035 0.63)
(0.45 0.035 0.6299999999999999)
(0.5 0.035 0.63)
(0.55 0.035 0.6300000000000001)
(0.6 0.035 0.6299999999999999)
(0.65 0.035 0.63)
(0.7000000000000001 0.035 0.6300000000000001)
(0.75 0.035 0.6299999999999999)
(0.8 0.035 0.6300000000000002)
(0.85 0.035 0.63)
(0.9 0.035 0.63)
(0.9500000000000001 0.035 0.6300000000000001)
(1 0.035 0.63)
(-1 0.04 0.63)
(-0.9500000000000001 0.04 0.6299999999999999)
(-0.9 0.04 0.6299999999999999)
(-0.85 0.04000000000000001 0.6300000000000001)
(-0.8 0.04 0.6300000000000001)
(-0.75 0.04 0.63)
(-0.7000000000000001 0.04 0.63)
(-0.65 0.04 0.63)
(-0.6 0.04000000000000001 0.63)
(-0.55 0.04000000000000001 0.6299999999999999)
(-0.5 0.04 0.63)
(-0.45 0.04 0.6300000000000001)
(-0.4 0.04 0.63)
(-0.35 0.04 0.63)
(-0.3 0.04 0.6299999999999999)
(-0.25 0.04 0.63)
(-0.2 0.04 0.6300000000000001)
(-0.15 0.04 0.6300000000000001)
(-0.1 0.04 0.63)
(-0.04999999999999999 0.04 0.63)
(0 0.04 0.63)
(0.04999999999999998 0.04 0.6300000000000001)
(0.1000000000000001 0.04 0.63)
(0.1499999999999999 0.04000000000000001 0.6300000000000001)
(0.2 0.03999999999999999 0.6300000000000001)
(0.25 0.04 0.63)
(0.3 0.04 0.6299999999999999)
(0.35 0.04 0.63)
(0.4 0.04000000000000001 0.63)
(0.45 0.04 0.6300000000000001)
(0.5 0.04 0.63)
(0.55 0.04000000000000001 0.6299999999999999)
(0.6 0.04 0.63)
(0.65 0.04 0.63)
(0.7000000000000001 0.03999999999999999 0.63)
(0.75 0.04 0.63)
(0.8 0.04 0.6300000000000001)
(0.85 0.04000000000000001 0.63)
(0.9 0.04 0.63)
(0.9500000000000001 0.04 0.63)
(1 0.04 0.63)
(-1 0.045 0.6300000000000001)
(-0.9500000000000001 0.045 0.63)
(-0.9 0.045 0.63)
(-0.85 0.045 0.63)
(-0.8 0.045 0.63)
(-0.75 0.045 0.6300000000000001)
(-0.7000000000000001 0.045 0.6299999999999999)
(-0.65 0.045 0.63)
(-0.6 0.045 0.63)
(-0.55 0.045 0.63)
(-0.5 0.045 0.6300000000000002)
(-0.45 0.045 0.6300000000000001)
(-0.4 0.045 0.6300000000000001)
(-0.35 0.045 0.63)
(-0.3 0.045 0.63)
(-0.25 0.045 0.63)
(-0.2 0.04500000000000001 0.6300000000000001)
(-0.15 0.045 0.6300000000000001)
(-0.1000000000000001 0.045 0.63)
(-0.05000000000000004 0.045 0.6300000000000001)
(0 0.045 0.6300000000000002)
(0.05000000000000004 0.045 0.63)
(0.1000000000000001 0.045 0.63)
(0.1499999999999999 0.045 0.6300000000000001)
(0.2 0.04500000000000001 0.63)
(0.25 0.045 0.63)
(0.3000000000000001 0.045 0.6300000000000001)
(0.35 0.045 0.63)
(0.4 0.04499999999999999 0.6300000000000001)
(0.45 0.04500000000000001 0.6300000000000001)
(0.5 0.045 0.6300000000000001)
(0.55 0.045 0.6299999999999999)
(0.6 0.045 0.63)
(0.65 0.04499999999999999 0.63)
(0.7000000000000001 0.04499999999999999 0.63)
(0.75 0.045 0.63)
(0.8 0.045 0.6300000000000001)
(0.85 0.04500000000000001 0.63)
(0.9 0.04500000000000001 0.63)
(0.9500000000000001 0.045 0.63)
(1 0.045 0.6300000000000001)
(-1 0.05 0.63)
(-0.9500000000000001 0.05 0.63)
(-0.9 0.05 0.63)
(-0.85 0.05 0.63)
(-0.8 0.05 0.63)
(-0.75 0.05 0.63)
(-0.7000000000000001 0.05 0.63)
(-0.65 0.05 0.63)
(-0.6 0.05 0.63)
(-0.55 0.05 0.63)
(-0.5 0.05 0.63)
(-0.45 0.05 0.63)
(-0.4 0.05 0.63)
(-0.35 0.05 0.6300000000000002)
(-0.3 0.05 0.63)
(-0.25 0.05 0.63)
(-0.2 0.05 0.63)
(-0.15 0.05 0.63)
(-0.1000000000000001 0.05 0.6300000000000002)
(-0.05 0.05 0.63)
(0 0.05 0.63)
(0.05 0.05 0.63)
(0.1000000000000002 0.05 0.63)
(0.1499999999999999 0.05 0.63)
(0.2 0.05 0.63)
(0.25 0.05 0.63)
(0.3 0.05 0.63)
(0.35 0.05 0.63)
(0.4 0.05 0.63)
(0.45 0.05 0.63)
(0.5 0.05 0.63)
(0.55 0.05 0.63)
(0.6 0.05 0.63)
(0.65 0.05 0.63)
(0.7000000000000001 0.05 0.6300000000000001)
(0.75 0.05 0.63)
(0.8 0.05 0.63)
(0.85 0.05 0.63)
(0.9 0.05 0.63)
(0.9500000000000001 0.05 0.63)
(1 0.05 0.63)
(-1 0.055 0.63)
(-0.9500000000000001 0.055 0.6300000000000001)
(-0.9 0.055 0.6299999999999999)
(-0.85 0.055 0.63)
(-0.8 0.05500000000000001 0.6300000000000001)
(-0.75 0.055 0.63)
(-0.7000000000000001 0.055 0.63)
(-0.65 0.055 0.6300000000000001)
(-0.6 0.055 0.63)
(-0.55 0.05500000000000001 0.6299999999999999)
(-0.5 0.055 0.63)
(-0.45 0.05500000000000001 0.6299999999999999)
(-0.4 0.055 0.63)
(-0.35 0.05500000000000001 0.63)
(-0.3 0.055 0.63)
(-0.25 0.055 0.63)
(-0.2 0.055 0.63)
(-0.15 0.055 0.6300000000000001)
(-0.1 0.055 0.63)
(-0.05000000000000004 0.055 0.63)
(0 0.055 0.63)
(0.05000000000000003 0.055 0.63)
(0.1000000000000001 0.055 0.6299999999999999)
(0.1499999999999999 0.055 0.6300000000000001)
(0.2 0.055 0.63)
(0.25 0.055 0.63)
(0.3 0.055 0.63)
(0.35 0.055 0.63)
(0.4 0.055 0.63)
(0.45 0.05500000000000001 0.6299999999999999)
(0.5 0.055 0.63)
(0.55 0.05500000000000001 0.6299999999999999)
(0.6 0.05500000000000001 0.63)
(0.65 0.055 0.63)
(0.7000000000000001 0.055 0.63)
(0.75 0.05500000000000001 0.6300000000000001)
(0.8 0.05500000000000001 0.63)
(0.85 0.05500000000000001 0.63)
(0.9 0.055 0.63)
(0.9500000000000001 0.055 0.6300000000000001)
(1 0.055 0.63)
(-1 0.06 0.63)
(-0.9500000000000001 0.06 0.6299999999999999)
(-0.9 0.06 0.6299999999999999)
(-0.85 0.06 0.6300000000000001)
(-0.8 0.06 0.6300000000000001)
(-0.75 0.06 0.63)
(-0.7000000000000001 0.06 0.6299999999999999)
(-0.65 0.05999999999999999 0.63)
(-0.6 0.06000000000000001 0.63)
(-0.55 0.06 0.6299999999999999)
(-0.5 0.06 0.63)
(-0.45 0.06 0.6300000000000001)
(-0.3999999999999999 0.06 0.63)
(-0.35 0.06 0.63)
(-0.3 0.06 0.6299999999999999)
(-0.25 0.06 0.63)
(-0.2 0.06 0.6300000000000001)
(-0.15 0.05999999999999999 0.63)
(-0.1 0.06000000000000001 0.63)
(-0.05 0.06 0.6299999999999999)
(0 0.06 0.63)
(0.05000000000000001 0.06 0.63)
(0.1000000000000001 0.06 0.63)
(0.1499999999999999 0.06 0.63)
(0.2 0.06 0.6300000000000001)
(0.25 0.06 0.63)
(0.3 0.06 0.6299999999999999)
(0.35 0.06 0.6299999999999999)
(0.4 0.06 0.63)
(0.45 0.06 0.6300000000000001)
(0.5 0.06 0.63)
(0.55 0.06 0.6299999999999999)
(0.6 0.06 0.63)
(0.65 0.06 0.63)
(0.7000000000000001 0.06 0.6300000000000002)
(0.75 0.06 0.6300000000000001)
(0.8 0.06 0.6300000000000001)
(0.85 0.06 0.6300000000000001)
(0.9 0.06000000000000001 0.6300000000000001)
(0.9500000000000001 0.06 0.6299999999999999)
(1 0.06 0.63)
(-1 0.065 0.63)
(-0.9500000000000001 0.065 0.6300000000000001)
(-0.9 0.065 0.63)
(-0.85 0.06500000000000002 0.63)
(-0.8 0.065 0.6300000000000002)
(-0.75 0.06500000000000002 0.63)
(-0.7000000000000001 0.065 0.6300000000000001)
(-0.65 0.065 0.6299999999999999)
(-0.6 0.065 0.6299999999999999)
(-0.55 0.06500000000000002 0.6300000000000001)
(-0.5 0.065 0.63)
(-0.45 0.065 0.6299999999999999)
(-0.4 0.065 0.63)
(-0.35 0.06500000000000002 0.63)
(-0.3000000000000001 0.065 0.6300000000000001)
(-0.25 0.065 0.63)
(-0.2 0.065 0.6299999999999999)
(-0.15 0.06500000000000002 0.63)
(-0.1000000000000001 0.065 0.6300000000000001)
(-0.05000000000000008 0.065 0.6299999999999999)
(0 0.065 0.63)
(0.05000000000000011 0.065 0.63)
(0.1000000000000001 0.065 0.63)
(0.1499999999999999 0.065 0.63)
(0.2 0.065 0.6299999999999999)
(0.25 0.065 0.63)
(0.3000000000000001 0.06500000000000002 0.6300000000000001)
(0.35 0.06500000000000002 0.63)
(0.4 0.065 0.63)
(0.45 0.065 0.63)
(0.5 0.065 0.63)
(0.55 0.06499999999999999 0.6300000000000001)
(0.6 0.065 0.6299999999999999)
(0.65 0.065 0.63)
(0.7000000000000001 0.065 0.6300000000000001)
(0.75 0.065 0.6299999999999999)
(0.8 0.065 0.6300000000000001)
(0.85 0.06500000000000002 0.63)
(0.9 0.06499999999999999 0.6300000000000001)
(0.9500000000000001 0.065 0.6300000000000001)
(1 0.065 0.63)
(-1 0.07000000000000001 0.63)
(-0.9500000000000001 0.07000000000000001 0.6300000000000001)
(-0.8999999999999999 0.06999999999999999 0.63)
(-0.85 0.07000000000000001 0.6300000000000001)
(-0.8 0.07000000000000001 0.63)
(-0.75 0.07000000000000001 0.63)
(-0.7000000000000001 0.07000000000000001 0.63)
(-0.65 0.06999999999999999 0.63)
(-0.6 0.07000000000000001 0.63)
(-0.55 0.07000000000000001 0.63)
(-0.4999999999999999 0.06999999999999999 0.63)
(-0.45 0.07000000000000001 0.63)
(-0.4 0.07000000000000001 0.6299999999999999)
(-0.35 0.07000000000000001 0.6300000000000001)
(-0.3 0.07000000000000001 0.63)
(-0.2500000000000001 0.07000000000000001 0.63)
(-0.2 0.07000000000000001 0.63)
(-0.15 0.07000000000000001 0.63)
(-0.1000000000000001 0.07000000000000001 0.6300000000000001)
(-0.05000000000000003 0.07000000000000001 0.63)
(0 0.07000000000000001 0.63)
(0.05 0.07000000000000001 0.63)
(0.1000000000000001 0.07000000000000001 0.63)
(0.1499999999999999 0.07000000000000001 0.63)
(0.2 0.07000000000000001 0.63)
(0.25 0.07000000000000001 0.63)
(0.3 0.07000000000000001 0.63)
(0.35 0.06999999999999999 0.6300000000000001)
(0.4 0.07000000000000001 0.63)
(0.45 0.07000000000000001 0.63)
(0.5 0.07000000000000001 0.63)
(0.55 0.06999999999999999 0.63)
(0.6 0.07000000000000001 0.63)
(0.65 0.07000000000000001 0.63)
(0.7000000000000001 0.07000000000000001 0.63)
(0.75 0.07000000000000001 0.63)
(0.8 0.07000000000000001 0.6300000000000001)
(0.85 0.07000000000000001 0.6300000000000001)
(0.9 0.07000000000000001 0.6300000000000001)
(0.9500000000000001 0.06999999999999999 0.63)
(1 0.07000000000000001 0.63)
(-1 0.075 0.63)
(-0.9500000000000001 0.075 0.6300000000000001)
(-0.9 0.075 0.63)
(-0.85 0.075 0.6299999999999999)
(-0.8 0.075 0.63)
(-0.75 0.075 0.63)
(-0.7000000000000001 0.075 0.6300000000000001)
(-0.65 0.075 0.6300000000000002)
(-0.6 0.075 0.63)
(-0.55 0.075 0.63)
(-0.5 0.075 0.63)
(-0.45 0.075 0.6300000000000001)
(-0.4 0.075 0.63)
(-0.35 0.075 0.63)
(-0.3000000000000001 0.075 0.63)
(-0.25 0.075 0.63)
(-0.2 0.075 0.6300000000000001)
(-0.15 0.075 0.63)
(-0.1 0.075 0.6300000000000002)
(-0.05000000000000004 0.075 0.63)
(0 0.075 0.63)
(0.05000000000000003 0.075 0.6300000000000001)
(0.1000000000000001 0.075 0.63)
(0.1499999999999999 0.075 0.6300000000000001)
(0.2 0.075 0.63)
(0.25 0.075 0.63)
(0.3 0.075 0.6300000000000001)
(0.35 0.075 0.63)
(0.3999999999999999 0.075 0.6300000000000001)
(0.45 0.075 0.63)
(0.5 0.075 0.63)
(0.55 0.075 0.6300000000000001)
(0.6 0.075 0.63)
(0.65 0.075 0.6300000000000001)
(0.7000000000000001 0.07500000000000001 0.63)
(0.75 0.075 0.63)
(0.8 0.075 0.6300000000000001)
(0.85 0.075 0.63)
(0.9 0.075 0.6300000000000001)
(0.9500000000000001 0.075 0.63)
(1 0.075 0.63)
(-1 0.08 0.63)
(-0.9500000000000001 0.08 0.63)
(-0.9 0.08 0.63)
(-0.85 0.08000000000000002 0.63)
(-0.8 0.08 0.63)
(-0.75 0.08 0.63)
(-0.7000000000000001 0.08 0.63)
(-0.65 0.08 0.6300000000000001)
(-0.6 0.08000000000000002 0.6300000000000002)
(-0.55 0.08000000000000002 0.6300000000000001)
(-0.5 0.08 0.63)
(-0.45 0.08 0.63)
(-0.4 0.08 0.63)
(-0.35 0.08 0.63)
(-0.3 0.08 0.6299999999999999)
(-0.25 0.08 0.63)
(-0.2 0.08 0.63)
(-0.15 0.08 0.6299999999999999)
(-0.1 0.08 0.63)
(-0.05000000000000004 0.08 0.63)
(0 0.08 0.63)
(0.05000000000000003 0.08 0.63)
(0.1000000000000001 0.08 0.63)
(0.1499999999999999 0.08000000000000002 0.63)
(0.2 0.07999999999999999 0.63)
(0.25 0.08 0.63)
(0.3 0.08 0.6299999999999999)
(0.35 0.08 0.63)
(0.3999999999999999 0.08 0.63)
(0.45 0.08 0.63)
(0.5 0.08 0.63)
(0.55 0.08000000000000002 0.63)
(0.6 0.08 0.63)
(0.65 0.08 0.6300000000000001)
(0.7000000000000001 0.08 0.6300000000000001)
(0.75 0.08 0.63)
(0.8 0.08 0.63)
(0.85 0.08000000000000002 0.63)
(0.9 0.08 0.63)
(0.9500000000000001 0.08 0.63)
(1 0.08 0.63)
(-1 0.08500000000000001 0.63)
(-0.9500000000000001 0.08500000000000001 0.6300000000000001)
(-0.9 0.08500000000000001 0.63)
(-0.85 0.08500000000000001 0.6300000000000002)
(-0.8 0.08500000000000001 0.6299999999999999)
(-0.75 0.08500000000000001 0.63)
(-0.7000000000000001 0.08500000000000001 0.6300000000000001)
(-0.65 0.08500000000000001 0.63)
(-0.6 0.08500000000000001 0.63)
(-0.55 0.08500000000000001 0.6300000000000001)
(-0.5 0.08500000000000001 0.63)
(-0.45 0.08500000000000001 0.63)
(-0.4 0.08500000000000001 0.63)
(-0.35 0.08500000000000001 0.63)
(-0.3 0.08500000000000001 0.6300000000000001)
(-0.2500000000000001 0.08500000000000001 0.63)
(-0.2 0.08500000000000001 0.63)
(-0.15 0.08500000000000001 0.6300000000000001)
(-0.1 0.08500000000000001 0.63)
(-0.05000000000000003 0.08500000000000001 0.6300000000000001)
(0 0.08500000000000001 0.63)
(0.05 0.08500000000000001 0.6300000000000001)
(0.1000000000000001 0.08500000000000001 0.6299999999999999)
(0.1499999999999999 0.08500000000000001 0.63)
(0.2 0.08500000000000001 0.63)
(0.25 0.08500000000000001 0.63)
(0.3 0.08500000000000001 0.6300000000000002)
(0.35 0.08500000000000001 0.63)
(0.4 0.08500000000000001 0.6300000000000002)
(0.45 0.08500000000000001 0.63)
(0.5 0.08500000000000002 0.63)
(0.55 0.08500000000000001 0.63)
(0.6000000000000001 0.08500000000000001 0.63)
(0.65 0.08500000000000001 0.6299999999999999)
(0.7000000000000001 0.08500000000000001 0.6300000000000001)
(0.75 0.08500000000000001 0.6300000000000001)
(0.8 0.08500000000000001 0.63)
(0.85 0.08500000000000001 0.63)
(0.9 0.08500000000000001 0.6300000000000001)
(0.9500000000000001 0.08500000000000001 0.6300000000000001)
(1 0.08500000000000001 0.63)
(-1 0.09 0.63)
(-0.9500000000000001 0.09 0.6299999999999999)
(-0.9 0.09 0.63)
(-0.85 0.09 0.6299999999999999)
(-0.8000000000000002 0.09 0.63)
(-0.75 0.09 0.63)
(-0.7000000000000001 0.09 0.6299999999999999)
(-0.65 0.09 0.6299999999999999)
(-0.6 0.09 0.6300000000000001)
(-0.55 0.09 0.6299999999999999)
(-0.5 0.09 0.63)
(-0.45 0.09 0.6299999999999999)
(-0.4 0.09 0.63)
(-0.35 0.09 0.6300000000000001)
(-0.3 0.09 0.6300000000000002)
(-0.25 0.09 0.63)
(-0.2 0.09 0.6300000000000001)
(-0.1499999999999999 0.08999999999999998 0.6299999999999999)
(-0.1 0.09 0.63)
(-0.05000000000000003 0.09 0.6300000000000001)
(0 0.09 0.63)
(0.05 0.09 0.6300000000000001)
(0.1000000000000001 0.09 0.63)
(0.1499999999999999 0.09 0.63)
(0.2 0.09 0.6300000000000001)
(0.25 0.09000000000000002 0.63)
(0.3 0.09 0.6300000000000001)
(0.35 0.09 0.63)
(0.4 0.08999999999999998 0.6300000000000002)
(0.45 0.09000000000000002 0.63)
(0.5 0.08999999999999998 0.6300000000000001)
(0.55 0.08999999999999998 0.6299999999999999)
(0.6 0.09000000000000002 0.6300000000000001)
(0.65 0.08999999999999998 0.6300000000000001)
(0.7000000000000001 0.09 0.63)
(0.75 0.09 0.6299999999999999)
(0.8000000000000002 0.09 0.63)
(0.85 0.09000000000000002 0.6299999999999999)
(0.9 0.09000000000000002 0.63)
(0.9500000000000001 0.09 0.6299999999999999)
(1 0.09 0.63)
(-1 0.095 0.63)
(-0.9500000000000001 0.095 0.63)
(-0.9 0.095 0.63)
(-0.85 0.095 0.6300000000000002)
(-0.8 0.095 0.6300000000000001)
(-0.75 0.095 0.63)
(-0.7000000000000001 0.095 0.63)
(-0.65 0.095 0.63)
(-0.6 0.095 0.63)
(-0.55 0.095 0.63)
(-0.5 0.095 0.63)
(-0.45 0.095 0.63)
(-0.3999999999999999 0.095 0.63)
(-0.3500000000000001 0.095 0.63)
(-0.3 0.095 0.63)
(-0.25 0.095 0.63)
(-0.2 0.095 0.63)
(-0.15 0.095 0.63)
(-0.1 0.095 0.63)
(-0.05000000000000003 0.095 0.63)
(0 0.09499999999999999 0.63)
(0.05000000000000003 0.095 0.63)
(0.1000000000000002 0.09500000000000001 0.63)
(0.1499999999999999 0.095 0.6300000000000001)
(0.2 0.095 0.6300000000000001)
(0.25 0.095 0.63)
(0.3 0.09500000000000001 0.63)
(0.35 0.095 0.63)
(0.4 0.095 0.6300000000000001)
(0.45 0.095 0.63)
(0.5 0.095 0.63)
(0.55 0.09499999999999999 0.63)
(0.6 0.09499999999999999 0.63)
(0.65 0.095 0.63)
(0.7000000000000001 0.09500000000000001 0.63)
(0.75 0.095 0.63)
(0.8 0.095 0.63)
(0.85 0.095 0.6300000000000001)
(0.9 0.095 0.63)
(0.9500000000000001 0.095 0.63)
(1 0.095 0.63)
(-1 0.1 0.63)
(-0.9500000000000001 0.1 0.63)
(-0.9 0.1 0.63)
(-0.85 0.1 0.63)
(-0.8 0.1 0.63)
(-0.75 0.1 0.63)
(-0.7000000000000001 0.1 0.63)
(-0.65 0.1 0.63)
(-0.6 0.1 0.63)
(-0.55 0.1 0.63)
(-0.5 0.1 0.63)
(-0.45 0.1 0.63)
(-0.4 0.1 0.63)
(-0.35 0.1 0.6300000000000001)
(-0.3 0.1 0.63)
(-0.25 0.1 0.63)
(-0.2 0.1 0.63)
(-0.15 0.1 0.63)
(-0.1000000000000001 0.1 0.6300000000000001)
(-0.05 0.1 0.63)
(0 0.1 0.63)
(0.05 0.1 0.63)
(0.1000000000000001 0.1 0.63)
(0.1499999999999999 0.1 0.63)
(0.2 0.1 0.63)
(0.25 0.1 0.63)
(0.3 0.1 0.63)
(0.35 0.1 0.63)
(0.4 0.1 0.63)
(0.45 0.1 0.63)
(0.5 0.1 0.63)
(0.55 0.1 0.63)
(0.6 0.1 0.63)
(0.65 0.1 0.63)
(0.7000000000000001 0.1 0.63)
(0.75 0.1 0.63)
(0.8 0.1 0.63)
(0.85 0.1 0.63)
(0.9 0.1 0.63)
(0.9500000000000001 0.1 0.63)
(1 0.1 0.63)
(-1 0 0.66)
(-0.9500000000000001 0 0.66)
(-0.9 0 0.66)
(-0.85 0 0.66)
(-0.8 0 0.66)
(-0.75 0 0.66)
(-0.7000000000000001 0 0.66)
(-0.65 0 0.66)
(-0.6 0 0.66)
(-0.55 0 0.66)
(-0.5 0 0.66)
(-0.45 0 0.66)
(-0.4 0 0.66)
(-0.35 0 0.66)
(-0.3 0 0.66)
(-0.25 0 0.66)
(-0.2 0 0.66)
(-0.15 0 0.66)
(-0.1 0 0.66)
(-0.05000000000000004 0 0.66)
(0 0 0.66)
(0.05000000000000004 0 0.66)
(0.1000000000000001 0 0.66)
(0.1499999999999999 0 0.66)
(0.2 0 0.66)
(0.25 0 0.66)
(0.3 0 0.66)
(0.35 0 0.66)
(0.4 0 0.66)
(0.45 0 0.66)
(0.5 0 0.66)
(0.55 0 0.66)
(0.6 0 0.66)
(0.65 0 0.66)
(0.7000000000000001 0 0.66)
(0.75 0 0.66)
(0.8 0 0.66)
(0.85 0 0.66)
(0.9 0 0.66)
(0.9500000000000001 0 0.66)
(1 0 0.66)
(-1 0.005 0.66)
(-0.9500000000000001 0.005 0.66)
(-0.9 0.005 0.6599999999999999)
(-0.85 0.005 0.6600000000000001)
(-0.8 0.005 0.6600000000000001)
(-0.75 0.005000000000000001 0.66)
(-0.7000000000000001 0.005 0.6600000000000001)
(-0.65 0.005 0.6599999999999999)
(-0.6 0.005000000000000001 0.66)
(-0.55 0.005 0.66)
(-0.5 0.005 0.66)
(-0.45 0.005 0.66)
(-0.4 0.005 0.66)
(-0.35 0.005 0.66)
(-0.3 0.005 0.6600000000000001)
(-0.25 0.005 0.66)
(-0.2 0.005 0.66)
(-0.15 0.005000000000000001 0.6600000000000001)
(-0.1 0.005 0.6600000000000001)
(-0.05000000000000003 0.005 0.66)
(0 0.005 0.66)
(0.05000000000000003 0.005 0.6599999999999999)
(0.1000000000000001 0.005 0.6600000000000001)
(0.1499999999999999 0.005000000000000001 0.6600000000000001)
(0.2 0.005 0.66)
(0.25 0.005 0.66)
(0.3 0.005000000000000001 0.6600000000000001)
(0.3500000000000001 0.005000000000000001 0.6599999999999999)
(0.3999999999999999 0.005 0.66)
(0.45 0.005000000000000001 0.66)
(0.5 0.005 0.66)
(0.55 0.005000000000000001 0.66)
(0.6 0.005 0.6599999999999999)
(0.65 0.005 0.66)
(0.7000000000000001 0.005 0.6600000000000001)
(0.75 0.005000000000000001 0.6600000000000001)
(0.8 0.005 0.6600000000000001)
(0.85 0.005000000000000001 0.66)
(0.9 0.005 0.66)
(0.9500000000000001 0.005 0.6600000000000001)
(1 0.005 0.66)
(-1 0.01 0.66)
(-0.9500000000000001 0.01 0.6600000000000001)
(-0.9 0.01 0.6600000000000001)
(-0.85 0.01 0.66)
(-0.8 0.01 0.66)
(-0.75 0.01 0.6600000000000001)
(-0.7000000000000001 0.01 0.6600000000000001)
(-0.65 0.01 0.66)
(-0.6 0.01 0.6600000000000001)
(-0.55 0.01 0.6600000000000001)
(-0.5 0.01 0.6600000000000001)
(-0.45 0.01 0.66)
(-0.4 0.01 0.6599999999999999)
(-0.35 0.01 0.6600000000000001)
(-0.3 0.01 0.66)
(-0.25 0.01 0.66)
(-0.2 0.01 0.66)
(-0.15 0.01 0.66)
(-0.1 0.01 0.66)
(-0.05 0.01 0.66)
(0 0.01 0.66)
(0.05 0.01 0.66)
(0.1000000000000001 0.01 0.6599999999999999)
(0.1499999999999999 0.01 0.6600000000000001)
(0.2 0.009999999999999998 0.66)
(0.25 0.01 0.66)
(0.3 0.01 0.6600000000000001)
(0.35 0.01 0.6600000000000001)
(0.3999999999999999 0.01 0.66)
(0.45 0.01 0.66)
(0.5 0.01 0.6600000000000001)
(0.55 0.01 0.6600000000000001)
(0.6 0.01 0.66)
(0.65 0.01 0.66)
(0.7000000000000001 0.01 0.6600000000000001)
(0.75 0.01 0.66)
(0.8 0.01 0.66)
(0.85 0.01 0.6599999999999999)
(0.9 0.01 0.6600000000000001)
(0.9500000000000001 0.01 0.6600000000000001)
(1 0.01 0.66)
(-1 0.015 0.66)
(-0.9500000000000001 0.015 0.66)
(-0.9 0.015 0.6600000000000001)
(-0.85 0.015 0.66)
(-0.8 0.015 0.6600000000000001)
(-0.75 0.015 0.66)
(-0.7000000000000001 0.015 0.66)
(-0.65 0.015 0.6599999999999999)
(-0.6 0.015 0.66)
(-0.55 0.015 0.6600000000000001)
(-0.5 0.015 0.66)
(-0.45 0.015 0.6600000000000001)
(-0.4 0.015 0.66)
(-0.35 0.015 0.66)
(-0.3 0.015 0.66)
(-0.25 0.015 0.66)
(-0.2 0.015 0.66)
(-0.15 0.015 0.66)
(-0.1 0.015 0.6600000000000001)
(-0.05000000000000001 0.015 0.66)
(0 0.015 0.66)
(0.05000000000000003 0.015 0.66)
(0.1000000000000001 0.015 0.66)
(0.1499999999999999 0.015 0.66)
(0.2 0.015 0.66)
(0.25 0.015 0.66)
(0.3 0.015 0.66)
(0.35 0.015 0.6600000000000001)
(0.4 0.015 0.6600000000000001)
(0.45 0.015 0.6600000000000001)
(0.5 0.015 0.6600000000000001)
(0.5499999999999999 0.015 0.6600000000000001)
(0.6 0.015 0.6599999999999999)
(0.65 0.015 0.66)
(0.7000000000000001 0.015 0.66)
(0.75 0.015 0.66)
(0.8 0.015 0.6600000000000001)
(0.85 0.015 0.6600000000000001)
(0.9 0.015 0.6600000000000001)
(0.9500000000000001 0.015 0.66)
(1 0.015 0.66)
(-1 0.02 0.66)
(-0.9500000000000001 0.02 0.6600000000000001)
(-0.9 0.02 0.66)
(-0.85 0.02 0.6600000000000001)
(-0.8 0.02 0.66)
(-0.75 0.02 0.66)
(-0.7000000000000001 0.02 0.6599999999999999)
(-0.65 0.02 0.66)
(-0.6 0.02 0.66)
(-0.55 0.02 0.66)
(-0.5 0.02 0.6600000000000001)
(-0.45 0.02 0.66)
(-0.4 0.02 0.6600000000000001)
(-0.35 0.02 0.6599999999999999)
(-0.3 0.02 0.66)
(-0.25 0.02 0.66)
(-0.1999999999999999 0.02 0.66)
(-0.15 0.02 0.6600000000000001)
(-0.09999999999999998 0.02 0.6599999999999999)
(-0.05000000000000005 0.02 0.6600000000000001)
(0 0.02 0.66)
(0.05000000000000004 0.02 0.6600000000000001)
(0.1000000000000001 0.02 0.6599999999999999)
(0.1499999999999999 0.02 0.6600000000000001)
(0.1999999999999999 0.02 0.66)
(0.25 0.02 0.66)
(0.3 0.02 0.66)
(0.35 0.02 0.66)
(0.4 0.02 0.6600000000000001)
(0.45 0.02 0.66)
(0.5 0.02 0.6600000000000001)
(0.55 0.02 0.66)
(0.6 0.02 0.66)
(0.65 0.02 0.66)
(0.7000000000000001 0.02 0.66)
(0.75 0.02 0.6600000000000001)
(0.8 0.02 0.66)
(0.85 0.02 0.6600000000000001)
(0.9 0.02 0.66)
(0.9500000000000001 0.02 0.6600000000000001)
(1 0.02 0.66)
(-1 0.025 0.66)
(-0.9500000000000001 0.025 0.66)
(-0.9 0.025 0.66)
(-0.85 0.025 0.6600000000000001)
(-0.8 0.025 0.6600000000000001)
(-0.75 0.025 0.66)
(-0.7000000000000001 0.025 0.66)
(-0.65 0.025 0.66)
(-0.6 0.025 0.6600000000000001)
(-0.55 0.025 0.6600000000000001)
(-0.5 0.025 0.66)
(-0.45 0.025 0.66)
(-0.4 0.025 0.66)
(-0.35 0.025 0.6600000000000001)
(-0.3000000000000001 0.025 0.66)
(-0.25 0.025 0.66)
(-0.2 0.025 0.66)
(-0.15 0.025 0.66)
(-0.1 0.025 0.6600000000000001)
(-0.05000000000000007 0.025 0.66)
(0 0.025 0.66)
(0.0500000000000001 0.025 0.66)
(0.1000000000000001 0.025 0.66)
(0.1499999999999999 0.025 0.66)
(0.2 0.025 0.66)
(0.25 0.025 0.6600000000000001)
(0.3 0.025 0.66)
(0.3500000000000001 0.025 0.6600000000000001)
(0.3999999999999999 0.025 0.66)
(0.45 0.025 0.66)
(0.5 0.025 0.66)
(0.55 0.025 0.6600000000000001)
(0.6000000000000001 0.025 0.66)
(0.65 0.025 0.6600000000000001)
(0.7000000000000001 0.025 0.66)
(0.75 0.025 0.66)
(0.8 0.025 0.6600000000000001)
(0.85 0.025 0.66)
(0.9 0.025 0.66)
(0.9500000000000001 0.025 0.66)
(1 0.025 0.66)
(-1 0.03 0.66)
(-0.9500000000000001 0.03 0.6600000000000001)
(-0.9 0.03 0.66)
(-0.85 0.03 0.6600000000000001)
(-0.8 0.03 0.6599999999999999)
(-0.75 0.03 0.66)
(-0.7000000000000001 0.03 0.66)
(-0.65 0.03000000000000001 0.6600000000000001)
(-0.6 0.03 0.6600000000000001)
(-0.5499999999999999 0.03 0.6600000000000001)
(-0.5 0.03 0.66)
(-0.45 0.03 0.66)
(-0.4 0.03 0.6600000000000001)
(-0.35 0.03 0.66)
(-0.3 0.03 0.66)
(-0.25 0.03 0.66)
(-0.2 0.03 0.6599999999999999)
(-0.15 0.03 0.6599999999999999)
(-0.1 0.03 0.66)
(-0.0500000000000001 0.03 0.66)
(0 0.03 0.66)
(0.05000000000000005 0.03 0.66)
(0.1000000000000001 0.03 0.6599999999999999)
(0.1499999999999999 0.03 0.6599999999999999)
(0.2 0.03 0.66)
(0.25 0.03 0.66)
(0.3 0.03 0.66)
(0.35 0.03 0.66)
(0.3999999999999999 0.03 0.66)
(0.45 0.03 0.66)
(0.5 0.03 0.6600000000000001)
(0.5499999999999999 0.03 0.6600000000000001)
(0.6 0.03 0.6600000000000001)
(0.65 0.03 0.66)
(0.7000000000000001 0.03 0.66)
(0.75 0.03 0.66)
(0.8 0.03 0.6599999999999999)
(0.85 0.03 0.66)
(0.9 0.03 0.66)
(0.9500000000000001 0.03 0.66)
(1 0.03 0.66)
(-1 0.035 0.66)
(-0.9500000000000001 0.035 0.6599999999999999)
(-0.9 0.035 0.6600000000000001)
(-0.85 0.035 0.6600000000000001)
(-0.8 0.035 0.66)
(-0.75 0.035 0.6600000000000001)
(-0.7000000000000001 0.035 0.66)
(-0.65 0.035 0.6599999999999999)
(-0.6 0.035 0.66)
(-0.55 0.035 0.66)
(-0.5 0.035 0.66)
(-0.45 0.035 0.66)
(-0.4 0.035 0.66)
(-0.35 0.035 0.66)
(-0.3000000000000001 0.035 0.66)
(-0.25 0.035 0.66)
(-0.2 0.035 0.66)
(-0.15 0.035 0.6600000000000001)
(-0.1 0.035 0.6600000000000001)
(-0.05000000000000011 0.035 0.66)
(0 0.035 0.66)
(0.05000000000000011 0.035 0.66)
(0.1000000000000001 0.035 0.6600000000000001)
(0.1499999999999999 0.035 0.66)
(0.2 0.035 0.66)
(0.25 0.035 0.66)
(0.3 0.035 0.66)
(0.35 0.035 0.66)
(0.3999999999999999 0.035 0.66)
(0.45 0.035 0.66)
(0.5 0.035 0.66)
(0.55 0.035 0.66)
(0.6 0.035 0.6599999999999999)
(0.65 0.035 0.6599999999999999)
(0.7000000000000001 0.035 0.66)
(0.75 0.035 0.66)
(0.8 0.035 0.6600000000000001)
(0.85 0.035 0.66)
(0.9 0.035 0.6600000000000001)
(0.9500000000000001 0.035 0.6600000000000001)
(1 0.035 0.66)
(-1 0.04 0.66)
(-0.9500000000000001 0.04 0.6600000000000001)
(-0.9 0.04 0.66)
(-0.85 0.04 0.66)
(-0.8 0.04 0.66)
(-0.75 0.04 0.6600000000000001)
(-0.7000000000000001 0.04 0.66)
(-0.65 0.04 0.6600000000000001)
(-0.6 0.04000000000000001 0.66)
(-0.55 0.04000000000000001 0.66)
(-0.5 0.04 0.66)
(-0.45 0.04 0.66)
(-0.4 0.04 0.66)
(-0.35 0.04 0.6600000000000001)
(-0.3 0.04 0.66)
(-0.25 0.04 0.66)
(-0.2 0.04 0.66)
(-0.15 0.04 0.6600000000000001)
(-0.09999999999999995 0.04 0.6600000000000001)
(-0.05000000000000008 0.04 0.66)
(0 0.04 0.66)
(0.0500000000000001 0.04 0.66)
(0.1000000000000001 0.04 0.66)
(0.1499999999999999 0.04000000000000001 0.6600000000000001)
(0.2 0.04 0.66)
(0.25 0.04 0.66)
(0.3 0.04 0.66)
(0.35 0.04 0.66)
(0.4 0.04 0.66)
(0.45 0.04 0.66)
(0.5 0.04 0.66)
(0.55 0.04000000000000001 0.66)
(0.6 0.04 0.66)
(0.65 0.04 0.6600000000000001)
(0.7000000000000001 0.03999999999999999 0.66)
(0.75 0.04 0.6600000000000001)
(0.8 0.04000000000000001 0.66)
(0.85 0.04000000000000001 0.6600000000000001)
(0.9 0.04000000000000001 0.66)
(0.9500000000000001 0.04 0.6600000000000001)
(1 0.04 0.66)
(-1 0.045 0.66)
(-0.9500000000000001 0.045 0.66)
(-0.9 0.045 0.6600000000000001)
(-0.85 0.045 0.6599999999999999)
(-0.8 0.045 0.66)
(-0.75 0.045 0.6600000000000001)
(-0.7000000000000001 0.045 0.6600000000000001)
(-0.65 0.045 0.6599999999999999)
(-0.6 0.04500000000000001 0.66)
(-0.55 0.045 0.66)
(-0.5 0.045 0.6600000000000001)
(-0.45 0.045 0.66)
(-0.4 0.045 0.66)
(-0.3500000000000001 0.045 0.6600000000000001)
(-0.3 0.045 0.6600000000000001)
(-0.25 0.045 0.66)
(-0.2 0.045 0.6600000000000001)
(-0.15 0.045 0.66)
(-0.1 0.04500000000000001 0.6600000000000001)
(-0.05000000000000004 0.045 0.66)
(0 0.045 0.66)
(0.05000000000000004 0.045 0.66)
(0.1000000000000001 0.045 0.6600000000000001)
(0.1499999999999999 0.045 0.66)
(0.2 0.04500000000000001 0.6600000000000001)
(0.25 0.045 0.66)
(0.3 0.045 0.6600000000000001)
(0.35 0.045 0.66)
(0.4 0.045 0.6600000000000001)
(0.45 0.045 0.66)
(0.5 0.045 0.6600000000000001)
(0.55 0.045 0.66)
(0.6 0.045 0.6599999999999999)
(0.65 0.04499999999999999 0.6599999999999999)
(0.7000000000000001 0.045 0.6600000000000001)
(0.75 0.045 0.6600000000000001)
(0.8 0.04500000000000001 0.66)
(0.85 0.045 0.66)
(0.9 0.045 0.6600000000000001)
(0.9500000000000001 0.045 0.6600000000000001)
(1 0.045 0.66)
(-1 0.05 0.66)
(-0.9500000000000001 0.05 0.66)
(-0.9 0.05 0.66)
(-0.85 0.05 0.66)
(-0.8 0.05 0.66)
(-0.75 0.05 0.66)
(-0.7000000000000001 0.05 0.66)
(-0.65 0.05 0.66)
(-0.6 0.05 0.66)
(-0.55 0.05 0.66)
(-0.5 0.05 0.66)
(-0.45 0.05 0.66)
(-0.4 0.05 0.66)
(-0.35 0.05000000000000001 0.66)
(-0.3 0.05 0.66)
(-0.25 0.05 0.66)
(-0.2 0.05 0.66)
(-0.15 0.05 0.66)
(-0.1 0.05 0.66)
(-0.05000000000000004 0.05 0.66)
(0 0.05 0.66)
(0.05000000000000004 0.05 0.66)
(0.1000000000000001 0.05 0.66)
(0.1499999999999999 0.05000000000000001 0.66)
(0.2 0.05 0.66)
(0.25 0.05 0.66)
(0.3 0.05 0.66)
(0.35 0.05000000000000001 0.66)
(0.4 0.05 0.66)
(0.45 0.05 0.66)
(0.5 0.05 0.66)
(0.55 0.05 0.66)
(0.6 0.05 0.66)
(0.65 0.05 0.66)
(0.7000000000000001 0.05 0.66)
(0.75 0.05 0.66)
(0.8 0.05 0.66)
(0.85 0.05 0.66)
(0.9 0.05 0.66)
(0.9500000000000001 0.05 0.66)
(1 0.05 0.66)
(-1 0.055 0.66)
(-0.9500000000000001 0.055 0.66)
(-0.9 0.055 0.66)
(-0.85 0.055 0.66)
(-0.8 0.055 0.66)
(-0.75 0.05500000000000001 0.66)
(-0.7000000000000001 0.055 0.6600000000000001)
(-0.65 0.055 0.6599999999999999)
(-0.6 0.055 0.6599999999999999)
(-0.55 0.055 0.66)
(-0.5 0.055 0.66)
(-0.45 0.055 0.66)
(-0.4 0.055 0.6599999999999999)
(-0.35 0.05500000000000001 0.6600000000000001)
(-0.3 0.055 0.6600000000000001)
(-0.25 0.055 0.66)
(-0.2 0.055 0.66)
(-0.15 0.055 0.66)
(-0.1 0.055 0.6600000000000001)
(-0.05000000000000008 0.055 0.66)
(0 0.055 0.66)
(0.0500000000000001 0.05500000000000001 0.66)
(0.1000000000000001 0.055 0.6600000000000001)
(0.1499999999999999 0.055 0.66)
(0.2 0.055 0.66)
(0.25 0.055 0.66)
(0.3 0.055 0.6600000000000001)
(0.35 0.055 0.6599999999999999)
(0.4 0.055 0.66)
(0.45 0.055 0.66)
(0.5 0.055 0.66)
(0.55 0.055 0.66)
(0.6 0.055 0.6599999999999999)
(0.65 0.055 0.6599999999999999)
(0.7000000000000001 0.055 0.66)
(0.75 0.05500000000000001 0.6600000000000001)
(0.8 0.055 0.66)
(0.85 0.055 0.6599999999999999)
(0.9 0.055 0.66)
(0.9500000000000001 0.055 0.6600000000000001)
(1 0.055 0.66)
(-1 0.06 0.66)
(-0.9500000000000001 0.06 0.66)
(-0.9 0.06 0.66)
(-0.85 0.06 0.66)
(-0.8 0.06 0.6600000000000001)
(-0.7500000000000001 0.06 0.6600000000000001)
(-0.7000000000000001 0.06 0.66)
(-0.65 0.06 0.66)
(-0.6 0.06 0.66)
(-0.55 0.06 0.66)
(-0.5 0.06 0.66)
(-0.45 0.06 0.6599999999999999)
(-0.4 0.06 0.6599999999999999)
(-0.35 0.06000000000000001 0.6600000000000001)
(-0.3 0.06 0.66)
(-0.25 0.06 0.66)
(-0.2 0.06 0.66)
(-0.15 0.06 0.6600000000000001)
(-0.09999999999999998 0.06000000000000001 0.6600000000000001)
(-0.0500000000000001 0.06 0.66)
(0 0.06 0.66)
(0.05000000000000011 0.06 0.66)
(0.1000000000000001 0.06 0.66)
(0.1499999999999999 0.06 0.6600000000000001)
(0.2 0.06 0.66)
(0.25 0.06 0.66)
(0.3 0.06 0.66)
(0.35 0.06 0.6599999999999999)
(0.4 0.06 0.66)
(0.45 0.06 0.66)
(0.5 0.06 0.66)
(0.55 0.06 0.66)
(0.6 0.06 0.66)
(0.65 0.06 0.66)
(0.7000000000000001 0.06 0.66)
(0.7500000000000001 0.06 0.6600000000000001)
(0.8 0.06 0.6599999999999999)
(0.85 0.06000000000000001 0.6600000000000001)
(0.9 0.06 0.66)
(0.9500000000000001 0.06 0.66)
(1 0.06 0.66)
(-1 0.065 0.66)
(-0.9500000000000001 0.065 0.66)
(-0.9 0.065 0.6600000000000001)
(-0.85 0.065 0.6600000000000001)
(-0.8000000000000002 0.065 0.66)
(-0.75 0.065 0.66)
(-0.7000000000000001 0.065 0.66)
(-0.65 0.065 0.66)
(-0.6 0.065 0.66)
(-0.55 0.065 0.66)
(-0.5 0.065 0.66)
(-0.45 0.065 0.66)
(-0.4 0.065 0.66)
(-0.35 0.065 0.66)
(-0.3000000000000001 0.065 0.66)
(-0.25 0.065 0.66)
(-0.2 0.065 0.66)
(-0.15 0.06500000000000002 0.66)
(-0.1 0.065 0.6600000000000001)
(-0.05000000000000011 0.065 0.66)
(0 0.065 0.66)
(0.05000000000000011 0.06499999999999999 0.66)
(0.1000000000000001 0.06500000000000002 0.6600000000000001)
(0.1499999999999999 0.065 0.66)
(0.2 0.065 0.66)
(0.25 0.065 0.66)
(0.3 0.065 0.66)
(0.35 0.06500000000000002 0.66)
(0.3999999999999999 0.065 0.6600000000000001)
(0.45 0.065 0.66)
(0.5 0.065 0.66)
(0.55 0.065 0.66)
(0.6 0.065 0.66)
(0.65 0.065 0.66)
(0.7000000000000001 0.065 0.66)
(0.75 0.065 0.6600000000000001)
(0.8000000000000002 0.065 0.6600000000000001)
(0.85 0.065 0.66)
(0.9 0.065 0.6600000000000001)
(0.9500000000000001 0.06500000000000002 0.6600000000000001)
(1 0.065 0.66)
(-1 0.07000000000000001 0.66)
(-0.9500000000000001 0.07000000000000001 0.66)
(-0.9 0.07000000000000001 0.66)
(-0.85 0.07000000000000001 0.6600000000000001)
(-0.8 0.07000000000000001 0.66)
(-0.75 0.07000000000000001 0.6600000000000001)
(-0.7000000000000001 0.07000000000000001 0.66)
(-0.65 0.07000000000000001 0.6600000000000001)
(-0.6 0.07000000000000001 0.6600000000000001)
(-0.55 0.07000000000000001 0.6600000000000001)
(-0.5 0.07000000000000001 0.66)
(-0.45 0.07000000000000001 0.66)
(-0.4 0.06999999999999999 0.6600000000000001)
(-0.35 0.07000000000000001 0.66)
(-0.3 0.06999999999999999 0.66)
(-0.2500000000000001 0.07000000000000001 0.66)
(-0.2 0.07000000000000001 0.66)
(-0.15 0.07000000000000001 0.6599999999999999)
(-0.09999999999999998 0.07000000000000001 0.66)
(-0.05000000000000004 0.07000000000000001 0.66)
(0 0.07000000000000001 0.66)
(0.05000000000000004 0.07000000000000001 0.66)
(0.1000000000000001 0.07000000000000001 0.66)
(0.1499999999999999 0.07000000000000001 0.6599999999999999)
(0.2 0.07000000000000001 0.66)
(0.25 0.07000000000000001 0.66)
(0.3 0.07000000000000001 0.66)
(0.35 0.07000000000000001 0.66)
(0.4 0.07000000000000001 0.66)
(0.45 0.07000000000000001 0.66)
(0.5 0.07000000000000001 0.66)
(0.55 0.07000000000000001 0.6600000000000001)
(0.6 0.07000000000000001 0.6600000000000001)
(0.65 0.07000000000000001 0.6600000000000001)
(0.7000000000000001 0.07000000000000001 0.66)
(0.75 0.07000000000000001 0.6600000000000001)
(0.8 0.06999999999999999 0.66)
(0.85 0.07000000000000001 0.6599999999999999)
(0.9 0.07000000000000001 0.66)
(0.9500000000000001 0.07000000000000001 0.6600000000000001)
(1 0.07000000000000001 0.66)
(-1 0.075 0.66)
(-0.9500000000000001 0.075 0.66)
(-0.9 0.075 0.66)
(-0.85 0.075 0.6600000000000001)
(-0.8 0.075 0.6600000000000001)
(-0.75 0.075 0.66)
(-0.7000000000000001 0.075 0.66)
(-0.65 0.075 0.66)
(-0.6 0.07500000000000001 0.6600000000000001)
(-0.55 0.075 0.6600000000000001)
(-0.5 0.075 0.66)
(-0.45 0.075 0.66)
(-0.4 0.075 0.66)
(-0.35 0.075 0.6600000000000001)
(-0.3000000000000001 0.075 0.66)
(-0.25 0.075 0.66)
(-0.2 0.075 0.66)
(-0.15 0.075 0.66)
(-0.1 0.075 0.6600000000000001)
(-0.05000000000000008 0.075 0.66)
(0 0.075 0.66)
(0.0500000000000001 0.075 0.66)
(0.1000000000000001 0.075 0.66)
(0.1499999999999999 0.075 0.66)
(0.2 0.075 0.66)
(0.25 0.075 0.66)
(0.3 0.075 0.66)
(0.3500000000000001 0.075 0.6600000000000001)
(0.3999999999999999 0.075 0.6600000000000001)
(0.45 0.075 0.66)
(0.5 0.075 0.66)
(0.55 0.075 0.6600000000000001)
(0.6000000000000001 0.075 0.6600000000000001)
(0.65 0.075 0.66)
(0.7000000000000001 0.075 0.66)
(0.75 0.075 0.66)
(0.8 0.075 0.6600000000000001)
(0.85 0.075 0.66)
(0.9 0.075 0.6599999999999999)
(0.9500000000000001 0.075 0.66)
(1 0.075 0.66)
(-1 0.08 0.66)
(-0.9500000000000001 0.08 0.66)
(-0.9 0.08 0.6599999999999999)
(-0.85 0.08000000000000002 0.6600000000000001)
(-0.8 0.08 0.66)
(-0.75 0.08 0.66)
(-0.7000000000000001 0.08 0.6599999999999999)
(-0.65 0.08 0.66)
(-0.6 0.08000000000000002 0.6600000000000001)
(-0.55 0.08000000000000002 0.6600000000000001)
(-0.5 0.08 0.66)
(-0.45 0.08 0.66)
(-0.4 0.08 0.6600000000000001)
(-0.35 0.08 0.66)
(-0.3 0.08 0.6599999999999999)
(-0.25 0.08 0.66)
(-0.1999999999999999 0.08 0.66)
(-0.1499999999999999 0.08000000000000002 0.66)
(-0.1 0.08 0.6599999999999999)
(-0.05000000000000007 0.08 0.6600000000000001)
(0 0.08 0.66)
(0.05000000000000007 0.08 0.6600000000000001)
(0.1000000000000001 0.08 0.6599999999999999)
(0.1499999999999999 0.08000000000000002 0.66)
(0.1999999999999999 0.08 0.66)
(0.25 0.08 0.66)
(0.3 0.08 0.6599999999999999)
(0.35 0.08 0.6599999999999999)
(0.4 0.08 0.6600000000000001)
(0.45 0.08 0.66)
(0.5 0.08000000000000002 0.66)
(0.55 0.08000000000000002 0.66)
(0.6 0.08 0.66)
(0.65 0.08000000000000002 0.66)
(0.7000000000000001 0.07999999999999999 0.66)
(0.75 0.08 0.6600000000000001)
(0.8 0.08000000000000002 0.66)
(0.85 0.08000000000000002 0.6600000000000001)
(0.9 0.08 0.66)
(0.9500000000000001 0.08 0.66)
(1 0.08 0.66)
(-1 0.08500000000000001 0.66)
(-0.9500000000000001 0.08500000000000001 0.66)
(-0.9 0.08500000000000001 0.66)
(-0.85 0.08500000000000001 0.66)
(-0.8 0.08500000000000001 0.6600000000000001)
(-0.75 0.08500000000000001 0.66)
(-0.7000000000000001 0.08500000000000001 0.66)
(-0.65 0.08500000000000001 0.6599999999999999)
(-0.6 0.08500000000000002 0.66)
(-0.55 0.08500000000000001 0.66)
(-0.5 0.08500000000000001 0.66)
(-0.45 0.08500000000000001 0.66)
(-0.4 0.08500000000000001 0.66)
(-0.35 0.08500000000000001 0.66)
(-0.3 0.08500000000000001 0.66)
(-0.2500000000000001 0.08500000000000001 0.66)
(-0.2 0.08500000000000001 0.66)
(-0.15 0.08500000000000001 0.66)
(-0.1 0.08500000000000001 0.6600000000000001)
(-0.05000000000000003 0.08500000000000001 0.66)
(0 0.08500000000000001 0.66)
(0.05000000000000003 0.08500000000000001 0.6599999999999999)
(0.1000000000000001 0.08500000000000001 0.66)
(0.1499999999999999 0.08500000000000001 0.66)
(0.2 0.08500000000000001 0.66)
(0.25 0.08500000000000001 0.66)
(0.3 0.08500000000000001 0.66)
(0.35 0.08500000000000001 0.66)
(0.4 0.08500000000000001 0.6600000000000001)
(0.45 0.08500000000000001 0.66)
(0.5 0.08500000000000001 0.66)
(0.55 0.08500000000000001 0.66)
(0.6 0.08500000000000001 0.6599999999999999)
(0.65 0.08500000000000001 0.6599999999999999)
(0.7000000000000001 0.08500000000000001 0.66)
(0.75 0.08500000000000001 0.66)
(0.8 0.08500000000000001 0.6600000000000001)
(0.85 0.08500000000000001 0.6600000000000001)
(0.9 0.08500000000000001 0.6600000000000001)
(0.9500000000000001 0.08500000000000001 0.66)
(1 0.08500000000000001 0.66)
(-1 0.09 0.66)
(-0.9500000000000001 0.09 0.66)
(-0.9 0.09 0.6600000000000001)
(-0.8499999999999999 0.09 0.66)
(-0.8 0.09 0.66)
(-0.75 0.09 0.66)
(-0.7000000000000001 0.09 0.6600000000000001)
(-0.6500000000000001 0.09000000000000002 0.66)
(-0.6 0.09000000000000002 0.6600000000000001)
(-0.55 0.09 0.6600000000000001)
(-0.5 0.09 0.6600000000000001)
(-0.45 0.09 0.66)
(-0.4 0.09 0.66)
(-0.35 0.09 0.6600000000000001)
(-0.3 0.09 0.66)
(-0.25 0.09 0.66)
(-0.2 0.09 0.66)
(-0.15 0.09 0.66)
(-0.1 0.09000000000000002 0.66)
(-0.05 0.09 0.66)
(0 0.09 0.66)
(0.05 0.09 0.66)
(0.1000000000000001 0.09 0.6599999999999999)
(0.1499999999999999 0.09 0.6600000000000001)
(0.2 0.09 0.66)
(0.25 0.09 0.66)
(0.3 0.09 0.6600000000000001)
(0.35 0.09 0.6600000000000001)
(0.4 0.09 0.66)
(0.45 0.09 0.66)
(0.5 0.09 0.6600000000000001)
(0.55 0.09 0.6600000000000001)
(0.6 0.09000000000000002 0.66)
(0.65 0.08999999999999998 0.66)
(0.7000000000000001 0.09 0.6600000000000001)
(0.75 0.09 0.66)
(0.8 0.09 0.66)
(0.85 0.09 0.6599999999999999)
(0.9 0.09 0.6600000000000001)
(0.9500000000000001 0.09000000000000002 0.6600000000000001)
(1 0.09 0.66)
(-1 0.095 0.66)
(-0.9500000000000001 0.095 0.66)
(-0.9 0.095 0.6599999999999999)
(-0.85 0.095 0.66)
(-0.8000000000000002 0.095 0.6600000000000001)
(-0.75 0.095 0.66)
(-0.7000000000000001 0.095 0.6600000000000001)
(-0.65 0.095 0.66)
(-0.6 0.095 0.66)
(-0.55 0.095 0.66)
(-0.5 0.095 0.66)
(-0.45 0.095 0.66)
(-0.3999999999999999 0.095 0.66)
(-0.35 0.095 0.66)
(-0.3 0.095 0.6600000000000001)
(-0.2500000000000001 0.095 0.66)
(-0.2 0.095 0.66)
(-0.1499999999999999 0.09499999999999999 0.6600000000000001)
(-0.1 0.095 0.6600000000000001)
(-0.05 0.095 0.66)
(0 0.095 0.66)
(0.05000000000000003 0.095 0.6600000000000001)
(0.1000000000000001 0.095 0.6600000000000001)
(0.1499999999999999 0.095 0.6600000000000001)
(0.2 0.095 0.66)
(0.25 0.09500000000000001 0.66)
(0.3 0.09499999999999999 0.66)
(0.35 0.095 0.66)
(0.4 0.095 0.66)
(0.4500000000000001 0.095 0.66)
(0.5 0.09499999999999999 0.66)
(0.55 0.095 0.66)
(0.6 0.095 0.66)
(0.6500000000000001 0.095 0.6600000000000001)
(0.7000000000000001 0.095 0.6600000000000001)
(0.75 0.09499999999999999 0.6599999999999999)
(0.8000000000000002 0.095 0.6600000000000001)
(0.85 0.095 0.66)
(0.8999999999999999 0.09499999999999999 0.6599999999999999)
(0.9500000000000001 0.095 0.6600000000000001)
(1 0.095 0.66)
(-1 0.1 0.66)
(-0.9500000000000001 0.1 0.66)
(-0.9 0.1 0.66)
(-0.85 0.1 0.66)
(-0.8 0.1 0.66)
(-0.75 0.1 0.66)
(-0.7000000000000001 0.1 0.66)
(-0.65 0.1 0.66)
(-0.6 0.1 0.66)
(-0.55 0.1 0.66)
(-0.5 0.1 0.66)
(-0.45 0.1 0.66)
(-0.4 0.1 0.66)
(-0.35 0.1 0.66)
(-0.3 0.1 0.66)
(-0.25 0.1 0.66)
(-0.2 0.1 0.66)
(-0.15 0.1 0.66)
(-0.1 0.1 0.66)
(-0.05000000000000004 0.1 0.66)
(0 0.1 0.66)
(0.05000000000000004 0.1 0.66)
(0.1000000000000001 0.1 0.66)
(0.1499999999999999 0.1 0.66)
(0.2 0.1 0.66)
(0.25 0.1 0.66)
(0.3 0.1 0.66)
(0.35 0.1 0.66)
(0.4 0.1 0.66)
(0.45 0.1 0.66)
(0.5 0.1 0.66)
(0.55 0.1 0.66)
(0.6 0.1 0.66)
(0.65 0.1 0.66)
(0.7000000000000001 0.1 0.66)
(0.75 0.1 0.66)
(0.8 0.1 0.66)
(0.85 0.1 0.66)
(0.9 0.1 0.66)
(0.9500000000000001 0.1 0.66)
(1 0.1 0.66)
(-1 0 0.6900000000000001)
(-0.9500000000000001 0 0.6899999999999998)
(-0.9 0 0.6900000000000001)
(-0.85 0 0.6900000000000001)
(-0.8 0 0.6900000000000001)
(-0.75 0 0.6900000000000001)
(-0.7000000000000001 0 0.6900000000000001)
(-0.65 0 0.6900000000000001)
(-0.6 0 0.6900000000000001)
(-0.55 0 0.6900000000000001)
(-0.5 0 0.6900000000000001)
(-0.45 0 0.6900000000000001)
(-0.4 0 0.6900000000000001)
(-0.35 0 0.6900000000000001)
(-0.3 0 0.6900000000000001)
(-0.25 0 0.6900000000000001)
(-0.2 0 0.6900000000000001)
(-0.1499999999999999 0 0.6900000000000001)
(-0.1 0 0.6900000000000001)
(-0.05000000000000003 0 0.6900000000000001)
(0 0 0.6900000000000001)
(0.05 0 0.6900000000000001)
(0.1000000000000001 0 0.6900000000000001)
(0.1499999999999999 0 0.6900000000000001)
(0.2 0 0.6900000000000001)
(0.25 0 0.6900000000000001)
(0.3 0 0.6900000000000001)
(0.35 0 0.6900000000000001)
(0.4 0 0.6900000000000001)
(0.45 0 0.6900000000000001)
(0.5 0 0.6900000000000001)
(0.55 0 0.6900000000000001)
(0.6 0 0.6899999999999998)
(0.65 0 0.6900000000000001)
(0.7000000000000001 0 0.6900000000000001)
(0.75 0 0.6900000000000001)
(0.8 0 0.6900000000000001)
(0.85 0 0.6899999999999998)
(0.9 0 0.6900000000000001)
(0.9500000000000001 0 0.6899999999999998)
(1 0 0.6900000000000001)
(-1 0.005 0.6900000000000001)
(-0.9500000000000001 0.005000000000000001 0.6900000000000001)
(-0.9 0.005 0.6900000000000001)
(-0.85 0.005000000000000001 0.6899999999999998)
(-0.8 0.005000000000000001 0.6900000000000001)
(-0.75 0.005 0.6900000000000001)
(-0.7000000000000001 0.005 0.6900000000000001)
(-0.65 0.005 0.6899999999999998)
(-0.6 0.005000000000000001 0.6899999999999998)
(-0.55 0.005000000000000001 0.6900000000000001)
(-0.5 0.005000000000000001 0.6900000000000002)
(-0.45 0.005 0.6899999999999998)
(-0.4 0.005 0.6899999999999998)
(-0.35 0.005 0.6900000000000002)
(-0.3 0.005 0.6900000000000002)
(-0.25 0.005 0.6899999999999998)
(-0.1999999999999999 0.005 0.6899999999999998)
(-0.1499999999999999 0.005000000000000001 0.6900000000000001)
(-0.09999999999999998 0.005000000000000001 0.6900000000000002)
(-0.05000000000000003 0.005 0.6899999999999998)
(0 0.005000000000000001 0.6900000000000001)
(0.05000000000000004 0.005 0.6899999999999998)
(0.1000000000000001 0.005000000000000001 0.6900000000000002)
(0.1499999999999999 0.005000000000000001 0.6900000000000001)
(0.1999999999999999 0.004999999999999999 0.6899999999999998)
(0.25 0.005 0.6899999999999998)
(0.3 0.005000000000000001 0.6900000000000002)
(0.35 0.005 0.6900000000000001)
(0.3999999999999999 0.005 0.6899999999999998)
(0.45 0.005000000000000001 0.6899999999999998)
(0.5 0.005 0.6900000000000001)
(0.55 0.005000000000000001 0.6900000000000002)
(0.6 0.005 0.6899999999999998)
(0.65 0.005 0.6900000000000001)
(0.7000000000000001 0.005000000000000001 0.6900000000000001)
(0.75 0.005000000000000001 0.6900000000000002)
(0.8 0.005000000000000001 0.6900000000000002)
(0.85 0.005 0.6899999999999998)
(0.9 0.005 0.6900000000000002)
(0.9500000000000001 0.005000000000000001 0.6899999999999998)
(1 0.005 0.6900000000000001)
(-1 0.01 0.6900000000000001)
(-0.9500000000000001 0.01 0.6900000000000002)
(-0.9 0.01 0.6900000000000001)
(-0.85 0.01 0.6900000000000001)
(-0.8 0.01 0.6900000000000001)
(-0.75 0.01 0.6900000000000001)
(-0.7000000000000001 0.01 0.6900000000000001)
(-0.65 0.01 0.6900000000000002)
(-0.6 0.01 0.6900000000000001)
(-0.55 0.01 0.6900000000000001)
(-0.5 0.01 0.6900000000000001)
(-0.45 0.01 0.6900000000000002)
(-0.4 0.009999999999999998 0.6900000000000001)
(-0.35 0.01 0.6900000000000002)
(-0.3 0.01 0.6900000000000001)
(-0.25 0.01 0.6900000000000001)
(-0.2 0.01 0.6900000000000001)
(-0.15 0.01 0.6900000000000002)
(-0.1000000000000001 0.01 0.6899999999999998)
(-0.05 0.01 0.6900000000000001)
(0 0.01 0.6900000000000001)
(0.05 0.01 0.6900000000000001)
(0.1000000000000001 0.01 0.6899999999999998)
(0.1499999999999999 0.01 0.6900000000000002)
(0.2 0.009999999999999998 0.6899999999999998)
(0.25 0.01 0.6900000000000001)
(0.3 0.01 0.6900000000000002)
(0.3500000000000001 0.01 0.6900000000000002)
(0.3999999999999999 0.01 0.6900000000000001)
(0.45 0.01 0.6900000000000001)
(0.5 0.01 0.6900000000000002)
(0.55 0.01 0.6900000000000001)
(0.6 0.01 0.6900000000000001)
(0.65 0.01 0.6900000000000002)
(0.7000000000000001 0.01 0.6900000000000001)
(0.75 0.01 0.6899999999999998)
(0.8 0.009999999999999998 0.6900000000000002)
(0.85 0.01 0.6900000000000001)
(0.9 0.01 0.6900000000000001)
(0.9500000000000001 0.01 0.6899999999999998)
(1 0.01 0.6900000000000001)
(-1 0.015 0.6900000000000001)
(-0.9500000000000001 0.015 0.6900000000000001)
(-0.9 0.015 0.6900000000000002)
(-0.85 0.015 0.6900000000000001)
(-0.8 0.015 0.6900000000000001)
(-0.75 0.015 0.6900000000000001)
(-0.7000000000000001 0.015 0.6900000000000002)
(-0.65 0.015 0.6900000000000002)
(-0.6 0.015 0.6900000000000001)
(-0.55 0.015 0.6900000000000002)
(-0.5 0.015 0.6900000000000001)
(-0.45 0.015 0.6900000000000001)
(-0.4 0.015 0.6900000000000001)
(-0.35 0.015 0.6900000000000002)
(-0.3 0.015 0.6900000000000001)
(-0.25 0.015 0.6900000000000001)
(-0.2 0.015 0.6900000000000002)
(-0.15 0.015 0.6900000000000001)
(-0.1 0.015 0.6900000000000001)
(-0.05000000000000004 0.015 0.6899999999999998)
(0 0.015 0.6900000000000001)
(0.05000000000000003 0.015 0.6899999999999998)
(0.1000000000000001 0.015 0.6900000000000001)
(0.1499999999999999 0.015 0.6900000000000001)
(0.2 0.015 0.6900000000000001)
(0.25 0.015 0.6900000000000001)
(0.3 0.015 0.6900000000000001)
(0.35 0.015 0.6900000000000001)
(0.4 0.015 0.6900000000000001)
(0.45 0.015 0.6899999999999998)
(0.5 0.015 0.6900000000000001)
(0.55 0.015 0.6900000000000002)
(0.6 0.015 0.6899999999999998)
(0.65 0.015 0.6900000000000001)
(0.7000000000000001 0.015 0.6900000000000002)
(0.75 0.015 0.6900000000000001)
(0.8 0.015 0.6900000000000001)
(0.85 0.015 0.6899999999999998)
(0.9 0.015 0.6900000000000002)
(0.9500000000000001 0.015 0.6899999999999998)
(1 0.015 0.6900000000000001)
(-1 0.02 0.6900000000000001)
(-0.9500000000000001 0.02 0.6900000000000001)
(-0.9 0.02 0.6900000000000001)
(-0.85 0.02 0.6900000000000001)
(-0.8 0.02 0.6900000000000001)
(-0.75 0.02 0.6900000000000001)
(-0.7000000000000001 0.02 0.6900000000000001)
(-0.65 0.02 0.6899999999999998)
(-0.6 0.02 0.6899999999999998)
(-0.55 0.02 0.6899999999999998)
(-0.5 0.02 0.6900000000000001)
(-0.45 0.02 0.6900000000000001)
(-0.4 0.02 0.6899999999999998)
(-0.35 0.02 0.6900000000000001)
(-0.3 0.02 0.6900000000000001)
(-0.25 0.02 0.6900000000000001)
(-0.2 0.02 0.6900000000000002)
(-0.1499999999999999 0.02 0.6900000000000002)
(-0.1000000000000001 0.02 0.6900000000000002)
(-0.05000000000000005 0.02 0.6900000000000002)
(0 0.02 0.6900000000000001)
(0.05000000000000004 0.02 0.6900000000000001)
(0.1000000000000001 0.02 0.6900000000000002)
(0.1499999999999999 0.02 0.6900000000000002)
(0.2 0.02 0.6900000000000002)
(0.25 0.02 0.6900000000000001)
(0.3 0.02 0.6900000000000001)
(0.35 0.02 0.6900000000000001)
(0.4 0.02 0.6900000000000001)
(0.45 0.02 0.6900000000000001)
(0.5 0.02 0.6899999999999998)
(0.55 0.02 0.6899999999999998)
(0.6 0.02 0.6899999999999998)
(0.65 0.02 0.6899999999999998)
(0.7000000000000001 0.02 0.6899999999999998)
(0.75 0.02 0.6900000000000001)
(0.8 0.02 0.6900000000000002)
(0.85 0.02 0.6899999999999998)
(0.9 0.02 0.6900000000000001)
(0.9500000000000001 0.02 0.6899999999999998)
(1 0.02 0.6900000000000001)
(-1 0.025 0.6900000000000001)
(-0.9500000000000001 0.025 0.6900000000000001)
(-0.9 0.025 0.6900000000000001)
(-0.85 0.025 0.6900000000000001)
(-0.8 0.025 0.6900000000000001)
(-0.75 0.025 0.6900000000000001)
(-0.7000000000000001 0.025 0.6900000000000001)
(-0.65 0.025 0.6900000000000001)
(-0.6 0.025 0.6900000000000001)
(-0.55 0.025 0.6900000000000001)
(-0.5 0.025 0.6900000000000001)
(-0.45 0.025 0.6900000000000001)
(-0.4 0.025 0.6900000000000001)
(-0.35 0.025 0.6900000000000001)
(-0.3 0.025 0.6900000000000001)
(-0.25 0.025 0.6900000000000001)
(-0.2 0.025 0.6900000000000001)
(-0.15 0.025 0.6900000000000001)
(-0.1 0.025 0.6900000000000001)
(-0.05000000000000007 0.025 0.6900000000000001)
(0 0.025 0.6900000000000001)
(0.05000000000000007 0.025 0.6900000000000001)
(0.1000000000000001 0.025 0.6900000000000001)
(0.1499999999999999 0.025 0.6900000000000001)
(0.2 0.025 0.6900000000000001)
(0.25 0.025 0.6900000000000001)
(0.3 0.025 0.6900000000000001)
(0.35 0.025 0.6900000000000001)
(0.4 0.025 0.6900000000000001)
(0.45 0.025 0.6900000000000001)
(0.5 0.025 0.6900000000000001)
(0.55 0.025 0.6900000000000001)
(0.6 0.025 0.6900000000000001)
(0.65 0.025 0.6900000000000001)
(0.7000000000000001 0.025 0.6900000000000001)
(0.75 0.025 0.6900000000000001)
(0.8 0.025 0.6900000000000001)
(0.85 0.025 0.6899999999999998)
(0.9 0.025 0.6900000000000001)
(0.9500000000000001 0.025 0.6899999999999998)
(1 0.025 0.6900000000000001)
(-1 0.03 0.6900000000000001)
(-0.9500000000000001 0.03000000000000001 0.6900000000000002)
(-0.9 0.03 0.6899999999999998)
(-0.85 0.03 0.6899999999999998)
(-0.8 0.03 0.6900000000000001)
(-0.75 0.03 0.6900000000000001)
(-0.7000000000000001 0.03 0.6900000000000001)
(-0.65 0.03 0.6900000000000002)
(-0.6000000000000001 0.03 0.6899999999999998)
(-0.55 0.03 0.6900000000000001)
(-0.5 0.03 0.6900000000000001)
(-0.45 0.03 0.6899999999999998)
(-0.4 0.03 0.6900000000000002)
(-0.35 0.03 0.6899999999999998)
(-0.3 0.03 0.6900000000000001)
(-0.25 0.03 0.6900000000000001)
(-0.2 0.03 0.6899999999999998)
(-0.15 0.03 0.6900000000000002)
(-0.09999999999999998 0.03 0.6900000000000001)
(-0.05000000000000009 0.03 0.6900000000000002)
(0 0.03 0.6900000000000001)
(0.05000000000000007 0.03000000000000001 0.6900000000000002)
(0.1000000000000001 0.03 0.6899999999999998)
(0.1499999999999999 0.03 0.6900000000000001)
(0.2 0.03 0.6899999999999998)
(0.25 0.03 0.6900000000000001)
(0.3 0.03 0.6899999999999998)
(0.3500000000000001 0.03 0.6899999999999998)
(0.4 0.03 0.6900000000000002)
(0.45 0.03 0.6900000000000001)
(0.5 0.03 0.6900000000000001)
(0.55 0.03 0.6900000000000001)
(0.6 0.03 0.6900000000000001)
(0.65 0.03 0.6900000000000001)
(0.7000000000000001 0.03 0.6900000000000001)
(0.75 0.03 0.6899999999999998)
(0.8 0.03000000000000001 0.6899999999999998)
(0.85 0.03 0.6900000000000002)
(0.9 0.03000000000000001 0.6899999999999997)
(0.9500000000000001 0.03 0.6900000000000001)
(1 0.03 0.6900000000000001)
(-1 0.035 0.6900000000000001)
(-0.9500000000000001 0.035 0.6899999999999998)
(-0.9 0.035 0.6900000000000002)
(-0.85 0.035 0.6900000000000002)
(-0.8000000000000002 0.035 0.6900000000000001)
(-0.75 0.035 0.6900000000000001)
(-0.7000000000000001 0.035 0.6900000000000001)
(-0.65 0.035 0.6899999999999998)
(-0.6 0.035 0.6900000000000001)
(-0.55 0.035 0.6900000000000001)
(-0.5 0.035 0.6900000000000001)
(-0.45 0.035 0.6900000000000002)
(-0.4 0.035 0.6900000000000002)
(-0.35 0.035 0.6900000000000001)
(-0.3 0.035 0.6899999999999998)
(-0.25 0.035 0.6900000000000001)
(-0.2 0.035 0.6900000000000001)
(-0.15 0.035 0.6899999999999998)
(-0.1000000000000001 0.035 0.6900000000000002)
(-0.05000000000000008 0.035 0.6900000000000002)
(0 0.035 0.6900000000000001)
(0.05000000000000007 0.035 0.6900000000000002)
(0.1000000000000001 0.035 0.6900000000000002)
(0.1499999999999999 0.035 0.6899999999999998)
(0.2 0.035 0.6900000000000001)
(0.25 0.035 0.6900000000000001)
(0.3 0.035 0.6899999999999998)
(0.35 0.035 0.6900000000000001)
(0.4 0.035 0.6900000000000002)
(0.45 0.035 0.6900000000000002)
(0.5 0.035 0.6899999999999998)
(0.55 0.035 0.6900000000000001)
(0.6 0.035 0.6899999999999998)
(0.65 0.035 0.6900000000000001)
(0.7000000000000001 0.035 0.6900000000000001)
(0.75 0.035 0.6900000000000001)
(0.8000000000000002 0.035 0.6900000000000002)
(0.85 0.035 0.6900000000000001)
(0.9 0.035 0.6899999999999998)
(0.9500000000000001 0.035 0.6899999999999998)
(1 0.035 0.6900000000000001)
(-1 0.04 0.6900000000000001)
(-0.9500000000000001 0.04 0.6900000000000001)
(-0.9 0.04 0.6899999999999998)
(-0.8500000000000002 0.04000000000000001 0.6900000000000001)
(-0.8 0.04000000000000001 0.6899999999999998)
(-0.75 0.04 0.6900000000000001)
(-0.7000000000000001 0.04 0.6900000000000001)
(-0.65 0.04 0.6900000000000002)
(-0.6 0.04000000000000001 0.6900000000000002)
(-0.55 0.04000000000000001 0.6900000000000002)
(-0.5 0.04000000000000001 0.6900000000000001)
(-0.45 0.04 0.6900000000000001)
(-0.4 0.04 0.6900000000000001)
(-0.35 0.04 0.6900000000000001)
(-0.3 0.04 0.6900000000000001)
(-0.25 0.04 0.6900000000000001)
(-0.2 0.04 0.6900000000000001)
(-0.15 0.04 0.6900000000000001)
(-0.09999999999999996 0.04 0.6899999999999998)
(-0.05000000000000007 0.04 0.6900000000000001)
(0 0.04 0.6900000000000001)
(0.05000000000000004 0.04 0.6900000000000001)
(0.1000000000000001 0.04000000000000001 0.6900000000000001)
(0.1499999999999999 0.04000000000000001 0.6900000000000001)
(0.2 0.03999999999999999 0.6900000000000001)
(0.25 0.04 0.6900000000000001)
(0.3 0.04 0.6900000000000001)
(0.35 0.04 0.6899999999999998)
(0.4 0.04 0.6900000000000001)
(0.45 0.04 0.6899999999999998)
(0.5 0.04 0.6899999999999998)
(0.55 0.04000000000000001 0.6900000000000002)
(0.6 0.04 0.6900000000000001)
(0.65 0.04 0.6900000000000002)
(0.7000000000000001 0.04000000000000001 0.6900000000000001)
(0.75 0.04000000000000001 0.6900000000000001)
(0.8 0.04 0.6900000000000002)
(0.85 0.04 0.6899999999999998)
(0.9 0.04 0.6899999999999998)
(0.9500000000000001 0.04 0.6899999999999998)
(1 0.04 0.6900000000000001)
(-1 0.045 0.6900000000000001)
(-0.9500000000000001 0.045 0.6900000000000001)
(-0.9 0.045 0.6900000000000002)
(-0.85 0.045 0.6900000000000001)
(-0.8 0.04499999999999999 0.6899999999999998)
(-0.7500000000000001 0.045 0.6900000000000001)
(-0.7000000000000001 0.045 0.6900000000000001)
(-0.65 0.045 0.6900000000000002)
(-0.6 0.045 0.6900000000000002)
(-0.55 0.045 0.6900000000000001)
(-0.5 0.045 0.6900000000000001)
(-0.45 0.045 0.6900000000000001)
(-0.4 0.045 0.6899999999999998)
(-0.35 0.045 0.6900000000000002)
(-0.3 0.045 0.6900000000000002)
(-0.25 0.045 0.6900000000000001)
(-0.2 0.04500000000000001 0.6900000000000001)
(-0.15 0.045 0.6899999999999998)
(-0.09999999999999998 0.04500000000000001 0.6900000000000001)
(-0.05000000000000004 0.045 0.6900000000000002)
(0 0.045 0.6900000000000001)
(0.05000000000000004 0.045 0.6900000000000002)
(0.1000000000000001 0.045 0.6899999999999998)
(0.1499999999999999 0.045 0.6899999999999998)
(0.2 0.045 0.6900000000000001)
(0.25 0.04500000000000001 0.6900000000000001)
(0.3 0.045 0.6900000000000001)
(0.3500000000000001 0.04500000000000001 0.6900000000000002)
(0.3999999999999999 0.04499999999999999 0.6899999999999998)
(0.45 0.045 0.6899999999999998)
(0.5 0.045 0.6899999999999998)
(0.55 0.045 0.6900000000000001)
(0.6 0.04500000000000001 0.6900000000000001)
(0.65 0.04499999999999999 0.6900000000000002)
(0.7000000000000001 0.04500000000000001 0.6899999999999998)
(0.7500000000000001 0.04500000000000001 0.6900000000000002)
(0.8 0.045 0.6900000000000001)
(0.85 0.045 0.6899999999999998)
(0.9 0.04499999999999999 0.6900000000000001)
(0.9500000000000001 0.045 0.6899999999999998)
(1 0.045 0.6900000000000001)
(-1 0.05 0.6900000000000001)
(-0.9500000000000001 0.05 0.6900000000000001)
(-0.9 0.05 0.6900000000000001)
(-0.85 0.05 0.6900000000000001)
(-0.8 0.05 0.6900000000000001)
(-0.75 0.05 0.6900000000000001)
(-0.7000000000000001 0.05 0.6900000000000001)
(-0.65 0.05 0.6900000000000001)
(-0.6 0.05 0.6900000000000001)
(-0.55 0.05 0.6900000000000001)
(-0.5 0.05 0.6900000000000001)
(-0.45 0.05 0.6900000000000001)
(-0.4 0.05 0.6900000000000002)
(-0.35 0.05 0.6900000000000001)
(-0.3 0.05 0.6900000000000001)
(-0.25 0.05 0.6900000000000001)
(-0.2 0.05 0.6900000000000001)
(-0.1499999999999999 0.05 0.6900000000000001)
(-0.1 0.05 0.6900000000000001)
(-0.05000000000000003 0.05 0.6900000000000001)
(0 0.05 0.6900000000000001)
(0.05 0.05 0.6900000000000001)
(0.1000000000000001 0.05 0.6900000000000001)
(0.1499999999999999 0.05 0.6900000000000001)
(0.2 0.05 0.6900000000000001)
(0.25 0.05 0.6900000000000001)
(0.3 0.05 0.6900000000000001)
(0.35 0.05 0.6900000000000001)
(0.4 0.05 0.6900000000000001)
(0.45 0.05000000000000001 0.6900000000000001)
(0.5 0.05 0.6900000000000001)
(0.55 0.05 0.6900000000000001)
(0.6 0.05 0.6899999999999998)
(0.65 0.05 0.6900000000000001)
(0.7000000000000001 0.05 0.6900000000000001)
(0.75 0.05 0.6900000000000001)
(0.8 0.05 0.6900000000000001)
(0.85 0.05 0.6899999999999998)
(0.9 0.05 0.6900000000000001)
(0.9500000000000001 0.05 0.6899999999999998)
(1 0.05 0.6900000000000001)
(-1 0.055 0.6900000000000001)
(-0.9500000000000001 0.055 0.6900000000000001)
(-0.9 0.05500000000000001 0.6900000000000002)
(-0.85 0.055 0.6900000000000001)
(-0.8 0.055 0.6899999999999998)
(-0.75 0.055 0.6900000000000001)
(-0.7000000000000001 0.055 0.6899999999999998)
(-0.65 0.055 0.6900000000000002)
(-0.6 0.055 0.6900000000000002)
(-0.55 0.05500000000000001 0.6900000000000001)
(-0.5 0.055 0.6900000000000001)
(-0.45 0.055 0.6900000000000001)
(-0.4 0.055 0.6899999999999998)
(-0.35 0.05500000000000001 0.6900000000000002)
(-0.3 0.055 0.6900000000000001)
(-0.25 0.055 0.6900000000000001)
(-0.2 0.055 0.6900000000000001)
(-0.1499999999999999 0.05500000000000001 0.6900000000000001)
(-0.09999999999999998 0.055 0.6900000000000001)
(-0.05000000000000007 0.055 0.6900000000000002)
(0 0.055 0.6900000000000001)
(0.05000000000000004 0.05500000000000001 0.6900000000000002)
(0.1000000000000001 0.05500000000000001 0.6900000000000001)
(0.1499999999999999 0.055 0.6899999999999998)
(0.2 0.05500000000000001 0.6900000000000001)
(0.25 0.055 0.6900000000000001)
(0.3 0.05500000000000001 0.6900000000000002)
(0.35 0.055 0.6900000000000002)
(0.4 0.055 0.6899999999999998)
(0.45 0.055 0.6899999999999998)
(0.5 0.055 0.6900000000000001)
(0.55 0.055 0.6899999999999998)
(0.6 0.055 0.6900000000000001)
(0.65 0.055 0.6900000000000002)
(0.7000000000000001 0.05500000000000001 0.6900000000000001)
(0.75 0.055 0.6900000000000001)
(0.8 0.055 0.6899999999999998)
(0.85 0.055 0.6899999999999998)
(0.9 0.055 0.6900000000000002)
(0.9500000000000001 0.055 0.6899999999999998)
(1 0.055 0.6900000000000001)
(-1 0.06 0.6900000000000001)
(-0.9500000000000001 0.06 0.6900000000000001)
(-0.9 0.06 0.6899999999999998)
(-0.85 0.06 0.6900000000000001)
(-0.8000000000000002 0.06 0.6900000000000001)
(-0.75 0.06 0.6900000000000001)
(-0.7000000000000001 0.06 0.6900000000000001)
(-0.65 0.06 0.6900000000000002)
(-0.6000000000000001 0.06 0.6900000000000002)
(-0.55 0.06 0.6900000000000002)
(-0.5 0.06 0.6900000000000001)
(-0.45 0.06 0.6900000000000001)
(-0.4 0.06 0.6899999999999998)
(-0.35 0.06 0.6900000000000001)
(-0.3 0.06 0.6900000000000001)
(-0.25 0.06 0.6900000000000001)
(-0.2 0.06 0.6900000000000001)
(-0.15 0.06 0.6900000000000001)
(-0.09999999999999998 0.06000000000000001 0.6900000000000001)
(-0.05000000000000007 0.06 0.6900000000000002)
(0 0.06 0.6900000000000001)
(0.05000000000000007 0.06 0.6900000000000002)
(0.1000000000000001 0.06 0.6900000000000001)
(0.1499999999999999 0.06 0.6900000000000001)
(0.2 0.06 0.6900000000000001)
(0.25 0.06 0.6900000000000001)
(0.3 0.06 0.6900000000000001)
(0.35 0.06 0.6899999999999998)
(0.4 0.06 0.6900000000000001)
(0.45 0.06 0.6899999999999998)
(0.5 0.06 0.6900000000000002)
(0.55 0.06 0.6900000000000002)
(0.6 0.06 0.6900000000000001)
(0.65 0.06 0.6900000000000002)
(0.7000000000000001 0.06 0.6900000000000001)
(0.75 0.06 0.6900000000000001)
(0.8 0.06000000000000001 0.6900000000000002)
(0.85 0.06 0.6899999999999998)
(0.9 0.06 0.6900000000000001)
(0.9500000000000001 0.06 0.6899999999999998)
(1 0.06 0.6900000000000001)
(-1 0.065 0.6900000000000001)
(-0.9500000000000001 0.065 0.6900000000000001)
(-0.9000000000000001 0.065 0.6900000000000001)
(-0.85 0.065 0.6900000000000002)
(-0.8 0.065 0.6900000000000001)
(-0.75 0.065 0.6900000000000001)
(-0.7000000000000001 0.065 0.6900000000000001)
(-0.65 0.065 0.6899999999999998)
(-0.6 0.06500000000000002 0.6900000000000001)
(-0.55 0.06500000000000002 0.6900000000000001)
(-0.5 0.065 0.6900000000000001)
(-0.45 0.065 0.6900000000000001)
(-0.4 0.065 0.6900000000000002)
(-0.35 0.06500000000000002 0.6900000000000001)
(-0.3 0.06500000000000002 0.6899999999999998)
(-0.25 0.065 0.6900000000000001)
(-0.2 0.065 0.6900000000000001)
(-0.15 0.065 0.6899999999999998)
(-0.1 0.06500000000000002 0.6900000000000001)
(-0.05000000000000007 0.065 0.6900000000000002)
(0 0.065 0.6900000000000001)
(0.05000000000000007 0.065 0.6900000000000002)
(0.1000000000000001 0.06500000000000002 0.6900000000000001)
(0.1499999999999999 0.06499999999999999 0.6899999999999998)
(0.2 0.065 0.6900000000000001)
(0.25 0.065 0.6900000000000001)
(0.3 0.065 0.6899999999999998)
(0.35 0.06500000000000002 0.6900000000000001)
(0.4 0.065 0.6900000000000002)
(0.45 0.065 0.6900000000000001)
(0.5 0.065 0.6900000000000002)
(0.55 0.065 0.6900000000000001)
(0.6 0.06500000000000002 0.6899999999999998)
(0.65 0.06499999999999999 0.6899999999999998)
(0.7000000000000001 0.065 0.6900000000000001)
(0.75 0.065 0.6900000000000001)
(0.8 0.065 0.6900000000000002)
(0.85 0.06500000000000002 0.6900000000000001)
(0.9 0.065 0.6899999999999998)
(0.9500000000000001 0.065 0.6899999999999998)
(1 0.065 0.6900000000000001)
(-1 0.07000000000000001 0.6900000000000001)
(-0.9500000000000001 0.07000000000000001 0.6900000000000002)
(-0.9 0.07000000000000001 0.6900000000000001)
(-0.85 0.07000000000000001 0.6900000000000001)
(-0.8 0.06999999999999999 0.6900000000000001)
(-0.75 0.07000000000000001 0.6900000000000001)
(-0.7000000000000001 0.07000000000000001 0.6900000000000001)
(-0.6500000000000001 0.07000000000000001 0.6899999999999998)
(-0.6 0.07000000000000001 0.6900000000000001)
(-0.55 0.07000000000000001 0.6900000000000002)
(-0.5 0.07000000000000001 0.6900000000000001)
(-0.45 0.07000000000000001 0.6900000000000001)
(-0.4 0.07000000000000001 0.6900000000000002)
(-0.35 0.07000000000000001 0.6899999999999998)
(-0.3 0.07000000000000001 0.6900000000000001)
(-0.2500000000000001 0.07000000000000001 0.6900000000000001)
(-0.2 0.07000000000000001 0.6900000000000001)
(-0.15 0.06999999999999999 0.6900000000000001)
(-0.1 0.06999999999999999 0.6900000000000001)
(-0.05000000000000004 0.07000000000000001 0.6900000000000001)
(0 0.07000000000000001 0.6900000000000001)
(0.05000000000000007 0.07000000000000001 0.6900000000000001)
(0.1000000000000001 0.06999999999999999 0.6899999999999998)
(0.1499999999999999 0.07000000000000001 0.6900000000000002)
(0.2 0.07000000000000001 0.6899999999999998)
(0.25 0.07000000000000001 0.6900000000000001)
(0.3 0.06999999999999999 0.6900000000000002)
(0.35 0.07000000000000001 0.6899999999999998)
(0.3999999999999999 0.07000000000000001 0.6900000000000002)
(0.45 0.07000000000000001 0.6899999999999998)
(0.5 0.06999999999999999 0.6900000000000001)
(0.55 0.06999999999999999 0.6900000000000001)
(0.6 0.07000000000000001 0.6899999999999998)
(0.65 0.07000000000000001 0.6900000000000001)
(0.7000000000000001 0.06999999999999999 0.6900000000000001)
(0.75 0.07000000000000001 0.6900000000000002)
(0.8 0.06999999999999999 0.6899999999999998)
(0.85 0.06999999999999999 0.6900000000000001)
(0.9 0.07000000000000001 0.6899999999999998)
(0.9500000000000001 0.07000000000000001 0.6900000000000001)
(1 0.07000000000000001 0.6900000000000001)
(-1 0.075 0.6900000000000001)
(-0.9500000000000001 0.075 0.6900000000000001)
(-0.9 0.075 0.6900000000000001)
(-0.85 0.075 0.6899999999999998)
(-0.8 0.075 0.6900000000000001)
(-0.75 0.075 0.6900000000000001)
(-0.7000000000000001 0.075 0.6900000000000001)
(-0.65 0.075 0.6900000000000001)
(-0.6 0.075 0.6899999999999998)
(-0.55 0.075 0.6900000000000001)
(-0.5 0.075 0.6900000000000001)
(-0.45 0.075 0.6900000000000001)
(-0.4 0.075 0.6900000000000001)
(-0.35 0.075 0.6900000000000001)
(-0.3 0.075 0.6900000000000001)
(-0.25 0.075 0.6900000000000001)
(-0.2 0.075 0.6900000000000001)
(-0.15 0.075 0.6900000000000001)
(-0.1 0.075 0.6899999999999998)
(-0.05000000000000007 0.075 0.6900000000000001)
(0 0.075 0.6900000000000001)
(0.05000000000000007 0.075 0.6900000000000001)
(0.1000000000000001 0.075 0.6900000000000001)
(0.1499999999999999 0.075 0.6900000000000001)
(0.2 0.075 0.6900000000000001)
(0.25 0.075 0.6900000000000001)
(0.3 0.075 0.6900000000000001)
(0.35 0.075 0.6900000000000001)
(0.4 0.075 0.6900000000000001)
(0.45 0.075 0.6900000000000001)
(0.5 0.075 0.6900000000000001)
(0.55 0.075 0.6900000000000001)
(0.6 0.075 0.6900000000000001)
(0.65 0.075 0.6900000000000001)
(0.7000000000000001 0.075 0.6900000000000001)
(0.75 0.075 0.6900000000000001)
(0.8 0.075 0.6900000000000001)
(0.85 0.075 0.6899999999999998)
(0.9 0.075 0.6900000000000001)
(0.9500000000000001 0.075 0.6899999999999998)
(1 0.075 0.6900000000000001)
(-1 0.08 0.6900000000000001)
(-0.9500000000000001 0.08 0.6899999999999998)
(-0.9 0.08 0.6899999999999998)
(-0.85 0.08000000000000002 0.6899999999999998)
(-0.8000000000000002 0.08000000000000002 0.6900000000000001)
(-0.75 0.08 0.6900000000000001)
(-0.7000000000000001 0.08 0.6900000000000001)
(-0.65 0.08 0.6899999999999998)
(-0.6 0.08000000000000002 0.6900000000000001)
(-0.5500000000000003 0.08000000000000002 0.6899999999999998)
(-0.5 0.08000000000000002 0.6900000000000001)
(-0.45 0.08 0.6899999999999998)
(-0.4000000000000001 0.08 0.6900000000000001)
(-0.35 0.08 0.6900000000000001)
(-0.3 0.08 0.6899999999999998)
(-0.25 0.08 0.6900000000000001)
(-0.2 0.08 0.6900000000000002)
(-0.15 0.08 0.6900000000000002)
(-0.1 0.08 0.6900000000000002)
(-0.05000000000000004 0.08 0.6900000000000001)
(0 0.08 0.6900000000000001)
(0.05000000000000004 0.08 0.6900000000000002)
(0.1000000000000001 0.08 0.6900000000000002)
(0.1499999999999999 0.08000000000000002 0.6900000000000002)
(0.2 0.07999999999999999 0.6900000000000001)
(0.25 0.08 0.6900000000000001)
(0.3 0.08 0.6899999999999998)
(0.35 0.08 0.6899999999999998)
(0.4 0.08 0.6900000000000001)
(0.45 0.08 0.6899999999999998)
(0.5 0.08 0.6900000000000001)
(0.55 0.08000000000000002 0.6899999999999998)
(0.6 0.08 0.6899999999999998)
(0.65 0.08000000000000002 0.6899999999999998)
(0.7000000000000001 0.08000000000000002 0.6899999999999998)
(0.75 0.08000000000000002 0.6900000000000001)
(0.8000000000000002 0.08 0.6900000000000001)
(0.85 0.08 0.6900000000000001)
(0.9 0.08 0.6899999999999997)
(0.9500000000000001 0.08 0.6899999999999998)
(1 0.08 0.6900000000000001)
(-1 0.08500000000000001 0.6900000000000001)
(-0.9500000000000001 0.08500000000000001 0.6900000000000001)
(-0.9 0.08500000000000001 0.6900000000000002)
(-0.85 0.08500000000000001 0.6900000000000001)
(-0.8 0.08500000000000001 0.6900000000000001)
(-0.75 0.08500000000000001 0.6900000000000001)
(-0.7000000000000001 0.08500000000000001 0.6900000000000002)
(-0.65 0.08500000000000001 0.6899999999999998)
(-0.6 0.08500000000000001 0.6899999999999998)
(-0.55 0.08500000000000001 0.6900000000000001)
(-0.5 0.08499999999999998 0.6900000000000001)
(-0.45 0.08500000000000001 0.6900000000000001)
(-0.4 0.08500000000000001 0.6900000000000001)
(-0.35 0.08500000000000001 0.6900000000000002)
(-0.3 0.08500000000000001 0.6900000000000001)
(-0.25 0.08500000000000001 0.6900000000000001)
(-0.2 0.08500000000000001 0.6900000000000002)
(-0.15 0.08500000000000001 0.6900000000000001)
(-0.1000000000000001 0.08500000000000001 0.6900000000000001)
(-0.05000000000000003 0.08500000000000001 0.6899999999999998)
(0 0.08500000000000001 0.6900000000000001)
(0.05000000000000003 0.08500000000000001 0.6899999999999998)
(0.1000000000000001 0.08500000000000001 0.6900000000000001)
(0.1499999999999999 0.08500000000000001 0.6900000000000001)
(0.2 0.08500000000000001 0.6900000000000001)
(0.25 0.08500000000000001 0.6900000000000001)
(0.3 0.08500000000000001 0.6900000000000001)
(0.35 0.08500000000000001 0.6900000000000001)
(0.4 0.08500000000000001 0.6900000000000001)
(0.45 0.08500000000000001 0.6899999999999998)
(0.5 0.08500000000000001 0.6899999999999998)
(0.55 0.08499999999999998 0.6900000000000002)
(0.6 0.08500000000000001 0.6899999999999998)
(0.65 0.08500000000000001 0.6900000000000001)
(0.6999999999999998 0.08500000000000001 0.6899999999999998)
(0.75 0.08500000000000001 0.6900000000000001)
(0.8 0.08500000000000001 0.6900000000000001)
(0.85 0.08500000000000001 0.6899999999999998)
(0.9 0.08500000000000002 0.6900000000000002)
(0.9500000000000001 0.08500000000000001 0.6899999999999998)
(1 0.08500000000000001 0.6900000000000001)
(-1 0.09 0.6900000000000001)
(-0.9500000000000001 0.09 0.6900000000000001)
(-0.9 0.09 0.6900000000000001)
(-0.85 0.09 0.6899999999999998)
(-0.8 0.09 0.6900000000000001)
(-0.75 0.09 0.6899999999999998)
(-0.7000000000000001 0.09 0.6899999999999998)
(-0.65 0.09 0.6900000000000001)
(-0.6 0.09000000000000002 0.6900000000000001)
(-0.55 0.09 0.6900000000000001)
(-0.5 0.09 0.6900000000000001)
(-0.45 0.09 0.6900000000000002)
(-0.4 0.09 0.6900000000000001)
(-0.3500000000000001 0.09 0.6900000000000002)
(-0.3 0.09000000000000002 0.6900000000000001)
(-0.25 0.09 0.6900000000000001)
(-0.2 0.09 0.6900000000000001)
(-0.15 0.09 0.6900000000000002)
(-0.1 0.09000000000000002 0.6899999999999998)
(-0.05 0.09 0.6899999999999998)
(0 0.09 0.6900000000000001)
(0.05 0.09 0.6900000000000001)
(0.1000000000000001 0.09 0.6899999999999998)
(0.1499999999999999 0.09 0.6900000000000002)
(0.2 0.09 0.6899999999999998)
(0.25 0.09 0.6899999999999998)
(0.3 0.09000000000000002 0.6900000000000001)
(0.35 0.09000000000000002 0.6900000000000002)
(0.3999999999999999 0.08999999999999998 0.6899999999999998)
(0.45 0.09 0.6900000000000001)
(0.5 0.09 0.6899999999999998)
(0.55 0.09 0.6900000000000001)
(0.6 0.09000000000000002 0.6899999999999998)
(0.65 0.08999999999999998 0.6899999999999998)
(0.7000000000000001 0.09000000000000002 0.6899999999999998)
(0.75 0.09 0.6899999999999998)
(0.8 0.09 0.6899999999999998)
(0.85 0.09000000000000002 0.6900000000000001)
(0.9 0.09 0.6900000000000001)
(0.9500000000000001 0.09 0.6900000000000001)
(1 0.09 0.6900000000000001)
(-1 0.09499999999999999 0.6900000000000001)
(-0.9500000000000001 0.095 0.6900000000000001)
(-0.9 0.095 0.6900000000000002)
(-0.85 0.095 0.6899999999999998)
(-0.8 0.095 0.6900000000000001)
(-0.75 0.095 0.6899999999999998)
(-0.7000000000000001 0.095 0.6900000000000001)
(-0.65 0.095 0.6899999999999998)
(-0.6 0.095 0.6899999999999998)
(-0.55 0.09499999999999999 0.6900000000000001)
(-0.5 0.09499999999999999 0.6899999999999998)
(-0.45 0.095 0.6899999999999998)
(-0.3999999999999999 0.09499999999999999 0.6899999999999998)
(-0.3500000000000001 0.09499999999999999 0.6900000000000002)
(-0.3 0.095 0.6899999999999998)
(-0.2500000000000001 0.095 0.6900000000000001)
(-0.2 0.095 0.6899999999999998)
(-0.1499999999999999 0.095 0.6899999999999998)
(-0.1 0.095 0.6900000000000001)
(-0.05 0.095 0.6899999999999998)
(0 0.095 0.6900000000000001)
(0.05000000000000003 0.095 0.6899999999999998)
(0.1000000000000001 0.09499999999999999 0.6900000000000001)
(0.1499999999999999 0.09499999999999999 0.6900000000000001)
(0.2 0.09499999999999999 0.6899999999999998)
(0.25 0.095 0.6899999999999998)
(0.3 0.09499999999999999 0.6899999999999998)
(0.35 0.09499999999999999 0.6900000000000002)
(0.4 0.09500000000000001 0.6899999999999998)
(0.45 0.09500000000000001 0.6899999999999998)
(0.5 0.095 0.6899999999999998)
(0.55 0.095 0.6900000000000002)
(0.6 0.095 0.6899999999999998)
(0.65 0.09500000000000001 0.6900000000000001)
(0.7000000000000001 0.095 0.6900000000000001)
(0.75 0.09499999999999999 0.6899999999999998)
(0.8 0.095 0.6900000000000001)
(0.85 0.095 0.6899999999999998)
(0.9 0.09499999999999999 0.6899999999999998)
(0.9500000000000001 0.09499999999999999 0.6899999999999998)
(1 0.09499999999999999 0.6900000000000001)
(-1 0.1 0.6900000000000001)
(-0.9500000000000001 0.1 0.6900000000000001)
(-0.9 0.1 0.6900000000000001)
(-0.85 0.1 0.6900000000000001)
(-0.8 0.1 0.6900000000000001)
(-0.75 0.1 0.6900000000000001)
(-0.7000000000000001 0.1 0.6900000000000001)
(-0.65 0.1 0.6900000000000001)
(-0.6 0.1 0.6900000000000001)
(-0.55 0.1 0.6900000000000001)
(-0.5 0.1 0.6900000000000001)
(-0.45 0.1 0.6900000000000001)
(-0.4 0.1 0.6900000000000001)
(-0.35 0.1 0.6900000000000001)
(-0.3 0.1 0.6900000000000001)
(-0.25 0.1 0.6900000000000001)
(-0.2 0.1 0.6900000000000001)
(-0.1499999999999999 0.1 0.6900000000000001)
(-0.1 0.1 0.6900000000000001)
(-0.05000000000000003 0.1 0.6900000000000001)
(0 0.1 0.6900000000000001)
(0.05 0.1 0.6900000000000001)
(0.1000000000000001 0.1 0.6900000000000001)
(0.1499999999999999 0.1 0.6900000000000001)
(0.2 0.1 0.6900000000000001)
(0.25 0.1 0.6900000000000001)
(0.3 0.1 0.6900000000000001)
(0.35 0.1 0.6900000000000001)
(0.4 0.1 0.6900000000000001)
(0.45 0.1 0.6900000000000001)
(0.5 0.1 0.6900000000000001)
(0.55 0.1 0.6900000000000001)
(0.6 0.1 0.6900000000000001)
(0.65 0.1 0.6900000000000001)
(0.7000000000000001 0.1 0.6900000000000001)
(0.75 0.1 0.6900000000000001)
(0.8 0.1 0.6900000000000001)
(0.85 0.1 0.6900000000000001)
(0.9 0.1 0.6900000000000001)
(0.9500000000000001 0.1 0.6899999999999998)
(1 0.1 0.6900000000000001)
(-1 0 0.72)
(-0.9500000000000001 0 0.72)
(-0.9 0 0.7199999999999999)
(-0.85 0 0.7200000000000002)
(-0.8 0 0.72)
(-0.75 0 0.72)
(-0.7000000000000001 0 0.72)
(-0.65 0 0.72)
(-0.6 0 0.72)
(-0.55 0 0.72)
(-0.5 0 0.72)
(-0.45 0 0.72)
(-0.4 0 0.72)
(-0.35 0 0.7200000000000002)
(-0.3 0 0.72)
(-0.25 0 0.72)
(-0.2 0 0.72)
(-0.15 0 0.72)
(-0.09999999999999998 0 0.7200000000000002)
(-0.05000000000000003 0 0.72)
(0 0 0.72)
(0.05 0 0.72)
(0.1000000000000001 0 0.72)
(0.1499999999999999 0 0.72)
(0.2 0 0.72)
(0.25 0 0.72)
(0.3 0 0.72)
(0.35 0 0.72)
(0.4 0 0.72)
(0.45 0 0.72)
(0.5 0 0.72)
(0.55 0 0.72)
(0.6 0 0.72)
(0.65 0 0.7199999999999999)
(0.7000000000000001 0 0.72)
(0.75 0 0.72)
(0.8 0 0.72)
(0.85 0 0.7200000000000002)
(0.9 0 0.7199999999999999)
(0.9500000000000001 0 0.72)
(1 0 0.72)
(-1 0.005 0.7199999999999999)
(-0.9500000000000001 0.005 0.7199999999999999)
(-0.9 0.005 0.7199999999999999)
(-0.85 0.005000000000000001 0.7200000000000002)
(-0.8 0.005000000000000001 0.7200000000000002)
(-0.75 0.005 0.7199999999999999)
(-0.7000000000000001 0.005 0.72)
(-0.65 0.005 0.7199999999999999)
(-0.6 0.005000000000000001 0.7199999999999999)
(-0.55 0.005000000000000001 0.7199999999999999)
(-0.5 0.005 0.7199999999999999)
(-0.45 0.005 0.7200000000000002)
(-0.4 0.005 0.7200000000000002)
(-0.35 0.005 0.7199999999999999)
(-0.3 0.005 0.72)
(-0.25 0.005 0.72)
(-0.2 0.005 0.7199999999999999)
(-0.1499999999999999 0.005 0.7199999999999999)
(-0.09999999999999998 0.005000000000000001 0.72)
(-0.05 0.004999999999999999 0.72)
(0 0.005 0.72)
(0.05 0.005 0.7199999999999999)
(0.1000000000000001 0.005000000000000001 0.7199999999999999)
(0.1499999999999999 0.005000000000000001 0.7199999999999999)
(0.2 0.005 0.72)
(0.25 0.005 0.7199999999999999)
(0.3 0.005 0.7199999999999999)
(0.3500000000000001 0.005000000000000001 0.72)
(0.3999999999999999 0.005 0.72)
(0.45 0.005 0.7200000000000002)
(0.5 0.005000000000000001 0.7199999999999999)
(0.55 0.005000000000000001 0.7199999999999999)
(0.6 0.005000000000000001 0.7199999999999999)
(0.65 0.005 0.7199999999999999)
(0.7000000000000001 0.005000000000000001 0.72)
(0.75 0.005000000000000001 0.72)
(0.8 0.005000000000000001 0.7200000000000002)
(0.85 0.005 0.7200000000000002)
(0.9 0.005 0.7199999999999999)
(0.9500000000000001 0.005 0.72)
(1 0.005 0.7199999999999999)
(-1 0.01 0.72)
(-0.9500000000000001 0.01 0.7200000000000002)
(-0.9 0.01 0.7200000000000002)
(-0.8500000000000002 0.01 0.7200000000000002)
(-0.8 0.01 0.7199999999999999)
(-0.75 0.01 0.72)
(-0.7000000000000001 0.01 0.72)
(-0.65 0.01 0.72)
(-0.6 0.01 0.72)
(-0.55 0.01 0.7200000000000002)
(-0.5 0.01 0.72)
(-0.45 0.01 0.72)
(-0.4 0.01 0.72)
(-0.35 0.01 0.7200000000000002)
(-0.3000000000000001 0.01 0.7200000000000002)
(-0.25 0.01 0.72)
(-0.2 0.01 0.7199999999999999)
(-0.1499999999999999 0.01 0.72)
(-0.1 0.009999999999999998 0.72)
(-0.05000000000000003 0.01 0.7200000000000002)
(0 0.01 0.7200000000000002)
(0.05000000000000004 0.01 0.72)
(0.1000000000000001 0.009999999999999998 0.7200000000000002)
(0.1499999999999999 0.01 0.72)
(0.2 0.01 0.72)
(0.25 0.01 0.7200000000000002)
(0.3 0.01 0.7200000000000002)
(0.35 0.01 0.7200000000000002)
(0.3999999999999999 0.01 0.7199999999999999)
(0.45 0.01 0.72)
(0.5 0.01 0.7200000000000002)
(0.55 0.01 0.72)
(0.6000000000000002 0.01 0.7200000000000002)
(0.65 0.01 0.72)
(0.7000000000000001 0.009999999999999998 0.7200000000000002)
(0.75 0.01 0.72)
(0.8 0.01 0.72)
(0.85 0.01 0.72)
(0.9 0.01 0.7200000000000002)
(0.9500000000000001 0.01 0.7200000000000002)
(1 0.01 0.72)
(-1 0.015 0.72)
(-0.9500000000000001 0.015 0.7200000000000002)
(-0.9 0.015 0.72)
(-0.85 0.015 0.7200000000000002)
(-0.8 0.015 0.7200000000000002)
(-0.75 0.015 0.72)
(-0.7000000000000001 0.015 0.7200000000000002)
(-0.65 0.015 0.72)
(-0.6 0.015 0.72)
(-0.55 0.015 0.7200000000000002)
(-0.5 0.015 0.72)
(-0.45 0.015 0.7200000000000002)
(-0.4 0.015 0.72)
(-0.35 0.015 0.7199999999999999)
(-0.3 0.015 0.72)
(-0.25 0.015 0.72)
(-0.2 0.015 0.7199999999999999)
(-0.15 0.015 0.72)
(-0.09999999999999998 0.015 0.72)
(-0.05000000000000003 0.015 0.7199999999999999)
(0 0.015 0.72)
(0.05000000000000004 0.015 0.7199999999999999)
(0.1000000000000001 0.015 0.72)
(0.1499999999999999 0.015 0.72)
(0.2 0.015 0.7199999999999999)
(0.25 0.015 0.72)
(0.3 0.015 0.72)
(0.35 0.015 0.7199999999999999)
(0.4 0.015 0.7200000000000002)
(0.45 0.015 0.7200000000000002)
(0.5 0.015 0.72)
(0.55 0.015 0.72)
(0.6 0.015 0.7200000000000002)
(0.65 0.015 0.7199999999999999)
(0.7000000000000001 0.015 0.7200000000000002)
(0.75 0.015 0.72)
(0.8 0.015 0.7200000000000002)
(0.85 0.015 0.7200000000000002)
(0.9 0.015 0.7199999999999999)
(0.9500000000000001 0.015 0.72)
(1 0.015 0.72)
(-1 0.02 0.72)
(-0.9500000000000001 0.02 0.72)
(-0.9 0.02 0.72)
(-0.85 0.02 0.72)
(-0.8 0.02 0.72)
(-0.75 0.02 0.72)
(-0.7000000000000001 0.02 0.7200000000000002)
(-0.65 0.02 0.72)
(-0.6 0.02 0.72)
(-0.55 0.02 0.72)
(-0.5 0.02 0.72)
(-0.45 0.02 0.72)
(-0.4 0.02 0.72)
(-0.35 0.02 0.72)
(-0.3 0.02 0.72)
(-0.25 0.02 0.72)
(-0.2 0.02 0.72)
(-0.15 0.02 0.72)
(-0.09999999999999998 0.02 0.72)
(-0.05000000000000005 0.02 0.7200000000000002)
(0 0.02 0.72)
(0.05000000000000004 0.02 0.7200000000000002)
(0.1000000000000001 0.02 0.7199999999999999)
(0.1499999999999999 0.02 0.7200000000000002)
(0.2 0.02 0.72)
(0.25 0.02 0.72)
(0.3 0.02 0.7199999999999999)
(0.35 0.02 0.72)
(0.4 0.02 0.7200000000000002)
(0.45 0.02 0.7200000000000002)
(0.5 0.02 0.7200000000000002)
(0.55 0.02 0.7200000000000002)
(0.6 0.02 0.7200000000000002)
(0.65 0.02 0.7200000000000002)
(0.7000000000000001 0.02 0.7200000000000002)
(0.75 0.02 0.72)
(0.8 0.02 0.72)
(0.85 0.02 0.7200000000000002)
(0.9 0.02 0.7199999999999999)
(0.9500000000000001 0.02 0.72)
(1 0.02 0.72)
(-1 0.025 0.72)
(-0.9500000000000001 0.025 0.72)
(-0.9 0.025 0.72)
(-0.85 0.025 0.7200000000000002)
(-0.8 0.025 0.72)
(-0.75 0.025 0.72)
(-0.7000000000000001 0.025 0.72)
(-0.65 0.025 0.72)
(-0.6 0.025 0.72)
(-0.55 0.025 0.72)
(-0.5 0.025 0.72)
(-0.45 0.025 0.72)
(-0.4 0.025 0.72)
(-0.35 0.025 0.72)
(-0.3 0.025 0.72)
(-0.25 0.025 0.72)
(-0.2 0.025 0.72)
(-0.15 0.025 0.72)
(-0.1 0.025 0.72)
(-0.05000000000000004 0.025 0.72)
(0 0.025 0.72)
(0.05000000000000004 0.025 0.72)
(0.1000000000000001 0.025 0.72)
(0.1499999999999999 0.025 0.72)
(0.2 0.025 0.72)
(0.25 0.025 0.72)
(0.3 0.025 0.72)
(0.35 0.025 0.72)
(0.4 0.025 0.72)
(0.45 0.025 0.72)
(0.5 0.025 0.72)
(0.55 0.025 0.72)
(0.6 0.025 0.72)
(0.65 0.025 0.72)
(0.7000000000000001 0.025 0.72)
(0.75 0.025 0.72)
(0.8 0.025 0.72)
(0.85 0.025 0.72)
(0.9 0.025 0.7199999999999999)
(0.9500000000000001 0.025 0.72)
(1 0.025 0.72)
(-1 0.03 0.72)
(-0.9500000000000001 0.03 0.7199999999999999)
(-0.9 0.03 0.7200000000000002)
(-0.85 0.03 0.72)
(-0.8 0.03 0.72)
(-0.75 0.03 0.72)
(-0.7000000000000001 0.03 0.72)
(-0.65 0.03 0.7199999999999999)
(-0.6 0.03 0.72)
(-0.55 0.03 0.7200000000000002)
(-0.5 0.03 0.72)
(-0.45 0.03 0.7199999999999999)
(-0.4 0.03000000000000001 0.72)
(-0.35 0.03 0.72)
(-0.3 0.03 0.7199999999999999)
(-0.25 0.03 0.72)
(-0.2 0.03 0.7200000000000002)
(-0.15 0.03 0.72)
(-0.09999999999999998 0.03 0.72)
(-0.05000000000000003 0.03 0.72)
(0 0.03 0.72)
(0.05000000000000002 0.03 0.72)
(0.1000000000000001 0.03 0.7199999999999999)
(0.1499999999999999 0.03 0.7199999999999999)
(0.2 0.03 0.72)
(0.2500000000000001 0.03 0.72)
(0.3 0.03 0.7199999999999999)
(0.35 0.03 0.72)
(0.4 0.03 0.7199999999999999)
(0.45 0.03 0.72)
(0.5 0.03 0.72)
(0.55 0.03000000000000001 0.7200000000000002)
(0.6 0.03000000000000001 0.72)
(0.65 0.03000000000000001 0.7199999999999999)
(0.7000000000000001 0.03 0.7200000000000002)
(0.75 0.03 0.72)
(0.8 0.03 0.7199999999999999)
(0.85 0.03 0.7200000000000002)
(0.9 0.03000000000000001 0.72)
(0.9500000000000001 0.03 0.7199999999999999)
(1 0.03 0.72)
(-1 0.035 0.72)
(-0.9500000000000001 0.035 0.7199999999999999)
(-0.9 0.035 0.72)
(-0.85 0.035 0.72)
(-0.8000000000000002 0.035 0.7200000000000002)
(-0.75 0.035 0.72)
(-0.7000000000000001 0.035 0.72)
(-0.65 0.035 0.72)
(-0.6 0.035 0.72)
(-0.55 0.035 0.72)
(-0.5 0.035 0.72)
(-0.45 0.035 0.7200000000000002)
(-0.4 0.035 0.72)
(-0.35 0.035 0.72)
(-0.3 0.035 0.7199999999999999)
(-0.25 0.035 0.72)
(-0.2 0.035 0.7200000000000002)
(-0.15 0.035 0.7200000000000002)
(-0.09999999999999998 0.035 0.72)
(-0.05000000000000004 0.035 0.7199999999999999)
(0 0.035 0.72)
(0.05000000000000003 0.035 0.7199999999999999)
(0.1000000000000001 0.035 0.7200000000000002)
(0.1499999999999999 0.035 0.7200000000000002)
(0.2 0.035 0.7200000000000002)
(0.25 0.035 0.72)
(0.3 0.035 0.7199999999999999)
(0.35 0.035 0.72)
(0.4 0.035 0.72)
(0.45 0.035 0.7200000000000002)
(0.5 0.035 0.72)
(0.55 0.035 0.72)
(0.6 0.035 0.7199999999999999)
(0.65 0.035 0.7199999999999999)
(0.7000000000000001 0.035 0.7200000000000002)
(0.75 0.035 0.7199999999999999)
(0.8 0.035 0.7200000000000002)
(0.85 0.035 0.72)
(0.9 0.035 0.7199999999999999)
(0.9500000000000001 0.035 0.7199999999999999)
(1 0.035 0.72)
(-1 0.04 0.72)
(-0.9500000000000001 0.04 0.7200000000000002)
(-0.9 0.04 0.72)
(-0.8500000000000002 0.04000000000000001 0.72)
(-0.8 0.04000000000000001 0.7199999999999999)
(-0.75 0.04000000000000001 0.72)
(-0.7000000000000001 0.04 0.7199999999999999)
(-0.65 0.04 0.7199999999999999)
(-0.6 0.04000000000000001 0.72)
(-0.55 0.04000000000000001 0.7199999999999999)
(-0.5 0.04 0.72)
(-0.45 0.04 0.7199999999999999)
(-0.4 0.04 0.7200000000000002)
(-0.35 0.04 0.72)
(-0.3 0.04 0.7200000000000002)
(-0.25 0.04 0.72)
(-0.2 0.04 0.72)
(-0.15 0.04 0.72)
(-0.09999999999999995 0.04 0.72)
(-0.05000000000000004 0.03999999999999999 0.7200000000000002)
(0 0.04 0.72)
(0.05000000000000004 0.04 0.7200000000000002)
(0.1000000000000001 0.04 0.72)
(0.1499999999999999 0.04000000000000001 0.7200000000000002)
(0.2 0.04 0.72)
(0.25 0.04 0.72)
(0.3 0.04 0.7200000000000002)
(0.35 0.04 0.72)
(0.4 0.04 0.7200000000000002)
(0.45 0.04 0.7199999999999999)
(0.5 0.04000000000000001 0.72)
(0.55 0.04000000000000001 0.7199999999999999)
(0.6 0.04000000000000001 0.72)
(0.65 0.04 0.7199999999999999)
(0.7000000000000001 0.04000000000000001 0.7199999999999999)
(0.75 0.04000000000000001 0.7200000000000002)
(0.8 0.04000000000000001 0.72)
(0.85 0.04 0.7200000000000002)
(0.9 0.04 0.7199999999999999)
(0.9500000000000001 0.04 0.7200000000000002)
(1 0.04 0.72)
(-1 0.045 0.72)
(-0.9500000000000001 0.045 0.7200000000000002)
(-0.9 0.045 0.72)
(-0.8500000000000002 0.045 0.72)
(-0.8 0.04499999999999999 0.72)
(-0.75 0.045 0.72)
(-0.7000000000000001 0.04500000000000001 0.72)
(-0.65 0.045 0.72)
(-0.6 0.045 0.72)
(-0.55 0.045 0.72)
(-0.5 0.045 0.72)
(-0.45 0.045 0.7200000000000002)
(-0.4 0.045 0.72)
(-0.35 0.045 0.7200000000000002)
(-0.3 0.045 0.7200000000000002)
(-0.25 0.045 0.72)
(-0.2 0.045 0.72)
(-0.15 0.045 0.7200000000000002)
(-0.1 0.045 0.72)
(-0.05000000000000007 0.045 0.72)
(0 0.045 0.72)
(0.0500000000000001 0.04500000000000001 0.72)
(0.1000000000000001 0.04500000000000001 0.72)
(0.1499999999999999 0.045 0.7200000000000002)
(0.2 0.045 0.72)
(0.25 0.045 0.72)
(0.3 0.045 0.7200000000000002)
(0.35 0.04499999999999999 0.7200000000000002)
(0.4 0.04500000000000001 0.72)
(0.45 0.045 0.7200000000000002)
(0.5 0.04500000000000001 0.7200000000000002)
(0.55 0.045 0.7199999999999999)
(0.6 0.045 0.7199999999999999)
(0.65 0.04499999999999999 0.72)
(0.7000000000000001 0.04499999999999999 0.72)
(0.75 0.045 0.72)
(0.8 0.045 0.7200000000000002)
(0.85 0.045 0.7200000000000002)
(0.9 0.045 0.7199999999999999)
(0.9500000000000001 0.045 0.7200000000000002)
(1 0.045 0.72)
(-1 0.05 0.72)
(-0.9500000000000001 0.05 0.72)
(-0.9 0.05 0.72)
(-0.85 0.05 0.7200000000000002)
(-0.8 0.05 0.7200000000000002)
(-0.75 0.05 0.72)
(-0.7000000000000001 0.05 0.72)
(-0.65 0.05 0.72)
(-0.6 0.05 0.72)
(-0.55 0.05 0.72)
(-0.5 0.05 0.72)
(-0.45 0.05 0.72)
(-0.4 0.05 0.72)
(-0.35 0.05 0.7200000000000002)
(-0.3 0.05 0.72)
(-0.25 0.05 0.72)
(-0.2 0.05 0.72)
(-0.15 0.05 0.72)
(-0.09999999999999998 0.05 0.7200000000000002)
(-0.05000000000000003 0.05 0.72)
(0 0.05 0.72)
(0.05 0.05 0.72)
(0.1000000000000001 0.05 0.72)
(0.1499999999999999 0.05 0.72)
(0.2 0.05 0.72)
(0.25 0.05 0.72)
(0.3 0.05 0.72)
(0.35 0.05 0.72)
(0.4 0.05 0.72)
(0.45 0.05 0.72)
(0.5 0.05 0.72)
(0.55 0.05 0.72)
(0.6 0.05 0.72)
(0.65 0.05 0.7199999999999999)
(0.7000000000000001 0.05 0.72)
(0.75 0.05 0.72)
(0.8 0.05 0.72)
(0.85 0.05000000000000001 0.7200000000000002)
(0.9 0.05 0.7199999999999999)
(0.9500000000000001 0.05 0.72)
(1 0.05 0.72)
(-1 0.055 0.72)
(-0.9500000000000001 0.05499999999999999 0.72)
(-0.9 0.055 0.72)
(-0.85 0.055 0.72)
(-0.8 0.05500000000000001 0.7200000000000002)
(-0.75 0.055 0.72)
(-0.7000000000000001 0.055 0.7199999999999999)
(-0.65 0.055 0.72)
(-0.6 0.055 0.7199999999999999)
(-0.55 0.05500000000000001 0.72)
(-0.5 0.055 0.72)
(-0.45 0.05500000000000001 0.7200000000000002)
(-0.4 0.055 0.72)
(-0.35 0.05500000000000001 0.72)
(-0.3 0.055 0.72)
(-0.25 0.055 0.72)
(-0.2 0.055 0.72)
(-0.15 0.055 0.7200000000000002)
(-0.09999999999999998 0.055 0.72)
(-0.05000000000000008 0.055 0.72)
(0 0.055 0.72)
(0.0500000000000001 0.055 0.72)
(0.1000000000000001 0.055 0.7199999999999999)
(0.1499999999999999 0.055 0.7200000000000002)
(0.2 0.055 0.72)
(0.25 0.055 0.72)
(0.3 0.055 0.72)
(0.35 0.055 0.72)
(0.4 0.055 0.72)
(0.45 0.05500000000000001 0.72)
(0.5 0.055 0.7199999999999999)
(0.55 0.055 0.7199999999999999)
(0.6 0.055 0.7199999999999999)
(0.65 0.055 0.72)
(0.7000000000000001 0.055 0.72)
(0.75 0.05500000000000001 0.72)
(0.8 0.055 0.7200000000000002)
(0.85 0.05500000000000001 0.7200000000000002)
(0.9 0.055 0.7199999999999999)
(0.9500000000000001 0.05499999999999999 0.72)
(1 0.055 0.72)
(-1 0.06 0.72)
(-0.9500000000000001 0.06 0.7200000000000002)
(-0.9 0.06 0.72)
(-0.8500000000000002 0.06 0.7200000000000002)
(-0.8 0.06 0.72)
(-0.75 0.06 0.72)
(-0.7000000000000001 0.06 0.7199999999999999)
(-0.6499999999999999 0.06 0.7199999999999999)
(-0.6 0.06 0.72)
(-0.55 0.06 0.7199999999999999)
(-0.5 0.06 0.72)
(-0.45 0.06 0.7199999999999999)
(-0.4 0.06 0.7200000000000002)
(-0.35 0.06 0.72)
(-0.3 0.06 0.7200000000000002)
(-0.25 0.06 0.72)
(-0.2 0.06 0.72)
(-0.15 0.06 0.7200000000000002)
(-0.09999999999999998 0.06 0.72)
(-0.05000000000000004 0.06 0.7200000000000002)
(0 0.06 0.72)
(0.05000000000000004 0.06 0.7200000000000002)
(0.1000000000000001 0.06 0.72)
(0.1499999999999999 0.06 0.72)
(0.2 0.06 0.72)
(0.25 0.06 0.72)
(0.3 0.06 0.7200000000000002)
(0.35 0.06 0.72)
(0.4 0.06 0.7200000000000002)
(0.45 0.06 0.7199999999999999)
(0.5 0.06 0.72)
(0.55 0.06000000000000001 0.7199999999999999)
(0.6 0.06 0.72)
(0.65 0.06 0.7199999999999999)
(0.7000000000000001 0.06 0.7199999999999999)
(0.75 0.06 0.7200000000000002)
(0.8 0.06 0.72)
(0.85 0.06 0.7200000000000002)
(0.9 0.06 0.7199999999999999)
(0.9500000000000001 0.06 0.7200000000000002)
(1 0.06 0.72)
(-1 0.065 0.72)
(-0.9500000000000001 0.065 0.7199999999999999)
(-0.9 0.065 0.72)
(-0.85 0.06500000000000002 0.72)
(-0.8000000000000002 0.06500000000000002 0.7200000000000002)
(-0.75 0.065 0.72)
(-0.7000000000000001 0.065 0.72)
(-0.65 0.06499999999999999 0.72)
(-0.6 0.065 0.72)
(-0.55 0.065 0.72)
(-0.5 0.065 0.72)
(-0.45 0.065 0.7200000000000002)
(-0.4 0.065 0.7199999999999999)
(-0.35 0.065 0.72)
(-0.3 0.065 0.7199999999999999)
(-0.25 0.065 0.72)
(-0.2 0.065 0.7200000000000002)
(-0.15 0.065 0.7200000000000002)
(-0.1 0.065 0.7200000000000002)
(-0.05000000000000004 0.065 0.7199999999999999)
(0 0.065 0.72)
(0.05000000000000004 0.065 0.7199999999999999)
(0.1000000000000001 0.065 0.72)
(0.1499999999999999 0.065 0.7200000000000002)
(0.2 0.065 0.7200000000000002)
(0.25 0.065 0.72)
(0.3 0.065 0.7199999999999999)
(0.35 0.06500000000000002 0.72)
(0.4 0.06499999999999999 0.7199999999999999)
(0.45 0.065 0.7200000000000002)
(0.5 0.065 0.72)
(0.55 0.06499999999999999 0.72)
(0.6 0.065 0.7199999999999999)
(0.65 0.065 0.7199999999999999)
(0.7000000000000001 0.06500000000000003 0.7200000000000002)
(0.75 0.065 0.7199999999999999)
(0.8 0.065 0.7200000000000002)
(0.8500000000000002 0.06500000000000002 0.72)
(0.9 0.065 0.7199999999999999)
(0.9500000000000001 0.06500000000000002 0.7199999999999999)
(1 0.065 0.72)
(-1 0.07000000000000001 0.72)
(-0.9500000000000001 0.07000000000000001 0.7199999999999999)
(-0.9 0.07000000000000001 0.7200000000000002)
(-0.85 0.07000000000000001 0.7200000000000002)
(-0.8000000000000002 0.07000000000000001 0.72)
(-0.75 0.07000000000000001 0.72)
(-0.7000000000000001 0.07000000000000001 0.7200000000000002)
(-0.65 0.07000000000000001 0.72)
(-0.6 0.07000000000000001 0.72)
(-0.55 0.07000000000000001 0.7200000000000002)
(-0.5 0.07000000000000001 0.72)
(-0.45 0.07000000000000001 0.7199999999999999)
(-0.4 0.07000000000000001 0.7199999999999999)
(-0.35 0.07000000000000001 0.72)
(-0.3 0.07000000000000001 0.72)
(-0.25 0.07000000000000001 0.72)
(-0.2 0.07000000000000001 0.7200000000000002)
(-0.15 0.07000000000000001 0.72)
(-0.1 0.07000000000000001 0.72)
(-0.05000000000000003 0.07000000000000001 0.72)
(0 0.07000000000000001 0.72)
(0.05000000000000003 0.07000000000000001 0.72)
(0.1000000000000001 0.07000000000000001 0.72)
(0.1499999999999999 0.07000000000000001 0.72)
(0.2 0.07000000000000001 0.7200000000000002)
(0.25 0.07000000000000001 0.72)
(0.3 0.07000000000000001 0.72)
(0.35 0.06999999999999999 0.72)
(0.4 0.07000000000000001 0.72)
(0.45 0.07000000000000001 0.72)
(0.5 0.07000000000000001 0.7200000000000002)
(0.55 0.07000000000000001 0.7200000000000002)
(0.6 0.06999999999999999 0.72)
(0.65 0.07000000000000001 0.7199999999999999)
(0.7000000000000001 0.07000000000000001 0.7200000000000002)
(0.75 0.07000000000000001 0.72)
(0.8 0.07000000000000001 0.7199999999999999)
(0.85 0.07000000000000001 0.7200000000000002)
(0.9 0.07000000000000001 0.72)
(0.9500000000000001 0.07000000000000001 0.7199999999999999)
(1 0.07000000000000001 0.72)
(-1 0.075 0.72)
(-0.9500000000000001 0.075 0.72)
(-0.9 0.075 0.72)
(-0.85 0.07500000000000001 0.7200000000000002)
(-0.8 0.075 0.72)
(-0.75 0.075 0.72)
(-0.7000000000000001 0.075 0.72)
(-0.65 0.075 0.72)
(-0.6 0.07500000000000001 0.72)
(-0.55 0.075 0.72)
(-0.5 0.075 0.72)
(-0.45 0.075 0.72)
(-0.4 0.075 0.72)
(-0.35 0.075 0.7200000000000002)
(-0.3 0.075 0.72)
(-0.25 0.075 0.72)
(-0.2 0.075 0.72)
(-0.15 0.075 0.72)
(-0.1 0.075 0.72)
(-0.05000000000000004 0.075 0.72)
(0 0.075 0.72)
(0.05000000000000004 0.075 0.72)
(0.1000000000000001 0.075 0.72)
(0.1499999999999999 0.075 0.72)
(0.2 0.075 0.72)
(0.25 0.075 0.72)
(0.3 0.075 0.72)
(0.35 0.075 0.72)
(0.4 0.075 0.72)
(0.45 0.075 0.72)
(0.5 0.075 0.72)
(0.55 0.075 0.72)
(0.6 0.075 0.72)
(0.65 0.075 0.72)
(0.7000000000000001 0.075 0.72)
(0.75 0.075 0.72)
(0.8 0.075 0.72)
(0.85 0.07500000000000001 0.7200000000000002)
(0.9 0.075 0.7199999999999999)
(0.9500000000000001 0.075 0.72)
(1 0.075 0.72)
(-1 0.08 0.72)
(-0.9500000000000001 0.08 0.7199999999999999)
(-0.9 0.08 0.7199999999999999)
(-0.8500000000000002 0.08000000000000002 0.72)
(-0.8 0.08000000000000002 0.72)
(-0.75 0.08000000000000002 0.72)
(-0.7000000000000001 0.08 0.7200000000000002)
(-0.65 0.08 0.72)
(-0.6 0.08000000000000002 0.7200000000000002)
(-0.55 0.08000000000000002 0.7200000000000002)
(-0.5000000000000001 0.08000000000000002 0.72)
(-0.45 0.08 0.72)
(-0.4 0.08 0.72)
(-0.35 0.08 0.72)
(-0.3 0.08 0.7199999999999999)
(-0.25 0.08 0.72)
(-0.1999999999999999 0.08 0.7199999999999999)
(-0.15 0.08 0.72)
(-0.09999999999999998 0.08 0.72)
(-0.05000000000000007 0.07999999999999999 0.72)
(0 0.08 0.72)
(0.05000000000000004 0.08 0.72)
(0.1000000000000001 0.08 0.7199999999999999)
(0.1499999999999999 0.08000000000000002 0.72)
(0.2 0.08000000000000002 0.72)
(0.25 0.08 0.72)
(0.3 0.08 0.7199999999999999)
(0.35 0.08 0.72)
(0.4 0.08 0.7199999999999999)
(0.45 0.08 0.7200000000000002)
(0.5000000000000001 0.08000000000000002 0.7199999999999999)
(0.55 0.08000000000000002 0.7200000000000002)
(0.6 0.08000000000000002 0.7200000000000002)
(0.65 0.08000000000000002 0.7200000000000002)
(0.7000000000000001 0.08000000000000002 0.7200000000000002)
(0.75 0.08000000000000002 0.72)
(0.8 0.08000000000000002 0.72)
(0.8500000000000002 0.08 0.7200000000000002)
(0.9 0.08 0.7199999999999999)
(0.9500000000000001 0.08 0.72)
(1 0.08 0.72)
(-1 0.08500000000000001 0.72)
(-0.9500000000000001 0.08500000000000001 0.72)
(-0.9 0.08500000000000001 0.72)
(-0.85 0.08500000000000001 0.72)
(-0.8 0.08500000000000001 0.72)
(-0.75 0.08500000000000001 0.72)
(-0.7000000000000001 0.08500000000000001 0.7200000000000002)
(-0.65 0.08500000000000001 0.72)
(-0.6 0.08500000000000001 0.72)
(-0.55 0.08500000000000002 0.72)
(-0.5 0.08500000000000001 0.72)
(-0.45 0.08500000000000001 0.7200000000000002)
(-0.4000000000000001 0.08500000000000001 0.7200000000000002)
(-0.35 0.08500000000000001 0.72)
(-0.3 0.08500000000000001 0.72)
(-0.25 0.08500000000000001 0.72)
(-0.2 0.08499999999999998 0.7199999999999999)
(-0.15 0.08500000000000001 0.72)
(-0.09999999999999994 0.08500000000000001 0.7199999999999999)
(-0.05000000000000004 0.08500000000000001 0.7199999999999999)
(0 0.08500000000000001 0.72)
(0.05000000000000003 0.08500000000000002 0.7199999999999999)
(0.1000000000000001 0.08500000000000001 0.72)
(0.1499999999999999 0.08500000000000001 0.72)
(0.2 0.08500000000000001 0.7199999999999999)
(0.25 0.08500000000000001 0.72)
(0.3 0.08500000000000001 0.72)
(0.35 0.08500000000000002 0.72)
(0.4 0.08500000000000002 0.7200000000000002)
(0.45 0.08500000000000001 0.7200000000000002)
(0.5 0.08500000000000001 0.72)
(0.55 0.08500000000000001 0.7200000000000002)
(0.6000000000000001 0.08500000000000001 0.7200000000000002)
(0.65 0.08500000000000001 0.7199999999999999)
(0.7000000000000001 0.08500000000000001 0.7200000000000002)
(0.75 0.08500000000000002 0.7200000000000002)
(0.8 0.08500000000000001 0.72)
(0.8500000000000002 0.08500000000000001 0.7200000000000002)
(0.9 0.08500000000000001 0.7199999999999999)
(0.9500000000000001 0.08500000000000001 0.7200000000000002)
(1 0.08500000000000001 0.72)
(-1 0.09 0.72)
(-0.9500000000000001 0.09 0.7200000000000002)
(-0.9 0.09 0.7200000000000002)
(-0.85 0.09 0.72)
(-0.8 0.09 0.72)
(-0.75 0.09000000000000002 0.72)
(-0.7000000000000002 0.09000000000000002 0.7200000000000002)
(-0.65 0.08999999999999998 0.72)
(-0.6 0.09 0.7200000000000002)
(-0.55 0.09 0.7200000000000002)
(-0.5 0.09 0.7200000000000002)
(-0.45 0.09 0.72)
(-0.4 0.09 0.72)
(-0.35 0.09 0.7200000000000002)
(-0.3 0.09 0.7200000000000002)
(-0.25 0.09 0.72)
(-0.2 0.09 0.72)
(-0.1499999999999999 0.09 0.72)
(-0.1000000000000001 0.09 0.7200000000000002)
(-0.05000000000000003 0.09 0.72)
(0 0.09 0.72)
(0.05 0.09000000000000002 0.72)
(0.1000000000000001 0.09000000000000002 0.7200000000000002)
(0.1499999999999999 0.09 0.72)
(0.2 0.09 0.72)
(0.2500000000000001 0.09 0.7200000000000002)
(0.3 0.09 0.7200000000000002)
(0.3500000000000001 0.09 0.7200000000000002)
(0.4 0.09 0.72)
(0.45 0.09 0.72)
(0.5 0.09 0.72)
(0.55 0.09 0.72)
(0.6 0.09000000000000002 0.7200000000000002)
(0.65 0.08999999999999998 0.7199999999999999)
(0.7000000000000001 0.09 0.72)
(0.75 0.09000000000000002 0.7200000000000002)
(0.8000000000000002 0.09 0.7199999999999999)
(0.85 0.09000000000000002 0.7200000000000002)
(0.9 0.09 0.7200000000000002)
(0.9500000000000001 0.09000000000000002 0.7200000000000002)
(1 0.09 0.72)
(-1 0.095 0.72)
(-0.9500000000000001 0.095 0.72)
(-0.9 0.095 0.72)
(-0.85 0.095 0.7200000000000002)
(-0.8000000000000002 0.095 0.7200000000000002)
(-0.75 0.095 0.72)
(-0.7000000000000001 0.095 0.72)
(-0.65 0.095 0.72)
(-0.6 0.095 0.72)
(-0.55 0.095 0.72)
(-0.5 0.095 0.72)
(-0.45 0.095 0.7200000000000002)
(-0.3999999999999999 0.09499999999999999 0.7200000000000002)
(-0.3500000000000001 0.095 0.72)
(-0.3 0.095 0.72)
(-0.25 0.095 0.72)
(-0.2 0.095 0.7199999999999999)
(-0.1499999999999999 0.09499999999999999 0.7199999999999999)
(-0.09999999999999996 0.095 0.72)
(-0.04999999999999998 0.095 0.7200000000000002)
(0 0.09500000000000001 0.72)
(0.05 0.095 0.7200000000000002)
(0.1000000000000001 0.095 0.72)
(0.1499999999999999 0.095 0.7199999999999999)
(0.2 0.095 0.72)
(0.25 0.095 0.72)
(0.3 0.09499999999999999 0.72)
(0.35 0.095 0.7199999999999999)
(0.4 0.095 0.7200000000000002)
(0.45 0.095 0.7200000000000002)
(0.5 0.095 0.7199999999999999)
(0.55 0.095 0.72)
(0.6 0.095 0.72)
(0.65 0.095 0.7199999999999999)
(0.7000000000000001 0.095 0.72)
(0.75 0.095 0.72)
(0.8 0.095 0.7200000000000002)
(0.85 0.095 0.7200000000000002)
(0.9 0.095 0.7200000000000002)
(0.9500000000000001 0.09500000000000001 0.72)
(1 0.095 0.72)
(-1 0.1 0.72)
(-0.9500000000000001 0.1 0.72)
(-0.9 0.1 0.72)
(-0.85 0.1 0.7200000000000002)
(-0.8 0.1 0.72)
(-0.75 0.1 0.72)
(-0.7000000000000001 0.1 0.72)
(-0.65 0.1 0.72)
(-0.6 0.1 0.72)
(-0.55 0.1 0.72)
(-0.5 0.1 0.72)
(-0.45 0.1 0.72)
(-0.4 0.1 0.72)
(-0.35 0.1 0.7200000000000002)
(-0.3 0.1 0.72)
(-0.25 0.1 0.72)
(-0.2 0.1 0.72)
(-0.1499999999999999 0.1 0.72)
(-0.09999999999999998 0.1 0.7200000000000002)
(-0.05000000000000003 0.1 0.72)
(0 0.1 0.72)
(0.05 0.1 0.72)
(0.1000000000000001 0.1 0.72)
(0.1499999999999999 0.1 0.72)
(0.2 0.1 0.72)
(0.25 0.1 0.72)
(0.3 0.1 0.72)
(0.35 0.1 0.72)
(0.4 0.1 0.72)
(0.45 0.1 0.72)
(0.5 0.1 0.72)
(0.55 0.1 0.72)
(0.6 0.1 0.72)
(0.65 0.1 0.7199999999999999)
(0.7000000000000001 0.1 0.72)
(0.75 0.1 0.72)
(0.8 0.1 0.72)
(0.85 0.1 0.7200000000000002)
(0.9 0.1 0.7199999999999999)
(0.9500000000000001 0.1 0.72)
(1 0.1 0.72)
(-1 0 0.75)
(-0.9500000000000001 0 0.75)
(-0.9 0 0.75)
(-0.85 0 0.75)
(-0.8 0 0.75)
(-0.75 0 0.75)
(-0.7000000000000001 0 0.75)
(-0.65 0 0.75)
(-0.6 0 0.75)
(-0.55 0 0.75)
(-0.5 0 0.75)
(-0.45 0 0.75)
(-0.4 0 0.75)
(-0.35 0 0.75)
(-0.3 0 0.75)
(-0.25 0 0.75)
(-0.2 0 0.75)
(-0.15 0 0.75)
(-0.1 0 0.75)
(-0.05000000000000003 0 0.75)
(0 0 0.75)
(0.05000000000000003 0 0.75)
(0.1000000000000001 0 0.75)
(0.1499999999999999 0 0.75)
(0.2 0 0.75)
(0.25 0 0.75)
(0.3 0 0.75)
(0.35 0 0.75)
(0.4 0 0.75)
(0.45 0 0.75)
(0.5 0 0.75)
(0.55 0 0.75)
(0.6 0 0.75)
(0.65 0 0.75)
(0.7000000000000001 0 0.75)
(0.75 0 0.75)
(0.8 0 0.75)
(0.85 0 0.75)
(0.9 0 0.75)
(0.9500000000000001 0 0.75)
(1 0 0.75)
(-1 0.005 0.75)
(-0.9500000000000001 0.005 0.75)
(-0.9 0.005 0.75)
(-0.85 0.005 0.75)
(-0.8 0.005000000000000001 0.75)
(-0.75 0.005 0.75)
(-0.7000000000000001 0.005 0.75)
(-0.65 0.005 0.75)
(-0.6 0.005000000000000001 0.75)
(-0.55 0.005 0.75)
(-0.5 0.005 0.75)
(-0.45 0.005 0.75)
(-0.4 0.005 0.75)
(-0.35 0.005 0.75)
(-0.3 0.005000000000000001 0.75)
(-0.25 0.005 0.75)
(-0.2 0.005 0.75)
(-0.1499999999999999 0.005000000000000001 0.75)
(-0.09999999999999998 0.005000000000000001 0.75)
(-0.05 0.005 0.75)
(0 0.005 0.75)
(0.05 0.005 0.75)
(0.1000000000000001 0.005000000000000001 0.75)
(0.1499999999999999 0.005000000000000001 0.75)
(0.2 0.005 0.75)
(0.25 0.005 0.75)
(0.3 0.005000000000000001 0.75)
(0.3500000000000001 0.005000000000000001 0.75)
(0.3999999999999999 0.005 0.75)
(0.45 0.005 0.75)
(0.5 0.005 0.75)
(0.55 0.005000000000000001 0.75)
(0.6 0.005 0.75)
(0.65 0.005 0.75)
(0.7000000000000001 0.005 0.75)
(0.75 0.005 0.75)
(0.8 0.005 0.75)
(0.85 0.005 0.75)
(0.9 0.005 0.75)
(0.9500000000000001 0.005 0.75)
(1 0.005 0.75)
(-1 0.01 0.75)
(-0.9500000000000001 0.01 0.75)
(-0.9 0.01 0.75)
(-0.85 0.01 0.75)
(-0.8 0.01 0.7500000000000001)
(-0.75 0.01 0.75)
(-0.7000000000000001 0.01 0.75)
(-0.65 0.01 0.75)
(-0.6 0.01 0.75)
(-0.55 0.01 0.75)
(-0.5 0.01 0.75)
(-0.45 0.01 0.75)
(-0.4 0.01 0.75)
(-0.35 0.01 0.75)
(-0.3000000000000001 0.01 0.75)
(-0.25 0.01 0.75)
(-0.2 0.01 0.75)
(-0.15 0.01 0.75)
(-0.1 0.01 0.75)
(-0.05000000000000003 0.01 0.75)
(0 0.01 0.75)
(0.05000000000000003 0.01 0.75)
(0.1000000000000001 0.01 0.75)
(0.1499999999999999 0.01 0.75)
(0.2 0.009999999999999998 0.75)
(0.25 0.01 0.75)
(0.3 0.01 0.75)
(0.35 0.01 0.75)
(0.3999999999999999 0.01 0.75)
(0.45 0.01 0.75)
(0.5 0.01 0.75)
(0.55 0.01 0.75)
(0.6 0.01 0.75)
(0.65 0.01 0.75)
(0.7000000000000001 0.01 0.75)
(0.75 0.01 0.75)
(0.8 0.01 0.7500000000000001)
(0.85 0.009999999999999998 0.75)
(0.9 0.01 0.75)
(0.9500000000000001 0.01 0.75)
(1 0.01 0.75)
(-1 0.015 0.75)
(-0.9500000000000001 0.015 0.75)
(-0.9 0.015 0.75)
(-0.85 0.015 0.75)
(-0.8 0.015 0.75)
(-0.75 0.015 0.75)
(-0.7000000000000001 0.015 0.75)
(-0.65 0.015 0.75)
(-0.6 0.015 0.75)
(-0.55 0.015 0.75)
(-0.5 0.015 0.75)
(-0.45 0.015 0.75)
(-0.4 0.015 0.75)
(-0.35 0.015 0.75)
(-0.3 0.015 0.75)
(-0.25 0.015 0.75)
(-0.2 0.015 0.75)
(-0.15 0.015 0.75)
(-0.1 0.015 0.75)
(-0.05 0.015 0.75)
(0 0.015 0.75)
(0.05 0.015 0.75)
(0.1000000000000001 0.015 0.75)
(0.1499999999999999 0.015 0.75)
(0.2 0.015 0.75)
(0.25 0.015 0.75)
(0.3 0.015 0.75)
(0.35 0.015 0.75)
(0.4 0.015 0.75)
(0.45 0.015 0.75)
(0.5 0.015 0.75)
(0.55 0.015 0.75)
(0.6 0.015 0.75)
(0.65 0.015 0.75)
(0.7000000000000001 0.015 0.75)
(0.75 0.015 0.75)
(0.8 0.015 0.75)
(0.85 0.015 0.75)
(0.9 0.015 0.75)
(0.9500000000000001 0.015 0.75)
(1 0.015 0.75)
(-1 0.02 0.75)
(-0.9500000000000001 0.02 0.75)
(-0.9 0.02 0.75)
(-0.85 0.02 0.75)
(-0.8 0.02 0.75)
(-0.75 0.02 0.75)
(-0.7000000000000001 0.02 0.75)
(-0.65 0.02 0.75)
(-0.6 0.02 0.75)
(-0.55 0.02 0.75)
(-0.5 0.02 0.75)
(-0.45 0.02 0.75)
(-0.4 0.02 0.75)
(-0.35 0.02 0.75)
(-0.3 0.02 0.75)
(-0.25 0.02 0.75)
(-0.2 0.02 0.75)
(-0.15 0.02 0.75)
(-0.1 0.02 0.75)
(-0.05000000000000003 0.02 0.75)
(0 0.02 0.75)
(0.05000000000000003 0.02 0.75)
(0.1000000000000001 0.02 0.75)
(0.1499999999999999 0.02 0.75)
(0.2 0.02 0.75)
(0.25 0.02 0.75)
(0.3 0.02 0.75)
(0.35 0.02 0.75)
(0.4 0.02 0.75)
(0.45 0.02 0.75)
(0.5 0.02 0.75)
(0.55 0.02 0.75)
(0.6 0.02 0.75)
(0.65 0.02 0.75)
(0.7000000000000001 0.02 0.75)
(0.75 0.02 0.75)
(0.8 0.02 0.75)
(0.85 0.02 0.75)
(0.9 0.02 0.75)
(0.9500000000000001 0.02 0.75)
(1 0.02 0.75)
(-1 0.025 0.75)
(-0.9500000000000001 0.025 0.75)
(-0.9 0.025 0.75)
(-0.85 0.025 0.75)
(-0.8 0.025 0.75)
(-0.75 0.025 0.75)
(-0.7000000000000001 0.025 0.75)
(-0.65 0.025 0.75)
(-0.6 0.025 0.75)
(-0.55 0.025 0.75)
(-0.5 0.025 0.75)
(-0.45 0.025 0.75)
(-0.4 0.025 0.75)
(-0.35 0.025 0.75)
(-0.3 0.025 0.75)
(-0.25 0.025 0.75)
(-0.2 0.025 0.75)
(-0.15 0.025 0.75)
(-0.1 0.025 0.75)
(-0.05000000000000007 0.025 0.75)
(0 0.025 0.75)
(0.05000000000000007 0.025 0.75)
(0.1000000000000001 0.025 0.75)
(0.1499999999999999 0.025 0.75)
(0.2 0.025 0.75)
(0.25 0.025 0.75)
(0.3 0.025 0.75)
(0.35 0.025 0.75)
(0.4 0.025 0.75)
(0.45 0.025 0.75)
(0.5 0.025 0.75)
(0.55 0.025 0.75)
(0.6 0.025 0.75)
(0.65 0.025 0.75)
(0.7000000000000001 0.025 0.75)
(0.75 0.025 0.75)
(0.8 0.025 0.75)
(0.85 0.025 0.75)
(0.9 0.025 0.75)
(0.9500000000000001 0.025 0.75)
(1 0.025 0.75)
(-1 0.03 0.75)
(-0.9500000000000001 0.03 0.75)
(-0.9 0.03 0.75)
(-0.85 0.03 0.75)
(-0.8 0.03 0.75)
(-0.75 0.03 0.75)
(-0.7000000000000001 0.03 0.75)
(-0.65 0.03000000000000001 0.75)
(-0.6000000000000001 0.03 0.75)
(-0.55 0.03 0.75)
(-0.5 0.03 0.75)
(-0.45 0.03 0.75)
(-0.4 0.03 0.75)
(-0.35 0.03 0.75)
(-0.3 0.03 0.75)
(-0.25 0.03 0.75)
(-0.2 0.03 0.75)
(-0.15 0.03 0.75)
(-0.09999999999999998 0.03 0.75)
(-0.05000000000000005 0.03 0.75)
(0 0.03 0.75)
(0.05000000000000005 0.03 0.75)
(0.1000000000000001 0.03 0.75)
(0.1499999999999999 0.03 0.75)
(0.2 0.03 0.75)
(0.25 0.03 0.75)
(0.3 0.03 0.75)
(0.35 0.03 0.75)
(0.4 0.03 0.75)
(0.45 0.03 0.75)
(0.5 0.03 0.75)
(0.55 0.03 0.75)
(0.6 0.03 0.75)
(0.65 0.03 0.75)
(0.7000000000000001 0.03 0.75)
(0.75 0.03 0.75)
(0.8 0.03 0.75)
(0.85 0.03 0.75)
(0.9 0.03000000000000001 0.75)
(0.9500000000000001 0.03 0.75)
(1 0.03 0.75)
(-1 0.035 0.75)
(-0.9500000000000001 0.035 0.75)
(-0.9 0.035 0.75)
(-0.85 0.035 0.75)
(-0.8 0.035 0.75)
(-0.75 0.035 0.75)
(-0.7000000000000001 0.035 0.75)
(-0.65 0.035 0.75)
(-0.6 0.035 0.75)
(-0.55 0.035 0.75)
(-0.5 0.035 0.75)
(-0.45 0.035 0.75)
(-0.4 0.035 0.75)
(-0.35 0.035 0.75)
(-0.3 0.035 0.75)
(-0.25 0.035 0.75)
(-0.2 0.035 0.75)
(-0.15 0.035 0.75)
(-0.1 0.035 0.75)
(-0.0500000000000001 0.035 0.75)
(0 0.035 0.75)
(0.0500000000000001 0.035 0.75)
(0.1000000000000001 0.035 0.75)
(0.1499999999999999 0.035 0.75)
(0.2 0.035 0.75)
(0.25 0.035 0.75)
(0.3 0.035 0.75)
(0.35 0.035 0.75)
(0.4 0.035 0.75)
(0.45 0.035 0.75)
(0.5 0.035 0.75)
(0.55 0.035 0.75)
(0.6 0.035 0.75)
(0.65 0.035 0.75)
(0.7000000000000001 0.035 0.75)
(0.75 0.035 0.75)
(0.8 0.035 0.75)
(0.85 0.035 0.75)
(0.9 0.035 0.75)
(0.9500000000000001 0.035 0.75)
(1 0.035 0.75)
(-1 0.04 0.75)
(-0.9500000000000001 0.04 0.75)
(-0.9 0.04 0.75)
(-0.85 0.04 0.75)
(-0.8 0.04000000000000001 0.75)
(-0.75 0.04 0.75)
(-0.7000000000000001 0.04 0.75)
(-0.65 0.04 0.75)
(-0.6 0.04000000000000001 0.75)
(-0.55 0.04000000000000001 0.75)
(-0.5 0.04 0.75)
(-0.45 0.04 0.75)
(-0.4 0.04 0.75)
(-0.35 0.04 0.75)
(-0.3 0.04 0.75)
(-0.25 0.04 0.75)
(-0.2 0.04 0.75)
(-0.15 0.04 0.75)
(-0.09999999999999998 0.04 0.75)
(-0.05000000000000003 0.04 0.75)
(0 0.04 0.75)
(0.05000000000000003 0.04 0.75)
(0.1000000000000001 0.04000000000000001 0.75)
(0.1499999999999999 0.04000000000000001 0.75)
(0.2 0.04 0.75)
(0.25 0.04 0.75)
(0.3 0.04 0.75)
(0.35 0.04 0.75)
(0.4 0.04 0.75)
(0.45 0.04 0.75)
(0.5 0.04 0.75)
(0.55 0.04000000000000001 0.75)
(0.6 0.04 0.75)
(0.65 0.04 0.75)
(0.7000000000000001 0.04 0.75)
(0.75 0.04 0.75)
(0.8 0.04 0.75)
(0.85 0.04 0.75)
(0.9 0.04 0.75)
(0.9500000000000001 0.04 0.75)
(1 0.04 0.75)
(-1 0.045 0.75)
(-0.9500000000000001 0.045 0.75)
(-0.9 0.045 0.75)
(-0.85 0.045 0.75)
(-0.8 0.045 0.75)
(-0.75 0.045 0.75)
(-0.7000000000000001 0.045 0.75)
(-0.65 0.045 0.75)
(-0.6000000000000001 0.045 0.75)
(-0.55 0.045 0.75)
(-0.5 0.045 0.75)
(-0.45 0.045 0.75)
(-0.4 0.045 0.75)
(-0.35 0.045 0.75)
(-0.3 0.045 0.75)
(-0.25 0.045 0.75)
(-0.2 0.045 0.75)
(-0.15 0.045 0.75)
(-0.1 0.045 0.75)
(-0.05000000000000007 0.045 0.75)
(0 0.045 0.75)
(0.05000000000000007 0.045 0.75)
(0.1000000000000001 0.045 0.75)
(0.1499999999999999 0.045 0.75)
(0.2 0.045 0.75)
(0.25 0.045 0.75)
(0.3 0.045 0.75)
(0.35 0.045 0.75)
(0.4 0.04499999999999999 0.75)
(0.45 0.045 0.75)
(0.5 0.045 0.75)
(0.55 0.045 0.75)
(0.6 0.045 0.75)
(0.65 0.04499999999999999 0.75)
(0.7000000000000001 0.045 0.75)
(0.75 0.045 0.75)
(0.8 0.045 0.75)
(0.85 0.04500000000000001 0.75)
(0.9 0.045 0.75)
(0.9500000000000001 0.045 0.75)
(1 0.045 0.75)
(-1 0.05 0.75)
(-0.9500000000000001 0.05 0.75)
(-0.9 0.05 0.75)
(-0.85 0.05 0.75)
(-0.8 0.05 0.75)
(-0.75 0.05 0.75)
(-0.7000000000000001 0.05 0.75)
(-0.65 0.05 0.75)
(-0.6 0.05 0.75)
(-0.55 0.05 0.75)
(-0.5 0.05 0.75)
(-0.45 0.05 0.75)
(-0.4 0.05 0.75)
(-0.35 0.05 0.75)
(-0.3 0.05 0.75)
(-0.25 0.05 0.75)
(-0.2 0.05 0.75)
(-0.15 0.05 0.75)
(-0.1 0.05 0.75)
(-0.05000000000000003 0.05 0.75)
(0 0.05 0.75)
(0.05000000000000003 0.05 0.75)
(0.1000000000000001 0.05 0.75)
(0.1499999999999999 0.05 0.75)
(0.2 0.05 0.75)
(0.25 0.05 0.75)
(0.3 0.05 0.75)
(0.35 0.05 0.75)
(0.4 0.05 0.75)
(0.45 0.05 0.75)
(0.5 0.05 0.75)
(0.55 0.05 0.75)
(0.6 0.05 0.75)
(0.65 0.05 0.75)
(0.7000000000000001 0.05 0.75)
(0.75 0.05 0.75)
(0.8 0.05 0.75)
(0.85 0.05 0.75)
(0.9 0.05 0.75)
(0.9500000000000001 0.05 0.75)
(1 0.05 0.75)
(-1 0.055 0.75)
(-0.9500000000000001 0.055 0.75)
(-0.9 0.055 0.75)
(-0.85 0.055 0.75)
(-0.8 0.055 0.75)
(-0.75 0.055 0.75)
(-0.7000000000000001 0.055 0.75)
(-0.65 0.055 0.75)
(-0.6 0.055 0.75)
(-0.55 0.055 0.75)
(-0.5 0.055 0.75)
(-0.45 0.055 0.75)
(-0.4 0.055 0.75)
(-0.35 0.05500000000000001 0.75)
(-0.3 0.055 0.75)
(-0.25 0.055 0.75)
(-0.2 0.055 0.75)
(-0.15 0.055 0.75)
(-0.1 0.055 0.75)
(-0.05000000000000007 0.055 0.75)
(0 0.055 0.75)
(0.05000000000000004 0.055 0.75)
(0.1000000000000001 0.055 0.75)
(0.1499999999999999 0.055 0.75)
(0.2 0.055 0.75)
(0.25 0.055 0.75)
(0.3 0.055 0.75)
(0.35 0.055 0.75)
(0.4 0.055 0.75)
(0.45 0.055 0.75)
(0.5 0.055 0.75)
(0.55 0.055 0.75)
(0.6 0.055 0.75)
(0.65 0.055 0.75)
(0.7000000000000001 0.055 0.75)
(0.75 0.055 0.75)
(0.8 0.055 0.75)
(0.85 0.055 0.75)
(0.9 0.055 0.75)
(0.9500000000000001 0.055 0.75)
(1 0.055 0.75)
(-1 0.06 0.75)
(-0.9500000000000001 0.06 0.75)
(-0.9 0.06 0.75)
(-0.85 0.06 0.75)
(-0.8 0.06 0.75)
(-0.75 0.06 0.75)
(-0.7000000000000001 0.06 0.75)
(-0.65 0.06 0.75)
(-0.6 0.06 0.75)
(-0.55 0.06 0.75)
(-0.5 0.06 0.75)
(-0.45 0.06 0.75)
(-0.4 0.06 0.75)
(-0.35 0.06 0.75)
(-0.3 0.06 0.75)
(-0.25 0.06 0.75)
(-0.2 0.06 0.75)
(-0.15 0.06 0.75)
(-0.09999999999999998 0.06 0.75)
(-0.05000000000000004 0.06 0.75)
(0 0.06 0.75)
(0.05000000000000001 0.06 0.75)
(0.1000000000000001 0.06 0.75)
(0.1499999999999999 0.06 0.75)
(0.2 0.06 0.75)
(0.25 0.06 0.75)
(0.3 0.06 0.75)
(0.35 0.06 0.75)
(0.4 0.06 0.75)
(0.45 0.06 0.75)
(0.5 0.06 0.75)
(0.55 0.06 0.75)
(0.6 0.06 0.75)
(0.65 0.06 0.75)
(0.7000000000000001 0.06 0.75)
(0.75 0.06 0.75)
(0.8 0.06000000000000001 0.75)
(0.85 0.06 0.75)
(0.9 0.06 0.75)
(0.9500000000000001 0.06 0.75)
(1 0.06 0.75)
(-1 0.065 0.75)
(-0.9500000000000001 0.065 0.75)
(-0.9 0.065 0.75)
(-0.8500000000000002 0.06500000000000002 0.75)
(-0.8 0.06500000000000002 0.75)
(-0.75 0.065 0.75)
(-0.7000000000000001 0.065 0.75)
(-0.65 0.065 0.75)
(-0.6 0.065 0.75)
(-0.55 0.06500000000000002 0.75)
(-0.5 0.065 0.75)
(-0.45 0.065 0.75)
(-0.4 0.065 0.75)
(-0.35 0.065 0.75)
(-0.3 0.065 0.75)
(-0.25 0.065 0.75)
(-0.2 0.065 0.75)
(-0.15 0.065 0.75)
(-0.1 0.065 0.75)
(-0.0500000000000001 0.065 0.75)
(0 0.065 0.75)
(0.05000000000000011 0.065 0.75)
(0.1000000000000001 0.065 0.75)
(0.1499999999999999 0.065 0.75)
(0.2 0.065 0.75)
(0.25 0.065 0.75)
(0.3 0.065 0.75)
(0.35 0.06500000000000002 0.75)
(0.4 0.065 0.75)
(0.45 0.065 0.75)
(0.5 0.065 0.75)
(0.55 0.065 0.75)
(0.6 0.065 0.75)
(0.65 0.065 0.75)
(0.7000000000000001 0.065 0.75)
(0.75 0.065 0.75)
(0.8 0.065 0.75)
(0.85 0.06500000000000002 0.75)
(0.9 0.06499999999999999 0.75)
(0.9500000000000001 0.065 0.75)
(1 0.065 0.75)
(-1 0.07000000000000001 0.75)
(-0.9500000000000001 0.07000000000000001 0.75)
(-0.9 0.06999999999999999 0.75)
(-0.85 0.07000000000000001 0.75)
(-0.8 0.07000000000000001 0.75)
(-0.75 0.07000000000000001 0.75)
(-0.7000000000000001 0.07000000000000001 0.75)
(-0.65 0.06999999999999999 0.75)
(-0.6 0.07000000000000001 0.75)
(-0.55 0.07000000000000001 0.75)
(-0.5 0.07000000000000001 0.75)
(-0.45 0.07000000000000001 0.75)
(-0.4 0.07000000000000001 0.75)
(-0.35 0.07000000000000001 0.75)
(-0.3 0.07000000000000001 0.75)
(-0.25 0.07000000000000001 0.75)
(-0.2 0.07000000000000001 0.75)
(-0.15 0.06999999999999999 0.75)
(-0.1 0.07000000000000001 0.75)
(-0.05000000000000004 0.07000000000000001 0.75)
(0 0.07000000000000001 0.75)
(0.05000000000000004 0.07000000000000001 0.75)
(0.1000000000000001 0.07000000000000001 0.75)
(0.1499999999999999 0.07000000000000001 0.75)
(0.2 0.07000000000000001 0.75)
(0.25 0.07000000000000001 0.75)
(0.3 0.07000000000000001 0.75)
(0.35 0.06999999999999999 0.75)
(0.4 0.07000000000000001 0.75)
(0.45 0.06999999999999999 0.75)
(0.5 0.07000000000000001 0.75)
(0.55 0.07000000000000001 0.75)
(0.6 0.06999999999999999 0.75)
(0.65 0.07000000000000001 0.75)
(0.7000000000000001 0.06999999999999999 0.75)
(0.75 0.07000000000000001 0.75)
(0.8 0.07000000000000001 0.75)
(0.85 0.06999999999999999 0.75)
(0.9 0.07000000000000001 0.75)
(0.9500000000000001 0.07000000000000001 0.75)
(1 0.07000000000000001 0.75)
(-1 0.075 0.75)
(-0.9500000000000001 0.075 0.75)
(-0.9 0.075 0.75)
(-0.8500000000000002 0.07500000000000001 0.75)
(-0.8 0.075 0.75)
(-0.75 0.075 0.75)
(-0.7000000000000001 0.075 0.75)
(-0.65 0.075 0.75)
(-0.6 0.07500000000000001 0.75)
(-0.55 0.075 0.75)
(-0.5 0.075 0.75)
(-0.45 0.075 0.75)
(-0.4 0.075 0.75)
(-0.3500000000000001 0.075 0.75)
(-0.3 0.075 0.75)
(-0.25 0.075 0.75)
(-0.2 0.075 0.75)
(-0.15 0.075 0.75)
(-0.1 0.075 0.75)
(-0.05000000000000007 0.075 0.75)
(0 0.075 0.75)
(0.05000000000000007 0.075 0.75)
(0.1000000000000001 0.075 0.75)
(0.1499999999999999 0.075 0.75)
(0.2 0.075 0.75)
(0.25 0.075 0.75)
(0.3 0.075 0.75)
(0.35 0.075 0.75)
(0.4 0.075 0.75)
(0.45 0.075 0.75)
(0.5 0.075 0.75)
(0.55 0.075 0.75)
(0.6 0.075 0.75)
(0.65 0.075 0.75)
(0.7000000000000001 0.075 0.75)
(0.75 0.075 0.75)
(0.8 0.075 0.75)
(0.85 0.07500000000000001 0.75)
(0.9 0.075 0.75)
(0.9500000000000001 0.075 0.75)
(1 0.075 0.75)
(-1 0.08 0.75)
(-0.9500000000000001 0.08 0.75)
(-0.9 0.08 0.75)
(-0.85 0.08 0.75)
(-0.8 0.08000000000000002 0.75)
(-0.75 0.08 0.75)
(-0.7000000000000001 0.08 0.75)
(-0.65 0.08 0.75)
(-0.6 0.08000000000000002 0.75)
(-0.5500000000000003 0.08000000000000002 0.7500000000000001)
(-0.5 0.08 0.75)
(-0.45 0.08 0.75)
(-0.4 0.08 0.75)
(-0.35 0.08 0.75)
(-0.3 0.08 0.75)
(-0.25 0.08 0.75)
(-0.2 0.08 0.75)
(-0.1499999999999999 0.08 0.75)
(-0.1 0.08 0.75)
(-0.05000000000000004 0.08 0.75)
(0 0.08 0.75)
(0.05000000000000003 0.08 0.75)
(0.1000000000000001 0.08 0.75)
(0.1499999999999999 0.08000000000000002 0.75)
(0.2 0.08 0.75)
(0.25 0.08 0.75)
(0.3 0.08 0.75)
(0.35 0.08 0.75)
(0.4 0.08 0.75)
(0.45 0.08 0.75)
(0.5 0.08 0.75)
(0.55 0.08000000000000002 0.75)
(0.6 0.08 0.75)
(0.65 0.08 0.75)
(0.7000000000000001 0.08 0.75)
(0.75 0.08 0.75)
(0.8 0.08000000000000002 0.75)
(0.85 0.08000000000000002 0.75)
(0.9 0.08 0.75)
(0.9500000000000001 0.08 0.75)
(1 0.08 0.75)
(-1 0.08500000000000001 0.75)
(-0.9500000000000001 0.08500000000000001 0.75)
(-0.9 0.08500000000000001 0.75)
(-0.85 0.08500000000000001 0.75)
(-0.8 0.08500000000000001 0.75)
(-0.75 0.08500000000000001 0.75)
(-0.7000000000000001 0.08500000000000001 0.75)
(-0.65 0.08500000000000001 0.75)
(-0.6 0.08500000000000001 0.75)
(-0.55 0.08500000000000001 0.75)
(-0.5 0.08500000000000001 0.75)
(-0.45 0.08500000000000001 0.75)
(-0.4 0.08500000000000001 0.75)
(-0.35 0.08500000000000001 0.75)
(-0.3 0.08500000000000001 0.75)
(-0.25 0.08500000000000001 0.75)
(-0.2 0.08500000000000001 0.75)
(-0.15 0.08499999999999998 0.75)
(-0.1000000000000001 0.08500000000000001 0.75)
(-0.05000000000000003 0.08500000000000001 0.75)
(0 0.08500000000000001 0.75)
(0.05 0.08500000000000001 0.75)
(0.1000000000000001 0.08500000000000001 0.75)
(0.1499999999999999 0.08500000000000001 0.75)
(0.2 0.08500000000000001 0.75)
(0.25 0.08500000000000001 0.75)
(0.3 0.08500000000000001 0.75)
(0.35 0.08500000000000001 0.75)
(0.4 0.08500000000000001 0.75)
(0.45 0.08500000000000001 0.75)
(0.5 0.08500000000000001 0.75)
(0.55 0.08500000000000001 0.75)
(0.6 0.08500000000000001 0.75)
(0.65 0.08500000000000001 0.75)
(0.7000000000000001 0.08500000000000001 0.75)
(0.75 0.08500000000000001 0.75)
(0.8 0.08500000000000001 0.75)
(0.85 0.08500000000000001 0.75)
(0.9 0.08500000000000001 0.75)
(0.9500000000000001 0.08500000000000001 0.75)
(1 0.08500000000000001 0.75)
(-1 0.09 0.75)
(-0.9500000000000001 0.09 0.75)
(-0.9 0.09 0.75)
(-0.85 0.09 0.75)
(-0.8 0.09 0.7500000000000001)
(-0.75 0.09 0.75)
(-0.7000000000000001 0.09 0.75)
(-0.65 0.09 0.75)
(-0.6 0.09 0.75)
(-0.55 0.09 0.75)
(-0.5 0.09 0.75)
(-0.45 0.09 0.75)
(-0.4 0.09 0.75)
(-0.35 0.09 0.75)
(-0.3 0.09 0.75)
(-0.25 0.09 0.75)
(-0.2 0.09 0.75)
(-0.15 0.09 0.75)
(-0.09999999999999998 0.09 0.75)
(-0.05000000000000003 0.09 0.75)
(0 0.09 0.75)
(0.05 0.09 0.75)
(0.1000000000000001 0.09 0.75)
(0.1499999999999999 0.09 0.75)
(0.2 0.09 0.75)
(0.25 0.09 0.75)
(0.3 0.09 0.75)
(0.35 0.09 0.75)
(0.4 0.08999999999999998 0.75)
(0.45 0.09 0.75)
(0.5 0.09 0.75)
(0.55 0.09 0.75)
(0.6 0.09000000000000002 0.75)
(0.65 0.08999999999999998 0.75)
(0.7000000000000001 0.09 0.75)
(0.75 0.09 0.75)
(0.8 0.09 0.7500000000000001)
(0.85 0.09000000000000002 0.75)
(0.9 0.09 0.75)
(0.9500000000000001 0.09 0.75)
(1 0.09 0.75)
(-1 0.095 0.75)
(-0.9500000000000001 0.095 0.75)
(-0.9 0.095 0.75)
(-0.85 0.095 0.75)
(-0.8 0.095 0.75)
(-0.75 0.095 0.75)
(-0.7000000000000001 0.095 0.75)
(-0.65 0.095 0.75)
(-0.6 0.095 0.75)
(-0.55 0.095 0.75)
(-0.5 0.095 0.75)
(-0.45 0.095 0.75)
(-0.3999999999999999 0.095 0.75)
(-0.35 0.095 0.75)
(-0.3 0.095 0.75)
(-0.25 0.095 0.75)
(-0.2 0.095 0.75)
(-0.1499999999999999 0.095 0.75)
(-0.09999999999999998 0.095 0.75)
(-0.05 0.095 0.75)
(0 0.095 0.75)
(0.05 0.095 0.75)
(0.1000000000000001 0.095 0.75)
(0.1499999999999999 0.095 0.75)
(0.2 0.095 0.75)
(0.25 0.095 0.75)
(0.3 0.09499999999999999 0.75)
(0.35 0.095 0.75)
(0.4 0.095 0.75)
(0.45 0.095 0.75)
(0.5 0.095 0.75)
(0.55 0.095 0.75)
(0.6 0.095 0.75)
(0.65 0.095 0.75)
(0.7000000000000001 0.095 0.75)
(0.75 0.095 0.75)
(0.8 0.095 0.75)
(0.85 0.095 0.75)
(0.9 0.095 0.75)
(0.9500000000000001 0.095 0.75)
(1 0.095 0.75)
(-1 0.1 0.75)
(-0.9500000000000001 0.1 0.75)
(-0.9 0.1 0.75)
(-0.85 0.1 0.75)
(-0.8 0.1 0.75)
(-0.75 0.1 0.75)
(-0.7000000000000001 0.1 0.75)
(-0.65 0.1 0.75)
(-0.6 0.1 0.75)
(-0.55 0.1 0.75)
(-0.5 0.1 0.75)
(-0.45 0.1 0.75)
(-0.4 0.1 0.75)
(-0.35 0.1 0.75)
(-0.3 0.1 0.75)
(-0.25 0.1 0.75)
(-0.2 0.1 0.75)
(-0.15 0.1 0.75)
(-0.1 0.1 0.75)
(-0.05000000000000003 0.1 0.75)
(0 0.1 0.75)
(0.05000000000000003 0.1 0.75)
(0.1000000000000001 0.1 0.75)
(0.1499999999999999 0.1 0.75)
(0.2 0.1 0.75)
(0.25 0.1 0.75)
(0.3 0.1 0.75)
(0.35 0.1 0.75)
(0.4 0.1 0.75)
(0.45 0.1 0.75)
(0.5 0.1 0.75)
(0.55 0.1 0.75)
(0.6 0.1 0.75)
(0.65 0.1 0.75)
(0.7000000000000001 0.1 0.75)
(0.75 0.1 0.75)
(0.8 0.1 0.75)
(0.85 0.1 0.75)
(0.9 0.1 0.75)
(0.9500000000000001 0.1 0.75)
(1 0.1 0.75)
(-1 0 0.78)
(-0.9500000000000001 0 0.78)
(-0.9 0 0.78)
(-0.85 0 0.78)
(-0.8 0 0.78)
(-0.75 0 0.78)
(-0.7000000000000001 0 0.78)
(-0.65 0 0.78)
(-0.6 0 0.78)
(-0.55 0 0.78)
(-0.5 0 0.78)
(-0.45 0 0.78)
(-0.4 0 0.78)
(-0.35 0 0.78)
(-0.3 0 0.78)
(-0.25 0 0.78)
(-0.2 0 0.78)
(-0.15 0 0.78)
(-0.1 0 0.7800000000000001)
(-0.05000000000000004 0 0.78)
(0 0 0.78)
(0.05000000000000004 0 0.78)
(0.1000000000000001 0 0.78)
(0.1499999999999999 0 0.78)
(0.2 0 0.78)
(0.25 0 0.78)
(0.3 0 0.78)
(0.35 0 0.78)
(0.4 0 0.78)
(0.45 0 0.78)
(0.5 0 0.78)
(0.55 0 0.78)
(0.6 0 0.78)
(0.65 0 0.78)
(0.7000000000000001 0 0.78)
(0.75 0 0.78)
(0.8 0 0.7800000000000001)
(0.85 0 0.78)
(0.9 0 0.78)
(0.9500000000000001 0 0.78)
(1 0 0.78)
(-1 0.005000000000000001 0.78)
(-0.9500000000000001 0.005000000000000001 0.7800000000000001)
(-0.9 0.005000000000000001 0.7800000000000001)
(-0.85 0.005000000000000001 0.78)
(-0.8 0.005 0.7799999999999999)
(-0.75 0.005 0.78)
(-0.7000000000000001 0.005 0.7800000000000001)
(-0.65 0.005000000000000001 0.7800000000000001)
(-0.6 0.005000000000000001 0.7800000000000001)
(-0.55 0.005 0.7800000000000001)
(-0.5 0.005 0.78)
(-0.45 0.005 0.7799999999999999)
(-0.4 0.005 0.78)
(-0.35 0.005 0.78)
(-0.3000000000000001 0.005000000000000001 0.7800000000000001)
(-0.25 0.005 0.78)
(-0.2 0.005 0.7800000000000001)
(-0.15 0.005 0.7800000000000001)
(-0.1 0.005000000000000001 0.78)
(-0.05000000000000003 0.005000000000000001 0.78)
(0 0.005000000000000001 0.78)
(0.05000000000000004 0.005000000000000001 0.7800000000000001)
(0.1000000000000001 0.005000000000000001 0.78)
(0.1499999999999999 0.005000000000000001 0.7800000000000001)
(0.2 0.004999999999999999 0.7799999999999999)
(0.25 0.005 0.78)
(0.3 0.005000000000000001 0.7800000000000001)
(0.3500000000000001 0.005000000000000001 0.7800000000000001)
(0.3999999999999999 0.005 0.78)
(0.45 0.004999999999999999 0.7799999999999999)
(0.5 0.005 0.7800000000000001)
(0.55 0.005000000000000001 0.7800000000000001)
(0.6 0.005 0.7800000000000001)
(0.65 0.005 0.7800000000000001)
(0.7000000000000001 0.005 0.7800000000000001)
(0.75 0.005 0.78)
(0.8 0.005000000000000001 0.78)
(0.85 0.005 0.78)
(0.9 0.005 0.7800000000000001)
(0.9500000000000001 0.005000000000000001 0.78)
(1 0.005000000000000001 0.78)
(-1 0.01 0.78)
(-0.9500000000000001 0.01 0.7799999999999999)
(-0.9 0.01 0.7799999999999999)
(-0.85 0.01 0.78)
(-0.8 0.01 0.7800000000000001)
(-0.75 0.01 0.78)
(-0.7000000000000001 0.01 0.78)
(-0.65 0.01 0.7800000000000001)
(-0.6 0.01 0.78)
(-0.55 0.01 0.7799999999999999)
(-0.5 0.01 0.7799999999999999)
(-0.45 0.01 0.7800000000000001)
(-0.4 0.01 0.78)
(-0.35 0.01 0.78)
(-0.3 0.01 0.7799999999999999)
(-0.25 0.01 0.78)
(-0.2 0.01 0.78)
(-0.15 0.01 0.7800000000000001)
(-0.1 0.01 0.7799999999999999)
(-0.05000000000000004 0.01 0.7800000000000001)
(0 0.01 0.78)
(0.05000000000000004 0.01 0.78)
(0.1000000000000001 0.01 0.78)
(0.1499999999999999 0.01 0.78)
(0.2 0.01 0.7800000000000001)
(0.25 0.01 0.78)
(0.3 0.01 0.78)
(0.3500000000000001 0.01 0.78)
(0.3999999999999999 0.01 0.78)
(0.45 0.009999999999999998 0.78)
(0.5 0.01 0.78)
(0.55 0.01 0.7799999999999999)
(0.6 0.01 0.78)
(0.65 0.01 0.7799999999999999)
(0.7000000000000001 0.009999999999999998 0.7799999999999999)
(0.75 0.01 0.7799999999999999)
(0.8 0.01 0.7800000000000001)
(0.85 0.01 0.78)
(0.9 0.01 0.7799999999999999)
(0.9500000000000001 0.009999999999999998 0.7799999999999999)
(1 0.01 0.78)
(-1 0.015 0.78)
(-0.9500000000000001 0.015 0.7799999999999999)
(-0.9 0.015 0.7800000000000001)
(-0.85 0.015 0.78)
(-0.8 0.015 0.78)
(-0.75 0.015 0.78)
(-0.7000000000000001 0.015 0.78)
(-0.65 0.015 0.78)
(-0.6 0.015 0.7800000000000001)
(-0.55 0.015 0.7799999999999999)
(-0.5 0.015 0.78)
(-0.45 0.015 0.78)
(-0.4 0.015 0.78)
(-0.35 0.015 0.7800000000000001)
(-0.3 0.015 0.78)
(-0.25 0.015 0.78)
(-0.2 0.015 0.7800000000000001)
(-0.15 0.015 0.78)
(-0.1 0.015 0.78)
(-0.05000000000000003 0.015 0.7800000000000001)
(0 0.015 0.78)
(0.05000000000000004 0.015 0.7800000000000001)
(0.1000000000000001 0.015 0.78)
(0.1499999999999999 0.015 0.78)
(0.2 0.015 0.78)
(0.25 0.015 0.78)
(0.3 0.015 0.7799999999999999)
(0.35 0.015 0.7800000000000001)
(0.4 0.015 0.78)
(0.45 0.015 0.78)
(0.5 0.015 0.78)
(0.55 0.015 0.78)
(0.6 0.015 0.7800000000000001)
(0.65 0.015 0.7800000000000001)
(0.7000000000000001 0.015 0.7799999999999999)
(0.75 0.015 0.7800000000000001)
(0.8 0.015 0.78)
(0.85 0.015 0.78)
(0.9 0.015 0.7800000000000001)
(0.9500000000000001 0.015 0.78)
(1 0.015 0.78)
(-1 0.02 0.78)
(-0.9500000000000001 0.02 0.78)
(-0.9 0.02 0.78)
(-0.85 0.02 0.78)
(-0.8 0.02 0.78)
(-0.75 0.02 0.78)
(-0.7000000000000001 0.02 0.78)
(-0.65 0.02 0.78)
(-0.6 0.02 0.78)
(-0.55 0.02 0.78)
(-0.5 0.02 0.78)
(-0.45 0.02 0.78)
(-0.4 0.02 0.78)
(-0.35 0.02 0.78)
(-0.3 0.02 0.78)
(-0.25 0.02 0.78)
(-0.2 0.02 0.7800000000000001)
(-0.15 0.02 0.78)
(-0.1 0.02 0.7800000000000001)
(-0.05000000000000005 0.02 0.7799999999999999)
(0 0.02 0.78)
(0.05000000000000007 0.02 0.7799999999999999)
(0.1000000000000001 0.02 0.78)
(0.1499999999999999 0.02 0.78)
(0.2 0.02 0.7800000000000001)
(0.25 0.02 0.78)
(0.3 0.02 0.7800000000000001)
(0.35 0.02 0.78)
(0.4 0.02 0.7799999999999999)
(0.45 0.02 0.7799999999999999)
(0.5 0.02 0.78)
(0.55 0.02 0.7799999999999999)
(0.6 0.02 0.7799999999999999)
(0.65 0.02 0.7800000000000001)
(0.7000000000000001 0.02 0.78)
(0.75 0.02 0.7800000000000001)
(0.8 0.02 0.78)
(0.85 0.02 0.78)
(0.9 0.02 0.7800000000000001)
(0.9500000000000001 0.02 0.78)
(1 0.02 0.78)
(-1 0.025 0.78)
(-0.9500000000000001 0.025 0.78)
(-0.9 0.025 0.78)
(-0.85 0.025 0.78)
(-0.8 0.025 0.78)
(-0.75 0.025 0.78)
(-0.7000000000000001 0.025 0.78)
(-0.65 0.025 0.78)
(-0.6 0.025 0.78)
(-0.55 0.025 0.78)
(-0.5 0.025 0.78)
(-0.45 0.025 0.78)
(-0.4 0.025 0.78)
(-0.35 0.025 0.78)
(-0.3 0.025 0.78)
(-0.25 0.025 0.78)
(-0.2 0.025 0.78)
(-0.15 0.025 0.78)
(-0.1 0.025 0.78)
(-0.0500000000000001 0.025 0.78)
(0 0.025 0.78)
(0.05000000000000011 0.025 0.78)
(0.1000000000000001 0.025 0.78)
(0.1499999999999999 0.025 0.78)
(0.2 0.025 0.78)
(0.25 0.025 0.78)
(0.3 0.025 0.78)
(0.35 0.025 0.78)
(0.4 0.025 0.78)
(0.45 0.025 0.78)
(0.5 0.025 0.78)
(0.55 0.025 0.78)
(0.6 0.025 0.78)
(0.65 0.025 0.78)
(0.7000000000000001 0.025 0.78)
(0.75 0.025 0.78)
(0.8 0.025 0.78)
(0.85 0.025 0.78)
(0.9 0.02499999999999999 0.78)
(0.9500000000000001 0.025 0.78)
(1 0.025 0.78)
(-1 0.03 0.78)
(-0.9500000000000001 0.03 0.7800000000000001)
(-0.9 0.03000000000000001 0.78)
(-0.85 0.03 0.78)
(-0.8 0.03 0.78)
(-0.75 0.03 0.78)
(-0.7000000000000001 0.03 0.78)
(-0.65 0.03000000000000001 0.7800000000000001)
(-0.6 0.03 0.78)
(-0.55 0.03 0.78)
(-0.5 0.03 0.78)
(-0.45 0.03 0.7799999999999999)
(-0.4 0.03000000000000001 0.78)
(-0.35 0.03 0.7799999999999999)
(-0.3 0.03 0.78)
(-0.25 0.03 0.78)
(-0.2 0.03 0.7799999999999999)
(-0.15 0.03 0.78)
(-0.1 0.03 0.7800000000000001)
(-0.05000000000000008 0.03 0.7800000000000001)
(0 0.03 0.78)
(0.05000000000000007 0.03 0.7800000000000001)
(0.1000000000000001 0.03 0.78)
(0.1499999999999999 0.03 0.7799999999999999)
(0.2 0.03 0.78)
(0.25 0.03 0.78)
(0.3 0.03 0.7799999999999999)
(0.35 0.03 0.7799999999999999)
(0.3999999999999999 0.03000000000000001 0.78)
(0.45 0.03 0.7799999999999999)
(0.5 0.03000000000000001 0.7800000000000001)
(0.55 0.03 0.78)
(0.6 0.03000000000000001 0.78)
(0.65 0.03000000000000001 0.7800000000000001)
(0.7000000000000001 0.03 0.78)
(0.75 0.03 0.78)
(0.8 0.03 0.7800000000000001)
(0.85 0.03000000000000001 0.78)
(0.9 0.03000000000000001 0.7799999999999999)
(0.9500000000000001 0.03 0.7800000000000001)
(1 0.03 0.78)
(-1 0.035 0.78)
(-0.9500000000000001 0.035 0.7800000000000001)
(-0.9 0.035 0.7800000000000001)
(-0.85 0.035 0.78)
(-0.8000000000000002 0.035 0.7799999999999999)
(-0.75 0.035 0.78)
(-0.7000000000000001 0.035 0.78)
(-0.65 0.035 0.78)
(-0.6 0.035 0.78)
(-0.55 0.035 0.7800000000000001)
(-0.5 0.035 0.78)
(-0.45 0.035 0.78)
(-0.4 0.035 0.78)
(-0.35 0.035 0.78)
(-0.3000000000000001 0.035 0.7800000000000001)
(-0.25 0.035 0.78)
(-0.2 0.035 0.78)
(-0.15 0.035 0.7799999999999999)
(-0.1 0.035 0.78)
(-0.05000000000000013 0.035 0.78)
(0 0.035 0.78)
(0.05000000000000011 0.035 0.78)
(0.1000000000000001 0.035 0.7799999999999999)
(0.1499999999999999 0.035 0.78)
(0.2 0.035 0.7799999999999999)
(0.25 0.035 0.78)
(0.3 0.035 0.7800000000000001)
(0.35 0.035 0.78)
(0.3999999999999999 0.035 0.7799999999999999)
(0.45 0.035 0.78)
(0.5 0.035 0.78)
(0.55 0.035 0.78)
(0.6 0.035 0.78)
(0.65 0.035 0.78)
(0.7000000000000001 0.035 0.7799999999999999)
(0.75 0.035 0.7799999999999999)
(0.8000000000000002 0.035 0.78)
(0.85 0.035 0.78)
(0.9 0.035 0.7800000000000001)
(0.9500000000000001 0.035 0.7800000000000001)
(1 0.035 0.78)
(-1 0.04 0.78)
(-0.9500000000000001 0.04 0.78)
(-0.9 0.04 0.78)
(-0.85 0.04000000000000001 0.78)
(-0.8 0.04 0.78)
(-0.75 0.04 0.7800000000000001)
(-0.7000000000000001 0.04 0.78)
(-0.65 0.04 0.7800000000000001)
(-0.6 0.04000000000000001 0.7800000000000001)
(-0.55 0.04000000000000001 0.78)
(-0.5 0.04 0.78)
(-0.45 0.04 0.7800000000000001)
(-0.4 0.04000000000000001 0.78)
(-0.35 0.04 0.78)
(-0.3 0.04 0.78)
(-0.25 0.04 0.78)
(-0.2 0.04 0.7799999999999999)
(-0.15 0.04 0.78)
(-0.1 0.04 0.78)
(-0.05000000000000003 0.04 0.7799999999999999)
(0 0.04 0.78)
(0.05000000000000004 0.04 0.7799999999999999)
(0.1000000000000001 0.04 0.78)
(0.1499999999999999 0.04000000000000001 0.7799999999999999)
(0.2 0.04 0.78)
(0.25 0.04 0.78)
(0.3 0.04 0.78)
(0.35 0.04000000000000001 0.78)
(0.4 0.04000000000000001 0.78)
(0.45 0.03999999999999999 0.7800000000000001)
(0.5 0.04 0.78)
(0.55 0.04 0.7800000000000001)
(0.6 0.04000000000000001 0.7800000000000001)
(0.65 0.04 0.78)
(0.7000000000000001 0.03999999999999999 0.78)
(0.75 0.04 0.7800000000000001)
(0.8 0.04000000000000001 0.7800000000000001)
(0.85 0.04 0.7800000000000001)
(0.9 0.04 0.78)
(0.9500000000000001 0.04 0.7799999999999999)
(1 0.04 0.78)
(-1 0.045 0.78)
(-0.9500000000000001 0.045 0.7799999999999999)
(-0.9 0.045 0.78)
(-0.85 0.045 0.78)
(-0.8 0.04499999999999999 0.78)
(-0.75 0.045 0.78)
(-0.7000000000000001 0.045 0.7800000000000001)
(-0.65 0.045 0.7800000000000001)
(-0.6 0.045 0.78)
(-0.55 0.045 0.78)
(-0.5 0.045 0.78)
(-0.45 0.045 0.78)
(-0.4 0.045 0.78)
(-0.35 0.04500000000000001 0.7800000000000001)
(-0.3 0.04499999999999999 0.7799999999999999)
(-0.25 0.045 0.78)
(-0.2 0.045 0.78)
(-0.15 0.045 0.7800000000000001)
(-0.1 0.045 0.78)
(-0.0500000000000001 0.045 0.78)
(0 0.045 0.78)
(0.0500000000000001 0.045 0.78)
(0.1000000000000001 0.045 0.78)
(0.1499999999999999 0.045 0.7800000000000001)
(0.2 0.045 0.78)
(0.25 0.045 0.78)
(0.3 0.045 0.7799999999999999)
(0.35 0.04500000000000001 0.78)
(0.4 0.04499999999999999 0.7800000000000001)
(0.45 0.045 0.78)
(0.5 0.045 0.7800000000000001)
(0.55 0.045 0.7800000000000001)
(0.6 0.04499999999999999 0.7799999999999999)
(0.65 0.04499999999999999 0.7799999999999999)
(0.7000000000000001 0.04500000000000001 0.78)
(0.75 0.045 0.78)
(0.8 0.045 0.78)
(0.85 0.045 0.78)
(0.9 0.045 0.78)
(0.9500000000000001 0.04499999999999999 0.7799999999999999)
(1 0.045 0.78)
(-1 0.05 0.78)
(-0.9500000000000001 0.05 0.78)
(-0.9 0.05 0.78)
(-0.85 0.05 0.78)
(-0.8000000000000002 0.05000000000000001 0.78)
(-0.75 0.05 0.78)
(-0.7000000000000001 0.05 0.78)
(-0.65 0.05 0.78)
(-0.6 0.05 0.78)
(-0.55 0.05 0.78)
(-0.5 0.05 0.78)
(-0.45 0.05 0.78)
(-0.4 0.05 0.78)
(-0.35 0.05 0.78)
(-0.3 0.05 0.78)
(-0.25 0.05 0.78)
(-0.2 0.05 0.78)
(-0.15 0.05 0.78)
(-0.1 0.05 0.7800000000000001)
(-0.05000000000000004 0.05 0.78)
(0 0.05 0.78)
(0.05000000000000004 0.05 0.78)
(0.1000000000000002 0.05 0.78)
(0.1499999999999999 0.05 0.78)
(0.2 0.05 0.78)
(0.25 0.05 0.78)
(0.3 0.05 0.78)
(0.35 0.05 0.78)
(0.4 0.05 0.78)
(0.45 0.05 0.78)
(0.5 0.05 0.78)
(0.55 0.05 0.78)
(0.6 0.05 0.78)
(0.65 0.05 0.78)
(0.7000000000000001 0.05 0.78)
(0.75 0.05 0.78)
(0.8 0.05 0.7800000000000001)
(0.85 0.05000000000000001 0.78)
(0.9 0.04999999999999999 0.78)
(0.9500000000000001 0.05 0.78)
(1 0.05 0.78)
(-1 0.055 0.78)
(-0.9500000000000001 0.055 0.78)
(-0.9 0.055 0.78)
(-0.85 0.055 0.78)
(-0.8 0.055 0.78)
(-0.75 0.055 0.78)
(-0.7000000000000001 0.055 0.78)
(-0.65 0.055 0.7800000000000001)
(-0.6 0.055 0.78)
(-0.55 0.05500000000000001 0.78)
(-0.5 0.055 0.78)
(-0.45 0.055 0.78)
(-0.4 0.055 0.78)
(-0.35 0.05500000000000001 0.78)
(-0.3 0.055 0.7799999999999999)
(-0.25 0.055 0.78)
(-0.2 0.055 0.78)
(-0.15 0.055 0.78)
(-0.1 0.055 0.78)
(-0.0500000000000001 0.055 0.78)
(0 0.055 0.78)
(0.0500000000000001 0.055 0.78)
(0.1000000000000001 0.055 0.78)
(0.1499999999999999 0.055 0.78)
(0.2 0.055 0.78)
(0.25 0.055 0.78)
(0.3 0.055 0.7799999999999999)
(0.35 0.055 0.78)
(0.3999999999999999 0.055 0.78)
(0.45 0.055 0.78)
(0.5 0.055 0.78)
(0.55 0.055 0.7800000000000001)
(0.6 0.055 0.78)
(0.65 0.055 0.78)
(0.7000000000000001 0.05500000000000001 0.78)
(0.75 0.055 0.78)
(0.8 0.05500000000000001 0.78)
(0.85 0.055 0.78)
(0.9 0.055 0.78)
(0.9500000000000001 0.055 0.78)
(1 0.055 0.78)
(-1 0.06 0.78)
(-0.9500000000000001 0.06 0.78)
(-0.9 0.06 0.78)
(-0.85 0.06 0.78)
(-0.8 0.06000000000000001 0.7800000000000001)
(-0.75 0.06000000000000001 0.7800000000000001)
(-0.7000000000000001 0.06 0.78)
(-0.65 0.06 0.78)
(-0.6 0.06 0.7800000000000001)
(-0.55 0.06 0.78)
(-0.5 0.06 0.78)
(-0.45 0.06 0.78)
(-0.4 0.06 0.78)
(-0.35 0.06 0.78)
(-0.3 0.06 0.78)
(-0.25 0.06 0.78)
(-0.2 0.06 0.78)
(-0.15 0.06 0.7799999999999999)
(-0.1 0.06 0.78)
(-0.05000000000000004 0.06 0.7799999999999999)
(0 0.06 0.78)
(0.05000000000000004 0.06 0.7799999999999999)
(0.1000000000000001 0.06 0.78)
(0.1499999999999999 0.06 0.78)
(0.2 0.06 0.7799999999999999)
(0.25 0.06 0.78)
(0.3 0.06 0.78)
(0.35 0.06 0.78)
(0.4 0.06 0.78)
(0.45 0.06 0.78)
(0.5 0.06 0.78)
(0.55 0.06 0.7800000000000001)
(0.6 0.05999999999999999 0.78)
(0.65 0.06 0.78)
(0.7000000000000001 0.06 0.7800000000000001)
(0.75 0.06 0.7800000000000001)
(0.8 0.06 0.7800000000000001)
(0.85 0.06000000000000001 0.7800000000000001)
(0.9 0.06 0.7800000000000001)
(0.9500000000000001 0.06 0.7799999999999999)
(1 0.06 0.78)
(-1 0.065 0.78)
(-0.9500000000000001 0.065 0.7800000000000001)
(-0.9 0.065 0.78)
(-0.85 0.065 0.7800000000000001)
(-0.8000000000000002 0.065 0.7799999999999999)
(-0.75 0.065 0.78)
(-0.7000000000000001 0.065 0.7799999999999999)
(-0.65 0.065 0.7800000000000001)
(-0.6 0.065 0.78)
(-0.55 0.06500000000000002 0.78)
(-0.5 0.065 0.78)
(-0.45 0.06499999999999999 0.7799999999999999)
(-0.4 0.065 0.78)
(-0.35 0.06500000000000002 0.78)
(-0.3000000000000001 0.065 0.7800000000000001)
(-0.25 0.065 0.78)
(-0.2 0.065 0.78)
(-0.1499999999999999 0.065 0.7799999999999999)
(-0.1 0.06500000000000002 0.7799999999999999)
(-0.05000000000000011 0.065 0.78)
(0 0.065 0.78)
(0.05000000000000011 0.065 0.78)
(0.1000000000000001 0.065 0.78)
(0.1499999999999999 0.065 0.78)
(0.2 0.065 0.7799999999999999)
(0.25 0.065 0.78)
(0.3 0.06499999999999999 0.7800000000000001)
(0.35 0.065 0.78)
(0.3999999999999999 0.065 0.7799999999999999)
(0.45 0.065 0.7799999999999999)
(0.5 0.065 0.78)
(0.55 0.065 0.7800000000000001)
(0.6 0.06500000000000002 0.78)
(0.65 0.065 0.78)
(0.7000000000000001 0.06500000000000002 0.78)
(0.75 0.065 0.7799999999999999)
(0.8000000000000002 0.065 0.78)
(0.85 0.06500000000000002 0.78)
(0.9 0.065 0.7800000000000001)
(0.9500000000000001 0.065 0.7800000000000001)
(1 0.065 0.78)
(-1 0.07000000000000001 0.78)
(-0.9500000000000001 0.07000000000000001 0.78)
(-0.9 0.07000000000000001 0.78)
(-0.85 0.07000000000000001 0.78)
(-0.8000000000000002 0.07000000000000001 0.78)
(-0.75 0.06999999999999999 0.78)
(-0.7000000000000001 0.06999999999999999 0.7799999999999999)
(-0.65 0.07000000000000001 0.78)
(-0.6 0.07000000000000001 0.78)
(-0.55 0.07000000000000001 0.78)
(-0.5 0.07000000000000001 0.78)
(-0.45 0.07000000000000001 0.78)
(-0.4 0.07000000000000001 0.78)
(-0.35 0.07000000000000001 0.78)
(-0.3 0.07000000000000001 0.78)
(-0.25 0.07000000000000001 0.78)
(-0.2 0.07000000000000001 0.78)
(-0.15 0.07000000000000001 0.78)
(-0.1 0.07000000000000001 0.7800000000000001)
(-0.0500000000000001 0.06999999999999999 0.78)
(0 0.07000000000000001 0.78)
(0.05000000000000011 0.07000000000000001 0.78)
(0.1000000000000001 0.07000000000000001 0.78)
(0.1499999999999999 0.07000000000000001 0.7800000000000001)
(0.2 0.07000000000000001 0.78)
(0.25 0.07000000000000001 0.78)
(0.3 0.06999999999999999 0.7799999999999999)
(0.35 0.06999999999999999 0.78)
(0.3999999999999999 0.07000000000000001 0.78)
(0.45 0.07000000000000001 0.78)
(0.5 0.07000000000000001 0.78)
(0.55 0.07000000000000001 0.7799999999999999)
(0.6 0.07000000000000001 0.7799999999999999)
(0.65 0.07000000000000001 0.78)
(0.7000000000000001 0.07000000000000001 0.7799999999999999)
(0.75 0.06999999999999999 0.78)
(0.8000000000000002 0.07000000000000001 0.7800000000000001)
(0.85 0.07000000000000001 0.78)
(0.9 0.07000000000000001 0.78)
(0.9500000000000001 0.07000000000000001 0.78)
(1 0.07000000000000001 0.78)
(-1 0.075 0.78)
(-0.9500000000000001 0.075 0.7800000000000001)
(-0.9 0.075 0.78)
(-0.85 0.075 0.78)
(-0.8 0.075 0.78)
(-0.75 0.075 0.78)
(-0.7000000000000001 0.075 0.78)
(-0.65 0.075 0.78)
(-0.6 0.075 0.78)
(-0.55 0.075 0.78)
(-0.5 0.075 0.78)
(-0.45 0.075 0.78)
(-0.4 0.075 0.78)
(-0.35 0.075 0.78)
(-0.3 0.075 0.78)
(-0.25 0.075 0.78)
(-0.2 0.075 0.78)
(-0.15 0.075 0.78)
(-0.1000000000000001 0.075 0.7800000000000001)
(-0.0500000000000001 0.075 0.78)
(0 0.075 0.78)
(0.05000000000000011 0.075 0.78)
(0.1000000000000001 0.075 0.78)
(0.1499999999999999 0.075 0.78)
(0.2 0.075 0.78)
(0.25 0.075 0.78)
(0.3 0.075 0.78)
(0.35 0.075 0.78)
(0.4 0.075 0.78)
(0.45 0.075 0.78)
(0.5 0.075 0.78)
(0.55 0.075 0.78)
(0.6 0.075 0.78)
(0.65 0.075 0.7800000000000001)
(0.7000000000000001 0.075 0.78)
(0.75 0.075 0.78)
(0.8 0.075 0.78)
(0.85 0.075 0.78)
(0.9 0.075 0.78)
(0.9500000000000001 0.075 0.78)
(1 0.075 0.78)
(-1 0.08 0.78)
(-0.9500000000000001 0.08 0.78)
(-0.9 0.08 0.78)
(-0.8500000000000002 0.08000000000000002 0.78)
(-0.8 0.08 0.78)
(-0.75 0.08 0.78)
(-0.7000000000000001 0.08 0.78)
(-0.65 0.08 0.78)
(-0.6 0.08000000000000002 0.78)
(-0.55 0.08000000000000002 0.78)
(-0.5 0.08 0.78)
(-0.45 0.08 0.78)
(-0.4 0.08 0.78)
(-0.35 0.08 0.78)
(-0.3 0.08 0.78)
(-0.25 0.08 0.78)
(-0.2 0.08 0.78)
(-0.15 0.08 0.78)
(-0.1 0.08 0.78)
(-0.05000000000000001 0.08 0.78)
(0 0.08 0.78)
(0.05000000000000003 0.08 0.78)
(0.1000000000000001 0.08 0.78)
(0.1499999999999999 0.08000000000000002 0.78)
(0.2 0.08 0.78)
(0.25 0.08 0.78)
(0.3 0.08 0.78)
(0.35 0.08 0.78)
(0.4 0.08 0.7799999999999999)
(0.45 0.07999999999999999 0.7799999999999999)
(0.5 0.08 0.78)
(0.55 0.08 0.7799999999999999)
(0.6 0.08 0.7799999999999999)
(0.65 0.08 0.78)
(0.7000000000000001 0.08 0.78)
(0.75 0.08 0.78)
(0.8 0.08000000000000002 0.78)
(0.85 0.08 0.78)
(0.9 0.08 0.7800000000000001)
(0.9500000000000001 0.08 0.78)
(1 0.08 0.78)
(-1 0.08500000000000001 0.78)
(-0.9500000000000001 0.08500000000000001 0.78)
(-0.9 0.08500000000000001 0.78)
(-0.85 0.08500000000000001 0.7799999999999999)
(-0.8 0.08500000000000001 0.78)
(-0.75 0.08500000000000001 0.78)
(-0.7000000000000001 0.08500000000000001 0.78)
(-0.65 0.08500000000000001 0.78)
(-0.6 0.08500000000000001 0.7800000000000001)
(-0.55 0.08500000000000001 0.7799999999999999)
(-0.5 0.08500000000000001 0.78)
(-0.45 0.08500000000000001 0.78)
(-0.4 0.08500000000000001 0.7799999999999999)
(-0.35 0.08500000000000001 0.78)
(-0.3 0.08500000000000001 0.7799999999999999)
(-0.2500000000000001 0.08500000000000001 0.78)
(-0.2 0.08500000000000001 0.7800000000000001)
(-0.15 0.08500000000000001 0.78)
(-0.1 0.08500000000000001 0.7800000000000001)
(-0.05000000000000004 0.08500000000000001 0.7800000000000001)
(0 0.08500000000000001 0.78)
(0.05000000000000003 0.08500000000000002 0.7800000000000001)
(0.1000000000000001 0.08500000000000001 0.78)
(0.1499999999999999 0.08500000000000002 0.78)
(0.2 0.08500000000000001 0.78)
(0.25 0.08500000000000001 0.78)
(0.3 0.08500000000000001 0.78)
(0.35 0.08500000000000001 0.7800000000000001)
(0.4 0.08500000000000001 0.78)
(0.45 0.08500000000000001 0.78)
(0.5 0.08500000000000002 0.78)
(0.55 0.08500000000000001 0.7799999999999999)
(0.6 0.08500000000000001 0.78)
(0.65 0.08500000000000002 0.7800000000000001)
(0.7000000000000001 0.08500000000000001 0.7799999999999999)
(0.75 0.08500000000000001 0.7800000000000001)
(0.8 0.08500000000000001 0.78)
(0.8500000000000002 0.08500000000000001 0.78)
(0.9 0.08500000000000001 0.78)
(0.9500000000000001 0.08499999999999998 0.7799999999999999)
(1 0.08500000000000001 0.78)
(-1 0.09 0.7800000000000001)
(-0.9500000000000001 0.09 0.78)
(-0.9 0.09 0.7799999999999999)
(-0.85 0.09 0.78)
(-0.8 0.09 0.7800000000000001)
(-0.75 0.09 0.78)
(-0.7000000000000001 0.09 0.78)
(-0.65 0.09 0.78)
(-0.6 0.09 0.78)
(-0.55 0.09 0.7799999999999999)
(-0.5 0.09 0.78)
(-0.45 0.09 0.7800000000000001)
(-0.4 0.09 0.78)
(-0.35 0.09 0.78)
(-0.3 0.09 0.7799999999999999)
(-0.25 0.09 0.78)
(-0.2 0.09 0.78)
(-0.15 0.09 0.78)
(-0.1000000000000001 0.09 0.78)
(-0.05000000000000004 0.09 0.78)
(0 0.09 0.7800000000000001)
(0.05000000000000004 0.09 0.7800000000000001)
(0.1000000000000001 0.09 0.78)
(0.1499999999999999 0.09 0.7799999999999999)
(0.2 0.09 0.78)
(0.25 0.09 0.78)
(0.3 0.09 0.78)
(0.35 0.09000000000000002 0.78)
(0.4 0.08999999999999998 0.78)
(0.45 0.09 0.7800000000000001)
(0.5 0.08999999999999998 0.78)
(0.55 0.09 0.7799999999999999)
(0.6 0.08999999999999998 0.78)
(0.65 0.08999999999999998 0.78)
(0.7000000000000001 0.09000000000000002 0.7799999999999999)
(0.75 0.09 0.7799999999999999)
(0.8 0.09 0.7800000000000001)
(0.85 0.09 0.78)
(0.9 0.09 0.7799999999999999)
(0.9500000000000001 0.09 0.78)
(1 0.09 0.7800000000000001)
(-1 0.095 0.78)
(-0.9500000000000001 0.095 0.78)
(-0.9 0.095 0.78)
(-0.8500000000000002 0.095 0.78)
(-0.8 0.095 0.7799999999999999)
(-0.75 0.09499999999999999 0.78)
(-0.7000000000000001 0.09499999999999999 0.78)
(-0.65 0.095 0.78)
(-0.6 0.095 0.7800000000000001)
(-0.55 0.09499999999999999 0.78)
(-0.4999999999999999 0.095 0.78)
(-0.45 0.095 0.7800000000000001)
(-0.3999999999999999 0.095 0.7799999999999999)
(-0.35 0.095 0.78)
(-0.3000000000000001 0.095 0.78)
(-0.25 0.09499999999999999 0.78)
(-0.2 0.095 0.78)
(-0.15 0.095 0.78)
(-0.1000000000000001 0.095 0.78)
(-0.05000000000000007 0.095 0.78)
(0 0.09499999999999999 0.78)
(0.05000000000000007 0.095 0.78)
(0.1000000000000001 0.09499999999999999 0.78)
(0.1499999999999999 0.095 0.7800000000000001)
(0.2 0.095 0.78)
(0.25 0.09499999999999999 0.78)
(0.3 0.09499999999999999 0.78)
(0.35 0.095 0.78)
(0.4 0.095 0.78)
(0.45 0.095 0.78)
(0.5 0.095 0.78)
(0.55 0.095 0.78)
(0.6 0.095 0.7800000000000001)
(0.65 0.095 0.7800000000000001)
(0.7000000000000001 0.09499999999999999 0.78)
(0.75 0.095 0.78)
(0.8 0.095 0.7799999999999999)
(0.85 0.09499999999999999 0.78)
(0.8999999999999999 0.09499999999999999 0.78)
(0.9500000000000001 0.095 0.78)
(1 0.095 0.78)
(-1 0.1 0.78)
(-0.9500000000000001 0.1 0.78)
(-0.9 0.1 0.78)
(-0.85 0.1 0.78)
(-0.8 0.1 0.78)
(-0.75 0.1 0.78)
(-0.7000000000000001 0.1 0.78)
(-0.65 0.1 0.78)
(-0.6 0.1 0.78)
(-0.55 0.1 0.78)
(-0.5 0.1 0.78)
(-0.45 0.1 0.78)
(-0.4 0.1 0.78)
(-0.35 0.1 0.78)
(-0.3 0.1 0.78)
(-0.25 0.1 0.78)
(-0.2 0.1 0.78)
(-0.15 0.1 0.78)
(-0.1 0.1 0.7800000000000001)
(-0.05000000000000004 0.1 0.78)
(0 0.1 0.78)
(0.05000000000000004 0.1 0.78)
(0.1000000000000001 0.1 0.78)
(0.1499999999999999 0.1 0.78)
(0.2 0.1 0.78)
(0.25 0.1 0.78)
(0.3 0.1 0.78)
(0.35 0.1 0.78)
(0.4 0.1 0.78)
(0.45 0.1 0.78)
(0.5 0.1 0.78)
(0.55 0.1 0.78)
(0.6 0.1 0.78)
(0.65 0.1 0.78)
(0.7000000000000001 0.1 0.78)
(0.75 0.1 0.78)
(0.8 0.1 0.7800000000000001)
(0.85 0.1 0.78)
(0.9 0.09999999999999998 0.78)
(0.9500000000000001 0.1 0.78)
(1 0.1 0.78)
(-1 0 0.8100000000000001)
(-0.9500000000000001 0 0.8100000000000002)
(-0.9 0 0.8100000000000001)
(-0.85 0 0.8100000000000001)
(-0.8 0 0.8100000000000001)
(-0.75 0 0.8100000000000001)
(-0.7000000000000001 0 0.8100000000000001)
(-0.65 0 0.8100000000000001)
(-0.6 0 0.8100000000000001)
(-0.55 0 0.8100000000000001)
(-0.5 0 0.8100000000000001)
(-0.45 0 0.8100000000000001)
(-0.4 0 0.8100000000000001)
(-0.35 0 0.8100000000000001)
(-0.3 0 0.8100000000000001)
(-0.25 0 0.8100000000000001)
(-0.2 0 0.8100000000000001)
(-0.15 0 0.8100000000000001)
(-0.1000000000000001 0 0.8100000000000001)
(-0.05000000000000003 0 0.8100000000000001)
(0 0 0.8100000000000001)
(0.05000000000000003 0 0.8100000000000001)
(0.1000000000000002 0 0.8100000000000001)
(0.1499999999999999 0 0.8100000000000001)
(0.2 0 0.8100000000000001)
(0.25 0 0.8100000000000001)
(0.3 0 0.8100000000000001)
(0.35 0 0.8100000000000001)
(0.4 0 0.8100000000000001)
(0.45 0 0.8100000000000001)
(0.5 0 0.8100000000000001)
(0.55 0 0.8100000000000001)
(0.6 0 0.8100000000000001)
(0.65 0 0.8100000000000001)
(0.7000000000000001 0 0.8100000000000001)
(0.75 0 0.8100000000000001)
(0.8 0 0.8100000000000001)
(0.85 0 0.8100000000000001)
(0.9 0 0.8100000000000001)
(0.9500000000000001 0 0.8100000000000002)
(1 0 0.8100000000000001)
(-1 0.005 0.8100000000000001)
(-0.9500000000000001 0.005 0.8100000000000002)
(-0.9 0.005 0.8100000000000001)
(-0.85 0.005000000000000001 0.8100000000000002)
(-0.8 0.005 0.8100000000000001)
(-0.75 0.005000000000000001 0.8100000000000001)
(-0.7000000000000001 0.005 0.8100000000000001)
(-0.65 0.005 0.8100000000000001)
(-0.6 0.005 0.8100000000000001)
(-0.55 0.005 0.8099999999999998)
(-0.5 0.005 0.8100000000000001)
(-0.45 0.005 0.8100000000000001)
(-0.4 0.005 0.8100000000000002)
(-0.35 0.005 0.8099999999999998)
(-0.3 0.005 0.8100000000000001)
(-0.25 0.005 0.8100000000000001)
(-0.2 0.005 0.8100000000000001)
(-0.15 0.005 0.8100000000000002)
(-0.09999999999999998 0.005000000000000001 0.8100000000000002)
(-0.05 0.005 0.8100000000000001)
(0 0.005 0.8100000000000001)
(0.05 0.005 0.8100000000000001)
(0.1000000000000001 0.005000000000000001 0.8099999999999998)
(0.1499999999999999 0.005 0.8100000000000001)
(0.2 0.005 0.8100000000000001)
(0.25 0.005 0.8100000000000001)
(0.3 0.005000000000000001 0.8100000000000001)
(0.3500000000000001 0.005000000000000001 0.8099999999999998)
(0.3999999999999999 0.005 0.8100000000000001)
(0.45 0.005 0.8100000000000001)
(0.5 0.005 0.8100000000000001)
(0.55 0.005000000000000001 0.8100000000000001)
(0.6 0.005 0.8100000000000001)
(0.65 0.005 0.8100000000000001)
(0.7000000000000001 0.005 0.8100000000000001)
(0.75 0.005000000000000001 0.8100000000000002)
(0.8 0.005 0.8100000000000001)
(0.85 0.005000000000000001 0.8100000000000002)
(0.9 0.005 0.8099999999999998)
(0.9500000000000001 0.005000000000000001 0.8100000000000002)
(1 0.005 0.8100000000000001)
(-1 0.01 0.8100000000000001)
(-0.9500000000000001 0.01 0.8100000000000001)
(-0.9 0.01 0.8100000000000001)
(-0.85 0.01 0.8100000000000002)
(-0.8 0.01 0.8100000000000001)
(-0.75 0.01 0.8100000000000001)
(-0.7000000000000001 0.01 0.8100000000000001)
(-0.65 0.01 0.8100000000000001)
(-0.6 0.01 0.8100000000000002)
(-0.55 0.01 0.8100000000000001)
(-0.5 0.01 0.8100000000000001)
(-0.45 0.01 0.8100000000000002)
(-0.4 0.01 0.8100000000000001)
(-0.3500000000000001 0.01 0.8100000000000002)
(-0.3 0.01 0.8100000000000001)
(-0.25 0.01 0.8100000000000001)
(-0.2 0.01 0.8100000000000002)
(-0.15 0.01 0.8100000000000002)
(-0.1 0.009999999999999998 0.8100000000000002)
(-0.05000000000000003 0.01 0.8100000000000001)
(0 0.01 0.8100000000000001)
(0.05000000000000003 0.01 0.8100000000000001)
(0.1000000000000002 0.01 0.8100000000000002)
(0.1499999999999998 0.01 0.8100000000000001)
(0.2 0.01 0.8100000000000002)
(0.25 0.01 0.8100000000000001)
(0.3000000000000001 0.01 0.8100000000000002)
(0.35 0.01 0.8100000000000001)
(0.3999999999999999 0.01 0.8100000000000001)
(0.45 0.01 0.8099999999999998)
(0.5 0.01 0.8100000000000001)
(0.55 0.01 0.8100000000000001)
(0.6 0.01 0.8100000000000002)
(0.65 0.01 0.8100000000000001)
(0.7000000000000001 0.009999999999999998 0.8100000000000001)
(0.75 0.01 0.8100000000000001)
(0.8 0.01 0.8099999999999998)
(0.85 0.01 0.8100000000000001)
(0.9 0.01 0.8100000000000001)
(0.9500000000000001 0.009999999999999998 0.8100000000000002)
(1 0.01 0.8100000000000001)
(-1 0.015 0.8100000000000001)
(-0.9500000000000001 0.015 0.8100000000000001)
(-0.9 0.015 0.8100000000000001)
(-0.85 0.015 0.8100000000000001)
(-0.8 0.015 0.8100000000000001)
(-0.75 0.015 0.8100000000000001)
(-0.7000000000000001 0.015 0.8100000000000002)
(-0.65 0.015 0.8100000000000002)
(-0.6 0.015 0.8100000000000002)
(-0.55 0.015 0.8099999999999998)
(-0.5 0.015 0.8100000000000001)
(-0.45 0.015 0.8100000000000001)
(-0.4 0.015 0.8100000000000001)
(-0.35 0.015 0.8099999999999998)
(-0.3 0.015 0.8100000000000001)
(-0.25 0.015 0.8100000000000001)
(-0.2 0.015 0.8100000000000002)
(-0.15 0.015 0.8100000000000001)
(-0.1 0.015 0.8100000000000002)
(-0.05000000000000003 0.015 0.8100000000000001)
(0 0.015 0.8100000000000001)
(0.05 0.015 0.8100000000000002)
(0.1000000000000001 0.015 0.8100000000000001)
(0.1499999999999999 0.015 0.8100000000000001)
(0.2 0.015 0.8100000000000001)
(0.25 0.015 0.8100000000000001)
(0.3 0.015 0.8100000000000001)
(0.35 0.015 0.8100000000000002)
(0.4 0.015 0.8100000000000001)
(0.45 0.015 0.8100000000000001)
(0.5 0.015 0.8100000000000002)
(0.55 0.015 0.8100000000000001)
(0.6 0.015 0.8100000000000002)
(0.65 0.015 0.8100000000000002)
(0.7000000000000001 0.015 0.8100000000000002)
(0.75 0.015 0.8100000000000001)
(0.8 0.015 0.8100000000000001)
(0.85 0.015 0.8100000000000001)
(0.9 0.015 0.8099999999999998)
(0.9500000000000001 0.015 0.8100000000000002)
(1 0.015 0.8100000000000001)
(-1 0.02 0.8100000000000001)
(-0.9500000000000001 0.02 0.8100000000000002)
(-0.9 0.02 0.8100000000000001)
(-0.85 0.02 0.8100000000000001)
(-0.8 0.02 0.8100000000000002)
(-0.75 0.02 0.8100000000000002)
(-0.7000000000000001 0.02 0.8100000000000002)
(-0.65 0.02 0.8100000000000002)
(-0.6 0.02 0.8100000000000002)
(-0.55 0.02 0.8100000000000002)
(-0.5 0.02 0.8100000000000002)
(-0.45 0.02 0.8100000000000002)
(-0.4 0.02 0.8100000000000001)
(-0.35 0.02 0.8100000000000002)
(-0.3 0.02 0.8100000000000002)
(-0.25 0.02 0.8100000000000002)
(-0.2 0.02 0.8100000000000002)
(-0.15 0.02 0.8099999999999998)
(-0.1 0.02 0.8100000000000002)
(-0.05000000000000005 0.02 0.8100000000000002)
(0 0.02 0.8100000000000001)
(0.05000000000000004 0.02 0.8100000000000002)
(0.1000000000000001 0.02 0.8100000000000002)
(0.1499999999999999 0.02 0.8100000000000001)
(0.2 0.02 0.8100000000000001)
(0.25 0.02 0.8100000000000001)
(0.3 0.02 0.8100000000000002)
(0.35 0.02 0.8100000000000001)
(0.4 0.02 0.8100000000000002)
(0.45 0.02 0.8100000000000002)
(0.5 0.02 0.8100000000000002)
(0.55 0.02 0.8100000000000002)
(0.6 0.02 0.8100000000000002)
(0.65 0.02 0.8100000000000003)
(0.7000000000000001 0.02 0.8100000000000002)
(0.75 0.02 0.8100000000000002)
(0.8 0.02 0.8100000000000002)
(0.85 0.02 0.8100000000000001)
(0.9 0.02 0.8100000000000002)
(0.9500000000000001 0.02 0.8100000000000002)
(1 0.02 0.8100000000000001)
(-1 0.025 0.8100000000000001)
(-0.9500000000000001 0.025 0.8100000000000001)
(-0.9 0.025 0.8100000000000001)
(-0.85 0.025 0.8100000000000002)
(-0.8 0.025 0.8100000000000002)
(-0.75 0.025 0.8100000000000002)
(-0.7000000000000001 0.025 0.8100000000000001)
(-0.65 0.025 0.8100000000000001)
(-0.6 0.025 0.8100000000000002)
(-0.55 0.025 0.8100000000000002)
(-0.5 0.025 0.8100000000000002)
(-0.45 0.025 0.8100000000000001)
(-0.4 0.025 0.8100000000000001)
(-0.35 0.025 0.8100000000000002)
(-0.3 0.025 0.8100000000000001)
(-0.25 0.025 0.8100000000000001)
(-0.2 0.025 0.8100000000000001)
(-0.15 0.025 0.8100000000000001)
(-0.1 0.025 0.8100000000000001)
(-0.05000000000000003 0.025 0.8100000000000001)
(0 0.025 0.8100000000000001)
(0.05000000000000003 0.025 0.8100000000000001)
(0.1000000000000002 0.025 0.8100000000000002)
(0.1499999999999999 0.025 0.8100000000000002)
(0.2 0.025 0.8100000000000001)
(0.25 0.025 0.8100000000000001)
(0.3 0.025 0.8100000000000001)
(0.35 0.025 0.8100000000000001)
(0.4 0.025 0.8100000000000001)
(0.45 0.025 0.8100000000000001)
(0.5 0.025 0.8100000000000002)
(0.55 0.025 0.8100000000000002)
(0.6 0.025 0.8100000000000001)
(0.65 0.025 0.8100000000000001)
(0.7000000000000001 0.025 0.8100000000000001)
(0.75 0.025 0.8100000000000002)
(0.8 0.025 0.8100000000000002)
(0.85 0.025 0.8100000000000001)
(0.9 0.025 0.8100000000000001)
(0.9500000000000001 0.025 0.8100000000000002)
(1 0.025 0.8100000000000001)
(-1 0.03 0.8100000000000001)
(-0.9500000000000001 0.03 0.8099999999999998)
(-0.9 0.03 0.8100000000000002)
(-0.85 0.03 0.8099999999999998)
(-0.8 0.03 0.8100000000000001)
(-0.75 0.03 0.8100000000000001)
(-0.7000000000000001 0.03 0.8100000000000001)
(-0.65 0.03000000000000001 0.8100000000000002)
(-0.6 0.03 0.8100000000000001)
(-0.55 0.03 0.8100000000000001)
(-0.5 0.03 0.8100000000000001)
(-0.45 0.03 0.8100000000000001)
(-0.4 0.03000000000000001 0.8100000000000001)
(-0.35 0.03 0.8100000000000002)
(-0.3 0.03 0.8100000000000001)
(-0.25 0.03 0.8100000000000002)
(-0.2 0.03 0.8100000000000001)
(-0.15 0.03 0.8100000000000001)
(-0.09999999999999998 0.03 0.8100000000000001)
(-0.05000000000000003 0.03 0.8100000000000001)
(0 0.03 0.8100000000000001)
(0.05000000000000003 0.03 0.8100000000000001)
(0.1000000000000001 0.03 0.8100000000000001)
(0.1499999999999999 0.03 0.8100000000000001)
(0.2 0.03 0.8100000000000001)
(0.25 0.03 0.8100000000000002)
(0.3 0.03 0.8099999999999998)
(0.35 0.03000000000000001 0.8100000000000002)
(0.4 0.03000000000000001 0.8100000000000002)
(0.45 0.03 0.8100000000000001)
(0.5 0.03 0.8100000000000001)
(0.55 0.03 0.8100000000000001)
(0.6 0.03 0.8100000000000001)
(0.65 0.03 0.8100000000000001)
(0.7000000000000001 0.03 0.8100000000000001)
(0.75 0.03 0.8100000000000002)
(0.8 0.03 0.8100000000000001)
(0.85 0.03 0.8099999999999998)
(0.9 0.03000000000000001 0.8100000000000002)
(0.9500000000000001 0.03 0.8100000000000001)
(1 0.03 0.8100000000000001)
(-1 0.035 0.8100000000000001)
(-0.9500000000000001 0.035 0.8100000000000002)
(-0.9 0.035 0.8100000000000001)
(-0.85 0.035 0.8100000000000001)
(-0.8 0.035 0.8100000000000002)
(-0.75 0.035 0.8100000000000002)
(-0.7000000000000001 0.035 0.8100000000000001)
(-0.65 0.035 0.8100000000000001)
(-0.6 0.035 0.8100000000000001)
(-0.55 0.035 0.8100000000000002)
(-0.5 0.035 0.8100000000000001)
(-0.45 0.035 0.8099999999999998)
(-0.4 0.035 0.8100000000000002)
(-0.35 0.035 0.8100000000000001)
(-0.3 0.035 0.8100000000000002)
(-0.25 0.035 0.8100000000000001)
(-0.2 0.035 0.8100000000000002)
(-0.15 0.035 0.8100000000000002)
(-0.1 0.035 0.8100000000000002)
(-0.05000000000000004 0.035 0.8100000000000001)
(0 0.035 0.8100000000000001)
(0.05000000000000004 0.035 0.8100000000000001)
(0.1000000000000002 0.035 0.8100000000000001)
(0.1499999999999999 0.035 0.8100000000000002)
(0.2 0.035 0.8100000000000002)
(0.25 0.035 0.8100000000000001)
(0.3 0.035 0.8100000000000001)
(0.35 0.035 0.8099999999999998)
(0.4 0.035 0.8100000000000002)
(0.45 0.035 0.8100000000000001)
(0.5 0.035 0.8100000000000001)
(0.55 0.035 0.8100000000000002)
(0.6 0.035 0.8100000000000001)
(0.65 0.035 0.8100000000000001)
(0.7000000000000001 0.035 0.8100000000000001)
(0.75 0.035 0.8100000000000002)
(0.8 0.035 0.8100000000000002)
(0.85 0.035 0.8099999999999998)
(0.9 0.035 0.8099999999999998)
(0.9500000000000001 0.035 0.8100000000000002)
(1 0.035 0.8100000000000001)
(-1 0.04 0.8100000000000001)
(-0.9500000000000001 0.04 0.8100000000000001)
(-0.9 0.04 0.8100000000000001)
(-0.85 0.04 0.8100000000000001)
(-0.8000000000000002 0.04 0.8100000000000002)
(-0.75 0.04 0.8100000000000001)
(-0.7000000000000001 0.04 0.8100000000000001)
(-0.65 0.04 0.8099999999999998)
(-0.6 0.04 0.8100000000000001)
(-0.55 0.04 0.8100000000000001)
(-0.5 0.04 0.8100000000000001)
(-0.45 0.04 0.8100000000000001)
(-0.4 0.04000000000000001 0.8100000000000002)
(-0.35 0.04 0.8100000000000001)
(-0.3 0.04 0.8100000000000001)
(-0.25 0.04 0.8100000000000001)
(-0.2 0.04 0.8100000000000001)
(-0.15 0.04 0.8100000000000001)
(-0.1 0.04 0.8100000000000002)
(-0.05000000000000003 0.04 0.8100000000000001)
(0 0.04 0.8100000000000001)
(0.05000000000000003 0.04 0.8100000000000001)
(0.1000000000000001 0.04 0.8100000000000001)
(0.1499999999999999 0.04 0.8100000000000001)
(0.2 0.03999999999999999 0.8100000000000001)
(0.25 0.04 0.8100000000000001)
(0.3 0.04000000000000001 0.8100000000000001)
(0.35 0.04 0.8100000000000001)
(0.4 0.04000000000000001 0.8100000000000002)
(0.45 0.04 0.8100000000000001)
(0.5 0.04 0.8100000000000001)
(0.55 0.04 0.8100000000000001)
(0.6 0.04000000000000001 0.8100000000000001)
(0.65 0.04 0.8100000000000001)
(0.7000000000000001 0.03999999999999999 0.8100000000000002)
(0.75 0.04 0.8100000000000001)
(0.8 0.04 0.8100000000000002)
(0.85 0.04 0.8100000000000002)
(0.9 0.04 0.8100000000000001)
(0.9500000000000001 0.03999999999999999 0.8100000000000002)
(1 0.04 0.8100000000000001)
(-1 0.045 0.8100000000000001)
(-0.9500000000000001 0.045 0.8100000000000001)
(-0.9 0.04500000000000001 0.8099999999999998)
(-0.8500000000000002 0.045 0.8100000000000002)
(-0.8 0.045 0.8100000000000003)
(-0.75 0.045 0.8100000000000002)
(-0.7000000000000001 0.045 0.8100000000000001)
(-0.65 0.045 0.8100000000000001)
(-0.6000000000000001 0.045 0.8100000000000002)
(-0.55 0.045 0.8100000000000002)
(-0.5 0.045 0.8100000000000002)
(-0.45 0.045 0.8100000000000002)
(-0.4 0.045 0.8100000000000001)
(-0.35 0.045 0.8100000000000001)
(-0.3000000000000001 0.045 0.8100000000000002)
(-0.25 0.045 0.8100000000000002)
(-0.2 0.045 0.8100000000000002)
(-0.15 0.045 0.8100000000000002)
(-0.1 0.045 0.8100000000000003)
(-0.05000000000000004 0.045 0.8100000000000001)
(0 0.045 0.8100000000000001)
(0.05000000000000004 0.045 0.8100000000000001)
(0.1000000000000001 0.045 0.8100000000000002)
(0.1499999999999999 0.045 0.8100000000000002)
(0.2 0.045 0.8100000000000002)
(0.25 0.045 0.8100000000000001)
(0.3000000000000001 0.045 0.8100000000000002)
(0.35 0.045 0.8100000000000001)
(0.4 0.04499999999999999 0.8100000000000002)
(0.45 0.045 0.8100000000000002)
(0.5 0.045 0.8100000000000002)
(0.55 0.045 0.8100000000000002)
(0.6 0.045 0.8100000000000001)
(0.65 0.04499999999999999 0.8100000000000001)
(0.7000000000000001 0.045 0.8100000000000001)
(0.75 0.045 0.8100000000000002)
(0.8 0.045 0.8100000000000002)
(0.85 0.04500000000000001 0.8100000000000001)
(0.9 0.045 0.8100000000000001)
(0.9500000000000001 0.045 0.8100000000000002)
(1 0.045 0.8100000000000001)
(-1 0.05 0.8100000000000001)
(-0.9500000000000001 0.05 0.8100000000000001)
(-0.9 0.05 0.8100000000000001)
(-0.85 0.05 0.8100000000000001)
(-0.8 0.05 0.8100000000000001)
(-0.75 0.05 0.8100000000000001)
(-0.7000000000000001 0.05 0.8100000000000001)
(-0.65 0.05 0.8100000000000001)
(-0.6 0.05 0.8100000000000001)
(-0.55 0.05 0.8100000000000001)
(-0.5 0.05 0.8100000000000001)
(-0.45 0.05 0.8100000000000001)
(-0.4 0.05 0.8100000000000001)
(-0.35 0.05 0.8100000000000001)
(-0.3 0.05 0.8100000000000001)
(-0.25 0.05 0.8100000000000001)
(-0.2 0.05 0.8100000000000001)
(-0.15 0.05 0.8100000000000001)
(-0.1 0.05000000000000001 0.8100000000000001)
(-0.05000000000000003 0.05 0.8100000000000001)
(0 0.05 0.8100000000000001)
(0.05000000000000003 0.05 0.8100000000000001)
(0.1000000000000002 0.05 0.8100000000000001)
(0.1499999999999999 0.05 0.8100000000000001)
(0.2 0.05 0.8100000000000001)
(0.25 0.05 0.8100000000000001)
(0.3 0.05000000000000001 0.8100000000000001)
(0.35 0.05 0.8100000000000001)
(0.4 0.05000000000000001 0.8100000000000001)
(0.45 0.05 0.8100000000000001)
(0.5 0.05 0.8100000000000001)
(0.55 0.05000000000000001 0.8100000000000001)
(0.6 0.05 0.8100000000000001)
(0.65 0.05 0.8100000000000001)
(0.7000000000000001 0.05 0.8100000000000001)
(0.75 0.05 0.8100000000000001)
(0.8 0.05 0.8100000000000001)
(0.85 0.05000000000000001 0.8100000000000001)
(0.9 0.05 0.8100000000000001)
(0.9500000000000001 0.05 0.8100000000000002)
(1 0.05 0.8100000000000001)
(-1 0.055 0.8100000000000001)
(-0.9500000000000001 0.055 0.8100000000000001)
(-0.9 0.055 0.8100000000000001)
(-0.85 0.055 0.8100000000000001)
(-0.8 0.055 0.8100000000000002)
(-0.75 0.055 0.8100000000000001)
(-0.7000000000000001 0.055 0.8100000000000001)
(-0.65 0.055 0.8100000000000001)
(-0.6 0.055 0.8100000000000001)
(-0.55 0.055 0.8100000000000001)
(-0.5 0.05500000000000001 0.8100000000000001)
(-0.45 0.055 0.8100000000000002)
(-0.4 0.055 0.8100000000000001)
(-0.35 0.055 0.8100000000000001)
(-0.3 0.055 0.8100000000000001)
(-0.25 0.055 0.8100000000000002)
(-0.2 0.055 0.8100000000000001)
(-0.15 0.055 0.8100000000000002)
(-0.1 0.055 0.8100000000000002)
(-0.05000000000000004 0.055 0.8100000000000001)
(0 0.055 0.8100000000000001)
(0.05000000000000004 0.05500000000000001 0.8100000000000001)
(0.1000000000000001 0.05500000000000001 0.8100000000000001)
(0.1499999999999999 0.055 0.8100000000000001)
(0.2 0.055 0.8100000000000001)
(0.25 0.055 0.8100000000000001)
(0.3 0.05500000000000001 0.8100000000000001)
(0.35 0.05500000000000001 0.8100000000000001)
(0.4 0.055 0.8100000000000001)
(0.45 0.055 0.8099999999999998)
(0.5 0.055 0.8100000000000001)
(0.55 0.05500000000000001 0.8100000000000001)
(0.6 0.055 0.8100000000000001)
(0.65 0.055 0.8100000000000001)
(0.7000000000000001 0.055 0.8100000000000001)
(0.75 0.05500000000000001 0.8100000000000002)
(0.8 0.055 0.8100000000000002)
(0.85 0.05500000000000001 0.8100000000000001)
(0.9 0.055 0.8099999999999998)
(0.9500000000000001 0.055 0.8100000000000002)
(1 0.055 0.8100000000000001)
(-1 0.06 0.8100000000000001)
(-0.9500000000000001 0.06 0.8100000000000001)
(-0.9 0.06 0.8100000000000001)
(-0.8500000000000002 0.06 0.8100000000000002)
(-0.8000000000000002 0.06 0.8100000000000001)
(-0.75 0.06 0.8100000000000001)
(-0.7000000000000001 0.06 0.8100000000000001)
(-0.65 0.06 0.8099999999999998)
(-0.6 0.06 0.8100000000000001)
(-0.55 0.06 0.8100000000000001)
(-0.5 0.06 0.8100000000000001)
(-0.45 0.06 0.8100000000000001)
(-0.4 0.06 0.8100000000000001)
(-0.35 0.06 0.8100000000000001)
(-0.3 0.06 0.8100000000000001)
(-0.25 0.06 0.8100000000000001)
(-0.2 0.06 0.8100000000000001)
(-0.15 0.06 0.8100000000000001)
(-0.1 0.06 0.8100000000000002)
(-0.05000000000000003 0.06 0.8100000000000001)
(0 0.06 0.8100000000000001)
(0.05000000000000001 0.06 0.8099999999999998)
(0.1000000000000001 0.06 0.8100000000000001)
(0.1499999999999999 0.06 0.8100000000000001)
(0.2 0.06 0.8100000000000001)
(0.25 0.06 0.8100000000000001)
(0.3 0.06 0.8100000000000001)
(0.35 0.06 0.8100000000000001)
(0.4 0.06 0.8100000000000002)
(0.45 0.06 0.8100000000000001)
(0.5 0.06 0.8100000000000001)
(0.55 0.06 0.8100000000000001)
(0.6 0.06 0.8099999999999998)
(0.65 0.06 0.8100000000000001)
(0.7000000000000001 0.06 0.8100000000000002)
(0.75 0.06 0.8100000000000001)
(0.8 0.06000000000000001 0.8100000000000002)
(0.85 0.06 0.8100000000000002)
(0.9 0.06 0.8100000000000001)
(0.9500000000000001 0.06 0.8100000000000002)
(1 0.06 0.8100000000000001)
(-1 0.065 0.8100000000000001)
(-0.9500000000000001 0.065 0.8100000000000002)
(-0.9 0.065 0.8100000000000001)
(-0.8500000000000002 0.065 0.8100000000000001)
(-0.8000000000000002 0.065 0.8100000000000002)
(-0.75 0.06500000000000002 0.8100000000000002)
(-0.7000000000000001 0.065 0.8100000000000001)
(-0.65 0.065 0.8100000000000002)
(-0.6 0.065 0.8100000000000001)
(-0.55 0.06500000000000002 0.8100000000000002)
(-0.5 0.065 0.8100000000000001)
(-0.45 0.065 0.8100000000000001)
(-0.4 0.065 0.8100000000000001)
(-0.35 0.065 0.8100000000000001)
(-0.3 0.065 0.8100000000000002)
(-0.25 0.065 0.8100000000000001)
(-0.2 0.065 0.8100000000000002)
(-0.15 0.06500000000000002 0.8100000000000001)
(-0.1 0.065 0.8100000000000002)
(-0.05000000000000004 0.065 0.8100000000000001)
(0 0.065 0.8100000000000001)
(0.05000000000000004 0.065 0.8100000000000001)
(0.1000000000000001 0.065 0.8100000000000001)
(0.1499999999999999 0.065 0.8100000000000002)
(0.2 0.06500000000000002 0.8100000000000002)
(0.25 0.065 0.8100000000000001)
(0.3 0.065 0.8100000000000002)
(0.35 0.06500000000000002 0.8100000000000001)
(0.4 0.065 0.8099999999999998)
(0.45 0.06500000000000002 0.8100000000000001)
(0.5 0.065 0.8100000000000001)
(0.55 0.065 0.8100000000000002)
(0.6 0.065 0.8100000000000001)
(0.65 0.065 0.8100000000000002)
(0.7000000000000001 0.065 0.8100000000000001)
(0.75 0.06500000000000002 0.8100000000000002)
(0.8000000000000002 0.065 0.8100000000000002)
(0.85 0.065 0.8099999999999998)
(0.9 0.065 0.8100000000000001)
(0.9500000000000001 0.065 0.8100000000000002)
(1 0.065 0.8100000000000001)
(-1 0.07000000000000001 0.8100000000000001)
(-0.9500000000000001 0.07000000000000001 0.8099999999999998)
(-0.9 0.06999999999999999 0.8100000000000001)
(-0.85 0.07000000000000001 0.8099999999999998)
(-0.8 0.07000000000000001 0.8100000000000002)
(-0.75 0.07000000000000001 0.8100000000000001)
(-0.7000000000000001 0.07000000000000001 0.8100000000000001)
(-0.65 0.06999999999999999 0.8100000000000001)
(-0.6 0.07000000000000001 0.8100000000000001)
(-0.55 0.06999999999999999 0.8100000000000001)
(-0.5 0.07000000000000001 0.8100000000000001)
(-0.45 0.07000000000000001 0.8100000000000002)
(-0.4 0.07000000000000001 0.8100000000000001)
(-0.35 0.07000000000000001 0.8100000000000002)
(-0.3 0.07000000000000001 0.8099999999999998)
(-0.25 0.07000000000000001 0.8100000000000001)
(-0.2 0.07000000000000001 0.8100000000000001)
(-0.15 0.07000000000000001 0.8100000000000001)
(-0.1 0.07000000000000001 0.8100000000000002)
(-0.05000000000000004 0.07000000000000001 0.8100000000000001)
(0 0.07000000000000001 0.8100000000000001)
(0.05000000000000007 0.06999999999999999 0.8100000000000001)
(0.1000000000000001 0.07000000000000001 0.8100000000000001)
(0.1499999999999999 0.07000000000000001 0.8100000000000002)
(0.2 0.07000000000000001 0.8100000000000001)
(0.25 0.06999999999999999 0.8100000000000001)
(0.3 0.07000000000000001 0.8099999999999998)
(0.35 0.06999999999999999 0.8100000000000002)
(0.4 0.07000000000000001 0.8099999999999998)
(0.45 0.07000000000000001 0.8100000000000002)
(0.5 0.07000000000000001 0.8100000000000001)
(0.55 0.06999999999999999 0.8100000000000002)
(0.6 0.07000000000000001 0.8100000000000001)
(0.65 0.07000000000000001 0.8100000000000002)
(0.7000000000000001 0.06999999999999999 0.8100000000000001)
(0.75 0.07000000000000001 0.8100000000000002)
(0.8 0.07000000000000001 0.8100000000000001)
(0.85 0.06999999999999999 0.8100000000000001)
(0.9 0.07000000000000001 0.8100000000000002)
(0.9500000000000001 0.07000000000000001 0.8100000000000001)
(1 0.07000000000000001 0.8100000000000001)
(-1 0.075 0.8100000000000001)
(-0.9500000000000001 0.075 0.8100000000000001)
(-0.9 0.075 0.8100000000000001)
(-0.85 0.07500000000000001 0.8100000000000002)
(-0.8 0.075 0.8100000000000002)
(-0.75 0.075 0.8100000000000002)
(-0.7000000000000001 0.075 0.8100000000000001)
(-0.65 0.075 0.8100000000000001)
(-0.6 0.07500000000000001 0.8100000000000002)
(-0.55 0.075 0.8100000000000002)
(-0.5 0.075 0.8100000000000002)
(-0.45 0.075 0.8100000000000001)
(-0.4 0.075 0.8100000000000001)
(-0.35 0.075 0.8100000000000002)
(-0.3 0.075 0.8100000000000001)
(-0.25 0.075 0.8100000000000001)
(-0.2 0.075 0.8100000000000001)
(-0.15 0.075 0.8100000000000001)
(-0.1000000000000001 0.075 0.8100000000000002)
(-0.05000000000000003 0.075 0.8100000000000001)
(0 0.075 0.8100000000000001)
(0.05000000000000003 0.075 0.8100000000000001)
(0.1000000000000002 0.075 0.8100000000000001)
(0.1499999999999999 0.075 0.8100000000000002)
(0.2 0.075 0.8100000000000001)
(0.25 0.075 0.8100000000000001)
(0.3 0.075 0.8100000000000001)
(0.35 0.075 0.8100000000000002)
(0.4 0.075 0.8099999999999998)
(0.45 0.075 0.8100000000000001)
(0.5 0.075 0.8100000000000002)
(0.55 0.075 0.8100000000000002)
(0.6 0.075 0.8100000000000001)
(0.65 0.075 0.8099999999999998)
(0.7000000000000001 0.075 0.8100000000000001)
(0.75 0.075 0.8100000000000002)
(0.8 0.075 0.8100000000000002)
(0.85 0.075 0.8100000000000002)
(0.9 0.075 0.8100000000000001)
(0.9500000000000001 0.075 0.8100000000000002)
(1 0.075 0.8100000000000001)
(-1 0.08 0.8100000000000001)
(-0.9500000000000001 0.08 0.8100000000000001)
(-0.9 0.08 0.8100000000000001)
(-0.85 0.08000000000000002 0.8100000000000002)
(-0.8000000000000002 0.08 0.8100000000000001)
(-0.75 0.08 0.8100000000000001)
(-0.7000000000000001 0.08 0.8100000000000002)
(-0.6499999999999999 0.08 0.8100000000000002)
(-0.6 0.08 0.8100000000000002)
(-0.55 0.08 0.8100000000000002)
(-0.5 0.08 0.8100000000000002)
(-0.45 0.08 0.8100000000000002)
(-0.3999999999999999 0.08 0.8099999999999998)
(-0.35 0.08 0.8100000000000002)
(-0.3 0.08 0.8100000000000001)
(-0.25 0.08 0.8100000000000002)
(-0.2 0.08 0.8100000000000001)
(-0.15 0.08 0.8100000000000001)
(-0.1 0.08 0.8100000000000002)
(-0.05000000000000004 0.08 0.8100000000000002)
(0 0.08 0.8100000000000001)
(0.05000000000000003 0.08 0.8100000000000001)
(0.1000000000000001 0.08 0.8100000000000001)
(0.1499999999999999 0.08 0.8100000000000001)
(0.2 0.07999999999999999 0.8100000000000002)
(0.25 0.08 0.8100000000000001)
(0.3 0.08 0.8100000000000002)
(0.35 0.08 0.8100000000000001)
(0.3999999999999999 0.08 0.8100000000000001)
(0.45 0.08 0.8100000000000002)
(0.5 0.08 0.8100000000000002)
(0.55 0.08000000000000002 0.8100000000000002)
(0.6 0.08 0.8100000000000002)
(0.65 0.08000000000000002 0.8100000000000002)
(0.7000000000000001 0.08 0.8100000000000002)
(0.75 0.08 0.8100000000000002)
(0.8 0.08000000000000002 0.8100000000000002)
(0.85 0.08 0.8099999999999998)
(0.9 0.08 0.8100000000000002)
(0.9500000000000001 0.07999999999999999 0.8100000000000002)
(1 0.08 0.8100000000000001)
(-1 0.08500000000000001 0.8100000000000001)
(-0.9500000000000001 0.08499999999999998 0.8100000000000001)
(-0.9 0.08500000000000001 0.8099999999999998)
(-0.85 0.08500000000000001 0.8100000000000001)
(-0.8 0.08500000000000001 0.8100000000000001)
(-0.75 0.08500000000000001 0.8100000000000001)
(-0.7000000000000001 0.08500000000000001 0.8100000000000002)
(-0.6499999999999999 0.08499999999999998 0.8100000000000001)
(-0.6 0.08500000000000001 0.8100000000000001)
(-0.55 0.08500000000000001 0.8099999999999998)
(-0.5 0.08500000000000001 0.8100000000000001)
(-0.45 0.08500000000000001 0.8100000000000001)
(-0.4 0.08500000000000001 0.8100000000000001)
(-0.35 0.08500000000000001 0.8100000000000001)
(-0.3 0.08500000000000001 0.8100000000000001)
(-0.2500000000000001 0.08500000000000001 0.8100000000000001)
(-0.2 0.08500000000000001 0.8100000000000001)
(-0.15 0.08500000000000001 0.8100000000000001)
(-0.1 0.08500000000000001 0.8100000000000001)
(-0.05 0.08500000000000001 0.8100000000000001)
(0 0.08500000000000001 0.8100000000000001)
(0.05 0.08500000000000001 0.8100000000000001)
(0.1000000000000001 0.08500000000000001 0.8100000000000001)
(0.1499999999999999 0.08500000000000001 0.8100000000000001)
(0.2 0.08500000000000001 0.8100000000000002)
(0.25 0.08500000000000001 0.8100000000000001)
(0.3 0.08500000000000001 0.8100000000000001)
(0.35 0.08500000000000001 0.8100000000000001)
(0.4 0.08500000000000001 0.8100000000000001)
(0.45 0.08500000000000001 0.8100000000000001)
(0.5 0.08500000000000001 0.8100000000000001)
(0.55 0.08500000000000001 0.8099999999999998)
(0.6 0.08500000000000001 0.8100000000000002)
(0.6499999999999999 0.08500000000000001 0.8100000000000002)
(0.7000000000000001 0.08500000000000001 0.8099999999999998)
(0.75 0.08500000000000001 0.8100000000000001)
(0.8 0.08500000000000001 0.8100000000000001)
(0.85 0.08500000000000001 0.8100000000000001)
(0.9 0.08500000000000001 0.8099999999999998)
(0.9500000000000001 0.08500000000000001 0.8100000000000002)
(1 0.08500000000000001 0.8100000000000001)
(-1 0.09 0.8100000000000001)
(-0.9500000000000001 0.09 0.8100000000000001)
(-0.9 0.09 0.8100000000000001)
(-0.85 0.09 0.8100000000000002)
(-0.8 0.09 0.8100000000000001)
(-0.75 0.09 0.8100000000000001)
(-0.7000000000000001 0.09 0.8100000000000001)
(-0.65 0.09 0.8100000000000001)
(-0.6 0.09 0.8100000000000002)
(-0.55 0.09 0.8100000000000001)
(-0.5 0.09 0.8100000000000001)
(-0.45 0.09 0.8100000000000001)
(-0.4 0.09 0.8100000000000001)
(-0.35 0.09 0.8100000000000002)
(-0.3 0.09 0.8100000000000001)
(-0.25 0.09 0.8100000000000001)
(-0.2 0.09 0.8100000000000002)
(-0.1499999999999999 0.09 0.8099999999999998)
(-0.1 0.09 0.8100000000000002)
(-0.05000000000000003 0.09 0.8100000000000001)
(0 0.09 0.8100000000000001)
(0.05000000000000003 0.09 0.8100000000000001)
(0.1000000000000001 0.09000000000000002 0.8100000000000002)
(0.1499999999999999 0.09 0.8100000000000001)
(0.2 0.09 0.8100000000000002)
(0.25 0.09 0.8100000000000001)
(0.3 0.09 0.8100000000000001)
(0.35 0.09 0.8100000000000001)
(0.4 0.08999999999999998 0.8100000000000001)
(0.45 0.09 0.8100000000000001)
(0.5 0.09 0.8100000000000001)
(0.55 0.09 0.8100000000000002)
(0.6 0.09000000000000002 0.8100000000000002)
(0.65 0.08999999999999998 0.8100000000000001)
(0.7000000000000001 0.09 0.8100000000000001)
(0.75 0.09 0.8100000000000001)
(0.8 0.09 0.8099999999999998)
(0.85 0.09000000000000002 0.8100000000000001)
(0.9 0.09 0.8100000000000001)
(0.9500000000000001 0.09 0.8100000000000001)
(1 0.09 0.8100000000000001)
(-1 0.095 0.8100000000000001)
(-0.9500000000000001 0.095 0.8100000000000002)
(-0.9 0.095 0.8099999999999998)
(-0.8500000000000002 0.095 0.8100000000000002)
(-0.8 0.095 0.8100000000000001)
(-0.75 0.095 0.8100000000000002)
(-0.7000000000000001 0.095 0.8099999999999998)
(-0.65 0.095 0.8100000000000002)
(-0.6 0.095 0.8100000000000001)
(-0.55 0.095 0.8100000000000001)
(-0.5 0.095 0.8100000000000001)
(-0.45 0.095 0.8100000000000001)
(-0.3999999999999999 0.095 0.8100000000000001)
(-0.35 0.095 0.8100000000000001)
(-0.3 0.095 0.8100000000000001)
(-0.25 0.095 0.8100000000000001)
(-0.2 0.095 0.8100000000000001)
(-0.15 0.095 0.8100000000000002)
(-0.1 0.095 0.8099999999999998)
(-0.05 0.095 0.8100000000000001)
(0 0.095 0.8100000000000001)
(0.05 0.095 0.8100000000000001)
(0.1000000000000001 0.095 0.8100000000000001)
(0.1499999999999999 0.095 0.8100000000000001)
(0.2 0.095 0.8100000000000001)
(0.25 0.09500000000000001 0.8100000000000001)
(0.3 0.09499999999999999 0.8100000000000001)
(0.35 0.095 0.8100000000000001)
(0.4 0.095 0.8100000000000002)
(0.45 0.095 0.8100000000000002)
(0.5 0.09499999999999999 0.8100000000000001)
(0.55 0.095 0.8100000000000002)
(0.6 0.095 0.8100000000000001)
(0.65 0.095 0.8100000000000001)
(0.7000000000000001 0.095 0.8099999999999998)
(0.75 0.095 0.8100000000000003)
(0.8 0.095 0.8100000000000001)
(0.85 0.095 0.8100000000000002)
(0.9 0.095 0.8099999999999998)
(0.9500000000000001 0.095 0.8100000000000002)
(1 0.095 0.8100000000000001)
(-1 0.1 0.8100000000000001)
(-0.9500000000000001 0.1 0.8100000000000001)
(-0.9 0.1 0.8100000000000001)
(-0.8500000000000002 0.1 0.8100000000000001)
(-0.8 0.1 0.8100000000000001)
(-0.75 0.1 0.8100000000000001)
(-0.7000000000000001 0.1 0.8100000000000001)
(-0.65 0.1 0.8100000000000001)
(-0.6 0.1 0.8100000000000001)
(-0.55 0.1 0.8100000000000001)
(-0.5 0.1 0.8100000000000001)
(-0.45 0.1 0.8100000000000001)
(-0.4 0.1 0.8100000000000001)
(-0.35 0.1 0.8100000000000001)
(-0.3 0.1 0.8100000000000001)
(-0.25 0.1 0.8100000000000001)
(-0.2 0.1 0.8100000000000001)
(-0.15 0.1 0.8100000000000001)
(-0.1 0.1 0.8100000000000001)
(-0.05000000000000003 0.1 0.8100000000000001)
(0 0.1 0.8100000000000001)
(0.05000000000000003 0.1 0.8100000000000001)
(0.1000000000000002 0.1 0.8100000000000001)
(0.1499999999999999 0.1 0.8100000000000001)
(0.2 0.1 0.8100000000000001)
(0.25 0.1 0.8100000000000001)
(0.3 0.1 0.8100000000000001)
(0.35 0.1 0.8100000000000001)
(0.4 0.1 0.8100000000000001)
(0.45 0.1 0.8100000000000001)
(0.5 0.1 0.8100000000000001)
(0.55 0.1 0.8100000000000001)
(0.6 0.1 0.8100000000000001)
(0.65 0.1 0.8100000000000001)
(0.7000000000000001 0.1 0.8100000000000001)
(0.75 0.1 0.8100000000000001)
(0.8 0.1 0.8100000000000001)
(0.85 0.1 0.8100000000000001)
(0.9 0.1 0.8100000000000001)
(0.9500000000000001 0.1 0.8100000000000002)
(1 0.1 0.8100000000000001)
(-1 0 0.84)
(-0.9500000000000001 0 0.84)
(-0.9 0 0.84)
(-0.85 0 0.84)
(-0.8 0 0.84)
(-0.75 0 0.84)
(-0.7000000000000001 0 0.8399999999999999)
(-0.65 0 0.84)
(-0.6 0 0.84)
(-0.55 0 0.8400000000000002)
(-0.5 0 0.84)
(-0.45 0 0.84)
(-0.4 0 0.84)
(-0.35 0 0.84)
(-0.3 0 0.84)
(-0.25 0 0.84)
(-0.2 0 0.84)
(-0.15 0 0.84)
(-0.09999999999999998 0 0.84)
(-0.05000000000000003 0 0.84)
(0 0 0.84)
(0.05000000000000003 0 0.84)
(0.1000000000000001 0 0.84)
(0.1499999999999999 0 0.84)
(0.2 0 0.84)
(0.25 0 0.84)
(0.3 0 0.84)
(0.35 0 0.84)
(0.4 0 0.84)
(0.45 0 0.8399999999999999)
(0.5 0 0.84)
(0.55 0 0.84)
(0.6 0 0.8399999999999999)
(0.65 0 0.84)
(0.7000000000000001 0 0.8399999999999999)
(0.75 0 0.84)
(0.8 0 0.84)
(0.85 0 0.8399999999999999)
(0.9 0 0.8400000000000002)
(0.9500000000000001 0 0.84)
(1 0 0.84)
(-1 0.005 0.84)
(-0.9500000000000001 0.005 0.84)
(-0.9 0.005 0.8400000000000002)
(-0.85 0.005000000000000001 0.84)
(-0.8 0.005 0.8399999999999999)
(-0.75 0.005 0.84)
(-0.7000000000000001 0.005 0.84)
(-0.65 0.005 0.84)
(-0.6 0.005 0.8400000000000002)
(-0.55 0.005000000000000001 0.84)
(-0.5 0.005 0.8400000000000002)
(-0.45 0.005 0.8399999999999999)
(-0.4 0.005 0.8399999999999999)
(-0.35 0.005 0.8400000000000002)
(-0.3 0.005 0.8399999999999999)
(-0.25 0.005 0.84)
(-0.2 0.005 0.8400000000000002)
(-0.15 0.005000000000000001 0.8399999999999999)
(-0.09999999999999998 0.005000000000000001 0.84)
(-0.05000000000000003 0.005 0.84)
(0 0.005 0.84)
(0.05000000000000003 0.005 0.8400000000000002)
(0.1000000000000001 0.005000000000000001 0.84)
(0.1499999999999999 0.005 0.8399999999999999)
(0.2 0.005 0.8400000000000002)
(0.25 0.005 0.84)
(0.3 0.005000000000000001 0.84)
(0.3500000000000001 0.005000000000000001 0.8400000000000002)
(0.3999999999999999 0.005 0.8399999999999999)
(0.45 0.005 0.8399999999999999)
(0.5 0.005 0.84)
(0.55 0.005000000000000001 0.8399999999999999)
(0.6 0.005000000000000001 0.84)
(0.65 0.005 0.8400000000000002)
(0.7000000000000001 0.004999999999999999 0.8399999999999999)
(0.75 0.005 0.8400000000000002)
(0.8 0.005000000000000001 0.8399999999999999)
(0.85 0.005000000000000001 0.8399999999999999)
(0.9 0.005 0.8400000000000002)
(0.9500000000000001 0.005 0.8399999999999999)
(1 0.005 0.84)
(-1 0.01 0.84)
(-0.9500000000000001 0.01 0.8400000000000002)
(-0.9 0.01 0.8399999999999999)
(-0.85 0.01 0.84)
(-0.8 0.01 0.84)
(-0.75 0.01 0.8399999999999999)
(-0.7000000000000001 0.01 0.8399999999999999)
(-0.65 0.01 0.84)
(-0.6 0.01 0.84)
(-0.55 0.01 0.84)
(-0.5 0.01 0.84)
(-0.45 0.01 0.8400000000000002)
(-0.4 0.01 0.8400000000000002)
(-0.35 0.01 0.8399999999999999)
(-0.3 0.01 0.84)
(-0.2500000000000001 0.01 0.84)
(-0.2 0.01 0.8399999999999999)
(-0.15 0.01 0.84)
(-0.1000000000000001 0.01 0.8399999999999999)
(-0.05000000000000004 0.01 0.84)
(0 0.01 0.84)
(0.05000000000000003 0.01 0.84)
(0.1000000000000001 0.009999999999999998 0.8399999999999999)
(0.1499999999999999 0.01 0.84)
(0.2 0.009999999999999998 0.84)
(0.2500000000000001 0.01 0.84)
(0.3 0.01 0.8400000000000002)
(0.35 0.01 0.8399999999999999)
(0.3999999999999999 0.01 0.84)
(0.45 0.01 0.8399999999999999)
(0.5 0.01 0.8400000000000002)
(0.55 0.01 0.8399999999999999)
(0.6 0.01 0.8399999999999999)
(0.65 0.01 0.8400000000000002)
(0.7000000000000001 0.009999999999999998 0.8399999999999999)
(0.75 0.01 0.8399999999999999)
(0.8 0.01 0.8400000000000002)
(0.85 0.01 0.8399999999999999)
(0.9 0.01 0.84)
(0.9500000000000001 0.01 0.8400000000000002)
(1 0.01 0.84)
(-1 0.015 0.8399999999999999)
(-0.9500000000000001 0.015 0.84)
(-0.9 0.015 0.84)
(-0.85 0.015 0.84)
(-0.8 0.015 0.8399999999999999)
(-0.75 0.015 0.84)
(-0.7000000000000001 0.015 0.8399999999999999)
(-0.65 0.015 0.8400000000000002)
(-0.6 0.015 0.84)
(-0.55 0.015 0.8399999999999999)
(-0.5 0.015 0.84)
(-0.45 0.015 0.8399999999999999)
(-0.4 0.015 0.8399999999999999)
(-0.35 0.015 0.8399999999999999)
(-0.3 0.015 0.8399999999999999)
(-0.25 0.015 0.8399999999999999)
(-0.2 0.015 0.8399999999999999)
(-0.15 0.015 0.84)
(-0.1 0.015 0.84)
(-0.05000000000000003 0.015 0.8399999999999999)
(0 0.015 0.84)
(0.05000000000000003 0.015 0.84)
(0.1000000000000001 0.015 0.84)
(0.15 0.015 0.8399999999999999)
(0.2 0.015 0.8399999999999999)
(0.25 0.015 0.8399999999999999)
(0.3 0.015 0.8399999999999999)
(0.35 0.015 0.8399999999999999)
(0.4 0.015 0.8399999999999999)
(0.45 0.015 0.8399999999999999)
(0.5 0.015 0.8399999999999999)
(0.55 0.015 0.84)
(0.6 0.015 0.84)
(0.65 0.015 0.84)
(0.7000000000000001 0.015 0.84)
(0.75 0.015 0.84)
(0.8 0.015 0.8399999999999999)
(0.85 0.015 0.8399999999999999)
(0.9 0.015 0.84)
(0.9500000000000001 0.015 0.8399999999999999)
(1 0.015 0.8399999999999999)
(-1 0.02 0.84)
(-0.9500000000000001 0.02 0.8399999999999999)
(-0.9 0.02 0.8400000000000002)
(-0.85 0.02 0.8399999999999999)
(-0.8 0.02 0.8400000000000002)
(-0.75 0.02 0.84)
(-0.7000000000000001 0.02 0.84)
(-0.65 0.02 0.8399999999999999)
(-0.6 0.02 0.8399999999999999)
(-0.55 0.02 0.84)
(-0.5 0.02 0.84)
(-0.45 0.02 0.84)
(-0.4 0.02 0.8399999999999999)
(-0.3500000000000001 0.02 0.8400000000000002)
(-0.3 0.02 0.8399999999999999)
(-0.25 0.02 0.84)
(-0.2 0.02 0.84)
(-0.15 0.02 0.8399999999999999)
(-0.09999999999999998 0.02 0.8400000000000002)
(-0.05000000000000005 0.02 0.8399999999999999)
(0 0.02 0.84)
(0.05000000000000004 0.02 0.84)
(0.1000000000000001 0.02 0.8400000000000002)
(0.1499999999999999 0.02 0.84)
(0.2 0.02 0.8399999999999999)
(0.25 0.02 0.84)
(0.3 0.02 0.8399999999999999)
(0.35 0.02 0.84)
(0.4 0.02 0.8399999999999999)
(0.45 0.02 0.8399999999999999)
(0.5 0.02 0.84)
(0.55 0.02 0.8400000000000002)
(0.6000000000000001 0.02 0.8399999999999999)
(0.65 0.02 0.8399999999999999)
(0.7000000000000001 0.02 0.84)
(0.75 0.02 0.84)
(0.8 0.02 0.84)
(0.85 0.02 0.8399999999999999)
(0.9 0.02 0.8400000000000002)
(0.9500000000000001 0.02 0.8399999999999999)
(1 0.02 0.84)
(-1 0.025 0.84)
(-0.9500000000000001 0.025 0.84)
(-0.9 0.025 0.84)
(-0.85 0.025 0.84)
(-0.8 0.025 0.84)
(-0.75 0.025 0.8399999999999999)
(-0.7000000000000001 0.025 0.84)
(-0.65 0.025 0.84)
(-0.6 0.025 0.84)
(-0.55 0.025 0.84)
(-0.5 0.025 0.8399999999999999)
(-0.45 0.025 0.84)
(-0.4 0.025 0.8399999999999999)
(-0.35 0.025 0.84)
(-0.3 0.025 0.8399999999999999)
(-0.25 0.025 0.84)
(-0.2 0.025 0.84)
(-0.15 0.025 0.84)
(-0.1 0.025 0.84)
(-0.05000000000000007 0.025 0.84)
(0 0.025 0.84)
(0.05000000000000007 0.025 0.84)
(0.1000000000000001 0.025 0.84)
(0.1499999999999999 0.025 0.8399999999999999)
(0.2 0.025 0.8399999999999999)
(0.25 0.025 0.84)
(0.3 0.025 0.8399999999999999)
(0.35 0.025 0.8399999999999999)
(0.4 0.025 0.84)
(0.45 0.025 0.84)
(0.5 0.025 0.8399999999999999)
(0.55 0.025 0.84)
(0.6 0.025 0.8399999999999999)
(0.65 0.025 0.8399999999999999)
(0.7000000000000001 0.025 0.8399999999999999)
(0.75 0.025 0.8399999999999999)
(0.8 0.025 0.84)
(0.85 0.025 0.8399999999999999)
(0.9 0.025 0.84)
(0.9500000000000001 0.025 0.84)
(1 0.025 0.84)
(-1 0.03 0.84)
(-0.9500000000000001 0.03 0.8399999999999999)
(-0.9 0.03 0.8399999999999999)
(-0.85 0.03 0.84)
(-0.8 0.03 0.8399999999999999)
(-0.75 0.03 0.84)
(-0.7000000000000001 0.03 0.84)
(-0.65 0.03 0.8399999999999999)
(-0.6 0.03 0.8399999999999999)
(-0.55 0.03 0.8399999999999999)
(-0.5 0.03 0.8399999999999999)
(-0.45 0.03 0.8399999999999999)
(-0.4 0.03 0.84)
(-0.35 0.03 0.84)
(-0.3 0.03 0.8399999999999999)
(-0.25 0.03 0.8399999999999999)
(-0.2 0.03 0.8400000000000002)
(-0.15 0.03 0.84)
(-0.1 0.03 0.84)
(-0.05000000000000003 0.03 0.8399999999999999)
(0 0.03 0.84)
(0.05000000000000003 0.03 0.8399999999999999)
(0.1000000000000001 0.03 0.84)
(0.1499999999999999 0.03 0.8400000000000002)
(0.2 0.03 0.8400000000000002)
(0.25 0.03 0.8399999999999999)
(0.3 0.03 0.8399999999999999)
(0.35 0.03000000000000001 0.8399999999999999)
(0.4 0.03 0.84)
(0.45 0.03 0.8399999999999999)
(0.5 0.03 0.8399999999999999)
(0.55 0.03 0.8399999999999999)
(0.6 0.03 0.8399999999999999)
(0.65 0.03 0.8399999999999997)
(0.7000000000000001 0.03 0.8399999999999999)
(0.75 0.03 0.8400000000000002)
(0.8 0.03000000000000001 0.8399999999999999)
(0.85 0.03 0.8399999999999999)
(0.9 0.03000000000000001 0.84)
(0.9500000000000001 0.03 0.8399999999999999)
(1 0.03 0.84)
(-1 0.035 0.84)
(-0.9500000000000001 0.035 0.8400000000000002)
(-0.9 0.035 0.84)
(-0.85 0.035 0.84)
(-0.8 0.035 0.84)
(-0.75 0.035 0.84)
(-0.7000000000000001 0.035 0.84)
(-0.65 0.035 0.8400000000000002)
(-0.6 0.035 0.8399999999999999)
(-0.55 0.035 0.84)
(-0.5 0.035 0.8399999999999999)
(-0.45 0.035 0.8400000000000002)
(-0.4 0.035 0.84)
(-0.35 0.035 0.84)
(-0.3000000000000001 0.035 0.8400000000000002)
(-0.25 0.035 0.8399999999999999)
(-0.2 0.035 0.84)
(-0.15 0.035 0.8399999999999999)
(-0.1 0.035 0.84)
(-0.0500000000000001 0.035 0.8400000000000002)
(0 0.035 0.84)
(0.0500000000000001 0.035 0.8400000000000002)
(0.1000000000000001 0.035 0.8399999999999999)
(0.1499999999999999 0.035 0.84)
(0.2 0.035 0.8399999999999999)
(0.25 0.035 0.84)
(0.3 0.035 0.8400000000000002)
(0.35 0.035 0.84)
(0.3999999999999999 0.035 0.8399999999999999)
(0.45 0.035 0.84)
(0.5 0.035 0.8399999999999999)
(0.55 0.035 0.84)
(0.6 0.035 0.8399999999999999)
(0.65 0.035 0.8400000000000002)
(0.7000000000000001 0.035 0.8399999999999999)
(0.75 0.035 0.84)
(0.8 0.035 0.8400000000000002)
(0.85 0.035 0.8399999999999999)
(0.9 0.035 0.84)
(0.9500000000000001 0.035 0.8400000000000002)
(1 0.035 0.84)
(-1 0.04 0.84)
(-0.9500000000000001 0.04 0.8399999999999999)
(-0.9 0.04 0.84)
(-0.8500000000000002 0.04000000000000001 0.8400000000000002)
(-0.8 0.04 0.84)
(-0.75 0.04 0.84)
(-0.7000000000000001 0.04 0.84)
(-0.65 0.04 0.8399999999999999)
(-0.6 0.04000000000000001 0.84)
(-0.55 0.04000000000000001 0.84)
(-0.5 0.04 0.84)
(-0.45 0.04 0.8400000000000002)
(-0.4 0.04 0.8400000000000002)
(-0.35 0.04 0.84)
(-0.3 0.04 0.8399999999999999)
(-0.25 0.04 0.84)
(-0.2 0.04 0.84)
(-0.15 0.04 0.8399999999999999)
(-0.09999999999999998 0.04 0.84)
(-0.05000000000000003 0.04 0.84)
(0 0.04 0.84)
(0.05000000000000003 0.04 0.8399999999999999)
(0.1000000000000001 0.04 0.84)
(0.1499999999999999 0.04 0.84)
(0.2 0.04 0.84)
(0.25 0.04 0.84)
(0.3 0.04 0.8399999999999999)
(0.35 0.04 0.84)
(0.4 0.04 0.8400000000000002)
(0.45 0.04 0.84)
(0.5 0.04 0.8400000000000002)
(0.55 0.04 0.84)
(0.6 0.04000000000000001 0.8399999999999999)
(0.65 0.04 0.8399999999999997)
(0.7000000000000001 0.03999999999999999 0.8399999999999999)
(0.75 0.04000000000000001 0.84)
(0.8 0.04000000000000001 0.84)
(0.85 0.04 0.84)
(0.9 0.04 0.8400000000000002)
(0.9500000000000001 0.04 0.8399999999999999)
(1 0.04 0.84)
(-1 0.045 0.84)
(-0.9500000000000001 0.045 0.84)
(-0.9 0.045 0.8400000000000002)
(-0.85 0.045 0.8400000000000002)
(-0.8 0.045 0.84)
(-0.75 0.045 0.84)
(-0.7000000000000001 0.045 0.84)
(-0.65 0.04499999999999999 0.8400000000000002)
(-0.6000000000000001 0.045 0.8400000000000002)
(-0.55 0.045 0.84)
(-0.5 0.045 0.84)
(-0.45 0.045 0.8400000000000002)
(-0.4 0.045 0.8400000000000002)
(-0.3500000000000001 0.04500000000000001 0.84)
(-0.3000000000000001 0.045 0.8399999999999999)
(-0.25 0.045 0.84)
(-0.2 0.04500000000000001 0.84)
(-0.15 0.045 0.84)
(-0.09999999999999998 0.045 0.84)
(-0.05000000000000007 0.045 0.8399999999999999)
(0 0.045 0.84)
(0.05000000000000007 0.045 0.84)
(0.1000000000000001 0.04500000000000001 0.84)
(0.1499999999999999 0.045 0.84)
(0.2 0.045 0.8400000000000002)
(0.25 0.045 0.84)
(0.3 0.045 0.84)
(0.3500000000000001 0.045 0.8399999999999999)
(0.4 0.045 0.8400000000000002)
(0.45 0.045 0.84)
(0.5 0.045 0.84)
(0.55 0.045 0.84)
(0.6000000000000001 0.045 0.84)
(0.65 0.04499999999999999 0.8400000000000002)
(0.7000000000000002 0.045 0.8399999999999999)
(0.75 0.04500000000000001 0.84)
(0.8 0.04499999999999999 0.8400000000000002)
(0.85 0.045 0.84)
(0.9 0.045 0.8400000000000002)
(0.9500000000000001 0.045 0.8399999999999999)
(1 0.045 0.84)
(-1 0.05 0.84)
(-0.9500000000000001 0.05 0.84)
(-0.9 0.05 0.84)
(-0.85 0.05 0.84)
(-0.8 0.05 0.84)
(-0.75 0.05 0.84)
(-0.7000000000000001 0.05 0.84)
(-0.65 0.05 0.84)
(-0.6 0.05 0.84)
(-0.55 0.05 0.84)
(-0.5 0.05 0.84)
(-0.45 0.05 0.84)
(-0.4 0.05 0.84)
(-0.35 0.05 0.84)
(-0.3 0.05 0.84)
(-0.25 0.05 0.84)
(-0.2 0.05 0.84)
(-0.15 0.05 0.84)
(-0.09999999999999998 0.05 0.84)
(-0.05000000000000003 0.05 0.84)
(0 0.05 0.84)
(0.05000000000000003 0.05 0.84)
(0.1000000000000001 0.05 0.84)
(0.1499999999999999 0.05 0.84)
(0.2 0.05 0.84)
(0.25 0.05 0.84)
(0.3 0.05 0.84)
(0.35 0.05 0.84)
(0.4 0.05 0.84)
(0.45 0.05 0.8399999999999999)
(0.5 0.05 0.84)
(0.55 0.05 0.84)
(0.6 0.05 0.8399999999999999)
(0.65 0.05 0.84)
(0.7000000000000001 0.05 0.8399999999999999)
(0.75 0.05 0.84)
(0.8 0.05 0.84)
(0.85 0.05 0.8399999999999999)
(0.9 0.05 0.8400000000000002)
(0.9500000000000001 0.05 0.84)
(1 0.05 0.84)
(-1 0.055 0.84)
(-0.9500000000000001 0.055 0.84)
(-0.9 0.055 0.84)
(-0.85 0.055 0.84)
(-0.8 0.055 0.8400000000000002)
(-0.75 0.055 0.84)
(-0.7000000000000001 0.055 0.84)
(-0.65 0.055 0.8400000000000002)
(-0.6000000000000001 0.055 0.8400000000000002)
(-0.55 0.055 0.8400000000000002)
(-0.5 0.055 0.84)
(-0.45 0.055 0.8400000000000002)
(-0.4 0.055 0.84)
(-0.35 0.055 0.8399999999999999)
(-0.3 0.055 0.8399999999999999)
(-0.25 0.055 0.84)
(-0.2 0.055 0.8400000000000002)
(-0.15 0.055 0.84)
(-0.09999999999999998 0.055 0.8399999999999999)
(-0.05000000000000004 0.055 0.84)
(0 0.055 0.84)
(0.05000000000000004 0.055 0.8400000000000002)
(0.1000000000000001 0.055 0.8399999999999999)
(0.1499999999999999 0.055 0.84)
(0.2 0.055 0.84)
(0.25 0.055 0.84)
(0.3000000000000001 0.055 0.84)
(0.35 0.05500000000000001 0.8399999999999999)
(0.3999999999999999 0.055 0.8400000000000002)
(0.45 0.055 0.84)
(0.5 0.055 0.84)
(0.55 0.055 0.8400000000000002)
(0.6000000000000001 0.055 0.84)
(0.65 0.055 0.8400000000000002)
(0.7000000000000001 0.055 0.8399999999999999)
(0.75 0.055 0.84)
(0.8 0.055 0.8400000000000002)
(0.85 0.055 0.8399999999999999)
(0.9 0.055 0.8400000000000002)
(0.9500000000000001 0.05499999999999999 0.8399999999999999)
(1 0.055 0.84)
(-1 0.06 0.84)
(-0.9500000000000001 0.06 0.84)
(-0.9 0.06 0.8400000000000002)
(-0.8500000000000002 0.06 0.8400000000000002)
(-0.8000000000000002 0.06 0.84)
(-0.75 0.06 0.84)
(-0.7000000000000001 0.06 0.84)
(-0.65 0.06 0.84)
(-0.6 0.06 0.84)
(-0.55 0.06 0.8400000000000002)
(-0.5 0.06 0.84)
(-0.45 0.06 0.8400000000000002)
(-0.4 0.06 0.8400000000000002)
(-0.35 0.06 0.84)
(-0.3 0.06 0.8399999999999999)
(-0.25 0.06 0.84)
(-0.2 0.06 0.84)
(-0.15 0.06 0.8399999999999999)
(-0.1 0.06000000000000001 0.8400000000000002)
(-0.05000000000000003 0.06 0.84)
(0 0.06 0.84)
(0.05000000000000001 0.06 0.8399999999999999)
(0.1000000000000001 0.06 0.8400000000000002)
(0.1499999999999999 0.06 0.84)
(0.2 0.06 0.84)
(0.25 0.06 0.84)
(0.3 0.06 0.8399999999999999)
(0.35 0.06000000000000001 0.84)
(0.4 0.06 0.8400000000000002)
(0.45 0.06 0.84)
(0.5 0.06 0.8399999999999999)
(0.55 0.06 0.8400000000000002)
(0.6 0.06 0.8399999999999999)
(0.65 0.05999999999999999 0.8399999999999999)
(0.7000000000000001 0.06 0.8399999999999999)
(0.75 0.06 0.84)
(0.8 0.06000000000000001 0.8400000000000002)
(0.85 0.06 0.84)
(0.9 0.06 0.8400000000000002)
(0.9500000000000001 0.06 0.8399999999999999)
(1 0.06 0.84)
(-1 0.065 0.84)
(-0.9500000000000001 0.065 0.84)
(-0.9 0.065 0.84)
(-0.85 0.06500000000000002 0.84)
(-0.8 0.065 0.8400000000000002)
(-0.75 0.065 0.8399999999999999)
(-0.7000000000000001 0.065 0.84)
(-0.65 0.06500000000000002 0.8400000000000002)
(-0.6 0.065 0.8399999999999999)
(-0.55 0.065 0.84)
(-0.5 0.065 0.8399999999999999)
(-0.45 0.065 0.8400000000000002)
(-0.4 0.06500000000000002 0.8399999999999999)
(-0.35 0.065 0.84)
(-0.3 0.065 0.8399999999999999)
(-0.25 0.065 0.8399999999999999)
(-0.2 0.065 0.8399999999999999)
(-0.15 0.065 0.8399999999999999)
(-0.1 0.065 0.84)
(-0.0500000000000001 0.065 0.84)
(0 0.065 0.84)
(0.05000000000000011 0.065 0.84)
(0.1000000000000001 0.065 0.8399999999999999)
(0.1499999999999999 0.065 0.84)
(0.2 0.065 0.8399999999999999)
(0.25 0.065 0.84)
(0.3 0.065 0.8399999999999999)
(0.35 0.06500000000000002 0.84)
(0.3999999999999999 0.06499999999999999 0.8399999999999997)
(0.45 0.065 0.84)
(0.5 0.065 0.8399999999999999)
(0.55 0.065 0.84)
(0.6 0.065 0.8399999999999999)
(0.65 0.065 0.8399999999999999)
(0.7000000000000001 0.065 0.8399999999999999)
(0.75 0.065 0.8399999999999999)
(0.8 0.065 0.8400000000000002)
(0.85 0.06500000000000002 0.8399999999999999)
(0.9 0.065 0.84)
(0.9500000000000001 0.065 0.84)
(1 0.065 0.84)
(-1 0.07000000000000001 0.84)
(-0.9500000000000001 0.07000000000000001 0.84)
(-0.9 0.07000000000000001 0.8399999999999999)
(-0.85 0.07000000000000001 0.84)
(-0.8 0.07000000000000001 0.84)
(-0.75 0.06999999999999999 0.8399999999999999)
(-0.7000000000000001 0.07000000000000001 0.84)
(-0.65 0.07000000000000001 0.8399999999999999)
(-0.6 0.07000000000000001 0.8399999999999999)
(-0.55 0.07000000000000001 0.8399999999999999)
(-0.5 0.06999999999999999 0.84)
(-0.45 0.07000000000000001 0.84)
(-0.3999999999999999 0.07000000000000001 0.8400000000000002)
(-0.35 0.07000000000000001 0.84)
(-0.3 0.07000000000000001 0.8399999999999999)
(-0.2500000000000001 0.07000000000000001 0.84)
(-0.2 0.06999999999999999 0.8400000000000002)
(-0.15 0.07000000000000001 0.8400000000000002)
(-0.09999999999999998 0.07000000000000001 0.8400000000000002)
(-0.05000000000000004 0.07000000000000001 0.84)
(0 0.07000000000000001 0.84)
(0.05000000000000004 0.07000000000000001 0.84)
(0.1000000000000001 0.06999999999999999 0.84)
(0.1499999999999999 0.07000000000000001 0.8400000000000002)
(0.2 0.07000000000000001 0.84)
(0.25 0.07000000000000001 0.84)
(0.3 0.06999999999999999 0.8399999999999997)
(0.35 0.06999999999999999 0.8399999999999999)
(0.3999999999999999 0.07000000000000001 0.8399999999999999)
(0.45 0.07000000000000001 0.84)
(0.5 0.07000000000000001 0.84)
(0.55 0.07000000000000001 0.8399999999999999)
(0.6 0.07000000000000001 0.8399999999999999)
(0.65 0.07000000000000001 0.8399999999999997)
(0.7000000000000001 0.07000000000000001 0.8399999999999999)
(0.75 0.06999999999999999 0.8399999999999999)
(0.8 0.07000000000000001 0.84)
(0.85 0.06999999999999998 0.8399999999999999)
(0.9 0.07000000000000001 0.84)
(0.9500000000000001 0.07000000000000001 0.8399999999999999)
(1 0.07000000000000001 0.84)
(-1 0.075 0.84)
(-0.9500000000000001 0.075 0.84)
(-0.9 0.075 0.84)
(-0.85 0.075 0.8399999999999999)
(-0.8 0.075 0.84)
(-0.75 0.075 0.8399999999999999)
(-0.7000000000000001 0.075 0.8399999999999999)
(-0.65 0.075 0.84)
(-0.6 0.075 0.84)
(-0.55 0.075 0.84)
(-0.5 0.075 0.8399999999999999)
(-0.45 0.075 0.84)
(-0.4 0.075 0.8399999999999999)
(-0.35 0.075 0.84)
(-0.3 0.075 0.8399999999999999)
(-0.25 0.075 0.84)
(-0.2 0.075 0.84)
(-0.15 0.075 0.84)
(-0.1 0.075 0.84)
(-0.05000000000000007 0.075 0.8399999999999999)
(0 0.075 0.84)
(0.05000000000000007 0.075 0.84)
(0.1000000000000001 0.075 0.84)
(0.1499999999999999 0.075 0.8399999999999999)
(0.2 0.075 0.8399999999999999)
(0.25 0.075 0.84)
(0.3 0.075 0.8399999999999999)
(0.35 0.075 0.8399999999999999)
(0.4 0.075 0.84)
(0.45 0.075 0.8399999999999999)
(0.5 0.075 0.8399999999999999)
(0.55 0.075 0.84)
(0.6 0.075 0.8399999999999999)
(0.65 0.075 0.8399999999999999)
(0.7000000000000001 0.075 0.8399999999999999)
(0.75 0.075 0.8399999999999999)
(0.8 0.075 0.84)
(0.85 0.075 0.8399999999999999)
(0.9 0.075 0.84)
(0.9500000000000001 0.075 0.84)
(1 0.075 0.84)
(-1 0.08 0.84)
(-0.9500000000000001 0.08 0.8399999999999999)
(-0.9 0.08 0.8400000000000002)
(-0.85 0.08000000000000002 0.84)
(-0.8 0.08 0.84)
(-0.75 0.08 0.8399999999999999)
(-0.7000000000000001 0.08 0.84)
(-0.65 0.08 0.8399999999999999)
(-0.6000000000000001 0.08000000000000002 0.84)
(-0.55 0.08000000000000002 0.8400000000000002)
(-0.5 0.08 0.84)
(-0.45 0.08 0.8400000000000002)
(-0.4 0.08 0.8399999999999999)
(-0.35 0.08 0.84)
(-0.3 0.08 0.8399999999999999)
(-0.25 0.08 0.84)
(-0.2 0.08 0.8399999999999999)
(-0.1499999999999999 0.08 0.8399999999999999)
(-0.1 0.08 0.8400000000000002)
(-0.05000000000000007 0.08 0.8399999999999999)
(0 0.08 0.84)
(0.05000000000000004 0.08 0.84)
(0.1000000000000001 0.08 0.8400000000000002)
(0.1499999999999999 0.08 0.84)
(0.2 0.08 0.8399999999999999)
(0.25 0.08 0.84)
(0.3 0.08 0.8399999999999999)
(0.35 0.08 0.8400000000000002)
(0.4 0.08 0.8399999999999999)
(0.45 0.08 0.84)
(0.5 0.08 0.84)
(0.55 0.08 0.8400000000000002)
(0.6 0.08 0.8399999999999999)
(0.65 0.08 0.8399999999999997)
(0.7000000000000001 0.08 0.84)
(0.75 0.08 0.8399999999999999)
(0.8 0.08000000000000002 0.8399999999999999)
(0.85 0.08 0.8399999999999999)
(0.9 0.08 0.8400000000000002)
(0.9500000000000001 0.08000000000000002 0.8399999999999999)
(1 0.08 0.84)
(-1 0.08500000000000001 0.84)
(-0.9500000000000001 0.08500000000000001 0.84)
(-0.9 0.08499999999999998 0.84)
(-0.85 0.08500000000000001 0.84)
(-0.8 0.08500000000000002 0.84)
(-0.75 0.08500000000000001 0.84)
(-0.7000000000000001 0.08500000000000001 0.8399999999999999)
(-0.65 0.08500000000000001 0.8400000000000002)
(-0.6 0.08500000000000001 0.8400000000000002)
(-0.55 0.08500000000000001 0.84)
(-0.5 0.08499999999999998 0.84)
(-0.45 0.08500000000000001 0.84)
(-0.4 0.08500000000000001 0.8399999999999999)
(-0.35 0.08500000000000001 0.84)
(-0.3 0.08500000000000001 0.84)
(-0.25 0.08500000000000001 0.84)
(-0.2 0.08500000000000001 0.84)
(-0.15 0.08500000000000001 0.84)
(-0.1 0.08500000000000001 0.8400000000000002)
(-0.05000000000000003 0.08500000000000001 0.84)
(0 0.08500000000000001 0.84)
(0.05000000000000003 0.08500000000000001 0.8400000000000002)
(0.1000000000000001 0.08500000000000001 0.84)
(0.1499999999999999 0.08500000000000001 0.84)
(0.2 0.08500000000000001 0.84)
(0.25 0.08500000000000001 0.84)
(0.3 0.08500000000000001 0.84)
(0.35 0.08500000000000001 0.8399999999999999)
(0.4 0.08500000000000001 0.84)
(0.45 0.08500000000000001 0.8399999999999999)
(0.5 0.08500000000000001 0.8399999999999999)
(0.55 0.08500000000000001 0.84)
(0.6 0.08500000000000001 0.84)
(0.65 0.08500000000000001 0.84)
(0.7000000000000001 0.08500000000000001 0.84)
(0.75 0.08500000000000001 0.84)
(0.8 0.08500000000000001 0.84)
(0.85 0.08500000000000001 0.8399999999999999)
(0.9 0.08500000000000001 0.84)
(0.9500000000000001 0.08500000000000001 0.8399999999999999)
(1 0.08500000000000001 0.84)
(-1 0.09 0.84)
(-0.9500000000000001 0.09 0.8399999999999999)
(-0.9 0.09 0.8399999999999999)
(-0.8500000000000002 0.09 0.84)
(-0.8 0.08999999999999998 0.84)
(-0.75 0.09 0.84)
(-0.7000000000000001 0.09 0.8399999999999999)
(-0.65 0.09 0.84)
(-0.6 0.09 0.84)
(-0.55 0.09 0.8399999999999999)
(-0.5 0.09 0.8399999999999999)
(-0.45 0.09 0.84)
(-0.4 0.09 0.84)
(-0.3500000000000001 0.09 0.8399999999999999)
(-0.3 0.09 0.84)
(-0.25 0.09 0.8399999999999999)
(-0.2 0.09 0.84)
(-0.1499999999999999 0.09 0.8399999999999999)
(-0.1 0.09 0.84)
(-0.05000000000000003 0.09 0.84)
(0 0.09 0.84)
(0.05000000000000003 0.09 0.84)
(0.1000000000000001 0.09000000000000002 0.84)
(0.1499999999999999 0.09 0.8399999999999999)
(0.2 0.09 0.8399999999999999)
(0.25 0.09 0.84)
(0.3 0.09 0.8400000000000002)
(0.35 0.09 0.8399999999999999)
(0.4 0.09 0.84)
(0.45 0.09 0.84)
(0.5 0.09 0.8399999999999999)
(0.55 0.09 0.8399999999999999)
(0.6 0.08999999999999998 0.84)
(0.65 0.08999999999999998 0.8399999999999999)
(0.7000000000000001 0.09 0.8399999999999999)
(0.75 0.09 0.84)
(0.8 0.09 0.84)
(0.85 0.09 0.8399999999999999)
(0.9 0.09 0.84)
(0.9500000000000001 0.09 0.8399999999999999)
(1 0.09 0.84)
(-1 0.095 0.84)
(-0.9500000000000001 0.095 0.84)
(-0.9 0.095 0.8400000000000002)
(-0.85 0.095 0.84)
(-0.8 0.095 0.8399999999999999)
(-0.75 0.095 0.84)
(-0.7000000000000001 0.095 0.84)
(-0.65 0.095 0.84)
(-0.6 0.095 0.8400000000000002)
(-0.55 0.095 0.8399999999999999)
(-0.5 0.095 0.84)
(-0.45 0.095 0.84)
(-0.3999999999999999 0.095 0.8399999999999999)
(-0.35 0.095 0.8400000000000002)
(-0.3 0.095 0.84)
(-0.2500000000000001 0.095 0.84)
(-0.2 0.095 0.84)
(-0.1499999999999999 0.095 0.8399999999999999)
(-0.1 0.095 0.84)
(-0.05000000000000004 0.095 0.84)
(0 0.095 0.84)
(0.05000000000000004 0.095 0.8400000000000002)
(0.1000000000000001 0.095 0.8400000000000002)
(0.1499999999999999 0.095 0.8399999999999999)
(0.2 0.095 0.84)
(0.25 0.095 0.84)
(0.3 0.09499999999999999 0.84)
(0.35 0.095 0.8400000000000002)
(0.4 0.09500000000000001 0.8399999999999999)
(0.45 0.095 0.8399999999999999)
(0.5 0.095 0.84)
(0.55 0.095 0.84)
(0.6 0.095 0.84)
(0.65 0.095 0.8400000000000002)
(0.7000000000000001 0.095 0.8399999999999999)
(0.75 0.095 0.84)
(0.8 0.095 0.8399999999999999)
(0.8500000000000002 0.095 0.8399999999999999)
(0.9 0.095 0.8400000000000002)
(0.9500000000000001 0.09500000000000001 0.84)
(1 0.095 0.84)
(-1 0.1 0.84)
(-0.9500000000000001 0.1 0.84)
(-0.9 0.1 0.84)
(-0.85 0.1 0.84)
(-0.8 0.1 0.84)
(-0.75 0.1 0.84)
(-0.7000000000000001 0.1 0.84)
(-0.65 0.1 0.84)
(-0.6 0.1 0.84)
(-0.55 0.1 0.84)
(-0.5 0.1 0.84)
(-0.45 0.1 0.84)
(-0.4 0.1 0.84)
(-0.35 0.1 0.84)
(-0.3 0.1 0.84)
(-0.25 0.1 0.84)
(-0.2 0.1 0.84)
(-0.15 0.1 0.84)
(-0.1 0.1 0.84)
(-0.05000000000000003 0.1 0.84)
(0 0.1 0.84)
(0.05000000000000003 0.1 0.84)
(0.1000000000000001 0.1 0.84)
(0.1499999999999999 0.1 0.84)
(0.2 0.1 0.84)
(0.25 0.1 0.84)
(0.3 0.1 0.84)
(0.35 0.1 0.84)
(0.4 0.1 0.84)
(0.45 0.1 0.8399999999999999)
(0.5 0.1 0.84)
(0.55 0.1 0.8400000000000002)
(0.6 0.1 0.84)
(0.65 0.1 0.84)
(0.7000000000000001 0.1 0.8399999999999999)
(0.75 0.1 0.84)
(0.8 0.1 0.8400000000000002)
(0.85 0.1 0.8399999999999999)
(0.9 0.1 0.8400000000000002)
(0.9500000000000001 0.1 0.84)
(1 0.1 0.84)
(-1 0 0.87)
(-0.9500000000000001 0 0.87)
(-0.9 0 0.87)
(-0.85 0 0.87)
(-0.8 0 0.87)
(-0.75 0 0.87)
(-0.7000000000000001 0 0.87)
(-0.65 0 0.87)
(-0.6 0 0.87)
(-0.55 0 0.87)
(-0.5 0 0.87)
(-0.45 0 0.87)
(-0.4 0 0.87)
(-0.35 0 0.87)
(-0.3 0 0.87)
(-0.25 0 0.87)
(-0.2 0 0.87)
(-0.1499999999999999 0 0.87)
(-0.1 0 0.87)
(-0.05 0 0.87)
(0 0 0.87)
(0.05 0 0.87)
(0.1000000000000001 0 0.87)
(0.1499999999999999 0 0.8699999999999999)
(0.2 0 0.87)
(0.25 0 0.87)
(0.3 0 0.87)
(0.35 0 0.87)
(0.4 0 0.8699999999999999)
(0.45 0 0.87)
(0.5 0 0.87)
(0.55 0 0.87)
(0.6 0 0.87)
(0.65 0 0.8699999999999999)
(0.7000000000000001 0 0.87)
(0.75 0 0.87)
(0.8 0 0.87)
(0.85 0 0.8700000000000001)
(0.9 0 0.8699999999999999)
(0.9500000000000001 0 0.87)
(1 0 0.87)
(-1 0.005 0.87)
(-0.9500000000000001 0.005 0.8699999999999999)
(-0.9 0.005 0.8699999999999999)
(-0.85 0.005000000000000001 0.8700000000000001)
(-0.8 0.005 0.87)
(-0.75 0.005000000000000001 0.87)
(-0.7000000000000001 0.005 0.8699999999999999)
(-0.65 0.005 0.87)
(-0.6 0.005 0.87)
(-0.55 0.005 0.87)
(-0.5 0.005000000000000001 0.87)
(-0.45 0.005 0.87)
(-0.4 0.005000000000000001 0.87)
(-0.35 0.005 0.8699999999999999)
(-0.3 0.005 0.8699999999999999)
(-0.25 0.005 0.87)
(-0.2 0.005 0.87)
(-0.1499999999999999 0.005000000000000001 0.8700000000000001)
(-0.09999999999999998 0.005000000000000001 0.8699999999999999)
(-0.05 0.004999999999999999 0.8700000000000001)
(0 0.005 0.87)
(0.05 0.005 0.87)
(0.1000000000000001 0.005000000000000001 0.87)
(0.1499999999999999 0.005000000000000001 0.87)
(0.2 0.005 0.87)
(0.25 0.005 0.87)
(0.3 0.005 0.8699999999999999)
(0.3500000000000001 0.005 0.8699999999999999)
(0.3999999999999999 0.005 0.87)
(0.45 0.005 0.87)
(0.5 0.005 0.8699999999999999)
(0.55 0.005000000000000001 0.8699999999999999)
(0.6 0.005000000000000001 0.87)
(0.65 0.005000000000000001 0.87)
(0.7000000000000001 0.005 0.8699999999999999)
(0.75 0.005000000000000001 0.87)
(0.8 0.005000000000000001 0.87)
(0.85 0.005 0.87)
(0.9 0.005 0.8699999999999999)
(0.9500000000000001 0.005 0.8699999999999999)
(1 0.005 0.87)
(-1 0.01 0.87)
(-0.9500000000000001 0.01 0.87)
(-0.9 0.01 0.87)
(-0.85 0.01 0.87)
(-0.8 0.01 0.8700000000000001)
(-0.75 0.01 0.87)
(-0.7000000000000001 0.01 0.87)
(-0.65 0.01 0.8700000000000001)
(-0.6 0.01 0.87)
(-0.55 0.01 0.87)
(-0.5 0.01 0.87)
(-0.45 0.01 0.87)
(-0.4 0.01 0.87)
(-0.35 0.01 0.87)
(-0.3000000000000001 0.009999999999999998 0.8699999999999999)
(-0.2500000000000001 0.01 0.87)
(-0.2 0.01 0.87)
(-0.15 0.01 0.87)
(-0.1 0.01 0.8700000000000001)
(-0.05 0.009999999999999998 0.87)
(0 0.01 0.8700000000000001)
(0.05 0.01 0.87)
(0.1000000000000001 0.01 0.8700000000000001)
(0.1499999999999999 0.01 0.8699999999999999)
(0.2 0.009999999999999998 0.87)
(0.2500000000000001 0.01 0.87)
(0.3 0.01 0.87)
(0.35 0.01 0.87)
(0.3999999999999999 0.009999999999999998 0.8699999999999999)
(0.45 0.01 0.87)
(0.5 0.01 0.87)
(0.55 0.01 0.87)
(0.6 0.01 0.8700000000000001)
(0.65 0.01 0.87)
(0.7000000000000001 0.01 0.87)
(0.75 0.01 0.8699999999999999)
(0.8 0.01 0.87)
(0.85 0.01 0.87)
(0.9 0.01 0.8699999999999999)
(0.9500000000000001 0.009999999999999998 0.87)
(1 0.01 0.87)
(-1 0.015 0.87)
(-0.9500000000000001 0.015 0.87)
(-0.9 0.015 0.87)
(-0.85 0.015 0.87)
(-0.8 0.015 0.87)
(-0.75 0.015 0.8699999999999999)
(-0.7000000000000001 0.015 0.87)
(-0.65 0.015 0.87)
(-0.6 0.015 0.87)
(-0.55 0.015 0.87)
(-0.5 0.015 0.87)
(-0.45 0.015 0.87)
(-0.4 0.015 0.87)
(-0.35 0.015 0.87)
(-0.3 0.015 0.87)
(-0.25 0.015 0.87)
(-0.2 0.015 0.87)
(-0.15 0.015 0.8700000000000001)
(-0.09999999999999998 0.015 0.87)
(-0.05000000000000003 0.015 0.87)
(0 0.015 0.87)
(0.05000000000000003 0.015 0.87)
(0.1000000000000001 0.015 0.87)
(0.1499999999999999 0.015 0.87)
(0.2 0.015 0.87)
(0.25 0.015 0.87)
(0.3 0.015 0.8699999999999999)
(0.35 0.015 0.8699999999999999)
(0.4 0.015 0.87)
(0.45 0.015 0.87)
(0.5 0.015 0.87)
(0.55 0.015 0.87)
(0.6 0.015 0.87)
(0.65 0.015 0.8699999999999999)
(0.7000000000000001 0.015 0.87)
(0.75 0.015 0.87)
(0.8 0.015 0.87)
(0.85 0.015 0.87)
(0.9 0.015 0.8699999999999999)
(0.9500000000000001 0.015 0.87)
(1 0.015 0.87)
(-1 0.02 0.87)
(-0.9500000000000001 0.02 0.87)
(-0.9 0.02 0.87)
(-0.85 0.02 0.87)
(-0.8 0.02 0.8700000000000001)
(-0.75 0.02 0.87)
(-0.7000000000000001 0.02 0.87)
(-0.65 0.02 0.87)
(-0.6 0.02 0.87)
(-0.55 0.02 0.87)
(-0.5000000000000001 0.02 0.8700000000000001)
(-0.45 0.02 0.87)
(-0.4 0.02 0.87)
(-0.3500000000000001 0.02 0.87)
(-0.3 0.02 0.87)
(-0.25 0.02 0.87)
(-0.2 0.02 0.87)
(-0.15 0.02 0.87)
(-0.09999999999999998 0.02 0.8700000000000001)
(-0.05000000000000003 0.02 0.87)
(0 0.02 0.87)
(0.05000000000000003 0.02 0.87)
(0.1000000000000001 0.02 0.87)
(0.1499999999999999 0.02 0.87)
(0.2 0.02 0.87)
(0.25 0.02 0.87)
(0.3 0.02 0.87)
(0.35 0.02 0.87)
(0.4 0.02 0.87)
(0.45 0.02 0.8700000000000001)
(0.5000000000000001 0.02 0.8700000000000001)
(0.55 0.02 0.8700000000000001)
(0.6000000000000001 0.02 0.8700000000000001)
(0.65 0.02 0.8700000000000001)
(0.7000000000000001 0.02 0.87)
(0.75 0.02 0.87)
(0.8 0.02 0.8700000000000001)
(0.85 0.02 0.8700000000000001)
(0.9 0.02 0.87)
(0.9500000000000001 0.02 0.87)
(1 0.02 0.87)
(-1 0.025 0.87)
(-0.9500000000000001 0.025 0.87)
(-0.9 0.025 0.87)
(-0.85 0.025 0.87)
(-0.8 0.025 0.87)
(-0.75 0.025 0.87)
(-0.7000000000000001 0.025 0.87)
(-0.65 0.025 0.87)
(-0.6000000000000001 0.025 0.87)
(-0.55 0.025 0.87)
(-0.5 0.025 0.87)
(-0.45 0.025 0.87)
(-0.4 0.025 0.87)
(-0.3500000000000001 0.025 0.87)
(-0.3 0.025 0.87)
(-0.25 0.025 0.87)
(-0.2 0.025 0.87)
(-0.15 0.02499999999999999 0.87)
(-0.1 0.025 0.87)
(-0.05000000000000004 0.025 0.87)
(0 0.025 0.87)
(0.05000000000000007 0.025 0.87)
(0.1000000000000001 0.025 0.87)
(0.1499999999999999 0.025 0.87)
(0.2 0.025 0.87)
(0.25 0.025 0.87)
(0.3 0.025 0.87)
(0.35 0.025 0.8700000000000001)
(0.4 0.025 0.87)
(0.45 0.025 0.87)
(0.5 0.025 0.87)
(0.55 0.025 0.87)
(0.6000000000000001 0.025 0.87)
(0.65 0.025 0.8699999999999999)
(0.7000000000000001 0.025 0.87)
(0.75 0.025 0.87)
(0.8 0.025 0.87)
(0.85 0.025 0.87)
(0.9 0.025 0.87)
(0.9500000000000001 0.025 0.87)
(1 0.025 0.87)
(-1 0.03 0.87)
(-0.9500000000000001 0.03 0.87)
(-0.9 0.03 0.87)
(-0.85 0.03 0.87)
(-0.8 0.03 0.87)
(-0.75 0.03 0.87)
(-0.7000000000000001 0.03 0.8699999999999999)
(-0.65 0.03 0.87)
(-0.6 0.03 0.87)
(-0.55 0.03 0.87)
(-0.5 0.03 0.87)
(-0.45 0.03 0.87)
(-0.4 0.03000000000000001 0.87)
(-0.35 0.03 0.87)
(-0.3 0.03 0.8699999999999999)
(-0.25 0.03 0.87)
(-0.2 0.03 0.87)
(-0.15 0.03 0.87)
(-0.1 0.03 0.87)
(-0.05000000000000005 0.03 0.87)
(0 0.03 0.87)
(0.05000000000000005 0.03 0.87)
(0.1000000000000001 0.03 0.87)
(0.1499999999999999 0.03 0.8699999999999999)
(0.2 0.03 0.8700000000000001)
(0.25 0.03 0.87)
(0.3 0.03 0.87)
(0.35 0.03 0.87)
(0.4 0.03 0.87)
(0.45 0.03 0.87)
(0.5 0.03 0.87)
(0.55 0.03 0.8699999999999999)
(0.6 0.03 0.87)
(0.65 0.03 0.87)
(0.7000000000000001 0.03 0.87)
(0.75 0.03 0.87)
(0.8 0.03000000000000001 0.87)
(0.85 0.03 0.87)
(0.9 0.03000000000000001 0.87)
(0.9500000000000001 0.03 0.87)
(1 0.03 0.87)
(-1 0.035 0.87)
(-0.9500000000000001 0.035 0.87)
(-0.9 0.035 0.87)
(-0.85 0.035 0.87)
(-0.8 0.035 0.87)
(-0.75 0.035 0.87)
(-0.7000000000000001 0.035 0.87)
(-0.65 0.035 0.87)
(-0.6 0.035 0.87)
(-0.55 0.035 0.87)
(-0.5 0.035 0.87)
(-0.45 0.035 0.87)
(-0.4 0.035 0.87)
(-0.35 0.035 0.87)
(-0.3000000000000001 0.035 0.87)
(-0.25 0.035 0.87)
(-0.2 0.035 0.87)
(-0.15 0.035 0.87)
(-0.1 0.035 0.8699999999999999)
(-0.05 0.035 0.87)
(0 0.035 0.87)
(0.05 0.035 0.87)
(0.1000000000000001 0.035 0.87)
(0.1499999999999999 0.035 0.87)
(0.2 0.035 0.87)
(0.25 0.035 0.87)
(0.3 0.035 0.87)
(0.35 0.035 0.87)
(0.4 0.035 0.8699999999999999)
(0.45 0.035 0.87)
(0.5 0.035 0.87)
(0.55 0.035 0.87)
(0.6 0.035 0.87)
(0.65 0.035 0.87)
(0.7000000000000001 0.035 0.87)
(0.75 0.035 0.8699999999999999)
(0.8 0.035 0.8700000000000001)
(0.85 0.035 0.8700000000000001)
(0.9 0.035 0.8699999999999999)
(0.9500000000000001 0.035 0.87)
(1 0.035 0.87)
(-1 0.04 0.87)
(-0.9500000000000001 0.04 0.87)
(-0.9 0.04 0.87)
(-0.85 0.04000000000000001 0.87)
(-0.8 0.04 0.87)
(-0.75 0.04 0.87)
(-0.7000000000000001 0.04 0.87)
(-0.65 0.04 0.87)
(-0.6 0.04 0.87)
(-0.55 0.04000000000000001 0.8700000000000001)
(-0.5 0.04 0.87)
(-0.45 0.04 0.87)
(-0.4 0.04 0.87)
(-0.3500000000000001 0.04 0.87)
(-0.3 0.03999999999999999 0.87)
(-0.25 0.04 0.87)
(-0.2 0.04 0.87)
(-0.1499999999999999 0.04000000000000001 0.87)
(-0.09999999999999995 0.04 0.87)
(-0.05000000000000003 0.04 0.87)
(0 0.04 0.87)
(0.05000000000000003 0.04000000000000001 0.87)
(0.1000000000000001 0.04 0.8700000000000001)
(0.1499999999999999 0.04000000000000001 0.87)
(0.2 0.04 0.87)
(0.25 0.04 0.87)
(0.3 0.04 0.87)
(0.35 0.04 0.87)
(0.4 0.04 0.87)
(0.45 0.04 0.87)
(0.5 0.04 0.87)
(0.55 0.04000000000000001 0.87)
(0.6 0.04000000000000001 0.8700000000000001)
(0.65 0.04 0.8699999999999999)
(0.7000000000000001 0.04000000000000001 0.8700000000000001)
(0.75 0.04000000000000001 0.8700000000000001)
(0.8 0.04000000000000001 0.87)
(0.85 0.04 0.87)
(0.9 0.04 0.87)
(0.9500000000000001 0.03999999999999999 0.87)
(1 0.04 0.87)
(-1 0.045 0.87)
(-0.9500000000000001 0.045 0.87)
(-0.9 0.045 0.8700000000000001)
(-0.85 0.045 0.87)
(-0.8 0.045 0.87)
(-0.75 0.045 0.87)
(-0.7000000000000001 0.045 0.87)
(-0.65 0.045 0.87)
(-0.6 0.045 0.87)
(-0.55 0.045 0.8700000000000001)
(-0.5 0.045 0.87)
(-0.45 0.045 0.87)
(-0.4 0.045 0.87)
(-0.35 0.045 0.87)
(-0.3000000000000001 0.04500000000000001 0.87)
(-0.25 0.045 0.87)
(-0.2 0.045 0.87)
(-0.1499999999999999 0.045 0.87)
(-0.1 0.045 0.87)
(-0.05000000000000004 0.04500000000000001 0.87)
(0 0.045 0.87)
(0.05000000000000007 0.045 0.87)
(0.1000000000000001 0.045 0.87)
(0.1499999999999999 0.045 0.8699999999999999)
(0.2 0.045 0.8700000000000001)
(0.25 0.045 0.87)
(0.3000000000000001 0.04500000000000001 0.87)
(0.3500000000000001 0.04500000000000001 0.8700000000000001)
(0.4 0.045 0.87)
(0.45 0.045 0.87)
(0.5 0.04500000000000001 0.8700000000000001)
(0.55 0.045 0.8699999999999999)
(0.6 0.045 0.87)
(0.65 0.04499999999999999 0.87)
(0.7000000000000001 0.045 0.87)
(0.75 0.045 0.87)
(0.8 0.045 0.87)
(0.85 0.045 0.87)
(0.9 0.045 0.8699999999999999)
(0.9500000000000001 0.045 0.87)
(1 0.045 0.87)
(-1 0.05 0.87)
(-0.9500000000000001 0.05 0.87)
(-0.9 0.05 0.87)
(-0.85 0.05 0.87)
(-0.8 0.05 0.87)
(-0.75 0.05 0.87)
(-0.7000000000000001 0.05 0.87)
(-0.65 0.05 0.87)
(-0.6 0.05 0.87)
(-0.55 0.05 0.87)
(-0.5 0.05 0.87)
(-0.45 0.05 0.87)
(-0.4 0.05 0.87)
(-0.35 0.05000000000000001 0.87)
(-0.3 0.05 0.87)
(-0.25 0.05 0.87)
(-0.2 0.05 0.87)
(-0.1499999999999999 0.05 0.87)
(-0.1 0.05 0.87)
(-0.05 0.05 0.87)
(0 0.05 0.87)
(0.05 0.05 0.87)
(0.1000000000000001 0.05 0.87)
(0.1499999999999999 0.05 0.8699999999999999)
(0.2 0.05 0.87)
(0.25 0.05 0.87)
(0.3 0.05 0.87)
(0.35 0.05 0.87)
(0.4 0.05 0.8699999999999999)
(0.45 0.05 0.87)
(0.5 0.05 0.87)
(0.55 0.05 0.87)
(0.6 0.05 0.87)
(0.65 0.05 0.8699999999999999)
(0.7000000000000001 0.05 0.87)
(0.75 0.05 0.87)
(0.8 0.05 0.87)
(0.85 0.05 0.87)
(0.9 0.05 0.87)
(0.9500000000000001 0.05 0.87)
(1 0.05 0.87)
(-1 0.055 0.87)
(-0.9500000000000001 0.055 0.87)
(-0.9 0.055 0.87)
(-0.85 0.055 0.87)
(-0.8 0.055 0.87)
(-0.75 0.05500000000000001 0.87)
(-0.7000000000000001 0.055 0.87)
(-0.65 0.055 0.87)
(-0.6 0.055 0.87)
(-0.55 0.05500000000000001 0.87)
(-0.5 0.055 0.87)
(-0.45 0.055 0.87)
(-0.4 0.055 0.87)
(-0.35 0.05500000000000001 0.87)
(-0.3 0.05500000000000001 0.87)
(-0.25 0.055 0.87)
(-0.2 0.055 0.87)
(-0.1499999999999999 0.055 0.87)
(-0.1 0.055 0.87)
(-0.05000000000000007 0.055 0.87)
(0 0.055 0.87)
(0.0500000000000001 0.055 0.87)
(0.1000000000000001 0.055 0.87)
(0.1499999999999999 0.05500000000000001 0.8699999999999999)
(0.2 0.055 0.87)
(0.25 0.055 0.87)
(0.3 0.055 0.8699999999999999)
(0.35 0.055 0.87)
(0.4 0.055 0.87)
(0.45 0.055 0.87)
(0.5 0.055 0.8699999999999999)
(0.55 0.055 0.87)
(0.6 0.055 0.87)
(0.65 0.05500000000000001 0.87)
(0.7000000000000001 0.055 0.87)
(0.75 0.05500000000000001 0.87)
(0.8 0.055 0.87)
(0.85 0.05500000000000001 0.8700000000000001)
(0.9 0.055 0.8699999999999999)
(0.9500000000000001 0.055 0.87)
(1 0.055 0.87)
(-1 0.06 0.87)
(-0.9500000000000001 0.06 0.87)
(-0.9 0.06 0.87)
(-0.8500000000000002 0.06 0.87)
(-0.8 0.06 0.87)
(-0.75 0.06 0.87)
(-0.7000000000000001 0.06 0.87)
(-0.65 0.06 0.87)
(-0.6 0.06 0.87)
(-0.55 0.06 0.87)
(-0.5 0.06 0.87)
(-0.45 0.06 0.87)
(-0.4 0.06 0.87)
(-0.35 0.06 0.87)
(-0.3 0.06 0.87)
(-0.25 0.06 0.87)
(-0.2 0.06 0.87)
(-0.15 0.06 0.87)
(-0.09999999999999996 0.06 0.87)
(-0.05000000000000004 0.06 0.87)
(0 0.06 0.87)
(0.05000000000000001 0.06 0.87)
(0.1000000000000001 0.06 0.87)
(0.1499999999999999 0.06 0.87)
(0.2 0.06 0.87)
(0.25 0.06 0.87)
(0.3 0.06 0.87)
(0.35 0.06 0.87)
(0.4 0.06 0.87)
(0.45 0.06 0.87)
(0.5 0.06 0.87)
(0.55 0.06 0.87)
(0.6 0.06 0.87)
(0.6499999999999999 0.06 0.87)
(0.7000000000000001 0.06 0.87)
(0.75 0.06 0.87)
(0.8 0.06000000000000001 0.87)
(0.85 0.06 0.8700000000000001)
(0.9 0.06 0.87)
(0.9500000000000001 0.06 0.87)
(1 0.06 0.87)
(-1 0.065 0.87)
(-0.9500000000000001 0.065 0.87)
(-0.9 0.065 0.87)
(-0.85 0.06500000000000002 0.87)
(-0.8 0.065 0.87)
(-0.75 0.065 0.87)
(-0.7000000000000001 0.065 0.87)
(-0.65 0.065 0.8700000000000001)
(-0.6 0.065 0.87)
(-0.55 0.065 0.87)
(-0.5 0.065 0.87)
(-0.45 0.065 0.87)
(-0.4 0.065 0.87)
(-0.35 0.065 0.87)
(-0.3000000000000001 0.065 0.87)
(-0.25 0.065 0.87)
(-0.2 0.065 0.87)
(-0.15 0.065 0.87)
(-0.1 0.065 0.87)
(-0.05000000000000001 0.065 0.87)
(0 0.065 0.87)
(0.04999999999999999 0.065 0.87)
(0.1000000000000001 0.065 0.87)
(0.1499999999999999 0.065 0.87)
(0.2 0.065 0.87)
(0.25 0.065 0.87)
(0.3 0.065 0.87)
(0.35 0.065 0.8700000000000001)
(0.4 0.065 0.87)
(0.45 0.065 0.87)
(0.5 0.065 0.87)
(0.55 0.065 0.87)
(0.6 0.065 0.87)
(0.65 0.06499999999999999 0.87)
(0.7000000000000001 0.06500000000000002 0.87)
(0.75 0.065 0.87)
(0.8 0.065 0.87)
(0.85 0.06500000000000002 0.87)
(0.9 0.065 0.87)
(0.9500000000000001 0.065 0.87)
(1 0.065 0.87)
(-1 0.07000000000000001 0.87)
(-0.9500000000000001 0.07000000000000001 0.87)
(-0.9 0.07000000000000001 0.87)
(-0.85 0.07000000000000001 0.87)
(-0.8 0.07000000000000001 0.87)
(-0.75 0.07000000000000001 0.87)
(-0.7000000000000001 0.07000000000000001 0.8699999999999999)
(-0.65 0.07000000000000001 0.87)
(-0.6 0.07000000000000001 0.87)
(-0.55 0.07000000000000001 0.87)
(-0.5 0.07000000000000001 0.87)
(-0.45 0.07000000000000001 0.87)
(-0.4 0.07000000000000001 0.87)
(-0.35 0.07000000000000001 0.87)
(-0.3 0.07000000000000001 0.87)
(-0.25 0.07000000000000001 0.87)
(-0.2 0.06999999999999999 0.87)
(-0.15 0.07000000000000001 0.8699999999999999)
(-0.1 0.07000000000000001 0.87)
(-0.05000000000000003 0.07000000000000001 0.8700000000000001)
(0 0.07000000000000001 0.87)
(0.05000000000000003 0.06999999999999999 0.87)
(0.1000000000000001 0.06999999999999999 0.87)
(0.1499999999999999 0.07000000000000001 0.87)
(0.2 0.07000000000000001 0.87)
(0.25 0.06999999999999999 0.87)
(0.3 0.06999999999999999 0.87)
(0.35 0.07000000000000001 0.87)
(0.4 0.07000000000000001 0.87)
(0.45 0.07000000000000001 0.87)
(0.5 0.07000000000000001 0.87)
(0.55 0.07000000000000001 0.87)
(0.6 0.07000000000000001 0.87)
(0.65 0.07000000000000001 0.87)
(0.7000000000000001 0.07000000000000001 0.87)
(0.75 0.07000000000000001 0.87)
(0.8 0.07000000000000001 0.87)
(0.85 0.06999999999999999 0.8700000000000001)
(0.9 0.07000000000000001 0.87)
(0.9500000000000001 0.06999999999999999 0.8699999999999999)
(1 0.07000000000000001 0.87)
(-1 0.075 0.87)
(-0.9500000000000001 0.075 0.87)
(-0.9 0.075 0.87)
(-0.85 0.07500000000000001 0.8700000000000001)
(-0.8 0.075 0.87)
(-0.75 0.075 0.87)
(-0.7000000000000001 0.075 0.87)
(-0.65 0.075 0.87)
(-0.6000000000000001 0.07500000000000001 0.8700000000000001)
(-0.55 0.07500000000000001 0.87)
(-0.5 0.075 0.87)
(-0.45 0.075 0.87)
(-0.4 0.075 0.87)
(-0.3500000000000001 0.075 0.87)
(-0.3 0.075 0.87)
(-0.25 0.075 0.87)
(-0.2 0.075 0.87)
(-0.15 0.075 0.87)
(-0.1 0.075 0.87)
(-0.05000000000000007 0.075 0.87)
(0 0.075 0.87)
(0.05000000000000007 0.075 0.87)
(0.1000000000000001 0.075 0.87)
(0.1499999999999999 0.075 0.8699999999999999)
(0.2 0.075 0.87)
(0.25 0.075 0.87)
(0.3 0.075 0.87)
(0.35 0.075 0.87)
(0.4 0.075 0.87)
(0.45 0.075 0.87)
(0.5 0.075 0.87)
(0.55 0.075 0.87)
(0.6000000000000001 0.075 0.87)
(0.65 0.075 0.8699999999999999)
(0.7000000000000001 0.075 0.87)
(0.75 0.075 0.87)
(0.8 0.075 0.87)
(0.85 0.075 0.8700000000000001)
(0.9 0.075 0.8699999999999999)
(0.9500000000000001 0.075 0.87)
(1 0.075 0.87)
(-1 0.08 0.87)
(-0.9500000000000001 0.08 0.87)
(-0.9 0.08 0.87)
(-0.85 0.08000000000000002 0.87)
(-0.8 0.08 0.87)
(-0.75 0.08 0.87)
(-0.7000000000000001 0.08 0.87)
(-0.65 0.08 0.87)
(-0.6000000000000001 0.08 0.8699999999999999)
(-0.55 0.08 0.87)
(-0.5000000000000001 0.08 0.87)
(-0.45 0.08 0.87)
(-0.4 0.08 0.87)
(-0.35 0.08 0.87)
(-0.3 0.07999999999999999 0.87)
(-0.25 0.08 0.87)
(-0.2 0.08 0.87)
(-0.1499999999999999 0.08 0.87)
(-0.1 0.08 0.87)
(-0.05000000000000007 0.08 0.87)
(0 0.08 0.87)
(0.05000000000000004 0.08 0.8699999999999999)
(0.1000000000000001 0.08 0.87)
(0.1499999999999999 0.08000000000000002 0.8699999999999999)
(0.2 0.08 0.87)
(0.25 0.08 0.87)
(0.3 0.08 0.87)
(0.35 0.08 0.87)
(0.4 0.08 0.87)
(0.45 0.08 0.87)
(0.5000000000000001 0.08 0.87)
(0.55 0.08000000000000002 0.87)
(0.6 0.08 0.87)
(0.65 0.08000000000000002 0.8699999999999999)
(0.7000000000000001 0.08 0.87)
(0.75 0.08000000000000002 0.87)
(0.8 0.08000000000000002 0.87)
(0.85 0.08 0.87)
(0.9 0.08 0.87)
(0.9500000000000001 0.07999999999999999 0.87)
(1 0.08 0.87)
(-1 0.08500000000000001 0.87)
(-0.9500000000000001 0.08500000000000001 0.87)
(-0.9 0.08500000000000001 0.87)
(-0.85 0.08500000000000001 0.87)
(-0.8 0.08500000000000001 0.87)
(-0.75 0.08500000000000001 0.87)
(-0.7000000000000001 0.08500000000000001 0.87)
(-0.65 0.08500000000000001 0.87)
(-0.6 0.08500000000000001 0.87)
(-0.55 0.08500000000000001 0.8699999999999999)
(-0.5 0.08500000000000001 0.87)
(-0.45 0.08500000000000001 0.87)
(-0.4 0.08500000000000001 0.8699999999999999)
(-0.35 0.08500000000000001 0.87)
(-0.3 0.08500000000000001 0.87)
(-0.25 0.08500000000000001 0.87)
(-0.2 0.08500000000000001 0.87)
(-0.15 0.08500000000000001 0.87)
(-0.1 0.08500000000000001 0.87)
(-0.05000000000000003 0.08500000000000001 0.87)
(0 0.08500000000000001 0.87)
(0.05000000000000003 0.08500000000000001 0.8699999999999999)
(0.1000000000000001 0.08499999999999998 0.87)
(0.1499999999999999 0.08500000000000001 0.8699999999999999)
(0.2 0.08500000000000001 0.87)
(0.25 0.08500000000000001 0.87)
(0.3 0.08500000000000001 0.8699999999999999)
(0.35 0.08500000000000001 0.87)
(0.4 0.08500000000000001 0.8699999999999999)
(0.45 0.08500000000000001 0.87)
(0.5 0.08500000000000001 0.87)
(0.55 0.08500000000000001 0.87)
(0.6 0.08500000000000001 0.87)
(0.65 0.08500000000000001 0.8699999999999999)
(0.7000000000000001 0.08500000000000001 0.87)
(0.75 0.08500000000000001 0.87)
(0.8 0.08500000000000002 0.87)
(0.85 0.08500000000000001 0.87)
(0.9 0.08500000000000001 0.8699999999999999)
(0.9500000000000001 0.08500000000000001 0.87)
(1 0.08500000000000001 0.87)
(-1 0.09 0.87)
(-0.9500000000000001 0.09 0.87)
(-0.9 0.09 0.87)
(-0.85 0.09 0.87)
(-0.8 0.09 0.8700000000000001)
(-0.75 0.09 0.87)
(-0.7000000000000001 0.09 0.87)
(-0.65 0.09 0.8700000000000001)
(-0.6 0.09 0.87)
(-0.55 0.09 0.8700000000000001)
(-0.5 0.09 0.8700000000000001)
(-0.45 0.09 0.87)
(-0.3999999999999999 0.09 0.87)
(-0.3500000000000001 0.09 0.87)
(-0.3000000000000001 0.09 0.87)
(-0.25 0.09 0.87)
(-0.2 0.09 0.87)
(-0.1499999999999999 0.09 0.87)
(-0.1 0.09 0.87)
(-0.05 0.09 0.87)
(0 0.09 0.87)
(0.05 0.09 0.87)
(0.1000000000000001 0.09 0.87)
(0.1499999999999999 0.09 0.87)
(0.2 0.09 0.87)
(0.25 0.09 0.87)
(0.3 0.09000000000000002 0.87)
(0.3500000000000001 0.09 0.87)
(0.4 0.09 0.87)
(0.45 0.09 0.87)
(0.5 0.09000000000000002 0.87)
(0.55 0.09 0.87)
(0.6 0.09000000000000002 0.87)
(0.65 0.08999999999999998 0.87)
(0.7000000000000001 0.09 0.87)
(0.75 0.09 0.8700000000000001)
(0.8 0.09000000000000002 0.87)
(0.85 0.09 0.87)
(0.9 0.09 0.87)
(0.9500000000000001 0.09 0.87)
(1 0.09 0.87)
(-1 0.095 0.87)
(-0.9500000000000001 0.095 0.87)
(-0.9 0.095 0.87)
(-0.85 0.09499999999999999 0.87)
(-0.8 0.095 0.87)
(-0.75 0.095 0.87)
(-0.7000000000000001 0.095 0.8699999999999999)
(-0.65 0.095 0.87)
(-0.6 0.095 0.87)
(-0.55 0.095 0.87)
(-0.5 0.095 0.87)
(-0.45 0.095 0.87)
(-0.3999999999999999 0.095 0.8700000000000001)
(-0.3500000000000001 0.095 0.87)
(-0.3 0.095 0.87)
(-0.2500000000000001 0.095 0.87)
(-0.2 0.095 0.87)
(-0.1499999999999999 0.095 0.87)
(-0.09999999999999998 0.095 0.87)
(-0.05 0.095 0.87)
(0 0.095 0.87)
(0.05 0.095 0.87)
(0.1000000000000001 0.095 0.8700000000000001)
(0.1499999999999999 0.095 0.87)
(0.2 0.09500000000000001 0.87)
(0.2500000000000001 0.095 0.87)
(0.3 0.09499999999999999 0.87)
(0.35 0.095 0.87)
(0.4 0.09499999999999999 0.87)
(0.45 0.095 0.87)
(0.5 0.095 0.87)
(0.55 0.09500000000000001 0.87)
(0.6 0.095 0.87)
(0.65 0.095 0.8699999999999999)
(0.7000000000000001 0.095 0.8699999999999999)
(0.75 0.095 0.87)
(0.8 0.095 0.87)
(0.85 0.095 0.8700000000000001)
(0.9 0.095 0.8699999999999999)
(0.9500000000000001 0.095 0.87)
(1 0.095 0.87)
(-1 0.1 0.87)
(-0.9500000000000001 0.1 0.87)
(-0.9 0.1 0.87)
(-0.85 0.1 0.87)
(-0.8 0.1 0.87)
(-0.75 0.1 0.87)
(-0.7000000000000001 0.1 0.87)
(-0.65 0.1 0.87)
(-0.6 0.1 0.87)
(-0.55 0.1 0.87)
(-0.5 0.1 0.87)
(-0.45 0.1 0.87)
(-0.4 0.1 0.87)
(-0.35 0.1 0.87)
(-0.3 0.1 0.87)
(-0.25 0.1 0.87)
(-0.2 0.1 0.87)
(-0.1499999999999999 0.1 0.87)
(-0.1 0.1 0.87)
(-0.05 0.1 0.87)
(0 0.1 0.87)
(0.05 0.1 0.87)
(0.1000000000000001 0.1 0.87)
(0.1499999999999999 0.1 0.87)
(0.2 0.1 0.87)
(0.25 0.1 0.87)
(0.3 0.1 0.87)
(0.35 0.1 0.87)
(0.4 0.1 0.87)
(0.45 0.1 0.87)
(0.5 0.1 0.87)
(0.55 0.1 0.87)
(0.6 0.1 0.87)
(0.65 0.1 0.87)
(0.7000000000000001 0.1 0.87)
(0.75 0.1 0.87)
(0.8 0.1 0.87)
(0.85 0.1 0.87)
(0.9 0.1 0.87)
(0.9500000000000001 0.1 0.87)
(1 0.1 0.87)
(-1 0 0.9)
(-0.9500000000000001 0 0.9)
(-0.9 0 0.9)
(-0.85 0 0.9)
(-0.8 0 0.9)
(-0.75 0 0.9)
(-0.7000000000000001 0 0.9)
(-0.65 0 0.9)
(-0.6 0 0.9)
(-0.55 0 0.9)
(-0.5 0 0.9)
(-0.45 0 0.9)
(-0.4 0 0.9)
(-0.35 0 0.9)
(-0.3 0 0.9)
(-0.25 0 0.9)
(-0.2 0 0.9)
(-0.15 0 0.9)
(-0.1 0 0.9)
(-0.05000000000000004 0 0.9)
(0 0 0.9)
(0.05000000000000004 0 0.9)
(0.1000000000000001 0 0.9)
(0.1499999999999999 0 0.9)
(0.2 0 0.9)
(0.25 0 0.9)
(0.3 0 0.9)
(0.35 0 0.9)
(0.4 0 0.9)
(0.45 0 0.9)
(0.5 0 0.9)
(0.55 0 0.9)
(0.6 0 0.9)
(0.65 0 0.9)
(0.7000000000000001 0 0.9)
(0.75 0 0.9)
(0.8 0 0.9)
(0.85 0 0.9)
(0.9 0 0.9)
(0.9500000000000001 0 0.9)
(1 0 0.9)
(-1 0.005 0.9)
(-0.9500000000000001 0.005 0.9)
(-0.9 0.005 0.9)
(-0.85 0.005 0.9)
(-0.8 0.005 0.9)
(-0.75 0.005 0.9)
(-0.7000000000000001 0.005 0.9)
(-0.65 0.005000000000000001 0.9)
(-0.6 0.005000000000000001 0.9000000000000001)
(-0.55 0.005000000000000001 0.9)
(-0.5 0.005 0.9)
(-0.45 0.005 0.9)
(-0.4 0.005 0.9)
(-0.35 0.005 0.9)
(-0.3 0.005 0.9)
(-0.25 0.005 0.9)
(-0.2 0.005 0.9)
(-0.1499999999999999 0.005000000000000001 0.9)
(-0.09999999999999998 0.005000000000000001 0.9)
(-0.05000000000000003 0.005 0.9)
(0 0.005 0.9)
(0.05000000000000003 0.005000000000000001 0.9)
(0.1000000000000001 0.005000000000000001 0.9)
(0.1499999999999999 0.005000000000000001 0.9)
(0.2 0.005 0.9)
(0.2500000000000001 0.005 0.9)
(0.3 0.005000000000000001 0.9)
(0.35 0.004999999999999999 0.9)
(0.3999999999999999 0.005 0.9)
(0.45 0.005 0.9)
(0.5 0.005 0.9)
(0.55 0.005000000000000001 0.9)
(0.6 0.005 0.9)
(0.65 0.005000000000000001 0.9)
(0.7000000000000001 0.005 0.9)
(0.75 0.005 0.9)
(0.8 0.005000000000000001 0.9)
(0.85 0.005000000000000001 0.9)
(0.9 0.005 0.9)
(0.9500000000000001 0.005 0.9)
(1 0.005 0.9)
(-1 0.01 0.9)
(-0.9500000000000001 0.01 0.9)
(-0.9 0.01 0.9)
(-0.85 0.01 0.9)
(-0.8 0.01 0.9)
(-0.75 0.01 0.9)
(-0.7000000000000001 0.01 0.9)
(-0.65 0.01 0.9)
(-0.6 0.01 0.9)
(-0.55 0.01 0.9)
(-0.5 0.01 0.9)
(-0.45 0.01 0.9)
(-0.4 0.01 0.9)
(-0.35 0.01 0.9)
(-0.3000000000000001 0.01 0.9)
(-0.25 0.01 0.9)
(-0.2 0.01 0.9)
(-0.15 0.01 0.9)
(-0.1 0.01 0.9)
(-0.05 0.01 0.9)
(0 0.01 0.9)
(0.05 0.01 0.9)
(0.1000000000000001 0.01 0.9)
(0.1499999999999999 0.01 0.9)
(0.2 0.009999999999999998 0.9)
(0.25 0.01 0.9)
(0.3 0.01 0.9)
(0.3500000000000001 0.009999999999999998 0.9)
(0.3999999999999999 0.01 0.9)
(0.45 0.01 0.9)
(0.5 0.01 0.9)
(0.55 0.01 0.9)
(0.6 0.009999999999999998 0.9)
(0.65 0.01 0.9)
(0.7000000000000001 0.01 0.9)
(0.75 0.01 0.9)
(0.8 0.01 0.9)
(0.85 0.009999999999999998 0.9)
(0.9 0.01 0.9)
(0.9500000000000001 0.01 0.9)
(1 0.01 0.9)
(-1 0.015 0.9)
(-0.9500000000000001 0.015 0.9)
(-0.9 0.015 0.9)
(-0.85 0.015 0.9000000000000001)
(-0.8 0.015 0.9)
(-0.75 0.015 0.9)
(-0.7000000000000001 0.015 0.9)
(-0.65 0.015 0.9)
(-0.6 0.015 0.9)
(-0.55 0.015 0.9)
(-0.5 0.015 0.9)
(-0.45 0.015 0.9)
(-0.4 0.015 0.9)
(-0.35 0.015 0.9)
(-0.3 0.015 0.9)
(-0.25 0.015 0.9)
(-0.2 0.015 0.9)
(-0.15 0.015 0.9)
(-0.1 0.015 0.9)
(-0.05000000000000004 0.015 0.9)
(0 0.015 0.9)
(0.05000000000000004 0.015 0.9)
(0.1000000000000001 0.015 0.9)
(0.1499999999999999 0.015 0.9)
(0.2 0.015 0.9)
(0.25 0.015 0.9)
(0.3 0.015 0.9)
(0.35 0.015 0.9)
(0.4 0.015 0.9)
(0.45 0.015 0.9)
(0.5 0.015 0.9)
(0.55 0.015 0.9)
(0.6 0.015 0.9)
(0.65 0.015 0.9)
(0.7000000000000001 0.015 0.9)
(0.75 0.015 0.9)
(0.8 0.015 0.9)
(0.85 0.015 0.9)
(0.9 0.015 0.9)
(0.9500000000000001 0.015 0.9)
(1 0.015 0.9)
(-1 0.02 0.9)
(-0.9500000000000001 0.02 0.9)
(-0.9 0.02 0.9000000000000001)
(-0.85 0.02 0.9)
(-0.8 0.02 0.9)
(-0.75 0.02 0.9)
(-0.7000000000000001 0.02 0.9)
(-0.65 0.02 0.9)
(-0.6 0.02 0.9)
(-0.55 0.02 0.9)
(-0.5000000000000001 0.02 0.9)
(-0.45 0.02 0.9)
(-0.4 0.02 0.9)
(-0.35 0.02 0.9)
(-0.3 0.02 0.9)
(-0.25 0.02 0.9000000000000001)
(-0.1999999999999999 0.02 0.9000000000000001)
(-0.15 0.02 0.9)
(-0.1 0.02 0.9)
(-0.05000000000000003 0.02 0.9000000000000001)
(0 0.02 0.9)
(0.05000000000000003 0.02 0.9000000000000001)
(0.1000000000000001 0.02 0.9000000000000001)
(0.1499999999999999 0.02 0.9)
(0.2 0.02 0.9)
(0.25 0.02 0.9)
(0.3 0.02 0.9)
(0.35 0.02 0.9)
(0.4 0.02 0.9)
(0.45 0.02 0.9)
(0.5 0.02 0.9)
(0.5500000000000003 0.02 0.9)
(0.6000000000000002 0.02 0.9000000000000001)
(0.65 0.02 0.9)
(0.7000000000000001 0.02 0.9)
(0.75 0.02 0.9)
(0.8 0.02 0.9)
(0.85 0.02 0.9)
(0.9 0.02 0.9)
(0.9500000000000001 0.02 0.9)
(1 0.02 0.9)
(-1 0.025 0.9)
(-0.9500000000000001 0.025 0.9)
(-0.9 0.025 0.9)
(-0.85 0.025 0.9)
(-0.8 0.025 0.9)
(-0.75 0.025 0.9)
(-0.7000000000000001 0.025 0.9)
(-0.65 0.025 0.9)
(-0.6000000000000001 0.025 0.9)
(-0.55 0.025 0.9)
(-0.5 0.025 0.9)
(-0.45 0.025 0.9)
(-0.4 0.025 0.9)
(-0.35 0.025 0.9)
(-0.3000000000000001 0.025 0.9)
(-0.25 0.025 0.9)
(-0.1999999999999999 0.025 0.9)
(-0.15 0.025 0.9)
(-0.1 0.025 0.9)
(-0.0500000000000001 0.025 0.9)
(0 0.025 0.9)
(0.0500000000000001 0.025 0.9)
(0.1000000000000001 0.025 0.9)
(0.1499999999999999 0.025 0.9)
(0.2 0.025 0.9)
(0.25 0.025 0.9)
(0.3 0.025 0.9)
(0.35 0.025 0.9)
(0.4 0.025 0.9)
(0.45 0.025 0.9)
(0.5 0.025 0.9)
(0.55 0.025 0.9)
(0.6 0.025 0.9)
(0.65 0.025 0.9)
(0.7000000000000001 0.025 0.9)
(0.75 0.025 0.9)
(0.8 0.025 0.9)
(0.85 0.025 0.9)
(0.9 0.025 0.9)
(0.9500000000000001 0.025 0.9)
(1 0.025 0.9)
(-1 0.03 0.9)
(-0.9500000000000001 0.03 0.9)
(-0.9 0.03 0.9)
(-0.85 0.03 0.9)
(-0.8 0.03 0.9)
(-0.75 0.03 0.9)
(-0.7000000000000001 0.03 0.9)
(-0.65 0.03000000000000001 0.9)
(-0.6 0.03 0.9)
(-0.55 0.03 0.9)
(-0.5 0.03 0.9)
(-0.45 0.03 0.9)
(-0.4 0.03000000000000001 0.9)
(-0.35 0.03000000000000001 0.9)
(-0.3 0.03 0.9)
(-0.25 0.03 0.9)
(-0.2 0.03 0.9)
(-0.15 0.03 0.9)
(-0.1 0.03 0.9)
(-0.05000000000000008 0.03 0.9)
(0 0.03 0.9)
(0.05000000000000008 0.03 0.9)
(0.1000000000000001 0.03 0.9)
(0.1499999999999999 0.03 0.9)
(0.2 0.03000000000000001 0.9)
(0.2500000000000001 0.03 0.9)
(0.3 0.03 0.9)
(0.35 0.03000000000000001 0.9)
(0.4 0.03 0.9)
(0.45 0.03 0.9)
(0.5 0.03 0.9)
(0.55 0.03 0.9)
(0.6 0.03 0.9)
(0.65 0.03 0.9)
(0.7000000000000001 0.03 0.9)
(0.75 0.03 0.9)
(0.8 0.03 0.9)
(0.85 0.03000000000000001 0.9)
(0.9 0.03000000000000001 0.9)
(0.9500000000000001 0.03 0.9)
(1 0.03 0.9)
(-1 0.035 0.9)
(-0.9500000000000001 0.035 0.9)
(-0.9 0.035 0.9)
(-0.85 0.035 0.9)
(-0.8 0.035 0.9)
(-0.75 0.035 0.9)
(-0.7000000000000001 0.035 0.9)
(-0.65 0.03499999999999999 0.9)
(-0.6 0.035 0.9)
(-0.55 0.035 0.9)
(-0.5 0.035 0.9)
(-0.45 0.035 0.9)
(-0.4 0.035 0.9)
(-0.35 0.035 0.9)
(-0.3 0.035 0.9)
(-0.25 0.035 0.9)
(-0.2 0.035 0.9)
(-0.15 0.035 0.9)
(-0.1 0.035 0.9)
(-0.0500000000000001 0.035 0.9)
(0 0.035 0.9)
(0.0500000000000001 0.035 0.9)
(0.1000000000000001 0.035 0.9)
(0.1499999999999999 0.035 0.9)
(0.2 0.035 0.9)
(0.25 0.035 0.9)
(0.3 0.035 0.9)
(0.35 0.035 0.9)
(0.4 0.035 0.9)
(0.45 0.035 0.9)
(0.5 0.035 0.9)
(0.55 0.035 0.9)
(0.6 0.035 0.9)
(0.65 0.035 0.9)
(0.7000000000000001 0.035 0.9)
(0.75 0.035 0.9)
(0.8 0.035 0.9)
(0.85 0.035 0.9)
(0.9 0.035 0.9)
(0.9500000000000001 0.035 0.9)
(1 0.035 0.9)
(-1 0.04 0.9)
(-0.9500000000000001 0.04 0.9)
(-0.9 0.04 0.9)
(-0.85 0.04 0.9)
(-0.8 0.04 0.9)
(-0.75 0.04 0.9)
(-0.7000000000000001 0.04 0.9)
(-0.65 0.04 0.9)
(-0.6 0.04000000000000001 0.9)
(-0.55 0.04 0.9)
(-0.5 0.04 0.9)
(-0.45 0.04 0.9)
(-0.4 0.04 0.9)
(-0.35 0.04 0.9)
(-0.3 0.04 0.9)
(-0.25 0.04 0.9)
(-0.2 0.04 0.9)
(-0.15 0.04 0.9)
(-0.09999999999999998 0.04 0.9)
(-0.05000000000000004 0.04 0.9)
(0 0.04 0.9)
(0.05000000000000004 0.04 0.9)
(0.1000000000000001 0.04 0.9)
(0.1499999999999999 0.04000000000000001 0.9)
(0.2 0.04 0.9)
(0.25 0.04 0.9)
(0.3 0.04 0.9)
(0.35 0.04 0.9)
(0.4 0.04000000000000001 0.9)
(0.45 0.04 0.9)
(0.5 0.04 0.9)
(0.55 0.04000000000000001 0.9)
(0.6 0.04 0.9)
(0.65 0.04000000000000001 0.9)
(0.7000000000000001 0.04 0.9)
(0.75 0.04 0.9)
(0.8 0.04000000000000001 0.9)
(0.85 0.04 0.9)
(0.9 0.04 0.9)
(0.9500000000000001 0.04 0.9)
(1 0.04 0.9)
(-1 0.045 0.9)
(-0.9500000000000001 0.045 0.9)
(-0.9 0.045 0.9)
(-0.85 0.045 0.9)
(-0.8 0.04499999999999999 0.9)
(-0.75 0.045 0.9)
(-0.7000000000000001 0.045 0.9)
(-0.65 0.045 0.9)
(-0.6 0.045 0.9)
(-0.55 0.045 0.9)
(-0.5 0.045 0.9)
(-0.45 0.045 0.9)
(-0.4 0.045 0.9)
(-0.35 0.045 0.9000000000000005)
(-0.3000000000000001 0.045 0.9)
(-0.25 0.045 0.9)
(-0.2 0.045 0.9)
(-0.15 0.045 0.9)
(-0.1 0.045 0.9)
(-0.0500000000000001 0.045 0.9)
(0 0.045 0.9)
(0.0500000000000001 0.045 0.9)
(0.1000000000000001 0.045 0.9)
(0.1499999999999999 0.045 0.9)
(0.2 0.045 0.9)
(0.25 0.045 0.9)
(0.3000000000000001 0.045 0.9000000000000001)
(0.35 0.04500000000000001 0.9000000000000005)
(0.4 0.04499999999999999 0.9)
(0.45 0.045 0.9)
(0.5 0.045 0.9)
(0.55 0.045 0.9)
(0.6 0.04500000000000001 0.9000000000000001)
(0.65 0.04499999999999999 0.9)
(0.7000000000000001 0.045 0.9)
(0.75 0.045 0.9)
(0.8 0.045 0.9)
(0.85 0.04500000000000001 0.9)
(0.9 0.045 0.9)
(0.9500000000000001 0.045 0.9)
(1 0.045 0.9)
(-1 0.05 0.9)
(-0.9500000000000001 0.05 0.9)
(-0.9 0.05 0.9)
(-0.85 0.05 0.9)
(-0.8 0.05 0.9)
(-0.75 0.05 0.9)
(-0.7000000000000001 0.05 0.9)
(-0.65 0.05 0.9)
(-0.6 0.05 0.9)
(-0.55 0.05 0.9)
(-0.5 0.05 0.9)
(-0.45 0.05 0.9)
(-0.4 0.05 0.9)
(-0.35 0.05 0.9000000000000001)
(-0.3 0.05 0.9)
(-0.25 0.05 0.9)
(-0.2 0.05 0.9)
(-0.15 0.05 0.9)
(-0.1 0.05 0.9)
(-0.05000000000000004 0.05 0.9)
(0 0.05 0.9)
(0.05000000000000004 0.05 0.9)
(0.1000000000000001 0.05 0.9)
(0.1499999999999999 0.05 0.9)
(0.2 0.05 0.9)
(0.25 0.05 0.9)
(0.3 0.05 0.9)
(0.35 0.05 0.9)
(0.4 0.05 0.9)
(0.45 0.05 0.9)
(0.5 0.05 0.9)
(0.55 0.05 0.9)
(0.6 0.05 0.9)
(0.65 0.05 0.9)
(0.7000000000000001 0.05 0.9)
(0.75 0.05 0.9)
(0.8 0.05 0.9)
(0.85 0.05 0.9)
(0.9 0.05 0.9)
(0.9500000000000001 0.05 0.9)
(1 0.05 0.9)
(-1 0.055 0.9)
(-0.9500000000000001 0.055 0.9)
(-0.9 0.055 0.9)
(-0.85 0.055 0.9)
(-0.8 0.055 0.9)
(-0.75 0.055 0.9)
(-0.7000000000000001 0.055 0.9)
(-0.65 0.055 0.9)
(-0.6 0.05500000000000001 0.9000000000000001)
(-0.55 0.05500000000000001 0.9)
(-0.5 0.055 0.9)
(-0.45 0.055 0.9)
(-0.4 0.055 0.9)
(-0.35 0.05500000000000001 0.9)
(-0.3000000000000001 0.055 0.9)
(-0.25 0.055 0.9)
(-0.2 0.055 0.9)
(-0.15 0.055 0.9)
(-0.09999999999999998 0.05500000000000003 0.9)
(-0.05000000000000008 0.055 0.9)
(0 0.055 0.9)
(0.0500000000000001 0.055 0.9)
(0.1000000000000001 0.055 0.9)
(0.1499999999999999 0.05500000000000001 0.9)
(0.2 0.055 0.9)
(0.25 0.055 0.9)
(0.3 0.05500000000000001 0.9)
(0.35 0.055 0.9)
(0.4 0.055 0.9)
(0.45 0.055 0.9)
(0.5 0.055 0.9)
(0.55 0.05500000000000001 0.9)
(0.6 0.055 0.9)
(0.65 0.055 0.9)
(0.7000000000000001 0.055 0.9)
(0.75 0.055 0.9)
(0.8 0.055 0.9)
(0.85 0.055 0.9)
(0.9 0.055 0.9)
(0.9500000000000001 0.055 0.9)
(1 0.055 0.9)
(-1 0.06 0.9)
(-0.9500000000000001 0.06 0.9)
(-0.9 0.06 0.9)
(-0.85 0.06 0.9)
(-0.8 0.06 0.9)
(-0.75 0.06 0.9)
(-0.7000000000000001 0.06 0.9)
(-0.65 0.06 0.9)
(-0.6 0.06 0.9)
(-0.55 0.06 0.9)
(-0.5 0.06 0.9)
(-0.45 0.06 0.9)
(-0.4 0.06000000000000001 0.9)
(-0.35 0.06 0.9)
(-0.3 0.06 0.9)
(-0.25 0.06 0.9)
(-0.2 0.06 0.9)
(-0.15 0.06 0.9)
(-0.09999999999999998 0.06 0.9)
(-0.05000000000000004 0.06 0.9)
(0 0.06 0.9)
(0.05000000000000007 0.06 0.9)
(0.1000000000000001 0.06 0.9)
(0.1499999999999999 0.06 0.9)
(0.2 0.06 0.9)
(0.25 0.06 0.9)
(0.3 0.06 0.9)
(0.35 0.06000000000000001 0.9)
(0.4 0.05999999999999999 0.9)
(0.45 0.06 0.9)
(0.5 0.06 0.9)
(0.55 0.06 0.9)
(0.6 0.06000000000000001 0.9)
(0.65 0.06 0.9)
(0.7000000000000001 0.06 0.9)
(0.75 0.06 0.9)
(0.8 0.06 0.9)
(0.85 0.06000000000000001 0.9)
(0.9 0.06 0.9)
(0.9500000000000001 0.06 0.9)
(1 0.06 0.9)
(-1 0.065 0.9)
(-0.9500000000000001 0.065 0.9)
(-0.9 0.065 0.9)
(-0.85 0.065 0.9)
(-0.8 0.06500000000000002 0.9)
(-0.75 0.065 0.9)
(-0.7000000000000001 0.065 0.9)
(-0.65 0.065 0.9)
(-0.6 0.065 0.9)
(-0.55 0.065 0.9)
(-0.5 0.065 0.9)
(-0.45 0.065 0.9)
(-0.4 0.065 0.9)
(-0.35 0.065 0.9)
(-0.3 0.065 0.9)
(-0.25 0.065 0.9)
(-0.2 0.065 0.9)
(-0.15 0.065 0.9)
(-0.1 0.06500000000000002 0.9)
(-0.0500000000000001 0.065 0.9)
(0 0.065 0.9)
(0.05000000000000011 0.065 0.9)
(0.1000000000000001 0.065 0.9)
(0.1499999999999999 0.065 0.9)
(0.2 0.065 0.9)
(0.25 0.065 0.9)
(0.3 0.065 0.9)
(0.35 0.06500000000000002 0.9)
(0.4 0.065 0.9)
(0.45 0.065 0.9)
(0.5 0.065 0.9)
(0.55 0.065 0.9)
(0.6 0.065 0.9)
(0.65 0.065 0.9)
(0.7000000000000001 0.065 0.9)
(0.75 0.065 0.9)
(0.8 0.065 0.9)
(0.85 0.06500000000000002 0.9)
(0.9 0.06499999999999999 0.9)
(0.9500000000000001 0.065 0.9)
(1 0.065 0.9)
(-1 0.07000000000000001 0.9)
(-0.9500000000000001 0.06999999999999999 0.9)
(-0.9 0.07000000000000001 0.9)
(-0.85 0.07000000000000001 0.9)
(-0.8 0.07000000000000001 0.9)
(-0.75 0.07000000000000001 0.9)
(-0.7000000000000001 0.07000000000000001 0.9)
(-0.65 0.06999999999999998 0.9)
(-0.6 0.07000000000000001 0.9)
(-0.55 0.07000000000000001 0.9)
(-0.5 0.07000000000000001 0.9)
(-0.45 0.07000000000000001 0.9)
(-0.4 0.07000000000000001 0.9)
(-0.3500000000000001 0.07000000000000001 0.9)
(-0.3 0.07000000000000001 0.9)
(-0.25 0.07000000000000001 0.9)
(-0.2 0.06999999999999999 0.9)
(-0.15 0.07000000000000001 0.9)
(-0.09999999999999998 0.07000000000000001 0.9)
(-0.05000000000000007 0.07000000000000001 0.8999999999999999)
(0 0.07000000000000001 0.9)
(0.05000000000000007 0.06999999999999999 0.9)
(0.1000000000000001 0.07000000000000001 0.9)
(0.1499999999999999 0.07000000000000001 0.9)
(0.2 0.07000000000000001 0.9)
(0.25 0.07000000000000001 0.9)
(0.3 0.07000000000000001 0.9)
(0.35 0.07000000000000001 0.9)
(0.4 0.07000000000000001 0.8999999999999999)
(0.45 0.06999999999999999 0.9)
(0.5 0.07000000000000001 0.9)
(0.55 0.06999999999999999 0.9)
(0.6 0.07000000000000001 0.9)
(0.65 0.07000000000000001 0.8999999999999999)
(0.7000000000000001 0.06999999999999999 0.9)
(0.75 0.07000000000000001 0.9)
(0.8 0.07000000000000001 0.9)
(0.85 0.06999999999999999 0.9)
(0.9 0.07000000000000001 0.8999999999999999)
(0.9500000000000001 0.07000000000000001 0.9)
(1 0.07000000000000001 0.9)
(-1 0.075 0.9)
(-0.9500000000000001 0.075 0.9)
(-0.9 0.075 0.9)
(-0.85 0.075 0.9)
(-0.8 0.075 0.9)
(-0.75 0.075 0.9)
(-0.7000000000000001 0.075 0.9)
(-0.65 0.075 0.9)
(-0.6 0.075 0.9)
(-0.55 0.075 0.9)
(-0.5 0.075 0.9)
(-0.45 0.075 0.9)
(-0.4 0.075 0.9)
(-0.35 0.075 0.9)
(-0.3000000000000001 0.075 0.9)
(-0.25 0.075 0.9)
(-0.1999999999999999 0.075 0.9)
(-0.15 0.075 0.9)
(-0.1 0.075 0.9)
(-0.0500000000000001 0.075 0.9)
(0 0.075 0.9)
(0.0500000000000001 0.075 0.9)
(0.1000000000000001 0.075 0.9)
(0.1499999999999999 0.075 0.9)
(0.2 0.075 0.9)
(0.25 0.075 0.9)
(0.3 0.075 0.9)
(0.35 0.075 0.9)
(0.4 0.075 0.9)
(0.45 0.075 0.9)
(0.5 0.075 0.9)
(0.55 0.075 0.9)
(0.6 0.075 0.9)
(0.65 0.075 0.9)
(0.7000000000000001 0.075 0.9)
(0.75 0.075 0.9)
(0.8 0.075 0.9)
(0.85 0.075 0.9)
(0.9 0.075 0.9)
(0.9500000000000001 0.075 0.9)
(1 0.075 0.9)
(-1 0.08 0.9)
(-0.9500000000000001 0.08 0.9)
(-0.9 0.08 0.9)
(-0.85 0.08000000000000002 0.9000000000000001)
(-0.8 0.08 0.9)
(-0.75 0.08 0.9)
(-0.7000000000000001 0.08 0.9)
(-0.65 0.08 0.9)
(-0.6 0.08000000000000002 0.9000000000000001)
(-0.5500000000000003 0.08 0.9)
(-0.5 0.08 0.9)
(-0.45 0.08 0.9)
(-0.4 0.08 0.9)
(-0.35 0.08 0.9)
(-0.3 0.08 0.9)
(-0.25 0.08 0.9)
(-0.1999999999999999 0.08 0.9)
(-0.15 0.08 0.9)
(-0.1 0.08 0.9)
(-0.05000000000000007 0.08 0.9)
(0 0.08 0.9)
(0.05000000000000004 0.08 0.9)
(0.1000000000000001 0.08 0.9)
(0.1499999999999999 0.08000000000000002 0.9)
(0.2 0.08 0.9)
(0.25 0.08 0.9)
(0.3 0.08 0.9)
(0.35 0.08 0.9)
(0.4 0.08 0.9)
(0.45 0.08 0.9)
(0.5 0.08 0.9)
(0.5500000000000003 0.08000000000000002 0.9)
(0.6 0.08 0.9)
(0.65 0.08000000000000002 0.9)
(0.7000000000000001 0.08 0.9)
(0.75 0.08 0.9)
(0.8 0.08000000000000002 0.9)
(0.85 0.08 0.9)
(0.9 0.08 0.9)
(0.9500000000000001 0.08 0.9)
(1 0.08 0.9)
(-1 0.08500000000000001 0.9)
(-0.9500000000000001 0.08500000000000001 0.9)
(-0.9 0.08500000000000001 0.9)
(-0.85 0.08500000000000001 0.9000000000000001)
(-0.8 0.08500000000000001 0.9)
(-0.75 0.08500000000000001 0.9)
(-0.7000000000000001 0.08500000000000001 0.9)
(-0.65 0.08500000000000001 0.9)
(-0.6 0.08500000000000001 0.9)
(-0.55 0.08500000000000001 0.9)
(-0.5 0.08500000000000001 0.9)
(-0.45 0.08500000000000001 0.9)
(-0.4 0.08500000000000001 0.9)
(-0.35 0.08500000000000001 0.9)
(-0.3 0.08500000000000001 0.9)
(-0.25 0.08500000000000001 0.9)
(-0.2 0.08500000000000001 0.9)
(-0.15 0.08500000000000001 0.9)
(-0.1 0.08500000000000001 0.9)
(-0.05000000000000003 0.08500000000000001 0.9)
(0 0.08500000000000001 0.9)
(0.05000000000000003 0.08500000000000001 0.9)
(0.1000000000000001 0.08500000000000001 0.9)
(0.1499999999999999 0.08500000000000001 0.9)
(0.2 0.08500000000000001 0.9)
(0.25 0.08500000000000001 0.9)
(0.3 0.08500000000000001 0.9)
(0.35 0.08500000000000001 0.9)
(0.4 0.08500000000000001 0.9)
(0.45 0.08500000000000001 0.9)
(0.5 0.08500000000000001 0.9)
(0.55 0.08500000000000001 0.9)
(0.6 0.08500000000000001 0.9)
(0.65 0.08500000000000001 0.9)
(0.7000000000000001 0.08500000000000001 0.9)
(0.75 0.08500000000000001 0.9)
(0.8 0.08500000000000001 0.9)
(0.85 0.08500000000000001 0.9)
(0.9 0.08500000000000001 0.8999999999999999)
(0.9500000000000001 0.08500000000000001 0.9000000000000001)
(1 0.08500000000000001 0.9)
(-1 0.09 0.9)
(-0.9500000000000001 0.09 0.9)
(-0.9 0.09 0.9)
(-0.85 0.09 0.9)
(-0.8 0.09 0.9)
(-0.75 0.09 0.9)
(-0.7000000000000001 0.09 0.9)
(-0.65 0.09 0.9)
(-0.6 0.09 0.9)
(-0.55 0.09 0.9)
(-0.5 0.09 0.9)
(-0.45 0.09 0.9)
(-0.4 0.09 0.9)
(-0.35 0.09 0.9)
(-0.3 0.09 0.9)
(-0.25 0.09 0.9)
(-0.2 0.09 0.9)
(-0.1499999999999999 0.09 0.9)
(-0.1 0.09 0.9)
(-0.05000000000000003 0.09 0.9)
(0 0.09 0.9)
(0.05000000000000003 0.09 0.9)
(0.1000000000000001 0.09 0.9)
(0.1499999999999999 0.09 0.9)
(0.2 0.09 0.9)
(0.25 0.09 0.9)
(0.3 0.09 0.9)
(0.35 0.09000000000000002 0.9)
(0.4 0.08999999999999998 0.9)
(0.45 0.09 0.9)
(0.5 0.09 0.9)
(0.55 0.09 0.9)
(0.6 0.09000000000000002 0.9)
(0.65 0.08999999999999998 0.9)
(0.7000000000000001 0.09 0.9)
(0.75 0.09 0.9)
(0.8 0.09 0.9)
(0.85 0.09000000000000002 0.9)
(0.9 0.09 0.9)
(0.9500000000000001 0.09 0.9)
(1 0.09 0.9)
(-1 0.095 0.9)
(-0.9500000000000001 0.095 0.9)
(-0.9 0.095 0.9)
(-0.85 0.095 0.9)
(-0.8 0.095 0.9)
(-0.75 0.095 0.9)
(-0.7000000000000001 0.095 0.9)
(-0.65 0.095 0.9)
(-0.6 0.095 0.9)
(-0.55 0.095 0.9)
(-0.5 0.095 0.9)
(-0.45 0.095 0.9)
(-0.3999999999999999 0.095 0.9)
(-0.3500000000000001 0.095 0.9)
(-0.3 0.095 0.8999999999999999)
(-0.25 0.095 0.9)
(-0.2 0.095 0.9)
(-0.15 0.095 0.9)
(-0.1 0.095 0.9)
(-0.05000000000000003 0.095 0.9)
(0 0.095 0.9)
(0.05000000000000003 0.095 0.9)
(0.1000000000000001 0.095 0.9)
(0.1499999999999999 0.095 0.9)
(0.2 0.095 0.9)
(0.25 0.095 0.9)
(0.3 0.09499999999999999 0.9)
(0.35 0.09500000000000001 0.9)
(0.4 0.09499999999999999 0.8999999999999999)
(0.45 0.095 0.9)
(0.5 0.095 0.9)
(0.55 0.095 0.9)
(0.6 0.095 0.9)
(0.65 0.095 0.9)
(0.7000000000000001 0.095 0.9)
(0.75 0.095 0.9)
(0.8 0.095 0.9)
(0.85 0.095 0.9)
(0.9 0.095 0.9)
(0.9500000000000001 0.095 0.9)
(1 0.095 0.9)
(-1 0.1 0.9)
(-0.9500000000000001 0.1 0.9)
(-0.9 0.1 0.9)
(-0.85 0.1 0.9)
(-0.8 0.1 0.9)
(-0.75 0.1 0.9)
(-0.7000000000000001 0.1 0.9)
(-0.65 0.1 0.9)
(-0.6 0.1 0.9)
(-0.55 0.1 0.9)
(-0.5 0.1 0.9)
(-0.45 0.1 0.9)
(-0.4 0.1 0.9)
(-0.35 0.1 0.9000000000000001)
(-0.3 0.1 0.9)
(-0.25 0.1 0.9)
(-0.2 0.1 0.9)
(-0.15 0.1 0.9)
(-0.1 0.1 0.9)
(-0.05000000000000004 0.1 0.9)
(0 0.1 0.9)
(0.05000000000000004 0.1 0.9)
(0.1000000000000001 0.1 0.9)
(0.1499999999999999 0.1 0.9)
(0.2 0.1 0.9)
(0.25 0.1 0.9)
(0.3 0.1 0.9)
(0.35 0.1 0.9)
(0.4 0.1 0.9)
(0.45 0.1 0.9)
(0.5 0.1 0.9)
(0.55 0.1 0.9)
(0.6 0.1 0.9)
(0.65 0.1 0.9)
(0.7000000000000001 0.1 0.9)
(0.75 0.1 0.9)
(0.8 0.1 0.9)
(0.85 0.1 0.9)
(0.9 0.1 0.9)
(0.9500000000000001 0.1 0.9)
(1 0.1 0.9)
(-1 0 0.93)
(-0.9500000000000001 0 0.93)
(-0.9 0 0.93)
(-0.85 0 0.93)
(-0.8 0 0.93)
(-0.75 0 0.93)
(-0.7000000000000001 0 0.93)
(-0.65 0 0.93)
(-0.6 0 0.9300000000000002)
(-0.55 0 0.93)
(-0.5 0 0.93)
(-0.45 0 0.93)
(-0.4 0 0.93)
(-0.35 0 0.9300000000000002)
(-0.3 0 0.93)
(-0.25 0 0.93)
(-0.2 0 0.93)
(-0.15 0 0.93)
(-0.1000000000000001 0 0.9300000000000002)
(-0.05000000000000003 0 0.93)
(0 0 0.93)
(0.05000000000000003 0 0.93)
(0.1000000000000001 0 0.93)
(0.1499999999999999 0 0.93)
(0.2 0 0.93)
(0.25 0 0.93)
(0.3 0 0.93)
(0.35 0 0.93)
(0.4 0 0.93)
(0.45 0 0.93)
(0.5 0 0.93)
(0.55 0 0.93)
(0.6 0 0.93)
(0.65 0 0.93)
(0.7000000000000001 0 0.93)
(0.75 0 0.93)
(0.8 0 0.93)
(0.85 0 0.93)
(0.9 0 0.93)
(0.9500000000000001 0 0.93)
(1 0 0.93)
(-1 0.005 0.93)
(-0.9500000000000001 0.005 0.93)
(-0.9 0.005 0.9300000000000002)
(-0.85 0.005 0.93)
(-0.8 0.005 0.9299999999999998)
(-0.75 0.005 0.93)
(-0.7000000000000001 0.005 0.93)
(-0.65 0.005 0.9300000000000002)
(-0.6 0.005000000000000001 0.9300000000000005)
(-0.55 0.005 0.93)
(-0.5 0.005 0.9300000000000002)
(-0.45 0.005 0.9299999999999998)
(-0.4 0.005 0.93)
(-0.35 0.005 0.93)
(-0.3 0.005000000000000001 0.93)
(-0.25 0.005 0.93)
(-0.2 0.005 0.9300000000000002)
(-0.15 0.005000000000000001 0.93)
(-0.1 0.005 0.93)
(-0.05000000000000003 0.005 0.93)
(0 0.005 0.93)
(0.05000000000000003 0.005 0.9300000000000002)
(0.1000000000000001 0.005000000000000001 0.93)
(0.1499999999999999 0.005000000000000001 0.93)
(0.2 0.005 0.9300000000000002)
(0.25 0.005 0.93)
(0.3 0.005000000000000001 0.93)
(0.3500000000000001 0.005000000000000001 0.9300000000000002)
(0.3999999999999999 0.005 0.9299999999999998)
(0.45 0.004999999999999999 0.93)
(0.5 0.005 0.9300000000000002)
(0.55 0.005000000000000001 0.93)
(0.6 0.005 0.9300000000000002)
(0.65 0.005 0.9300000000000002)
(0.7000000000000001 0.005 0.93)
(0.75 0.005 0.9300000000000002)
(0.8 0.005 0.93)
(0.85 0.005000000000000001 0.93)
(0.9 0.005 0.9300000000000002)
(0.9500000000000001 0.004999999999999999 0.93)
(1 0.005 0.93)
(-1 0.01 0.93)
(-0.9500000000000001 0.01 0.93)
(-0.9 0.01 0.9299999999999998)
(-0.85 0.01 0.93)
(-0.8 0.009999999999999998 0.93)
(-0.75 0.01 0.93)
(-0.7000000000000001 0.01 0.93)
(-0.65 0.01 0.93)
(-0.6000000000000001 0.01 0.93)
(-0.55 0.01 0.9299999999999998)
(-0.5 0.01 0.93)
(-0.45 0.01 0.93)
(-0.4 0.01 0.93)
(-0.35 0.01 0.9299999999999998)
(-0.3 0.01 0.9300000000000002)
(-0.25 0.01 0.93)
(-0.1999999999999999 0.01 0.93)
(-0.15 0.01 0.93)
(-0.1 0.01 0.93)
(-0.05000000000000003 0.01 0.93)
(0 0.01 0.9299999999999998)
(0.05000000000000003 0.01 0.93)
(0.1000000000000001 0.01 0.93)
(0.1499999999999999 0.01 0.93)
(0.1999999999999999 0.01 0.93)
(0.25 0.01 0.93)
(0.3000000000000001 0.01 0.9300000000000005)
(0.3500000000000001 0.01 0.9299999999999998)
(0.3999999999999999 0.01 0.9300000000000002)
(0.45 0.009999999999999998 0.9300000000000002)
(0.5 0.01 0.9300000000000002)
(0.55 0.01 0.93)
(0.6 0.009999999999999998 0.9300000000000002)
(0.65 0.01 0.93)
(0.7000000000000001 0.01 0.9300000000000002)
(0.75 0.01 0.93)
(0.8 0.01 0.93)
(0.85 0.01 0.93)
(0.9 0.01 0.93)
(0.9500000000000001 0.009999999999999998 0.93)
(1 0.01 0.93)
(-1 0.015 0.93)
(-0.9500000000000001 0.015 0.93)
(-0.9 0.015 0.93)
(-0.85 0.015 0.93)
(-0.8 0.015 0.9299999999999998)
(-0.75 0.015 0.93)
(-0.7000000000000001 0.015 0.93)
(-0.65 0.015 0.9300000000000002)
(-0.6 0.015 0.9300000000000002)
(-0.55 0.015 0.93)
(-0.5 0.015 0.93)
(-0.45 0.015 0.93)
(-0.4 0.015 0.93)
(-0.35 0.015 0.93)
(-0.3 0.015 0.93)
(-0.25 0.015 0.93)
(-0.2 0.015 0.93)
(-0.15 0.015 0.9300000000000002)
(-0.1 0.015 0.93)
(-0.05000000000000003 0.015 0.9300000000000002)
(0 0.015 0.9300000000000002)
(0.05 0.015 0.93)
(0.1000000000000001 0.015 0.93)
(0.1499999999999999 0.015 0.93)
(0.2 0.015 0.93)
(0.25 0.015 0.93)
(0.3 0.015 0.93)
(0.35 0.015 0.93)
(0.4 0.015 0.93)
(0.45 0.015 0.93)
(0.5 0.015 0.93)
(0.55 0.015 0.9300000000000002)
(0.6 0.015 0.9300000000000002)
(0.65 0.015 0.9300000000000002)
(0.7000000000000001 0.015 0.93)
(0.75 0.015 0.93)
(0.8 0.015 0.93)
(0.85 0.015 0.93)
(0.9 0.015 0.9300000000000002)
(0.9500000000000001 0.015 0.93)
(1 0.015 0.93)
(-1 0.02 0.93)
(-0.9500000000000001 0.02 0.93)
(-0.9 0.02 0.9300000000000002)
(-0.85 0.02 0.9299999999999998)
(-0.8 0.02 0.9300000000000002)
(-0.75 0.02 0.9299999999999998)
(-0.7000000000000001 0.02 0.9300000000000002)
(-0.65 0.02 0.93)
(-0.6 0.02 0.9300000000000002)
(-0.55 0.02 0.93)
(-0.5 0.02 0.93)
(-0.45 0.02 0.93)
(-0.4 0.02 0.93)
(-0.35 0.02 0.93)
(-0.3 0.02 0.93)
(-0.25 0.02 0.93)
(-0.2 0.02 0.93)
(-0.15 0.02 0.9299999999999998)
(-0.1000000000000001 0.02 0.9300000000000002)
(-0.05000000000000005 0.02 0.93)
(0 0.02 0.93)
(0.05000000000000004 0.02 0.93)
(0.1000000000000001 0.02 0.93)
(0.1499999999999999 0.02 0.9299999999999998)
(0.2 0.02 0.93)
(0.25 0.02 0.93)
(0.3 0.02 0.9299999999999998)
(0.35 0.02 0.9300000000000002)
(0.4 0.02 0.9299999999999998)
(0.45 0.02 0.9300000000000002)
(0.5000000000000001 0.02 0.9299999999999998)
(0.5500000000000003 0.02 0.9300000000000002)
(0.6 0.02 0.93)
(0.65 0.02 0.9300000000000002)
(0.7000000000000001 0.02 0.9300000000000002)
(0.75 0.02 0.93)
(0.8 0.02 0.93)
(0.8500000000000002 0.02 0.93)
(0.9 0.02 0.9300000000000002)
(0.9500000000000001 0.02 0.93)
(1 0.02 0.93)
(-1 0.025 0.93)
(-0.9500000000000001 0.025 0.93)
(-0.9 0.025 0.93)
(-0.85 0.025 0.93)
(-0.8 0.025 0.93)
(-0.75 0.025 0.93)
(-0.7000000000000001 0.025 0.93)
(-0.65 0.025 0.93)
(-0.6 0.025 0.93)
(-0.55 0.025 0.93)
(-0.5 0.025 0.93)
(-0.45 0.025 0.93)
(-0.4 0.025 0.93)
(-0.35 0.025 0.93)
(-0.3 0.025 0.93)
(-0.25 0.025 0.93)
(-0.2 0.025 0.93)
(-0.15 0.025 0.93)
(-0.1 0.025 0.93)
(-0.05000000000000007 0.025 0.93)
(0 0.025 0.93)
(0.05000000000000007 0.025 0.93)
(0.1000000000000001 0.025 0.93)
(0.1499999999999999 0.025 0.93)
(0.2 0.025 0.93)
(0.25 0.025 0.93)
(0.3 0.025 0.93)
(0.35 0.025 0.93)
(0.4 0.025 0.93)
(0.45 0.025 0.93)
(0.5 0.025 0.93)
(0.55 0.025 0.93)
(0.6 0.025 0.93)
(0.65 0.025 0.9300000000000002)
(0.7000000000000001 0.025 0.93)
(0.75 0.025 0.93)
(0.8 0.025 0.93)
(0.85 0.025 0.93)
(0.9 0.025 0.93)
(0.9500000000000001 0.025 0.93)
(1 0.025 0.93)
(-1 0.03 0.93)
(-0.9500000000000001 0.03 0.93)
(-0.9 0.03 0.93)
(-0.85 0.03 0.93)
(-0.8 0.03 0.9299999999999998)
(-0.75 0.03 0.93)
(-0.7000000000000001 0.03 0.93)
(-0.65 0.03 0.93)
(-0.6 0.03 0.93)
(-0.55 0.03 0.93)
(-0.5 0.03 0.93)
(-0.45 0.03 0.93)
(-0.4 0.03 0.9299999999999998)
(-0.3500000000000001 0.03 0.93)
(-0.3 0.03 0.93)
(-0.25 0.03 0.93)
(-0.2 0.03 0.93)
(-0.15 0.03 0.9300000000000002)
(-0.1000000000000001 0.03 0.93)
(-0.05000000000000008 0.03 0.93)
(0 0.03 0.93)
(0.05000000000000005 0.03 0.93)
(0.1000000000000001 0.03 0.93)
(0.1499999999999999 0.03 0.93)
(0.2 0.03 0.9300000000000002)
(0.25 0.03 0.9299999999999998)
(0.3 0.03 0.93)
(0.35 0.03 0.93)
(0.4 0.03 0.93)
(0.45 0.03 0.93)
(0.5 0.03 0.9300000000000002)
(0.55 0.03 0.93)
(0.6 0.03 0.93)
(0.65 0.03 0.93)
(0.7000000000000001 0.03 0.93)
(0.75 0.03 0.93)
(0.8 0.03 0.93)
(0.85 0.03 0.9299999999999998)
(0.9 0.03 0.93)
(0.9500000000000001 0.03 0.93)
(1 0.03 0.93)
(-1 0.035 0.93)
(-0.9500000000000001 0.035 0.93)
(-0.9 0.035 0.93)
(-0.85 0.035 0.93)
(-0.8000000000000002 0.035 0.9300000000000002)
(-0.75 0.035 0.93)
(-0.7000000000000001 0.035 0.93)
(-0.65 0.03499999999999999 0.93)
(-0.6 0.035 0.93)
(-0.55 0.035 0.93)
(-0.5 0.035 0.93)
(-0.45 0.035 0.9299999999999998)
(-0.4 0.035 0.93)
(-0.35 0.035 0.93)
(-0.3 0.035 0.9300000000000002)
(-0.25 0.035 0.93)
(-0.2 0.035 0.93)
(-0.15 0.035 0.93)
(-0.1 0.035 0.93)
(-0.05000000000000013 0.035 0.93)
(0 0.035 0.9299999999999998)
(0.05000000000000011 0.035 0.93)
(0.1000000000000001 0.035 0.9299999999999998)
(0.1499999999999999 0.035 0.93)
(0.2 0.035 0.93)
(0.25 0.035 0.93)
(0.3 0.035 0.93)
(0.35 0.035 0.93)
(0.4 0.035 0.93)
(0.45 0.035 0.9300000000000002)
(0.5 0.035 0.93)
(0.55 0.035 0.93)
(0.6 0.035 0.93)
(0.65 0.035 0.9300000000000002)
(0.7000000000000001 0.035 0.93)
(0.75 0.035 0.93)
(0.8 0.035 0.93)
(0.85 0.035 0.93)
(0.9 0.035 0.93)
(0.9500000000000001 0.035 0.93)
(1 0.035 0.93)
(-1 0.04 0.93)
(-0.9500000000000001 0.04 0.93)
(-0.9 0.04 0.93)
(-0.85 0.04 0.93)
(-0.8 0.04 0.93)
(-0.75 0.04 0.93)
(-0.7000000000000001 0.04 0.93)
(-0.65 0.04 0.93)
(-0.6 0.04 0.93)
(-0.55 0.04 0.93)
(-0.5 0.04 0.93)
(-0.45 0.04 0.93)
(-0.4 0.04 0.93)
(-0.35 0.04 0.93)
(-0.3 0.04 0.93)
(-0.25 0.04 0.93)
(-0.2 0.04 0.93)
(-0.15 0.04000000000000001 0.93)
(-0.1 0.04 0.93)
(-0.05000000000000004 0.04 0.93)
(0 0.04 0.9300000000000002)
(0.05000000000000004 0.04 0.9300000000000002)
(0.1000000000000001 0.04 0.93)
(0.1499999999999999 0.04 0.93)
(0.2 0.04 0.93)
(0.25 0.04 0.93)
(0.3 0.04 0.93)
(0.35 0.04 0.9299999999999998)
(0.4 0.04000000000000001 0.9300000000000002)
(0.45 0.03999999999999999 0.9300000000000002)
(0.5 0.04 0.93)
(0.55 0.04000000000000001 0.93)
(0.6 0.04 0.93)
(0.65 0.04 0.93)
(0.7000000000000001 0.04 0.93)
(0.75 0.04 0.93)
(0.8 0.04000000000000001 0.93)
(0.85 0.04 0.9300000000000002)
(0.9 0.04 0.93)
(0.9500000000000001 0.04 0.93)
(1 0.04 0.93)
(-1 0.045 0.93)
(-0.9500000000000001 0.045 0.93)
(-0.9 0.045 0.93)
(-0.85 0.045 0.93)
(-0.8 0.045 0.93)
(-0.75 0.045 0.93)
(-0.7000000000000001 0.045 0.93)
(-0.65 0.04499999999999999 0.93)
(-0.6 0.045 0.93)
(-0.55 0.045 0.93)
(-0.5 0.045 0.93)
(-0.45 0.045 0.93)
(-0.4 0.045 0.93)
(-0.35 0.045 0.93)
(-0.3000000000000001 0.045 0.9300000000000002)
(-0.25 0.045 0.93)
(-0.2 0.045 0.93)
(-0.15 0.045 0.93)
(-0.1000000000000001 0.045 0.93)
(-0.05000000000000004 0.045 0.9300000000000002)
(0 0.045 0.93)
(0.05000000000000004 0.045 0.9300000000000002)
(0.1000000000000001 0.045 0.9299999999999998)
(0.1499999999999999 0.045 0.93)
(0.2 0.045 0.93)
(0.25 0.045 0.93)
(0.3000000000000001 0.045 0.9300000000000002)
(0.35 0.045 0.93)
(0.4 0.04500000000000001 0.9300000000000002)
(0.45 0.045 0.9300000000000002)
(0.5 0.045 0.93)
(0.55 0.045 0.93)
(0.6 0.04500000000000001 0.93)
(0.65 0.04499999999999999 0.93)
(0.7000000000000001 0.04500000000000001 0.93)
(0.75 0.045 0.93)
(0.8 0.04500000000000001 0.93)
(0.85 0.045 0.93)
(0.9 0.045 0.9300000000000002)
(0.9500000000000001 0.04500000000000001 0.93)
(1 0.045 0.93)
(-1 0.05 0.93)
(-0.9500000000000001 0.05 0.93)
(-0.9 0.05 0.93)
(-0.85 0.05 0.93)
(-0.8 0.05 0.93)
(-0.75 0.05 0.93)
(-0.7000000000000001 0.05 0.93)
(-0.65 0.05 0.93)
(-0.6 0.05 0.9300000000000002)
(-0.55 0.05000000000000001 0.93)
(-0.5 0.05 0.93)
(-0.45 0.05 0.93)
(-0.4 0.05 0.93)
(-0.35 0.05 0.9300000000000002)
(-0.3 0.05 0.93)
(-0.25 0.05 0.93)
(-0.2 0.05 0.93)
(-0.15 0.05 0.93)
(-0.1000000000000001 0.05 0.9300000000000002)
(-0.05000000000000003 0.05 0.93)
(0 0.05 0.93)
(0.05000000000000003 0.05 0.93)
(0.1000000000000002 0.05000000000000001 0.93)
(0.1499999999999999 0.05 0.93)
(0.2 0.05 0.93)
(0.25 0.05 0.93)
(0.3 0.05 0.93)
(0.35 0.05000000000000001 0.93)
(0.4 0.05 0.93)
(0.45 0.05 0.93)
(0.5 0.05 0.93)
(0.55 0.05 0.93)
(0.6 0.05000000000000001 0.93)
(0.65 0.05000000000000001 0.9300000000000002)
(0.7000000000000001 0.05 0.93)
(0.75 0.05 0.93)
(0.8 0.05 0.93)
(0.85 0.05 0.93)
(0.9 0.05 0.93)
(0.9500000000000001 0.05 0.93)
(1 0.05 0.93)
(-1 0.055 0.93)
(-0.9500000000000001 0.055 0.93)
(-0.9 0.055 0.93)
(-0.85 0.055 0.93)
(-0.8 0.05500000000000001 0.93)
(-0.75 0.055 0.93)
(-0.7000000000000001 0.055 0.93)
(-0.65 0.055 0.93)
(-0.6 0.055 0.93)
(-0.55 0.055 0.93)
(-0.5 0.055 0.93)
(-0.45 0.055 0.93)
(-0.4 0.055 0.93)
(-0.35 0.055 0.93)
(-0.3 0.055 0.93)
(-0.25 0.055 0.93)
(-0.2 0.055 0.9300000000000002)
(-0.15 0.05500000000000001 0.93)
(-0.1 0.055 0.9300000000000002)
(-0.05000000000000007 0.055 0.93)
(0 0.055 0.93)
(0.05000000000000004 0.055 0.93)
(0.1000000000000001 0.055 0.93)
(0.1499999999999999 0.055 0.93)
(0.1999999999999999 0.055 0.9299999999999998)
(0.25 0.055 0.93)
(0.3 0.055 0.9299999999999998)
(0.35 0.055 0.93)
(0.4 0.055 0.93)
(0.45 0.055 0.93)
(0.5 0.055 0.93)
(0.55 0.055 0.93)
(0.6 0.055 0.93)
(0.65 0.055 0.9300000000000002)
(0.7000000000000001 0.055 0.93)
(0.75 0.05500000000000001 0.93)
(0.8 0.055 0.93)
(0.85 0.055 0.93)
(0.9 0.05499999999999999 0.93)
(0.9500000000000001 0.055 0.9300000000000002)
(1 0.055 0.93)
(-1 0.06 0.93)
(-0.9500000000000001 0.06 0.93)
(-0.9 0.06 0.93)
(-0.85 0.06 0.93)
(-0.8 0.06 0.93)
(-0.75 0.06 0.93)
(-0.7000000000000001 0.06 0.93)
(-0.65 0.06 0.93)
(-0.6 0.06 0.93)
(-0.55 0.06 0.93)
(-0.5 0.06 0.93)
(-0.45 0.06 0.93)
(-0.4 0.06 0.93)
(-0.35 0.06 0.93)
(-0.3 0.06 0.93)
(-0.25 0.05999999999999999 0.93)
(-0.2 0.06 0.93)
(-0.15 0.06 0.93)
(-0.1000000000000001 0.06 0.9300000000000002)
(-0.05000000000000004 0.06 0.93)
(0 0.06 0.93)
(0.05000000000000007 0.06 0.93)
(0.1000000000000001 0.06 0.93)
(0.1499999999999999 0.05999999999999999 0.93)
(0.2 0.06 0.93)
(0.25 0.06 0.9300000000000002)
(0.3 0.06 0.93)
(0.35 0.06 0.93)
(0.4 0.06 0.93)
(0.45 0.06 0.93)
(0.5 0.06 0.93)
(0.55 0.06 0.9300000000000002)
(0.6 0.06 0.93)
(0.65 0.06 0.93)
(0.7000000000000001 0.06 0.93)
(0.75 0.06 0.9300000000000002)
(0.8 0.06 0.93)
(0.85 0.06 0.93)
(0.9 0.05999999999999999 0.9300000000000002)
(0.9500000000000001 0.06 0.93)
(1 0.06 0.93)
(-1 0.065 0.93)
(-0.9500000000000001 0.065 0.93)
(-0.9 0.065 0.93)
(-0.85 0.065 0.93)
(-0.8000000000000002 0.06500000000000002 0.93)
(-0.75 0.065 0.93)
(-0.7000000000000001 0.065 0.93)
(-0.65 0.065 0.93)
(-0.6 0.065 0.93)
(-0.55 0.065 0.93)
(-0.5 0.065 0.93)
(-0.45 0.065 0.93)
(-0.4 0.065 0.93)
(-0.35 0.065 0.93)
(-0.3 0.065 0.93)
(-0.25 0.065 0.93)
(-0.2 0.065 0.93)
(-0.15 0.065 0.93)
(-0.1 0.06500000000000002 0.93)
(-0.05000000000000011 0.065 0.93)
(0 0.065 0.93)
(0.05000000000000011 0.065 0.93)
(0.1000000000000001 0.065 0.93)
(0.1499999999999999 0.065 0.93)
(0.2 0.065 0.93)
(0.25 0.065 0.93)
(0.3 0.065 0.93)
(0.35 0.06500000000000002 0.93)
(0.4 0.065 0.93)
(0.45 0.065 0.93)
(0.5 0.065 0.93)
(0.55 0.065 0.93)
(0.6 0.065 0.9299999999999998)
(0.65 0.065 0.93)
(0.7000000000000001 0.065 0.93)
(0.75 0.065 0.9299999999999998)
(0.8 0.065 0.9300000000000002)
(0.85 0.065 0.93)
(0.9 0.06499999999999999 0.9299999999999998)
(0.9500000000000001 0.065 0.93)
(1 0.065 0.93)
(-1 0.07000000000000001 0.93)
(-0.9500000000000001 0.07000000000000001 0.93)
(-0.9 0.07000000000000001 0.93)
(-0.85 0.07000000000000001 0.93)
(-0.8 0.07000000000000001 0.93)
(-0.75 0.07000000000000001 0.93)
(-0.7000000000000001 0.07000000000000001 0.93)
(-0.65 0.07000000000000001 0.93)
(-0.6 0.07000000000000001 0.93)
(-0.55 0.07000000000000001 0.93)
(-0.5 0.07000000000000001 0.93)
(-0.45 0.07000000000000001 0.93)
(-0.4 0.06999999999999999 0.93)
(-0.35 0.07000000000000001 0.93)
(-0.3 0.07000000000000001 0.93)
(-0.25 0.07000000000000001 0.93)
(-0.2 0.07000000000000001 0.93)
(-0.15 0.06999999999999999 0.9299999999999998)
(-0.1 0.07000000000000001 0.93)
(-0.05000000000000007 0.07000000000000001 0.93)
(0 0.07000000000000001 0.93)
(0.05000000000000007 0.06999999999999999 0.93)
(0.1000000000000001 0.07000000000000001 0.93)
(0.1499999999999999 0.07000000000000001 0.93)
(0.2 0.07000000000000001 0.93)
(0.25 0.07000000000000001 0.93)
(0.3 0.07000000000000001 0.93)
(0.35 0.07000000000000001 0.93)
(0.4 0.07000000000000001 0.93)
(0.45 0.07000000000000001 0.93)
(0.5 0.07000000000000001 0.93)
(0.55 0.07000000000000001 0.93)
(0.6 0.06999999999999999 0.93)
(0.65 0.07000000000000001 0.93)
(0.7000000000000001 0.07000000000000001 0.93)
(0.75 0.07000000000000001 0.93)
(0.8 0.07000000000000001 0.93)
(0.85 0.07000000000000001 0.93)
(0.9 0.07000000000000001 0.93)
(0.9500000000000001 0.07000000000000001 0.93)
(1 0.07000000000000001 0.93)
(-1 0.075 0.93)
(-0.9500000000000001 0.075 0.93)
(-0.9 0.075 0.93)
(-0.85 0.075 0.93)
(-0.8 0.075 0.93)
(-0.75 0.075 0.93)
(-0.7000000000000001 0.075 0.93)
(-0.65 0.075 0.93)
(-0.6 0.075 0.93)
(-0.55 0.075 0.93)
(-0.5 0.075 0.93)
(-0.45 0.075 0.93)
(-0.4 0.075 0.93)
(-0.35 0.075 0.93)
(-0.3 0.075 0.93)
(-0.25 0.075 0.93)
(-0.2 0.075 0.93)
(-0.15 0.075 0.93)
(-0.1 0.075 0.93)
(-0.05000000000000007 0.075 0.93)
(0 0.075 0.93)
(0.05000000000000007 0.075 0.93)
(0.1000000000000001 0.075 0.93)
(0.1499999999999999 0.075 0.93)
(0.2 0.075 0.93)
(0.25 0.075 0.93)
(0.3 0.075 0.93)
(0.35 0.075 0.93)
(0.4 0.075 0.93)
(0.45 0.075 0.93)
(0.5 0.075 0.93)
(0.55 0.075 0.93)
(0.6 0.075 0.93)
(0.65 0.075 0.9300000000000002)
(0.7000000000000001 0.075 0.93)
(0.75 0.075 0.93)
(0.8 0.075 0.93)
(0.85 0.075 0.93)
(0.9 0.075 0.93)
(0.9500000000000001 0.075 0.93)
(1 0.075 0.93)
(-1 0.08 0.93)
(-0.9500000000000001 0.08 0.93)
(-0.9 0.08 0.93)
(-0.85 0.08 0.93)
(-0.8 0.08 0.93)
(-0.75 0.08 0.93)
(-0.7000000000000001 0.08 0.93)
(-0.65 0.08 0.93)
(-0.6 0.08000000000000002 0.93)
(-0.55 0.08 0.93)
(-0.5 0.08 0.93)
(-0.45 0.08 0.93)
(-0.4 0.08 0.93)
(-0.35 0.08 0.93)
(-0.3 0.08 0.93)
(-0.25 0.08 0.93)
(-0.1999999999999999 0.08 0.93)
(-0.15 0.08 0.93)
(-0.1 0.08 0.93)
(-0.05000000000000007 0.08 0.93)
(0 0.08000000000000002 0.93)
(0.05000000000000004 0.08 0.93)
(0.1000000000000001 0.08 0.93)
(0.1499999999999999 0.08 0.93)
(0.1999999999999999 0.08 0.93)
(0.25 0.08 0.93)
(0.3 0.08 0.93)
(0.35 0.08 0.93)
(0.4 0.08 0.93)
(0.45 0.07999999999999999 0.93)
(0.5000000000000001 0.08 0.93)
(0.55 0.08000000000000002 0.93)
(0.6 0.08 0.93)
(0.65 0.08 0.93)
(0.7000000000000001 0.07999999999999999 0.93)
(0.75 0.08 0.93)
(0.8 0.08 0.9299999999999998)
(0.85 0.08000000000000002 0.93)
(0.9 0.08 0.9300000000000002)
(0.9500000000000001 0.08 0.93)
(1 0.08 0.93)
(-1 0.08500000000000001 0.93)
(-0.9500000000000001 0.08500000000000001 0.93)
(-0.9 0.08500000000000001 0.93)
(-0.85 0.08500000000000001 0.93)
(-0.8 0.08500000000000001 0.9300000000000002)
(-0.75 0.08500000000000001 0.93)
(-0.7000000000000001 0.08500000000000001 0.9300000000000002)
(-0.65 0.08499999999999998 0.93)
(-0.6000000000000001 0.08500000000000001 0.93)
(-0.55 0.08500000000000001 0.93)
(-0.5 0.08500000000000001 0.93)
(-0.45 0.08500000000000001 0.93)
(-0.4 0.08500000000000001 0.93)
(-0.35 0.08500000000000001 0.93)
(-0.3 0.08500000000000001 0.93)
(-0.2500000000000001 0.08500000000000001 0.93)
(-0.2 0.08500000000000001 0.9300000000000002)
(-0.15 0.08500000000000001 0.93)
(-0.1 0.08500000000000001 0.9300000000000002)
(-0.05000000000000003 0.08500000000000001 0.93)
(0 0.08500000000000001 0.93)
(0.05000000000000003 0.08500000000000001 0.93)
(0.1000000000000001 0.08500000000000002 0.93)
(0.1499999999999999 0.08500000000000001 0.93)
(0.2 0.08500000000000001 0.93)
(0.25 0.08500000000000001 0.93)
(0.3 0.08500000000000001 0.93)
(0.35 0.08500000000000001 0.9299999999999998)
(0.4 0.08500000000000001 0.9300000000000002)
(0.45 0.08500000000000001 0.93)
(0.5 0.08500000000000001 0.93)
(0.55 0.08500000000000001 0.93)
(0.6 0.08500000000000001 0.93)
(0.65 0.08499999999999998 0.93)
(0.7000000000000001 0.08500000000000001 0.93)
(0.75 0.08500000000000001 0.9300000000000002)
(0.8 0.08500000000000002 0.9300000000000002)
(0.8500000000000002 0.08500000000000001 0.93)
(0.9 0.08500000000000001 0.93)
(0.9500000000000001 0.08500000000000001 0.93)
(1 0.08500000000000001 0.93)
(-1 0.09 0.93)
(-0.9500000000000001 0.09 0.93)
(-0.9 0.09 0.93)
(-0.85 0.09 0.93)
(-0.8 0.09 0.93)
(-0.75 0.09 0.93)
(-0.7000000000000001 0.09000000000000002 0.93)
(-0.65 0.09 0.93)
(-0.6 0.09 0.93)
(-0.55 0.09 0.93)
(-0.5 0.09 0.93)
(-0.45 0.09 0.93)
(-0.4 0.09 0.93)
(-0.35 0.09 0.93)
(-0.3 0.09 0.9299999999999998)
(-0.25 0.09 0.93)
(-0.2 0.09 0.93)
(-0.15 0.09 0.93)
(-0.1 0.09 0.93)
(-0.05000000000000003 0.09 0.93)
(0 0.09 0.93)
(0.05000000000000003 0.09 0.93)
(0.1000000000000001 0.08999999999999998 0.9300000000000002)
(0.1499999999999999 0.09 0.93)
(0.2 0.09 0.93)
(0.25 0.09 0.93)
(0.3 0.09 0.93)
(0.35 0.09 0.93)
(0.4 0.09000000000000002 0.93)
(0.45 0.09 0.93)
(0.5 0.08999999999999998 0.93)
(0.55 0.09 0.93)
(0.6 0.08999999999999998 0.93)
(0.65 0.09 0.93)
(0.7000000000000001 0.09000000000000002 0.9300000000000002)
(0.75 0.09 0.9299999999999998)
(0.8 0.09000000000000002 0.93)
(0.85 0.09 0.9299999999999998)
(0.9 0.09 0.93)
(0.9500000000000001 0.09000000000000002 0.93)
(1 0.09 0.93)
(-1 0.095 0.93)
(-0.9500000000000001 0.095 0.93)
(-0.9 0.09500000000000001 0.93)
(-0.85 0.095 0.93)
(-0.8 0.095 0.93)
(-0.75 0.095 0.93)
(-0.7000000000000001 0.095 0.93)
(-0.65 0.095 0.93)
(-0.6 0.095 0.9300000000000002)
(-0.55 0.095 0.93)
(-0.5 0.09500000000000001 0.93)
(-0.45 0.095 0.93)
(-0.3999999999999999 0.095 0.93)
(-0.3500000000000001 0.095 0.93)
(-0.3 0.095 0.93)
(-0.25 0.095 0.93)
(-0.2 0.095 0.93)
(-0.15 0.095 0.93)
(-0.1 0.095 0.9300000000000002)
(-0.05000000000000003 0.095 0.93)
(0 0.095 0.93)
(0.05000000000000003 0.095 0.93)
(0.1000000000000001 0.095 0.93)
(0.1499999999999999 0.095 0.93)
(0.2 0.095 0.93)
(0.25 0.095 0.93)
(0.3 0.09499999999999999 0.93)
(0.35 0.095 0.93)
(0.4 0.095 0.93)
(0.45 0.095 0.93)
(0.5 0.095 0.93)
(0.55 0.095 0.93)
(0.6 0.095 0.9300000000000002)
(0.65 0.095 0.93)
(0.7000000000000001 0.095 0.93)
(0.75 0.095 0.93)
(0.8 0.09499999999999999 0.93)
(0.85 0.095 0.93)
(0.9 0.095 0.9300000000000002)
(0.9500000000000001 0.095 0.93)
(1 0.095 0.93)
(-1 0.1 0.93)
(-0.9500000000000001 0.1 0.93)
(-0.9 0.1 0.93)
(-0.85 0.1 0.93)
(-0.8 0.1 0.93)
(-0.75 0.1 0.93)
(-0.7000000000000001 0.1 0.93)
(-0.65 0.1 0.93)
(-0.6 0.1 0.93)
(-0.55 0.1 0.93)
(-0.5 0.1 0.93)
(-0.45 0.1 0.93)
(-0.4 0.1 0.93)
(-0.35 0.1 0.93)
(-0.3 0.1 0.93)
(-0.25 0.1 0.93)
(-0.2 0.1 0.93)
(-0.15 0.1 0.93)
(-0.1000000000000001 0.1 0.93)
(-0.05000000000000003 0.1 0.93)
(0 0.1 0.93)
(0.05000000000000003 0.1 0.93)
(0.1000000000000001 0.1 0.93)
(0.1499999999999999 0.1 0.93)
(0.2 0.1 0.93)
(0.25 0.1 0.93)
(0.3 0.1 0.93)
(0.35 0.1 0.93)
(0.4 0.1 0.93)
(0.45 0.1 0.93)
(0.5 0.1 0.93)
(0.55 0.1 0.93)
(0.6 0.1 0.93)
(0.65 0.1 0.93)
(0.7000000000000001 0.1 0.93)
(0.75 0.1 0.93)
(0.8 0.1 0.93)
(0.85 0.1 0.93)
(0.9 0.1 0.93)
(0.9500000000000001 0.1 0.93)
(1 0.1 0.93)
(-1 0 0.96)
(-0.9500000000000001 0 0.96)
(-0.9 0 0.96)
(-0.85 0 0.96)
(-0.8 0 0.96)
(-0.75 0 0.96)
(-0.7000000000000001 0 0.96)
(-0.65 0 0.96)
(-0.6 0 0.9600000000000002)
(-0.55 0 0.96)
(-0.5 0 0.96)
(-0.45 0 0.96)
(-0.4 0 0.96)
(-0.35 0 0.96)
(-0.3 0 0.96)
(-0.25 0 0.96)
(-0.2 0 0.96)
(-0.15 0 0.96)
(-0.1 0 0.96)
(-0.05000000000000003 0 0.96)
(0 0 0.96)
(0.05000000000000003 0 0.96)
(0.1000000000000001 0 0.96)
(0.1499999999999999 0 0.96)
(0.2 0 0.96)
(0.25 0 0.96)
(0.3 0 0.96)
(0.35 0 0.96)
(0.4 0 0.96)
(0.45 0 0.96)
(0.5 0 0.96)
(0.55 0 0.96)
(0.6 0 0.96)
(0.65 0 0.96)
(0.7000000000000001 0 0.96)
(0.75 0 0.96)
(0.8 0 0.96)
(0.85 0 0.96)
(0.9 0 0.96)
(0.9500000000000001 0 0.96)
(1 0 0.96)
(-1 0.005 0.96)
(-0.9500000000000001 0.005 0.96)
(-0.9 0.005 0.96)
(-0.85 0.005000000000000001 0.96)
(-0.8 0.005 0.96)
(-0.75 0.005 0.96)
(-0.7000000000000001 0.005 0.96)
(-0.65 0.005 0.9599999999999999)
(-0.6 0.005000000000000001 0.96)
(-0.55 0.005 0.96)
(-0.5 0.005 0.96)
(-0.45 0.005 0.96)
(-0.4 0.005 0.96)
(-0.35 0.005 0.96)
(-0.3000000000000001 0.005 0.96)
(-0.25 0.005 0.96)
(-0.1999999999999999 0.005 0.96)
(-0.1499999999999999 0.005 0.96)
(-0.09999999999999998 0.005000000000000001 0.9600000000000002)
(-0.05000000000000004 0.005 0.9599999999999999)
(0 0.005 0.9599999999999999)
(0.05000000000000004 0.005 0.9599999999999999)
(0.1000000000000001 0.005000000000000001 0.96)
(0.1499999999999999 0.005000000000000001 0.96)
(0.2 0.005 0.9600000000000002)
(0.25 0.005 0.96)
(0.3 0.005000000000000001 0.96)
(0.3500000000000001 0.005000000000000001 0.96)
(0.3999999999999999 0.005 0.96)
(0.45 0.005 0.9600000000000002)
(0.5 0.005 0.9600000000000002)
(0.55 0.005 0.96)
(0.6 0.005 0.96)
(0.65 0.005 0.9599999999999999)
(0.7000000000000001 0.005 0.9600000000000002)
(0.75 0.005 0.9600000000000002)
(0.8 0.005000000000000001 0.96)
(0.85 0.005 0.96)
(0.9 0.005 0.96)
(0.9500000000000001 0.005 0.9600000000000002)
(1 0.005 0.96)
(-1 0.01 0.96)
(-0.9500000000000001 0.01 0.9600000000000002)
(-0.9 0.01 0.96)
(-0.85 0.01 0.9600000000000002)
(-0.8 0.01 0.9599999999999999)
(-0.75 0.01 0.96)
(-0.7000000000000001 0.01 0.9600000000000002)
(-0.65 0.01 0.96)
(-0.6000000000000001 0.01 0.96)
(-0.55 0.01 0.9600000000000002)
(-0.5 0.01 0.9599999999999999)
(-0.45 0.01 0.9599999999999999)
(-0.4 0.01 0.9600000000000002)
(-0.35 0.01 0.96)
(-0.3 0.01 0.96)
(-0.25 0.01 0.96)
(-0.2 0.01 0.9599999999999999)
(-0.1499999999999999 0.01 0.96)
(-0.1 0.01 0.96)
(-0.05000000000000003 0.01 0.9600000000000002)
(0 0.01 0.96)
(0.05000000000000003 0.01 0.96)
(0.1000000000000001 0.01 0.9599999999999999)
(0.1499999999999999 0.01 0.9599999999999999)
(0.1999999999999999 0.01 0.9599999999999999)
(0.25 0.01 0.96)
(0.3 0.01 0.9600000000000002)
(0.3500000000000001 0.01 0.96)
(0.3999999999999999 0.01 0.96)
(0.45 0.01 0.96)
(0.5 0.01 0.9599999999999999)
(0.55 0.01 0.96)
(0.6 0.009999999999999998 0.96)
(0.65 0.01 0.96)
(0.7000000000000001 0.01 0.9600000000000002)
(0.75 0.01 0.9599999999999999)
(0.8 0.01 0.9599999999999999)
(0.85 0.01 0.96)
(0.9 0.01 0.96)
(0.9500000000000001 0.009999999999999998 0.96)
(1 0.01 0.96)
(-1 0.015 0.96)
(-0.9500000000000001 0.015 0.9600000000000002)
(-0.9 0.015 0.96)
(-0.85 0.015 0.96)
(-0.8000000000000002 0.015 0.9600000000000002)
(-0.75 0.015 0.9600000000000002)
(-0.7000000000000001 0.015 0.9600000000000002)
(-0.65 0.015 0.9599999999999999)
(-0.6 0.015 0.9599999999999999)
(-0.55 0.015 0.9600000000000002)
(-0.5 0.015 0.96)
(-0.45 0.015 0.96)
(-0.4 0.015 0.96)
(-0.35 0.015 0.9600000000000002)
(-0.3 0.015 0.9600000000000002)
(-0.25 0.015 0.96)
(-0.2 0.015 0.96)
(-0.15 0.015 0.96)
(-0.09999999999999998 0.015 0.9600000000000002)
(-0.05000000000000003 0.015 0.96)
(0 0.015 0.96)
(0.05 0.015 0.96)
(0.1000000000000001 0.015 0.9600000000000002)
(0.1499999999999999 0.015 0.96)
(0.2 0.015 0.96)
(0.25 0.015 0.96)
(0.3 0.015 0.9600000000000002)
(0.35 0.015 0.9600000000000002)
(0.3999999999999999 0.015 0.96)
(0.45 0.015 0.96)
(0.5 0.015 0.9600000000000002)
(0.55 0.015 0.9600000000000002)
(0.6 0.015 0.96)
(0.65 0.015 0.96)
(0.7000000000000001 0.015 0.9600000000000002)
(0.75 0.015 0.9600000000000002)
(0.8 0.015 0.96)
(0.85 0.015 0.96)
(0.9 0.015 0.9600000000000002)
(0.9500000000000001 0.015 0.9600000000000002)
(1 0.015 0.96)
(-1 0.02 0.9600000000000002)
(-0.9500000000000001 0.02 0.9600000000000004)
(-0.9 0.02 0.96)
(-0.8500000000000002 0.02 0.96)
(-0.8 0.02 0.96)
(-0.75 0.02 0.9600000000000002)
(-0.7000000000000001 0.02 0.9599999999999999)
(-0.65 0.02 0.96)
(-0.6 0.02 0.96)
(-0.55 0.02 0.9599999999999999)
(-0.5 0.02 0.96)
(-0.45 0.02 0.9600000000000002)
(-0.4 0.02 0.96)
(-0.35 0.02 0.96)
(-0.3 0.02 0.96)
(-0.25 0.02 0.96)
(-0.1999999999999999 0.02 0.9600000000000002)
(-0.15 0.02 0.9600000000000002)
(-0.09999999999999998 0.02 0.96)
(-0.05000000000000005 0.02 0.9600000000000002)
(0 0.02 0.9600000000000002)
(0.05000000000000004 0.02 0.96)
(0.1000000000000001 0.02 0.96)
(0.1499999999999999 0.02 0.9600000000000004)
(0.2 0.02 0.96)
(0.25 0.02 0.96)
(0.3 0.02 0.96)
(0.35 0.02 0.9599999999999999)
(0.4 0.02 0.96)
(0.45 0.02 0.96)
(0.5000000000000001 0.02 0.9600000000000002)
(0.5500000000000003 0.02 0.9600000000000002)
(0.6 0.02 0.96)
(0.65 0.02 0.96)
(0.7000000000000001 0.02 0.9600000000000002)
(0.75 0.02 0.96)
(0.8 0.02 0.9600000000000002)
(0.85 0.02 0.96)
(0.9 0.02 0.9600000000000002)
(0.9500000000000001 0.02 0.96)
(1 0.02 0.9600000000000002)
(-1 0.025 0.96)
(-0.9500000000000001 0.025 0.96)
(-0.9 0.025 0.96)
(-0.85 0.025 0.96)
(-0.8 0.025 0.9600000000000002)
(-0.75 0.025 0.96)
(-0.7000000000000001 0.025 0.96)
(-0.65 0.025 0.96)
(-0.6 0.025 0.96)
(-0.55 0.025 0.9600000000000002)
(-0.5 0.025 0.96)
(-0.45 0.025 0.96)
(-0.4 0.025 0.96)
(-0.35 0.025 0.96)
(-0.3 0.025 0.96)
(-0.25 0.025 0.96)
(-0.1999999999999999 0.025 0.96)
(-0.15 0.025 0.96)
(-0.1 0.025 0.96)
(-0.05000000000000004 0.025 0.9600000000000002)
(0 0.025 0.96)
(0.05000000000000004 0.025 0.9600000000000002)
(0.1000000000000001 0.025 0.96)
(0.1499999999999999 0.025 0.96)
(0.2 0.025 0.9600000000000002)
(0.25 0.025 0.96)
(0.3 0.025 0.96)
(0.35 0.025 0.96)
(0.4 0.025 0.96)
(0.45 0.025 0.9600000000000002)
(0.5 0.025 0.96)
(0.55 0.025 0.9600000000000002)
(0.6 0.025 0.96)
(0.65 0.025 0.96)
(0.7000000000000001 0.025 0.9600000000000002)
(0.75 0.025 0.96)
(0.8 0.025 0.96)
(0.85 0.025 0.96)
(0.9 0.025 0.96)
(0.9500000000000001 0.025 0.96)
(1 0.025 0.96)
(-1 0.03 0.96)
(-0.9500000000000001 0.03 0.96)
(-0.9 0.03 0.96)
(-0.85 0.03 0.96)
(-0.8 0.03 0.9600000000000002)
(-0.75 0.03 0.96)
(-0.7000000000000001 0.03 0.96)
(-0.65 0.03 0.96)
(-0.6 0.03 0.96)
(-0.55 0.03 0.96)
(-0.5 0.03 0.96)
(-0.45 0.03 0.96)
(-0.4 0.03 0.96)
(-0.35 0.03 0.96)
(-0.3 0.03 0.96)
(-0.25 0.03 0.96)
(-0.2 0.03 0.96)
(-0.15 0.03 0.96)
(-0.1 0.03 0.9599999999999999)
(-0.05000000000000003 0.03 0.9600000000000002)
(0 0.03 0.9599999999999999)
(0.05000000000000003 0.03 0.96)
(0.1000000000000001 0.03 0.9599999999999999)
(0.1499999999999999 0.03 0.96)
(0.2 0.03 0.96)
(0.25 0.03 0.96)
(0.3 0.03 0.9599999999999999)
(0.35 0.03 0.96)
(0.4 0.03 0.96)
(0.45 0.03 0.96)
(0.5 0.03 0.9600000000000002)
(0.55 0.03 0.96)
(0.6 0.03 0.9600000000000002)
(0.65 0.03 0.96)
(0.7000000000000001 0.03 0.9600000000000002)
(0.75 0.03000000000000001 0.96)
(0.8 0.03000000000000001 0.96)
(0.85 0.03 0.96)
(0.9 0.03000000000000001 0.96)
(0.9500000000000001 0.03 0.9600000000000002)
(1 0.03 0.96)
(-1 0.035 0.96)
(-0.9500000000000001 0.035 0.96)
(-0.9 0.035 0.9600000000000002)
(-0.85 0.035 0.96)
(-0.8 0.035 0.96)
(-0.75 0.035 0.96)
(-0.7000000000000001 0.035 0.96)
(-0.65 0.035 0.96)
(-0.6 0.035 0.96)
(-0.55 0.035 0.96)
(-0.5 0.035 0.96)
(-0.45 0.035 0.96)
(-0.3999999999999999 0.035 0.96)
(-0.35 0.035 0.96)
(-0.3 0.035 0.96)
(-0.25 0.035 0.96)
(-0.2 0.035 0.96)
(-0.15 0.035 0.96)
(-0.1 0.035 0.96)
(-0.05000000000000004 0.035 0.96)
(0 0.035 0.96)
(0.05000000000000001 0.035 0.9599999999999999)
(0.1000000000000001 0.035 0.96)
(0.1499999999999999 0.035 0.96)
(0.2 0.035 0.9600000000000002)
(0.25 0.035 0.96)
(0.3 0.035 0.96)
(0.35 0.035 0.96)
(0.4 0.035 0.9599999999999999)
(0.45 0.035 0.96)
(0.5 0.035 0.96)
(0.55 0.035 0.96)
(0.6 0.035 0.9599999999999999)
(0.65 0.035 0.96)
(0.7000000000000001 0.035 0.9600000000000002)
(0.75 0.035 0.96)
(0.8 0.035 0.9600000000000002)
(0.85 0.035 0.96)
(0.9 0.035 0.9600000000000002)
(0.9500000000000001 0.035 0.96)
(1 0.035 0.96)
(-1 0.04 0.96)
(-0.9500000000000001 0.04 0.96)
(-0.9 0.04 0.96)
(-0.85 0.04 0.96)
(-0.8 0.04 0.96)
(-0.75 0.04 0.96)
(-0.7000000000000001 0.04 0.96)
(-0.65 0.04 0.9599999999999999)
(-0.6 0.04000000000000001 0.96)
(-0.55 0.04 0.96)
(-0.5 0.04 0.96)
(-0.45 0.04 0.9599999999999999)
(-0.4 0.04 0.96)
(-0.35 0.04 0.9600000000000002)
(-0.3 0.04 0.9599999999999999)
(-0.25 0.04 0.96)
(-0.2 0.04 0.96)
(-0.15 0.04 0.96)
(-0.09999999999999998 0.04 0.96)
(-0.05000000000000004 0.04 0.9600000000000002)
(0 0.04 0.96)
(0.05000000000000004 0.04 0.9600000000000002)
(0.1000000000000001 0.04 0.96)
(0.1499999999999999 0.04000000000000001 0.96)
(0.2 0.04 0.96)
(0.25 0.04 0.96)
(0.3 0.04 0.96)
(0.35 0.04 0.96)
(0.4 0.04000000000000001 0.96)
(0.45 0.04 0.9600000000000002)
(0.5 0.04 0.9600000000000002)
(0.55 0.04000000000000001 0.96)
(0.6 0.04 0.96)
(0.65 0.04 0.9600000000000002)
(0.7000000000000001 0.04 0.9600000000000002)
(0.75 0.04 0.96)
(0.8 0.04000000000000001 0.9599999999999999)
(0.85 0.04 0.96)
(0.9 0.04 0.96)
(0.9500000000000001 0.03999999999999999 0.96)
(1 0.04 0.96)
(-1 0.045 0.96)
(-0.9500000000000001 0.045 0.96)
(-0.9 0.045 0.96)
(-0.85 0.045 0.96)
(-0.8 0.045 0.96)
(-0.75 0.045 0.96)
(-0.7000000000000001 0.04500000000000001 0.96)
(-0.65 0.04499999999999999 0.96)
(-0.6 0.045 0.96)
(-0.55 0.045 0.96)
(-0.5 0.045 0.96)
(-0.45 0.045 0.96)
(-0.4 0.045 0.96)
(-0.3500000000000001 0.045 0.96)
(-0.3 0.045 0.9599999999999999)
(-0.25 0.04499999999999999 0.96)
(-0.2 0.045 0.9600000000000002)
(-0.1499999999999999 0.045 0.96)
(-0.1 0.04500000000000001 0.96)
(-0.05000000000000004 0.045 0.96)
(0 0.045 0.9600000000000002)
(0.05000000000000007 0.045 0.9599999999999999)
(0.1000000000000001 0.045 0.96)
(0.1499999999999999 0.04499999999999999 0.96)
(0.2 0.045 0.9600000000000002)
(0.25 0.04499999999999999 0.96)
(0.3 0.045 0.96)
(0.3500000000000001 0.045 0.9600000000000002)
(0.4 0.045 0.96)
(0.45 0.045 0.9600000000000002)
(0.5 0.045 0.96)
(0.55 0.045 0.9599999999999999)
(0.6 0.04500000000000001 0.96)
(0.65 0.04499999999999999 0.96)
(0.7000000000000001 0.045 0.96)
(0.75 0.04499999999999999 0.96)
(0.8 0.045 0.96)
(0.85 0.04499999999999999 0.96)
(0.9 0.045 0.9600000000000002)
(0.9500000000000001 0.045 0.96)
(1 0.045 0.96)
(-1 0.05 0.96)
(-0.9500000000000001 0.05 0.96)
(-0.9 0.05 0.96)
(-0.85 0.05 0.96)
(-0.8 0.05 0.96)
(-0.75 0.05 0.96)
(-0.7000000000000001 0.05 0.96)
(-0.65 0.05 0.96)
(-0.6 0.05 0.96)
(-0.55 0.05 0.96)
(-0.5 0.05 0.96)
(-0.45 0.05 0.96)
(-0.4000000000000001 0.05000000000000001 0.96)
(-0.35 0.05 0.96)
(-0.3 0.05 0.96)
(-0.25 0.05 0.96)
(-0.2 0.05 0.96)
(-0.15 0.05 0.96)
(-0.1 0.05 0.96)
(-0.05000000000000003 0.05 0.96)
(0 0.05 0.96)
(0.05000000000000003 0.05 0.96)
(0.1000000000000001 0.05 0.96)
(0.1499999999999999 0.05000000000000001 0.96)
(0.2 0.05 0.96)
(0.25 0.05 0.96)
(0.3 0.05 0.96)
(0.35 0.05 0.96)
(0.4 0.05 0.96)
(0.45 0.05 0.96)
(0.5 0.05 0.96)
(0.55 0.05000000000000001 0.96)
(0.6 0.05 0.96)
(0.65 0.05 0.96)
(0.7000000000000001 0.05 0.96)
(0.75 0.05 0.96)
(0.8 0.05 0.96)
(0.85 0.05 0.96)
(0.9 0.05 0.96)
(0.9500000000000001 0.05 0.96)
(1 0.05 0.96)
(-1 0.055 0.96)
(-0.9500000000000001 0.055 0.96)
(-0.9 0.055 0.96)
(-0.85 0.055 0.96)
(-0.8 0.05500000000000001 0.96)
(-0.75 0.055 0.96)
(-0.7000000000000001 0.055 0.96)
(-0.65 0.055 0.96)
(-0.6 0.055 0.96)
(-0.55 0.05500000000000001 0.96)
(-0.5 0.055 0.96)
(-0.45 0.055 0.96)
(-0.4 0.055 0.96)
(-0.35 0.055 0.96)
(-0.3 0.055 0.96)
(-0.25 0.055 0.96)
(-0.2 0.055 0.96)
(-0.15 0.055 0.9600000000000002)
(-0.1 0.055 0.96)
(-0.05000000000000007 0.055 0.96)
(0 0.055 0.9599999999999999)
(0.05000000000000004 0.055 0.96)
(0.1000000000000001 0.055 0.96)
(0.1499999999999999 0.055 0.96)
(0.2 0.055 0.96)
(0.25 0.055 0.96)
(0.3 0.055 0.96)
(0.35 0.055 0.96)
(0.4 0.055 0.96)
(0.45 0.055 0.96)
(0.5 0.05500000000000001 0.96)
(0.55 0.055 0.96)
(0.6 0.055 0.96)
(0.65 0.055 0.96)
(0.7000000000000001 0.055 0.9600000000000002)
(0.75 0.055 0.96)
(0.8 0.055 0.9599999999999999)
(0.85 0.05500000000000001 0.96)
(0.9 0.055 0.96)
(0.9500000000000001 0.055 0.9600000000000002)
(1 0.055 0.96)
(-1 0.06 0.96)
(-0.9500000000000001 0.06 0.96)
(-0.9 0.06 0.96)
(-0.8500000000000002 0.06 0.96)
(-0.8000000000000002 0.06 0.96)
(-0.75 0.06 0.96)
(-0.7000000000000001 0.06 0.9599999999999999)
(-0.65 0.06 0.96)
(-0.6 0.06 0.96)
(-0.55 0.06 0.96)
(-0.5 0.06 0.96)
(-0.45 0.06 0.96)
(-0.4 0.06 0.96)
(-0.35 0.06 0.96)
(-0.3 0.06 0.96)
(-0.25 0.06 0.96)
(-0.2 0.06 0.96)
(-0.15 0.05999999999999999 0.9599999999999999)
(-0.09999999999999998 0.06 0.96)
(-0.05000000000000004 0.06 0.96)
(0 0.06 0.96)
(0.05000000000000007 0.06 0.96)
(0.1000000000000001 0.06 0.96)
(0.1499999999999999 0.06 0.96)
(0.2 0.06 0.9600000000000002)
(0.25 0.06 0.96)
(0.3 0.06 0.96)
(0.35 0.06 0.9599999999999999)
(0.4 0.06 0.96)
(0.45 0.06 0.96)
(0.5 0.06 0.96)
(0.55 0.06 0.9599999999999999)
(0.6 0.06 0.96)
(0.65 0.06 0.96)
(0.7000000000000001 0.06 0.96)
(0.75 0.06 0.96)
(0.8 0.06 0.96)
(0.85 0.06 0.96)
(0.9 0.06 0.96)
(0.9500000000000001 0.06 0.9600000000000002)
(1 0.06 0.96)
(-1 0.065 0.96)
(-0.9500000000000001 0.065 0.96)
(-0.9 0.065 0.96)
(-0.85 0.06500000000000002 0.9600000000000002)
(-0.8000000000000002 0.065 0.9600000000000002)
(-0.75 0.065 0.96)
(-0.7000000000000001 0.065 0.96)
(-0.65 0.065 0.96)
(-0.6 0.065 0.96)
(-0.55 0.065 0.96)
(-0.5 0.065 0.96)
(-0.45 0.065 0.96)
(-0.3999999999999999 0.065 0.96)
(-0.35 0.065 0.96)
(-0.3 0.065 0.96)
(-0.25 0.065 0.96)
(-0.2 0.065 0.96)
(-0.15 0.065 0.96)
(-0.1 0.065 0.96)
(-0.05000000000000001 0.065 0.96)
(0 0.065 0.96)
(0.05000000000000001 0.065 0.96)
(0.1000000000000001 0.065 0.96)
(0.1499999999999999 0.065 0.96)
(0.2 0.065 0.96)
(0.25 0.065 0.96)
(0.3 0.065 0.9599999999999999)
(0.35 0.065 0.96)
(0.4 0.06499999999999999 0.9600000000000002)
(0.45 0.065 0.9600000000000002)
(0.5 0.065 0.9600000000000002)
(0.55 0.06499999999999999 0.96)
(0.6 0.065 0.96)
(0.65 0.065 0.96)
(0.7000000000000001 0.065 0.9600000000000002)
(0.75 0.06500000000000002 0.96)
(0.8 0.065 0.96)
(0.85 0.06500000000000002 0.9600000000000002)
(0.9 0.065 0.96)
(0.9500000000000001 0.06500000000000002 0.9600000000000002)
(1 0.065 0.96)
(-1 0.07000000000000001 0.96)
(-0.9500000000000001 0.07000000000000001 0.96)
(-0.9 0.06999999999999999 0.96)
(-0.85 0.07000000000000001 0.96)
(-0.8 0.07000000000000001 0.96)
(-0.75 0.06999999999999999 0.96)
(-0.7000000000000001 0.07000000000000001 0.96)
(-0.65 0.07000000000000001 0.9599999999999999)
(-0.6 0.07000000000000001 0.96)
(-0.55 0.07000000000000001 0.96)
(-0.5 0.07000000000000001 0.96)
(-0.45 0.07000000000000001 0.96)
(-0.4 0.06999999999999999 0.96)
(-0.35 0.07000000000000001 0.96)
(-0.3 0.07000000000000001 0.96)
(-0.25 0.07000000000000001 0.96)
(-0.2 0.07000000000000001 0.96)
(-0.1499999999999999 0.07000000000000001 0.96)
(-0.09999999999999998 0.07000000000000001 0.9600000000000002)
(-0.05000000000000007 0.07000000000000001 0.96)
(0 0.07000000000000001 0.96)
(0.05000000000000004 0.07000000000000001 0.9600000000000002)
(0.1000000000000001 0.07000000000000001 0.96)
(0.1499999999999999 0.07000000000000001 0.96)
(0.2 0.06999999999999999 0.96)
(0.25 0.07000000000000001 0.96)
(0.3 0.07000000000000001 0.96)
(0.35 0.07000000000000001 0.96)
(0.4 0.07000000000000001 0.9600000000000002)
(0.45 0.07000000000000001 0.96)
(0.5 0.07000000000000001 0.96)
(0.55 0.06999999999999999 0.96)
(0.6 0.06999999999999999 0.96)
(0.65 0.07000000000000001 0.9599999999999999)
(0.7000000000000001 0.07000000000000001 0.96)
(0.75 0.06999999999999999 0.96)
(0.8 0.07000000000000001 0.96)
(0.85 0.06999999999999999 0.9600000000000002)
(0.9 0.07000000000000001 0.96)
(0.9500000000000001 0.07000000000000001 0.9600000000000002)
(1 0.07000000000000001 0.96)
(-1 0.075 0.96)
(-0.9500000000000001 0.075 0.96)
(-0.9 0.075 0.96)
(-0.85 0.075 0.9600000000000002)
(-0.8 0.075 0.96)
(-0.75 0.075 0.96)
(-0.7000000000000001 0.075 0.96)
(-0.65 0.075 0.96)
(-0.6 0.07500000000000001 0.9600000000000002)
(-0.55 0.075 0.9600000000000002)
(-0.5 0.075 0.96)
(-0.45 0.075 0.96)
(-0.4 0.075 0.96)
(-0.35 0.07500000000000001 0.9600000000000002)
(-0.3 0.075 0.96)
(-0.25 0.075 0.96)
(-0.1999999999999999 0.075 0.9600000000000002)
(-0.15 0.075 0.96)
(-0.1 0.075 0.9600000000000002)
(-0.05000000000000004 0.075 0.9600000000000002)
(0 0.075 0.96)
(0.05000000000000004 0.075 0.9600000000000002)
(0.1000000000000001 0.075 0.96)
(0.1499999999999999 0.075 0.9600000000000002)
(0.2 0.075 0.9600000000000002)
(0.25 0.075 0.96)
(0.3 0.075 0.96)
(0.35 0.075 0.96)
(0.4 0.075 0.96)
(0.45 0.075 0.9600000000000002)
(0.5 0.075 0.96)
(0.55 0.075 0.96)
(0.6 0.075 0.96)
(0.65 0.075 0.96)
(0.7000000000000001 0.075 0.9600000000000002)
(0.75 0.075 0.96)
(0.8 0.075 0.96)
(0.85 0.075 0.96)
(0.9 0.075 0.96)
(0.9500000000000001 0.075 0.9600000000000002)
(1 0.075 0.96)
(-1 0.08 0.96)
(-0.9500000000000001 0.08 0.96)
(-0.9 0.08 0.96)
(-0.85 0.08000000000000002 0.96)
(-0.8 0.08 0.96)
(-0.75 0.08 0.96)
(-0.7000000000000001 0.08 0.96)
(-0.65 0.08 0.96)
(-0.6 0.08000000000000002 0.96)
(-0.55 0.08 0.96)
(-0.5 0.08 0.9600000000000002)
(-0.45 0.08 0.96)
(-0.4 0.08 0.96)
(-0.35 0.08 0.96)
(-0.3 0.08 0.96)
(-0.25 0.08 0.96)
(-0.1999999999999999 0.08 0.96)
(-0.1499999999999999 0.08 0.96)
(-0.1 0.08 0.96)
(-0.05000000000000007 0.08 0.96)
(0 0.08 0.96)
(0.05000000000000004 0.08 0.96)
(0.1000000000000001 0.08 0.96)
(0.1499999999999999 0.08000000000000002 0.96)
(0.1999999999999999 0.08 0.96)
(0.25 0.08 0.96)
(0.3 0.08 0.96)
(0.35 0.08 0.96)
(0.4 0.08 0.96)
(0.45 0.07999999999999999 0.96)
(0.5 0.08 0.96)
(0.55 0.08000000000000002 0.96)
(0.6 0.08 0.96)
(0.65 0.08 0.96)
(0.7000000000000001 0.08 0.96)
(0.75 0.08 0.96)
(0.8 0.08000000000000002 0.96)
(0.85 0.08 0.96)
(0.9 0.08 0.96)
(0.9500000000000001 0.07999999999999999 0.9600000000000002)
(1 0.08 0.96)
(-1 0.08500000000000001 0.96)
(-0.9500000000000001 0.08500000000000001 0.96)
(-0.9 0.08500000000000001 0.96)
(-0.85 0.08500000000000001 0.96)
(-0.8 0.08500000000000001 0.96)
(-0.75 0.08500000000000001 0.9600000000000002)
(-0.7000000000000001 0.08500000000000001 0.9600000000000002)
(-0.65 0.08500000000000001 0.96)
(-0.6000000000000001 0.08500000000000001 0.96)
(-0.55 0.08500000000000001 0.9600000000000002)
(-0.5 0.08500000000000002 0.9600000000000002)
(-0.45 0.08500000000000001 0.96)
(-0.4 0.08500000000000001 0.96)
(-0.35 0.08500000000000001 0.9600000000000002)
(-0.3 0.08500000000000001 0.9600000000000002)
(-0.25 0.08500000000000001 0.96)
(-0.2 0.08499999999999998 0.96)
(-0.1499999999999999 0.08500000000000001 0.96)
(-0.09999999999999998 0.08500000000000002 0.96)
(-0.05 0.08500000000000001 0.96)
(0 0.08500000000000001 0.96)
(0.05 0.08500000000000001 0.9600000000000002)
(0.1000000000000001 0.08500000000000001 0.96)
(0.1499999999999999 0.08500000000000001 0.96)
(0.2 0.08500000000000001 0.96)
(0.25 0.08500000000000001 0.96)
(0.3 0.08499999999999998 0.9600000000000002)
(0.35 0.08500000000000001 0.96)
(0.4 0.08500000000000001 0.9600000000000002)
(0.45 0.08500000000000001 0.9600000000000002)
(0.5 0.08500000000000001 0.96)
(0.55 0.08500000000000001 0.9600000000000002)
(0.6 0.08500000000000001 0.96)
(0.65 0.08500000000000001 0.9600000000000002)
(0.7000000000000001 0.08500000000000001 0.9600000000000002)
(0.75 0.08500000000000001 0.9600000000000002)
(0.8 0.08500000000000001 0.96)
(0.8500000000000002 0.08500000000000001 0.96)
(0.9 0.08500000000000001 0.96)
(0.9500000000000001 0.08500000000000001 0.9600000000000002)
(1 0.08500000000000001 0.96)
(-1 0.09 0.96)
(-0.9500000000000001 0.09 0.96)
(-0.9 0.09 0.96)
(-0.85 0.09 0.96)
(-0.8 0.09 0.96)
(-0.75 0.09 0.96)
(-0.7000000000000001 0.09000000000000002 0.96)
(-0.65 0.09 0.96)
(-0.6 0.09 0.96)
(-0.55 0.09 0.96)
(-0.5 0.09 0.96)
(-0.45 0.09 0.96)
(-0.4000000000000001 0.09 0.96)
(-0.35 0.09 0.96)
(-0.3 0.09 0.96)
(-0.25 0.09 0.96)
(-0.2 0.09 0.96)
(-0.1499999999999999 0.09 0.96)
(-0.1 0.09 0.96)
(-0.05000000000000003 0.09 0.96)
(0 0.09 0.96)
(0.05000000000000003 0.09 0.96)
(0.1000000000000001 0.09 0.96)
(0.1499999999999999 0.09 0.9600000000000002)
(0.2 0.09 0.96)
(0.25 0.09 0.96)
(0.3 0.09 0.96)
(0.35 0.09 0.96)
(0.4 0.09 0.96)
(0.45 0.09 0.96)
(0.5 0.09 0.96)
(0.55 0.09 0.96)
(0.6 0.09000000000000002 0.96)
(0.65 0.09 0.96)
(0.7000000000000001 0.09 0.96)
(0.75 0.09 0.96)
(0.8 0.09 0.96)
(0.85 0.09000000000000002 0.96)
(0.9 0.09 0.96)
(0.9500000000000001 0.09 0.9600000000000002)
(1 0.09 0.96)
(-1 0.095 0.96)
(-0.9500000000000001 0.095 0.96)
(-0.9 0.095 0.96)
(-0.85 0.095 0.96)
(-0.8 0.095 0.96)
(-0.75 0.095 0.96)
(-0.7000000000000001 0.095 0.96)
(-0.65 0.095 0.96)
(-0.6000000000000001 0.095 0.9600000000000004)
(-0.55 0.095 0.96)
(-0.5 0.095 0.96)
(-0.45 0.095 0.96)
(-0.3999999999999999 0.095 0.96)
(-0.35 0.095 0.96)
(-0.3000000000000001 0.095 0.96)
(-0.25 0.095 0.96)
(-0.1999999999999999 0.095 0.96)
(-0.15 0.095 0.9599999999999999)
(-0.09999999999999998 0.095 0.96)
(-0.05000000000000004 0.095 0.96)
(0 0.095 0.96)
(0.05000000000000004 0.095 0.96)
(0.1000000000000001 0.095 0.96)
(0.1499999999999999 0.095 0.96)
(0.2 0.09499999999999999 0.96)
(0.25 0.095 0.96)
(0.3 0.095 0.9600000000000002)
(0.35 0.095 0.96)
(0.4 0.095 0.96)
(0.45 0.095 0.96)
(0.5 0.09499999999999999 0.96)
(0.55 0.095 0.96)
(0.6 0.095 0.96)
(0.65 0.095 0.96)
(0.7000000000000001 0.095 0.9600000000000002)
(0.75 0.095 0.96)
(0.8 0.095 0.96)
(0.85 0.095 0.96)
(0.9 0.095 0.96)
(0.9500000000000001 0.095 0.9600000000000002)
(1 0.095 0.96)
(-1 0.1 0.96)
(-0.9500000000000001 0.1 0.96)
(-0.9 0.1 0.96)
(-0.85 0.1 0.96)
(-0.8 0.1 0.96)
(-0.75 0.1 0.96)
(-0.7000000000000001 0.1 0.96)
(-0.65 0.1 0.96)
(-0.6 0.1 0.9600000000000002)
(-0.55 0.1 0.96)
(-0.5 0.1 0.96)
(-0.45 0.1 0.96)
(-0.4 0.1 0.96)
(-0.35 0.1 0.96)
(-0.3 0.1 0.96)
(-0.25 0.1 0.96)
(-0.2 0.1 0.96)
(-0.15 0.1 0.96)
(-0.1 0.1 0.96)
(-0.05000000000000003 0.1 0.96)
(0 0.1 0.96)
(0.05000000000000003 0.1 0.96)
(0.1000000000000001 0.1 0.96)
(0.1499999999999999 0.1 0.96)
(0.2 0.1 0.96)
(0.25 0.1 0.96)
(0.3 0.1 0.96)
(0.35 0.1 0.96)
(0.4 0.1 0.96)
(0.45 0.1 0.96)
(0.5 0.1 0.96)
(0.55 0.1 0.96)
(0.6 0.1 0.96)
(0.65 0.1 0.96)
(0.7000000000000001 0.1 0.96)
(0.75 0.1 0.96)
(0.8 0.1 0.96)
(0.85 0.1 0.96)
(0.9 0.1 0.96)
(0.9500000000000001 0.1 0.96)
(1 0.1 0.96)
(-1 0 0.99)
(-0.9500000000000001 0 0.99)
(-0.9 0 0.99)
(-0.85 0 0.99)
(-0.8 0 0.99)
(-0.75 0 0.99)
(-0.7000000000000001 0 0.99)
(-0.65 0 0.99)
(-0.6 0 0.99)
(-0.55 0 0.99)
(-0.5 0 0.99)
(-0.45 0 0.99)
(-0.4 0 0.99)
(-0.35 0 0.99)
(-0.3 0 0.9899999999999999)
(-0.25 0 0.99)
(-0.2 0 0.99)
(-0.1499999999999999 0 0.9899999999999999)
(-0.1 0 0.99)
(-0.05 0 0.99)
(0 0 0.99)
(0.05 0 0.99)
(0.1000000000000001 0 0.99)
(0.1499999999999999 0 0.99)
(0.2 0 0.9899999999999999)
(0.25 0 0.99)
(0.3 0 0.99)
(0.35 0 0.99)
(0.4 0 0.99)
(0.45 0 0.9899999999999999)
(0.5 0 0.99)
(0.55 0 0.9900000000000002)
(0.6 0 0.9899999999999999)
(0.65 0 0.99)
(0.7000000000000001 0 0.9899999999999999)
(0.75 0 0.99)
(0.8 0 0.99)
(0.85 0 0.9899999999999999)
(0.9 0 0.9900000000000002)
(0.9500000000000001 0 0.9899999999999999)
(1 0 0.99)
(-1 0.005 0.99)
(-0.9500000000000001 0.005 0.99)
(-0.9 0.005 0.99)
(-0.85 0.005000000000000001 0.9899999999999999)
(-0.8 0.005 0.9899999999999999)
(-0.75 0.005 0.99)
(-0.7000000000000001 0.005 0.99)
(-0.65 0.005 0.99)
(-0.6 0.005000000000000001 0.99)
(-0.55 0.005 0.99)
(-0.5 0.005 0.99)
(-0.45 0.005 0.9899999999999999)
(-0.4 0.005 0.9899999999999999)
(-0.35 0.005 0.99)
(-0.3 0.005000000000000001 0.99)
(-0.2500000000000001 0.005 0.99)
(-0.2 0.005 0.9900000000000002)
(-0.15 0.005 0.99)
(-0.1 0.005 0.9900000000000002)
(-0.04999999999999998 0.005 0.99)
(0 0.005 0.9900000000000002)
(0.04999999999999998 0.005 0.9899999999999999)
(0.1000000000000001 0.005 0.99)
(0.1499999999999999 0.005000000000000001 0.99)
(0.2 0.005 0.99)
(0.2500000000000001 0.005 0.99)
(0.3 0.005000000000000001 0.99)
(0.3500000000000001 0.005000000000000001 0.99)
(0.3999999999999999 0.005 0.9899999999999999)
(0.45 0.005 0.99)
(0.5 0.005 0.99)
(0.55 0.005000000000000001 0.99)
(0.6 0.005 0.9899999999999999)
(0.65 0.005000000000000001 0.99)
(0.7000000000000001 0.005 0.9899999999999999)
(0.75 0.005 0.99)
(0.8 0.005000000000000001 0.99)
(0.85 0.005000000000000001 0.9899999999999999)
(0.9 0.005 0.9900000000000002)
(0.9500000000000001 0.005 0.9899999999999999)
(1 0.005 0.99)
(-1 0.01 0.99)
(-0.9500000000000001 0.01 0.99)
(-0.9 0.01 0.9899999999999999)
(-0.85 0.01 0.9900000000000002)
(-0.8 0.01 0.9900000000000004)
(-0.75 0.01 0.99)
(-0.7000000000000001 0.01 0.9900000000000002)
(-0.65 0.01 0.9900000000000002)
(-0.6 0.01 0.99)
(-0.55 0.01 0.9900000000000002)
(-0.5 0.01 0.99)
(-0.45 0.01 0.9900000000000002)
(-0.4 0.01 0.99)
(-0.35 0.01 0.9899999999999999)
(-0.3000000000000001 0.01 0.9899999999999999)
(-0.2500000000000001 0.01 0.99)
(-0.2 0.01 0.99)
(-0.15 0.01 0.99)
(-0.1 0.01 0.99)
(-0.05 0.01 0.99)
(0 0.01 0.99)
(0.05 0.01 0.99)
(0.1000000000000001 0.01 0.99)
(0.1499999999999999 0.01 0.99)
(0.2 0.009999999999999998 0.9899999999999999)
(0.2500000000000001 0.01 0.99)
(0.3 0.01 0.99)
(0.35 0.01 0.99)
(0.3999999999999999 0.01 0.99)
(0.45 0.01 0.9900000000000002)
(0.5 0.01 0.9900000000000002)
(0.55 0.01 0.99)
(0.6 0.01 0.9900000000000002)
(0.65 0.01 0.9900000000000002)
(0.7000000000000001 0.01 0.99)
(0.75 0.01 0.99)
(0.8 0.01 0.9900000000000002)
(0.85 0.01 0.99)
(0.9 0.01 0.99)
(0.9500000000000001 0.009999999999999998 0.9899999999999999)
(1 0.01 0.99)
(-1 0.015 0.99)
(-0.9500000000000001 0.015 0.9899999999999999)
(-0.9 0.015 0.99)
(-0.85 0.015 0.9899999999999999)
(-0.8 0.015 0.9900000000000002)
(-0.75 0.015 0.9899999999999999)
(-0.7000000000000001 0.015 0.99)
(-0.65 0.015 0.99)
(-0.6 0.015 0.99)
(-0.55 0.015 0.9899999999999999)
(-0.5 0.015 0.9899999999999999)
(-0.45 0.015 0.99)
(-0.4 0.015 0.9899999999999999)
(-0.35 0.015 0.99)
(-0.3 0.015 0.9899999999999999)
(-0.25 0.015 0.99)
(-0.2 0.015 0.99)
(-0.15 0.015 0.9899999999999999)
(-0.1 0.015 0.99)
(-0.05 0.015 0.9899999999999999)
(0 0.015 0.99)
(0.05 0.015 0.9899999999999999)
(0.1000000000000001 0.015 0.9900000000000002)
(0.1499999999999999 0.015 0.9899999999999999)
(0.2 0.015 0.99)
(0.25 0.015 0.99)
(0.3 0.015 0.9899999999999999)
(0.35 0.015 0.99)
(0.4 0.015 0.9899999999999995)
(0.45 0.015 0.99)
(0.5 0.015 0.9899999999999999)
(0.55 0.015 0.99)
(0.6 0.015 0.99)
(0.65 0.015 0.99)
(0.7000000000000001 0.015 0.99)
(0.75 0.015 0.9899999999999999)
(0.8 0.015 0.99)
(0.85 0.015 0.9899999999999999)
(0.9 0.015 0.99)
(0.9500000000000001 0.015 0.9899999999999999)
(1 0.015 0.99)
(-1 0.02 0.99)
(-0.9500000000000001 0.02 0.99)
(-0.9 0.02 0.99)
(-0.85 0.02 0.99)
(-0.8 0.02 0.99)
(-0.75 0.02 0.99)
(-0.7000000000000001 0.02 0.99)
(-0.65 0.02 0.99)
(-0.6 0.02 0.9899999999999999)
(-0.55 0.02 0.99)
(-0.5 0.02 0.99)
(-0.45 0.02 0.99)
(-0.4 0.02 0.99)
(-0.35 0.02 0.99)
(-0.3 0.02 0.99)
(-0.25 0.02 0.99)
(-0.1999999999999999 0.02 0.99)
(-0.1499999999999999 0.02 0.99)
(-0.09999999999999995 0.02 0.99)
(-0.05000000000000005 0.02 0.9899999999999999)
(0 0.02 0.9899999999999999)
(0.05000000000000004 0.02 0.9899999999999999)
(0.1000000000000001 0.02 0.99)
(0.1499999999999999 0.02 0.9900000000000002)
(0.2 0.02 0.99)
(0.25 0.02 0.99)
(0.3 0.02 0.9899999999999999)
(0.35 0.02 0.99)
(0.4 0.02 0.99)
(0.45 0.02 0.99)
(0.5 0.02 0.99)
(0.55 0.02 0.9900000000000002)
(0.6 0.02 0.9900000000000002)
(0.65 0.02 0.99)
(0.7000000000000001 0.02 0.99)
(0.75 0.02 0.9900000000000002)
(0.8 0.02 0.9900000000000002)
(0.85 0.02 0.99)
(0.9 0.02 0.9900000000000002)
(0.9500000000000001 0.02 0.9899999999999999)
(1 0.02 0.99)
(-1 0.025 0.99)
(-0.9500000000000001 0.025 0.9899999999999999)
(-0.9 0.025 0.99)
(-0.85 0.025 0.99)
(-0.8 0.025 0.99)
(-0.75 0.025 0.99)
(-0.7000000000000001 0.025 0.9899999999999999)
(-0.65 0.025 0.99)
(-0.6 0.025 0.99)
(-0.55 0.025 0.99)
(-0.5 0.025 0.99)
(-0.45 0.025 0.9899999999999999)
(-0.4 0.025 0.99)
(-0.35 0.02499999999999999 0.99)
(-0.3 0.025 0.99)
(-0.25 0.025 0.99)
(-0.2 0.025 0.99)
(-0.15 0.025 0.9899999999999999)
(-0.1 0.025 0.99)
(-0.05000000000000004 0.025 0.9899999999999999)
(0 0.025 0.99)
(0.05000000000000004 0.025 0.99)
(0.1000000000000001 0.025 0.99)
(0.1499999999999999 0.025 0.99)
(0.2 0.025 0.99)
(0.25 0.025 0.99)
(0.3 0.025 0.99)
(0.35 0.025 0.99)
(0.4 0.025 0.9899999999999999)
(0.45 0.025 0.99)
(0.5 0.025 0.99)
(0.55 0.025 0.9900000000000002)
(0.6 0.025 0.99)
(0.65 0.025 0.99)
(0.7000000000000001 0.025 0.9899999999999999)
(0.75 0.025 0.99)
(0.8 0.025 0.99)
(0.85 0.025 0.9899999999999999)
(0.9 0.025 0.99)
(0.9500000000000001 0.025 0.9899999999999999)
(1 0.025 0.99)
(-1 0.03 0.99)
(-0.9500000000000001 0.03 0.99)
(-0.9 0.03 0.9899999999999999)
(-0.85 0.03 0.99)
(-0.8 0.03 0.99)
(-0.75 0.03 0.99)
(-0.7000000000000001 0.03 0.9899999999999999)
(-0.65 0.03 0.99)
(-0.6 0.03 0.99)
(-0.55 0.03 0.9899999999999999)
(-0.5 0.03 0.99)
(-0.45 0.03 0.99)
(-0.4 0.03 0.9900000000000002)
(-0.35 0.03000000000000001 0.99)
(-0.3 0.03 0.9899999999999999)
(-0.25 0.03 0.99)
(-0.2 0.03 0.99)
(-0.15 0.03 0.99)
(-0.1 0.03 0.9899999999999999)
(-0.05000000000000001 0.03 0.9900000000000002)
(0 0.03 0.9900000000000002)
(0.05000000000000001 0.03 0.9900000000000002)
(0.1000000000000001 0.03 0.99)
(0.1499999999999999 0.03 0.9899999999999999)
(0.2 0.03 0.9899999999999999)
(0.25 0.03 0.99)
(0.3 0.03 0.9899999999999999)
(0.35 0.03 0.9899999999999999)
(0.4 0.03 0.99)
(0.45 0.03 0.99)
(0.5 0.03 0.99)
(0.55 0.03 0.99)
(0.6 0.03000000000000001 0.99)
(0.65 0.03 0.99)
(0.7000000000000001 0.03 0.9899999999999999)
(0.75 0.03 0.9899999999999999)
(0.8 0.03 0.99)
(0.85 0.03 0.99)
(0.9 0.03000000000000001 0.99)
(0.9500000000000001 0.03 0.9899999999999999)
(1 0.03 0.99)
(-1 0.035 0.99)
(-0.9500000000000001 0.035 0.9899999999999999)
(-0.9 0.035 0.99)
(-0.85 0.035 0.99)
(-0.8 0.035 0.9899999999999999)
(-0.75 0.035 0.99)
(-0.7000000000000001 0.035 0.9899999999999999)
(-0.65 0.03499999999999999 0.9900000000000002)
(-0.6 0.035 0.99)
(-0.55 0.035 0.99)
(-0.5 0.035 0.99)
(-0.45 0.035 0.99)
(-0.4 0.035 0.99)
(-0.35 0.035 0.9900000000000002)
(-0.3000000000000001 0.035 0.9899999999999999)
(-0.25 0.035 0.99)
(-0.2 0.035 0.99)
(-0.15 0.035 0.99)
(-0.1 0.035 0.9899999999999999)
(-0.05000000000000004 0.035 0.99)
(0 0.035 0.99)
(0.05000000000000004 0.035 0.99)
(0.1000000000000001 0.035 0.99)
(0.1499999999999999 0.035 0.99)
(0.2 0.035 0.99)
(0.25 0.035 0.99)
(0.3 0.035 0.9899999999999999)
(0.35 0.035 0.9900000000000002)
(0.4 0.035 0.9899999999999999)
(0.45 0.035 0.9899999999999999)
(0.5 0.035 0.9900000000000002)
(0.55 0.035 0.99)
(0.6 0.035 0.9900000000000002)
(0.65 0.035 0.9900000000000002)
(0.7000000000000001 0.035 0.9899999999999999)
(0.75 0.035 0.99)
(0.8 0.035 0.9899999999999999)
(0.85 0.035 0.9899999999999999)
(0.9 0.035 0.9900000000000002)
(0.9500000000000001 0.035 0.9899999999999999)
(1 0.035 0.99)
(-1 0.04 0.99)
(-0.9500000000000001 0.04 0.99)
(-0.9 0.04 0.9900000000000002)
(-0.85 0.04000000000000001 0.99)
(-0.8 0.04000000000000001 0.99)
(-0.75 0.04 0.99)
(-0.7000000000000001 0.04 0.9900000000000002)
(-0.65 0.04 0.99)
(-0.6 0.04 0.99)
(-0.55 0.04 0.99)
(-0.5 0.04 0.99)
(-0.45 0.04 0.9899999999999999)
(-0.4 0.04 0.99)
(-0.35 0.04 0.99)
(-0.3 0.04 0.99)
(-0.25 0.04 0.99)
(-0.2 0.04 0.99)
(-0.1499999999999999 0.04 0.9899999999999999)
(-0.1 0.04 0.99)
(-0.05000000000000003 0.04 0.99)
(0 0.04 0.99)
(0.05000000000000003 0.04 0.99)
(0.1000000000000001 0.04 0.9899999999999999)
(0.1499999999999999 0.04000000000000001 0.9899999999999999)
(0.2 0.04 0.99)
(0.25 0.04 0.99)
(0.3 0.04 0.99)
(0.35 0.04 0.9900000000000002)
(0.4 0.04 0.99)
(0.45 0.04 0.9899999999999999)
(0.5 0.04 0.9899999999999999)
(0.55 0.04000000000000001 0.9900000000000002)
(0.6 0.04 0.99)
(0.65 0.04000000000000001 0.99)
(0.7000000000000001 0.03999999999999999 0.9899999999999999)
(0.75 0.04 0.9899999999999999)
(0.8 0.04000000000000001 0.99)
(0.85 0.04000000000000001 0.9899999999999999)
(0.9 0.04 0.9900000000000002)
(0.9500000000000001 0.04 0.99)
(1 0.04 0.99)
(-1 0.045 0.99)
(-0.9500000000000001 0.045 0.99)
(-0.9 0.045 0.99)
(-0.85 0.045 0.99)
(-0.8 0.045 0.99)
(-0.75 0.045 0.99)
(-0.7000000000000001 0.045 0.99)
(-0.65 0.045 0.99)
(-0.6 0.045 0.99)
(-0.55 0.045 0.99)
(-0.5 0.045 0.99)
(-0.45 0.045 0.99)
(-0.4 0.045 0.99)
(-0.35 0.045 0.99)
(-0.3000000000000001 0.045 0.9899999999999999)
(-0.25 0.045 0.99)
(-0.2 0.04500000000000001 0.9900000000000002)
(-0.15 0.045 0.9899999999999999)
(-0.1 0.045 0.99)
(-0.05000000000000001 0.045 0.9900000000000002)
(0 0.045 0.9899999999999999)
(0.05 0.045 0.99)
(0.1000000000000001 0.045 0.99)
(0.1499999999999999 0.045 0.99)
(0.2 0.04500000000000001 0.99)
(0.25 0.045 0.99)
(0.3 0.045 0.99)
(0.35 0.045 0.99)
(0.4 0.045 0.99)
(0.45 0.045 0.99)
(0.5 0.045 0.99)
(0.55 0.045 0.99)
(0.6 0.045 0.99)
(0.65 0.04499999999999999 0.99)
(0.7000000000000001 0.045 0.9899999999999999)
(0.75 0.04500000000000001 0.9900000000000002)
(0.8 0.045 0.99)
(0.85 0.045 0.99)
(0.9 0.04499999999999999 0.9900000000000002)
(0.9500000000000001 0.045 0.99)
(1 0.045 0.99)
(-1 0.05 0.99)
(-0.9500000000000001 0.05 0.99)
(-0.9 0.05 0.99)
(-0.85 0.05 0.99)
(-0.8 0.05 0.99)
(-0.75 0.05 0.99)
(-0.7000000000000001 0.05 0.99)
(-0.65 0.05 0.99)
(-0.6 0.05 0.99)
(-0.55 0.05 0.99)
(-0.5 0.05 0.99)
(-0.45 0.05 0.99)
(-0.4 0.05 0.99)
(-0.35 0.05 0.99)
(-0.3 0.05 0.99)
(-0.25 0.05 0.99)
(-0.2 0.05 0.99)
(-0.1499999999999999 0.05 0.9899999999999999)
(-0.1 0.05 0.99)
(-0.05 0.05 0.99)
(0 0.05 0.99)
(0.05 0.05 0.99)
(0.1000000000000001 0.05 0.99)
(0.1499999999999999 0.05 0.99)
(0.2 0.05 0.99)
(0.25 0.05 0.99)
(0.3 0.05 0.99)
(0.35 0.05 0.99)
(0.4 0.05 0.99)
(0.45 0.05 0.99)
(0.5 0.05 0.99)
(0.55 0.05000000000000001 0.99)
(0.6 0.05 0.9899999999999999)
(0.65 0.05 0.99)
(0.7000000000000001 0.05 0.99)
(0.75 0.05 0.99)
(0.8 0.05 0.99)
(0.85 0.05 0.9899999999999999)
(0.9 0.05 0.9900000000000002)
(0.9500000000000001 0.05 0.99)
(1 0.05 0.99)
(-1 0.055 0.99)
(-0.9500000000000001 0.055 0.99)
(-0.9 0.055 0.99)
(-0.85 0.055 0.99)
(-0.8 0.055 0.99)
(-0.75 0.055 0.99)
(-0.7000000000000001 0.055 0.99)
(-0.65 0.055 0.99)
(-0.6 0.055 0.99)
(-0.55 0.05500000000000001 0.99)
(-0.5 0.055 0.99)
(-0.45 0.055 0.99)
(-0.4 0.055 0.99)
(-0.35 0.055 0.99)
(-0.3 0.055 0.9899999999999999)
(-0.25 0.055 0.99)
(-0.2 0.055 0.99)
(-0.1499999999999999 0.055 0.99)
(-0.1 0.055 0.99)
(-0.05 0.055 0.99)
(0 0.055 0.9900000000000002)
(0.04999999999999999 0.055 0.9899999999999999)
(0.1000000000000001 0.055 0.99)
(0.1499999999999999 0.05500000000000001 0.99)
(0.2 0.055 0.99)
(0.25 0.055 0.99)
(0.3 0.055 0.99)
(0.35 0.055 0.99)
(0.4 0.055 0.99)
(0.45 0.05500000000000001 0.99)
(0.5 0.055 0.99)
(0.55 0.05500000000000001 0.9900000000000002)
(0.6 0.055 0.9899999999999999)
(0.65 0.055 0.99)
(0.7000000000000001 0.055 0.99)
(0.75 0.055 0.9899999999999999)
(0.8 0.055 0.99)
(0.85 0.05500000000000001 0.99)
(0.9 0.055 0.9900000000000002)
(0.9500000000000001 0.055 0.9899999999999999)
(1 0.055 0.99)
(-1 0.06 0.99)
(-0.9500000000000001 0.06 0.9900000000000002)
(-0.9 0.06 0.99)
(-0.85 0.06 0.99)
(-0.8 0.06 0.99)
(-0.75 0.06 0.99)
(-0.7000000000000001 0.06 0.99)
(-0.65 0.06 0.99)
(-0.6 0.05999999999999999 0.99)
(-0.55 0.06 0.99)
(-0.5 0.06 0.99)
(-0.45 0.06 0.99)
(-0.4 0.06 0.9899999999999999)
(-0.35 0.06000000000000001 0.99)
(-0.3 0.06 0.99)
(-0.25 0.06 0.99)
(-0.2 0.06 0.99)
(-0.1499999999999999 0.05999999999999999 0.9899999999999999)
(-0.1 0.06 0.99)
(-0.05000000000000003 0.06 0.99)
(0 0.06 0.99)
(0.05000000000000001 0.06 0.9899999999999999)
(0.1000000000000001 0.06 0.99)
(0.1499999999999999 0.05999999999999999 0.99)
(0.2 0.06 0.99)
(0.25 0.06 0.99)
(0.3 0.06 0.9900000000000002)
(0.35 0.06 0.99)
(0.4 0.06 0.99)
(0.45 0.06 0.9899999999999999)
(0.5 0.06 0.99)
(0.55 0.06 0.99)
(0.6 0.06000000000000001 0.99)
(0.65 0.06 0.99)
(0.7000000000000001 0.06 0.99)
(0.75 0.06 0.99)
(0.8 0.06000000000000001 0.9900000000000002)
(0.85 0.06 0.9899999999999999)
(0.9 0.06000000000000001 0.9900000000000002)
(0.9500000000000001 0.06 0.99)
(1 0.06 0.99)
(-1 0.065 0.99)
(-0.9500000000000001 0.065 0.99)
(-0.9 0.065 0.99)
(-0.85 0.065 0.99)
(-0.8 0.065 0.99)
(-0.75 0.065 0.9899999999999999)
(-0.7000000000000001 0.065 0.99)
(-0.65 0.065 0.99)
(-0.6 0.065 0.99)
(-0.55 0.065 0.99)
(-0.5 0.065 0.99)
(-0.45 0.065 0.9899999999999999)
(-0.4 0.065 0.99)
(-0.35 0.065 0.99)
(-0.3 0.06500000000000002 0.99)
(-0.25 0.065 0.99)
(-0.2 0.065 0.99)
(-0.15 0.065 0.99)
(-0.1 0.065 0.9899999999999999)
(-0.05000000000000004 0.065 0.99)
(0 0.065 0.99)
(0.05000000000000004 0.065 0.9900000000000002)
(0.1000000000000001 0.065 0.99)
(0.1499999999999999 0.065 0.99)
(0.2 0.065 0.9899999999999999)
(0.25 0.065 0.99)
(0.3 0.065 0.9899999999999999)
(0.35 0.065 0.9899999999999999)
(0.4 0.065 0.9899999999999999)
(0.45 0.065 0.99)
(0.5 0.065 0.99)
(0.55 0.065 0.99)
(0.6 0.065 0.99)
(0.65 0.065 0.99)
(0.7000000000000001 0.06500000000000002 0.99)
(0.75 0.065 0.9899999999999999)
(0.8 0.065 0.99)
(0.85 0.06500000000000002 0.99)
(0.9000000000000001 0.06499999999999999 0.9900000000000002)
(0.9500000000000001 0.065 0.9899999999999999)
(1 0.065 0.99)
(-1 0.07000000000000001 0.99)
(-0.9500000000000001 0.07000000000000001 0.99)
(-0.9 0.07000000000000001 0.99)
(-0.85 0.07000000000000001 0.9899999999999999)
(-0.8 0.07000000000000001 0.9899999999999999)
(-0.75 0.07000000000000001 0.99)
(-0.7000000000000001 0.07000000000000001 0.99)
(-0.65 0.06999999999999999 0.99)
(-0.6 0.07000000000000001 0.99)
(-0.55 0.07000000000000001 0.99)
(-0.5 0.06999999999999999 0.99)
(-0.45 0.07000000000000001 0.9899999999999999)
(-0.3999999999999999 0.06999999999999999 0.9899999999999999)
(-0.35 0.07000000000000001 0.99)
(-0.3 0.07000000000000001 0.99)
(-0.25 0.07000000000000001 0.9899999999999999)
(-0.2 0.07000000000000001 0.9899999999999999)
(-0.15 0.07000000000000001 0.9900000000000002)
(-0.1 0.07000000000000001 0.99)
(-0.05 0.07000000000000001 0.99)
(0 0.07000000000000001 0.9899999999999999)
(0.05 0.07000000000000001 0.99)
(0.1000000000000001 0.07000000000000001 0.99)
(0.1499999999999999 0.07000000000000001 0.99)
(0.2 0.07000000000000001 0.99)
(0.25 0.07000000000000001 0.99)
(0.3 0.07000000000000001 0.9899999999999999)
(0.35 0.06999999999999999 0.99)
(0.3999999999999999 0.07000000000000001 0.9899999999999999)
(0.45 0.06999999999999999 0.9899999999999999)
(0.5 0.06999999999999999 0.9899999999999999)
(0.55 0.06999999999999999 0.99)
(0.6 0.06999999999999999 0.99)
(0.65 0.07000000000000001 0.99)
(0.7000000000000001 0.07000000000000001 0.9899999999999999)
(0.75 0.07000000000000001 0.9900000000000002)
(0.8 0.07000000000000001 0.9899999999999999)
(0.85 0.07000000000000001 0.9899999999999999)
(0.9 0.07000000000000001 0.99)
(0.9500000000000001 0.07000000000000001 0.99)
(1 0.07000000000000001 0.99)
(-1 0.075 0.99)
(-0.9500000000000001 0.075 0.9899999999999999)
(-0.9 0.075 0.99)
(-0.85 0.075 0.99)
(-0.8 0.075 0.99)
(-0.75 0.075 0.99)
(-0.7000000000000001 0.075 0.9899999999999999)
(-0.65 0.075 0.99)
(-0.6 0.075 0.99)
(-0.55 0.075 0.99)
(-0.5 0.075 0.99)
(-0.45 0.075 0.99)
(-0.4 0.075 0.99)
(-0.35 0.075 0.99)
(-0.3 0.075 0.9899999999999999)
(-0.25 0.075 0.99)
(-0.2 0.075 0.99)
(-0.15 0.075 0.99)
(-0.1 0.075 0.99)
(-0.05000000000000004 0.075 0.9899999999999999)
(0 0.075 0.99)
(0.05000000000000004 0.075 0.99)
(0.1000000000000001 0.075 0.99)
(0.1499999999999999 0.075 0.99)
(0.2 0.075 0.9899999999999999)
(0.25 0.075 0.99)
(0.3 0.075 0.99)
(0.35 0.075 0.99)
(0.4 0.075 0.9899999999999995)
(0.45 0.075 0.9899999999999999)
(0.5 0.075 0.99)
(0.55 0.075 0.9900000000000002)
(0.6 0.075 0.99)
(0.65 0.075 0.99)
(0.7000000000000001 0.075 0.9899999999999999)
(0.75 0.075 0.99)
(0.8 0.075 0.99)
(0.85 0.075 0.99)
(0.9 0.075 0.99)
(0.9500000000000001 0.075 0.9899999999999999)
(1 0.075 0.99)
(-1 0.08 0.99)
(-0.9500000000000001 0.08 0.99)
(-0.9 0.08 0.99)
(-0.85 0.08000000000000002 0.99)
(-0.8 0.08 0.99)
(-0.75 0.08 0.99)
(-0.7000000000000001 0.08000000000000002 0.99)
(-0.65 0.08 0.99)
(-0.6 0.08000000000000002 0.99)
(-0.55 0.08 0.99)
(-0.5 0.08 0.99)
(-0.45 0.08 0.99)
(-0.4 0.08 0.99)
(-0.35 0.08 0.99)
(-0.3 0.08 0.99)
(-0.25 0.08 0.99)
(-0.2 0.08000000000000002 0.99)
(-0.1499999999999999 0.08 0.99)
(-0.09999999999999998 0.08 0.99)
(-0.05000000000000004 0.08 0.99)
(0 0.08 0.9900000000000002)
(0.05000000000000003 0.08 0.99)
(0.1000000000000001 0.08 0.99)
(0.1499999999999999 0.08000000000000002 0.99)
(0.2 0.08 0.9899999999999999)
(0.25 0.08 0.99)
(0.3 0.08 0.9900000000000002)
(0.3500000000000001 0.08 0.99)
(0.4 0.08 0.99)
(0.45 0.08000000000000002 0.99)
(0.5 0.08 0.99)
(0.55 0.08000000000000002 0.9900000000000002)
(0.6 0.08 0.9899999999999999)
(0.65 0.08000000000000002 0.99)
(0.7000000000000001 0.08 0.99)
(0.75 0.08 0.99)
(0.8 0.08000000000000002 0.9900000000000002)
(0.85 0.08000000000000002 0.9899999999999999)
(0.9 0.08 0.99)
(0.9500000000000001 0.08 0.99)
(1 0.08 0.99)
(-1 0.08500000000000001 0.99)
(-0.9500000000000001 0.08500000000000001 0.99)
(-0.9 0.08500000000000001 0.99)
(-0.85 0.08500000000000001 0.99)
(-0.8 0.08500000000000001 0.99)
(-0.75 0.08500000000000001 0.99)
(-0.7000000000000001 0.08500000000000001 0.99)
(-0.65 0.08499999999999998 0.99)
(-0.6000000000000001 0.08500000000000001 0.99)
(-0.55 0.08500000000000001 0.99)
(-0.5 0.08499999999999998 0.99)
(-0.45 0.08500000000000001 0.9900000000000002)
(-0.4 0.08500000000000001 0.99)
(-0.35 0.08500000000000001 0.99)
(-0.3 0.08500000000000001 0.9899999999999999)
(-0.25 0.08500000000000001 0.99)
(-0.2 0.08500000000000001 0.99)
(-0.15 0.08500000000000001 0.99)
(-0.1 0.08500000000000001 0.99)
(-0.05 0.08500000000000001 0.99)
(0 0.08500000000000001 0.99)
(0.05 0.08500000000000001 0.99)
(0.1000000000000001 0.08500000000000001 0.9900000000000002)
(0.1499999999999999 0.08500000000000001 0.99)
(0.2 0.08500000000000001 0.99)
(0.25 0.08500000000000001 0.99)
(0.3 0.08500000000000001 0.99)
(0.35 0.08500000000000001 0.99)
(0.4 0.08500000000000001 0.99)
(0.45 0.08500000000000001 0.99)
(0.5 0.08500000000000001 0.99)
(0.55 0.08500000000000001 0.9899999999999999)
(0.6 0.08500000000000001 0.9899999999999999)
(0.65 0.08500000000000001 0.99)
(0.7000000000000001 0.08500000000000001 0.9899999999999999)
(0.75 0.08500000000000001 0.99)
(0.8 0.08500000000000001 0.9900000000000002)
(0.85 0.08500000000000002 0.99)
(0.9 0.08500000000000001 0.99)
(0.9500000000000001 0.08500000000000001 0.9899999999999999)
(1 0.08500000000000001 0.99)
(-1 0.09 0.99)
(-0.9500000000000001 0.09 0.99)
(-0.9 0.09 0.99)
(-0.85 0.09 0.99)
(-0.8 0.09 0.99)
(-0.75 0.09 0.9899999999999999)
(-0.7000000000000001 0.09 0.99)
(-0.65 0.09 0.99)
(-0.6 0.09 0.99)
(-0.55 0.09 0.99)
(-0.5 0.09 0.99)
(-0.45 0.09 0.99)
(-0.3999999999999999 0.09 0.9899999999999999)
(-0.35 0.09000000000000002 0.99)
(-0.3 0.09 0.99)
(-0.25 0.09 0.99)
(-0.2 0.09000000000000002 0.99)
(-0.15 0.09 0.99)
(-0.1 0.09 0.99)
(-0.05 0.09 0.9899999999999999)
(0 0.09 0.99)
(0.05 0.09 0.9899999999999999)
(0.1000000000000001 0.09 0.99)
(0.1499999999999999 0.09 0.99)
(0.2 0.09000000000000002 0.99)
(0.25 0.09 0.99)
(0.3 0.09 0.9899999999999999)
(0.35 0.09 0.99)
(0.3999999999999999 0.09 0.99)
(0.45 0.09 0.9899999999999999)
(0.5 0.09 0.99)
(0.55 0.09000000000000002 0.99)
(0.6 0.09000000000000002 0.9899999999999999)
(0.65 0.08999999999999998 0.99)
(0.7000000000000001 0.09 0.99)
(0.75 0.09 0.9899999999999999)
(0.8 0.09 0.99)
(0.85 0.08999999999999998 0.99)
(0.9 0.09 0.99)
(0.9500000000000001 0.09 0.99)
(1 0.09 0.99)
(-1 0.095 0.99)
(-0.9500000000000001 0.095 0.99)
(-0.9 0.095 0.99)
(-0.85 0.095 0.99)
(-0.8 0.095 0.99)
(-0.75 0.095 0.99)
(-0.7000000000000001 0.095 0.99)
(-0.65 0.095 0.99)
(-0.6 0.095 0.99)
(-0.55 0.095 0.99)
(-0.5 0.095 0.99)
(-0.45 0.095 0.99)
(-0.3999999999999999 0.095 0.99)
(-0.35 0.095 0.99)
(-0.3000000000000001 0.095 0.99)
(-0.25 0.095 0.99)
(-0.2 0.095 0.99)
(-0.15 0.095 0.9899999999999999)
(-0.1 0.095 0.99)
(-0.05 0.095 0.99)
(0 0.095 0.99)
(0.05 0.095 0.99)
(0.1000000000000001 0.095 0.99)
(0.1499999999999999 0.095 0.99)
(0.2 0.09500000000000001 0.99)
(0.25 0.095 0.99)
(0.3 0.095 0.99)
(0.35 0.095 0.99)
(0.4 0.095 0.99)
(0.45 0.095 0.99)
(0.5 0.095 0.99)
(0.55 0.095 0.99)
(0.6 0.095 0.99)
(0.65 0.095 0.99)
(0.7000000000000001 0.095 0.99)
(0.75 0.095 0.99)
(0.8 0.09500000000000001 0.99)
(0.85 0.095 0.9899999999999999)
(0.9 0.095 0.99)
(0.9500000000000001 0.095 0.9899999999999999)
(1 0.095 0.99)
(-1 0.1 0.99)
(-0.9500000000000001 0.1 0.99)
(-0.9 0.1 0.99)
(-0.85 0.1 0.99)
(-0.8 0.1 0.99)
(-0.75 0.1 0.99)
(-0.7000000000000001 0.1 0.99)
(-0.65 0.1 0.99)
(-0.6 0.1 0.99)
(-0.55 0.1 0.99)
(-0.5 0.1 0.99)
(-0.45 0.1 0.99)
(-0.4 0.1 0.99)
(-0.35 0.1 0.99)
(-0.3 0.1 0.99)
(-0.25 0.1 0.99)
(-0.2 0.1 0.99)
(-0.1499999999999999 0.1 0.9899999999999999)
(-0.1 0.1 0.99)
(-0.05 0.1 0.99)
(0 0.1 0.99)
(0.05 0.1 0.99)
(0.1000000000000001 0.1 0.99)
(0.1499999999999999 0.1 0.99)
(0.2 0.1 0.99)
(0.25 0.1 0.99)
(0.3 0.1 0.99)
(0.35 0.1 0.99)
(0.4 0.1 0.99)
(0.45 0.1 0.99)
(0.5 0.1 0.99)
(0.55 0.1 0.99)
(0.6 0.1 0.99)
(0.65 0.1 0.99)
(0.7000000000000001 0.1 0.99)
(0.75 0.1 0.99)
(0.8 0.1 0.99)
(0.85 0.1 0.99)
(0.9 0.1 0.99)
(0.9500000000000001 0.1 0.99)
(1 0.1 0.99)
(-1 0 1.02)
(-0.9500000000000001 0 1.02)
(-0.9 0 1.02)
(-0.85 0 1.02)
(-0.8 0 1.02)
(-0.75 0 1.02)
(-0.7000000000000001 0 1.02)
(-0.65 0 1.02)
(-0.6 0 1.02)
(-0.55 0 1.02)
(-0.5 0 1.02)
(-0.45 0 1.02)
(-0.4 0 1.02)
(-0.35 0 1.02)
(-0.3 0 1.02)
(-0.25 0 1.02)
(-0.2 0 1.02)
(-0.15 0 1.02)
(-0.1 0 1.02)
(-0.05 0 1.02)
(0 0 1.02)
(0.05 0 1.02)
(0.1000000000000001 0 1.02)
(0.1499999999999999 0 1.02)
(0.2 0 1.02)
(0.25 0 1.02)
(0.3 0 1.02)
(0.35 0 1.02)
(0.4 0 1.02)
(0.45 0 1.02)
(0.5 0 1.02)
(0.55 0 1.02)
(0.6 0 1.02)
(0.65 0 1.02)
(0.7000000000000001 0 1.02)
(0.75 0 1.02)
(0.8 0 1.02)
(0.85 0 1.02)
(0.9 0 1.02)
(0.9500000000000001 0 1.02)
(1 0 1.02)
(-1 0.005 1.02)
(-0.9500000000000001 0.005 1.02)
(-0.9 0.005 1.02)
(-0.85 0.005000000000000001 1.02)
(-0.8 0.005000000000000001 1.02)
(-0.75 0.005 1.02)
(-0.7000000000000001 0.005 1.02)
(-0.65 0.005 1.02)
(-0.6 0.005000000000000001 1.02)
(-0.55 0.005000000000000001 1.02)
(-0.5 0.005 1.02)
(-0.45 0.005 1.02)
(-0.4 0.005 1.02)
(-0.35 0.005 1.02)
(-0.3 0.005 1.02)
(-0.25 0.005 1.02)
(-0.2 0.005000000000000001 1.02)
(-0.15 0.005 1.02)
(-0.09999999999999998 0.005000000000000001 1.02)
(-0.05 0.005000000000000001 1.02)
(0 0.005 1.02)
(0.05 0.005000000000000001 1.02)
(0.1000000000000001 0.005000000000000001 1.02)
(0.1499999999999999 0.005000000000000001 1.02)
(0.2 0.005 1.02)
(0.25 0.005 1.02)
(0.3 0.005000000000000001 1.02)
(0.3500000000000001 0.005000000000000001 1.02)
(0.3999999999999999 0.005 1.02)
(0.45 0.005000000000000001 1.02)
(0.5 0.005000000000000001 1.02)
(0.55 0.005 1.02)
(0.6 0.005 1.02)
(0.65 0.005 1.02)
(0.7000000000000001 0.004999999999999999 1.02)
(0.75 0.005000000000000001 1.02)
(0.8 0.005000000000000001 1.02)
(0.85 0.005 1.02)
(0.9 0.005 1.02)
(0.9500000000000001 0.005000000000000001 1.02)
(1 0.005 1.02)
(-1 0.01 1.02)
(-0.9500000000000001 0.01 1.02)
(-0.9 0.01 1.02)
(-0.85 0.01 1.02)
(-0.8 0.01 1.02)
(-0.75 0.01 1.02)
(-0.7000000000000001 0.01 1.02)
(-0.65 0.01 1.02)
(-0.6 0.01 1.02)
(-0.55 0.01 1.02)
(-0.5 0.01 1.02)
(-0.45 0.01 1.02)
(-0.4 0.01 1.02)
(-0.35 0.01 1.02)
(-0.3 0.009999999999999998 1.02)
(-0.25 0.01 1.02)
(-0.2 0.01 1.02)
(-0.15 0.01 1.02)
(-0.1 0.01 1.02)
(-0.05 0.01 1.02)
(0 0.01 1.02)
(0.05 0.01 1.02)
(0.1000000000000001 0.01 1.02)
(0.1499999999999999 0.01 1.02)
(0.2 0.009999999999999998 1.02)
(0.25 0.01 1.02)
(0.3 0.01 1.02)
(0.35 0.01 1.02)
(0.4 0.01 1.02)
(0.45 0.01 1.02)
(0.5 0.01 1.02)
(0.55 0.01 1.02)
(0.6 0.01 1.02)
(0.65 0.01 1.02)
(0.7000000000000001 0.009999999999999998 1.02)
(0.75 0.01 1.02)
(0.8 0.01 1.02)
(0.85 0.009999999999999998 1.02)
(0.9 0.01 1.02)
(0.9500000000000001 0.009999999999999998 1.02)
(1 0.01 1.02)
(-1 0.015 1.02)
(-0.9500000000000001 0.015 1.02)
(-0.9 0.015 1.02)
(-0.85 0.015 1.02)
(-0.8 0.015 1.02)
(-0.75 0.015 1.02)
(-0.7000000000000001 0.015 1.02)
(-0.65 0.015 1.02)
(-0.6 0.015 1.02)
(-0.55 0.015 1.02)
(-0.5 0.015 1.02)
(-0.45 0.015 1.02)
(-0.4 0.015 1.02)
(-0.35 0.015 1.02)
(-0.3 0.015 1.02)
(-0.25 0.015 1.02)
(-0.2 0.015 1.02)
(-0.15 0.015 1.02)
(-0.1 0.015 1.02)
(-0.05000000000000004 0.015 1.02)
(0 0.015 1.02)
(0.05 0.015 1.02)
(0.1000000000000001 0.015 1.02)
(0.1499999999999999 0.015 1.02)
(0.2 0.015 1.02)
(0.25 0.015 1.02)
(0.3 0.015 1.02)
(0.35 0.015 1.02)
(0.4 0.015 1.02)
(0.45 0.015 1.02)
(0.5 0.015 1.02)
(0.55 0.015 1.02)
(0.6 0.015 1.02)
(0.65 0.015 1.02)
(0.7000000000000001 0.015 1.02)
(0.75 0.015 1.02)
(0.8 0.015 1.02)
(0.85 0.015 1.02)
(0.9 0.015 1.02)
(0.9500000000000001 0.015 1.02)
(1 0.015 1.02)
(-1 0.02 1.02)
(-0.9500000000000001 0.02 1.02)
(-0.9 0.02 1.02)
(-0.85 0.02 1.02)
(-0.8 0.02 1.02)
(-0.75 0.02 1.02)
(-0.7000000000000001 0.02 1.02)
(-0.65 0.02 1.02)
(-0.6 0.02 1.02)
(-0.55 0.02 1.02)
(-0.5 0.02 1.02)
(-0.45 0.02 1.02)
(-0.4 0.02 1.02)
(-0.35 0.02 1.02)
(-0.3 0.02 1.02)
(-0.25 0.02 1.02)
(-0.2 0.02 1.02)
(-0.1499999999999999 0.02 1.02)
(-0.09999999999999998 0.02 1.02)
(-0.05 0.02 1.02)
(0 0.02 1.02)
(0.05 0.02 1.02)
(0.1000000000000001 0.02 1.02)
(0.1499999999999999 0.02 1.02)
(0.2 0.02 1.02)
(0.25 0.02 1.02)
(0.3 0.02 1.02)
(0.35 0.02 1.02)
(0.3999999999999999 0.02 1.02)
(0.45 0.02 1.02)
(0.5 0.02 1.02)
(0.55 0.02 1.02)
(0.6 0.02 1.02)
(0.65 0.02 1.02)
(0.7000000000000001 0.02 1.02)
(0.75 0.02 1.02)
(0.8 0.02 1.02)
(0.85 0.02 1.02)
(0.9 0.02 1.02)
(0.9500000000000001 0.02 1.02)
(1 0.02 1.02)
(-1 0.025 1.02)
(-0.9500000000000001 0.025 1.02)
(-0.9 0.025 1.02)
(-0.85 0.025 1.02)
(-0.8 0.025 1.02)
(-0.75 0.025 1.02)
(-0.7000000000000001 0.025 1.02)
(-0.65 0.025 1.02)
(-0.6 0.025 1.02)
(-0.55 0.025 1.02)
(-0.5 0.025 1.02)
(-0.45 0.025 1.02)
(-0.4 0.025 1.02)
(-0.35 0.025 1.02)
(-0.3 0.025 1.02)
(-0.25 0.025 1.02)
(-0.2 0.025 1.02)
(-0.15 0.02499999999999999 1.02)
(-0.1 0.025 1.02)
(-0.05000000000000003 0.025 1.02)
(0 0.025 1.02)
(0.05000000000000003 0.025 1.02)
(0.1000000000000001 0.025 1.02)
(0.1499999999999999 0.025 1.02)
(0.2 0.025 1.02)
(0.25 0.025 1.02)
(0.3 0.025 1.02)
(0.35 0.025 1.02)
(0.4 0.025 1.02)
(0.45 0.025 1.02)
(0.5 0.025 1.02)
(0.55 0.025 1.02)
(0.6 0.025 1.02)
(0.65 0.025 1.02)
(0.7000000000000001 0.02499999999999999 1.02)
(0.75 0.025 1.02)
(0.8 0.025 1.02)
(0.85 0.025 1.02)
(0.9 0.025 1.02)
(0.9500000000000001 0.025 1.02)
(1 0.025 1.02)
(-1 0.03 1.02)
(-0.9500000000000001 0.03 1.02)
(-0.9 0.03 1.02)
(-0.85 0.03 1.02)
(-0.8 0.03 1.02)
(-0.75 0.03 1.02)
(-0.7000000000000001 0.03 1.02)
(-0.65 0.03000000000000001 1.02)
(-0.6 0.03000000000000001 1.02)
(-0.55 0.03 1.02)
(-0.5 0.03 1.02)
(-0.45 0.03 1.02)
(-0.4 0.03 1.02)
(-0.35 0.03 1.02)
(-0.3 0.03 1.02)
(-0.25 0.03 1.02)
(-0.2 0.03 1.02)
(-0.15 0.03 1.02)
(-0.1 0.03 1.02)
(-0.05000000000000003 0.03 1.02)
(0 0.03 1.02)
(0.05000000000000003 0.03 1.02)
(0.1000000000000001 0.03 1.02)
(0.1499999999999999 0.03 1.02)
(0.2 0.03 1.02)
(0.25 0.03 1.02)
(0.3 0.03 1.02)
(0.35 0.03 1.02)
(0.4 0.03 1.02)
(0.45 0.03 1.02)
(0.5 0.03 1.02)
(0.55 0.03 1.02)
(0.6 0.03 1.02)
(0.65 0.03 1.02)
(0.7000000000000001 0.03 1.02)
(0.75 0.03 1.02)
(0.8 0.03 1.02)
(0.85 0.03 1.02)
(0.9 0.03000000000000001 1.02)
(0.9500000000000001 0.03 1.02)
(1 0.03 1.02)
(-1 0.035 1.02)
(-0.9500000000000001 0.035 1.02)
(-0.9 0.035 1.02)
(-0.85 0.035 1.02)
(-0.8 0.035 1.02)
(-0.75 0.035 1.02)
(-0.7000000000000001 0.035 1.02)
(-0.65 0.035 1.02)
(-0.6 0.035 1.02)
(-0.55 0.035 1.02)
(-0.5 0.035 1.02)
(-0.45 0.035 1.02)
(-0.4 0.035 1.02)
(-0.35 0.035 1.02)
(-0.3 0.035 1.02)
(-0.25 0.035 1.02)
(-0.2 0.035 1.02)
(-0.15 0.035 1.02)
(-0.1 0.035 1.02)
(-0.05000000000000004 0.035 1.02)
(0 0.035 1.02)
(0.05000000000000004 0.035 1.02)
(0.1000000000000001 0.035 1.02)
(0.1499999999999999 0.035 1.02)
(0.2 0.035 1.02)
(0.25 0.035 1.02)
(0.3 0.035 1.02)
(0.35 0.035 1.02)
(0.4 0.035 1.02)
(0.45 0.035 1.02)
(0.5 0.035 1.02)
(0.55 0.035 1.02)
(0.6 0.035 1.02)
(0.65 0.035 1.02)
(0.7000000000000001 0.035 1.02)
(0.75 0.035 1.02)
(0.8 0.035 1.02)
(0.85 0.035 1.02)
(0.9 0.035 1.02)
(0.9500000000000001 0.035 1.02)
(1 0.035 1.02)
(-1 0.04 1.02)
(-0.9500000000000001 0.04 1.02)
(-0.9 0.04 1.02)
(-0.85 0.04 1.02)
(-0.8 0.04 1.02)
(-0.75 0.04 1.02)
(-0.7000000000000001 0.04 1.02)
(-0.65 0.04 1.02)
(-0.6 0.04 1.02)
(-0.55 0.04 1.02)
(-0.5 0.04 1.02)
(-0.45 0.04 1.02)
(-0.4 0.04 1.02)
(-0.35 0.04 1.02)
(-0.3 0.03999999999999999 1.02)
(-0.25 0.04 1.02)
(-0.2 0.04 1.02)
(-0.15 0.04 1.02)
(-0.09999999999999995 0.04000000000000001 1.02)
(-0.05000000000000004 0.04 1.02)
(0 0.04 1.02)
(0.05000000000000004 0.04 1.02)
(0.1000000000000001 0.04 1.02)
(0.1499999999999999 0.04000000000000001 1.02)
(0.2 0.04 1.02)
(0.25 0.04 1.02)
(0.3 0.04 1.02)
(0.35 0.04 1.02)
(0.4 0.04 1.02)
(0.45 0.04 1.02)
(0.5 0.04 1.02)
(0.55 0.04 1.02)
(0.6 0.04 1.02)
(0.65 0.04 1.02)
(0.7000000000000001 0.04 1.02)
(0.75 0.04000000000000001 1.02)
(0.8 0.04 1.02)
(0.85 0.04 1.02)
(0.9 0.04 1.02)
(0.9500000000000001 0.03999999999999999 1.02)
(1 0.04 1.02)
(-1 0.045 1.02)
(-0.9500000000000001 0.045 1.02)
(-0.9 0.04500000000000001 1.02)
(-0.85 0.045 1.02)
(-0.8 0.04499999999999999 1.02)
(-0.75 0.045 1.02)
(-0.7000000000000001 0.04500000000000001 1.02)
(-0.65 0.04499999999999999 1.02)
(-0.6 0.045 1.02)
(-0.55 0.045 1.02)
(-0.5 0.045 1.02)
(-0.45 0.045 1.02)
(-0.4 0.045 1.02)
(-0.35 0.045 1.02)
(-0.3 0.045 1.02)
(-0.25 0.045 1.02)
(-0.2 0.04500000000000001 1.02)
(-0.1499999999999999 0.045 1.02)
(-0.09999999999999998 0.045 1.02)
(-0.05000000000000001 0.045 1.02)
(0 0.045 1.02)
(0.05 0.045 1.02)
(0.1000000000000001 0.04499999999999999 1.02)
(0.1499999999999999 0.045 1.02)
(0.2 0.04500000000000001 1.02)
(0.25 0.04499999999999999 1.02)
(0.3 0.045 1.02)
(0.3500000000000001 0.045 1.02)
(0.4 0.045 1.02)
(0.45 0.045 1.02)
(0.5 0.04500000000000001 1.02)
(0.55 0.045 1.02)
(0.6 0.04500000000000001 1.02)
(0.65 0.04499999999999999 1.02)
(0.7000000000000001 0.04500000000000001 1.02)
(0.75 0.045 1.02)
(0.8 0.045 1.02)
(0.85 0.04499999999999999 1.02)
(0.9 0.04499999999999999 1.02)
(0.9500000000000001 0.045 1.02)
(1 0.045 1.02)
(-1 0.05 1.02)
(-0.9500000000000001 0.05 1.02)
(-0.9 0.05 1.02)
(-0.85 0.05 1.02)
(-0.8 0.05 1.02)
(-0.75 0.05 1.02)
(-0.7000000000000001 0.05 1.02)
(-0.65 0.05 1.02)
(-0.6 0.05 1.02)
(-0.55 0.05 1.02)
(-0.5 0.05 1.02)
(-0.45 0.05 1.02)
(-0.4 0.05 1.02)
(-0.35 0.05 1.02)
(-0.3 0.05 1.02)
(-0.25 0.05 1.02)
(-0.2 0.05 1.02)
(-0.15 0.05 1.02)
(-0.1 0.05 1.02)
(-0.05 0.05 1.02)
(0 0.05 1.02)
(0.05 0.05 1.02)
(0.1000000000000001 0.05 1.02)
(0.1499999999999999 0.05 1.02)
(0.2 0.05 1.02)
(0.25 0.05 1.02)
(0.3 0.05 1.02)
(0.35 0.05 1.02)
(0.4 0.05 1.02)
(0.45 0.05 1.02)
(0.5 0.05 1.02)
(0.55 0.05 1.02)
(0.6 0.05 1.02)
(0.65 0.05 1.02)
(0.7000000000000001 0.05 1.02)
(0.75 0.05 1.02)
(0.8 0.05 1.02)
(0.85 0.05 1.02)
(0.9 0.05 1.02)
(0.9500000000000001 0.05 1.02)
(1 0.05 1.02)
(-1 0.055 1.02)
(-0.9500000000000001 0.055 1.02)
(-0.9 0.055 1.02)
(-0.85 0.055 1.02)
(-0.8 0.055 1.02)
(-0.75 0.055 1.02)
(-0.7000000000000001 0.055 1.02)
(-0.65 0.055 1.02)
(-0.6 0.055 1.02)
(-0.55 0.055 1.02)
(-0.5 0.055 1.02)
(-0.45 0.055 1.02)
(-0.4 0.055 1.02)
(-0.35 0.055 1.02)
(-0.3 0.05500000000000001 1.02)
(-0.25 0.055 1.02)
(-0.2 0.055 1.02)
(-0.15 0.055 1.02)
(-0.1 0.055 1.02)
(-0.05000000000000003 0.05500000000000001 1.02)
(0 0.055 1.02)
(0.05000000000000004 0.05500000000000001 1.02)
(0.1000000000000001 0.05500000000000001 1.02)
(0.1499999999999999 0.055 1.02)
(0.2 0.055 1.02)
(0.25 0.055 1.02)
(0.3 0.05500000000000001 1.02)
(0.35 0.055 1.02)
(0.4 0.055 1.02)
(0.45 0.055 1.02)
(0.5 0.055 1.02)
(0.55 0.055 1.02)
(0.6 0.05500000000000001 1.02)
(0.65 0.055 1.02)
(0.7000000000000001 0.055 1.02)
(0.75 0.05500000000000001 1.02)
(0.8 0.05500000000000001 1.02)
(0.85 0.055 1.02)
(0.9 0.055 1.02)
(0.9500000000000001 0.055 1.02)
(1 0.055 1.02)
(-1 0.06 1.02)
(-0.9500000000000001 0.06 1.02)
(-0.9 0.06 1.02)
(-0.85 0.06 1.02)
(-0.8 0.06 1.02)
(-0.75 0.06 1.02)
(-0.7000000000000001 0.06 1.02)
(-0.65 0.06 1.02)
(-0.6 0.06 1.02)
(-0.55 0.06 1.02)
(-0.5 0.06 1.02)
(-0.45 0.06 1.02)
(-0.4 0.06 1.02)
(-0.35 0.06 1.02)
(-0.3 0.06 1.02)
(-0.25 0.06 1.02)
(-0.2 0.06 1.02)
(-0.1499999999999999 0.06 1.02)
(-0.09999999999999994 0.06 1.02)
(-0.05000000000000004 0.06 1.02)
(0 0.06 1.02)
(0.05000000000000004 0.06 1.02)
(0.1000000000000001 0.06 1.02)
(0.1499999999999999 0.06 1.02)
(0.2 0.06 1.02)
(0.25 0.06 1.02)
(0.3 0.06 1.02)
(0.35 0.06 1.02)
(0.4 0.06 1.02)
(0.45 0.06 1.02)
(0.5 0.06 1.02)
(0.55 0.06 1.02)
(0.6 0.05999999999999999 1.02)
(0.65 0.06 1.02)
(0.7000000000000001 0.06 1.02)
(0.75 0.06 1.02)
(0.8 0.06 1.02)
(0.8500000000000002 0.06000000000000001 1.02)
(0.9 0.06 1.02)
(0.9500000000000001 0.06 1.02)
(1 0.06 1.02)
(-1 0.065 1.02)
(-0.9500000000000001 0.065 1.02)
(-0.9 0.065 1.02)
(-0.85 0.065 1.02)
(-0.8 0.06500000000000002 1.02)
(-0.75 0.06500000000000002 1.02)
(-0.7000000000000001 0.065 1.02)
(-0.65 0.065 1.02)
(-0.6 0.06500000000000002 1.02)
(-0.55 0.065 1.02)
(-0.5 0.065 1.02)
(-0.45 0.065 1.02)
(-0.4 0.065 1.02)
(-0.35 0.065 1.02)
(-0.3 0.06500000000000002 1.02)
(-0.25 0.065 1.02)
(-0.2 0.065 1.02)
(-0.15 0.065 1.02)
(-0.1 0.065 1.02)
(-0.05000000000000004 0.065 1.02)
(0 0.065 1.02)
(0.05000000000000004 0.065 1.02)
(0.1000000000000001 0.06500000000000002 1.02)
(0.1499999999999999 0.065 1.02)
(0.2 0.065 1.02)
(0.25 0.06500000000000002 1.02)
(0.3 0.065 1.02)
(0.35 0.065 1.02)
(0.4 0.065 1.02)
(0.45 0.06500000000000002 1.02)
(0.5 0.065 1.02)
(0.55 0.065 1.02)
(0.6 0.06500000000000002 1.02)
(0.65 0.065 1.02)
(0.7000000000000001 0.065 1.02)
(0.75 0.06500000000000002 1.02)
(0.8 0.065 1.02)
(0.85 0.06500000000000002 1.02)
(0.9 0.06499999999999999 1.02)
(0.9500000000000001 0.06500000000000002 1.02)
(1 0.065 1.02)
(-1 0.07000000000000001 1.02)
(-0.9500000000000001 0.07000000000000001 1.02)
(-0.9 0.07000000000000001 1.02)
(-0.85 0.07000000000000001 1.02)
(-0.8 0.07000000000000001 1.02)
(-0.75 0.07000000000000001 1.02)
(-0.7000000000000001 0.07000000000000001 1.02)
(-0.65 0.07000000000000001 1.02)
(-0.6 0.07000000000000001 1.02)
(-0.55 0.06999999999999999 1.02)
(-0.5 0.07000000000000001 1.02)
(-0.45 0.07000000000000001 1.02)
(-0.4 0.07000000000000001 1.02)
(-0.35 0.07000000000000001 1.02)
(-0.3 0.07000000000000001 1.02)
(-0.25 0.06999999999999999 1.02)
(-0.2 0.07000000000000001 1.02)
(-0.15 0.07000000000000001 1.02)
(-0.09999999999999998 0.07000000000000001 1.02)
(-0.05000000000000003 0.07000000000000001 1.02)
(0 0.07000000000000001 1.02)
(0.05000000000000003 0.06999999999999999 1.02)
(0.1000000000000001 0.06999999999999999 1.02)
(0.1499999999999999 0.07000000000000001 1.02)
(0.2 0.07000000000000001 1.02)
(0.25 0.06999999999999999 1.02)
(0.3 0.06999999999999999 1.02)
(0.35 0.06999999999999999 1.02)
(0.4 0.07000000000000001 1.02)
(0.45 0.07000000000000001 1.02)
(0.5 0.07000000000000001 1.02)
(0.55 0.06999999999999999 1.02)
(0.6 0.06999999999999999 1.02)
(0.65 0.07000000000000001 1.02)
(0.7000000000000001 0.06999999999999999 1.02)
(0.75 0.07000000000000001 1.02)
(0.8 0.07000000000000001 1.02)
(0.85 0.06999999999999999 1.02)
(0.9 0.06999999999999999 1.02)
(0.9500000000000001 0.07000000000000001 1.02)
(1 0.07000000000000001 1.02)
(-1 0.075 1.02)
(-0.9500000000000001 0.075 1.02)
(-0.9 0.075 1.02)
(-0.85 0.07500000000000001 1.02)
(-0.8 0.075 1.02)
(-0.75 0.075 1.02)
(-0.7000000000000001 0.075 1.02)
(-0.65 0.075 1.02)
(-0.6 0.075 1.02)
(-0.55 0.075 1.02)
(-0.5 0.075 1.02)
(-0.45 0.075 1.02)
(-0.4 0.075 1.02)
(-0.35 0.075 1.02)
(-0.3 0.075 1.02)
(-0.25 0.075 1.02)
(-0.2 0.075 1.02)
(-0.15 0.075 1.02)
(-0.1 0.075 1.02)
(-0.05000000000000003 0.075 1.02)
(0 0.075 1.02)
(0.05000000000000003 0.075 1.02)
(0.1000000000000001 0.075 1.02)
(0.1499999999999999 0.075 1.02)
(0.2 0.075 1.02)
(0.25 0.075 1.02)
(0.3 0.075 1.02)
(0.35 0.075 1.02)
(0.4 0.075 1.02)
(0.45 0.075 1.02)
(0.5 0.075 1.02)
(0.55 0.075 1.02)
(0.6 0.07500000000000001 1.02)
(0.65 0.075 1.02)
(0.7000000000000001 0.075 1.02)
(0.75 0.075 1.02)
(0.8 0.075 1.02)
(0.85 0.075 1.02)
(0.9 0.075 1.02)
(0.9500000000000001 0.075 1.02)
(1 0.075 1.02)
(-1 0.08 1.02)
(-0.9500000000000001 0.08 1.02)
(-0.9 0.08 1.02)
(-0.8499999999999999 0.08 1.02)
(-0.8 0.08 1.02)
(-0.75 0.08 1.02)
(-0.7000000000000001 0.08 1.02)
(-0.65 0.08 1.02)
(-0.6 0.08000000000000002 1.02)
(-0.55 0.08 1.02)
(-0.5 0.08 1.02)
(-0.45 0.08 1.02)
(-0.4 0.08 1.02)
(-0.35 0.08 1.02)
(-0.3 0.08 1.02)
(-0.25 0.08 1.02)
(-0.2 0.08000000000000002 1.02)
(-0.1499999999999999 0.08 1.02)
(-0.09999999999999998 0.08 1.02)
(-0.05 0.08 1.02)
(0 0.08 1.02)
(0.05 0.08 1.02)
(0.1000000000000001 0.08 1.02)
(0.1499999999999999 0.08000000000000002 1.02)
(0.2 0.08 1.02)
(0.25 0.08 1.02)
(0.3 0.08 1.02)
(0.35 0.08000000000000002 1.02)
(0.3999999999999999 0.08 1.02)
(0.45 0.08000000000000002 1.02)
(0.5 0.08 1.02)
(0.55 0.08 1.02)
(0.6 0.08 1.02)
(0.65 0.08000000000000002 1.02)
(0.7000000000000001 0.08 1.02)
(0.75 0.08000000000000002 1.02)
(0.8 0.08 1.02)
(0.85 0.08 1.02)
(0.9 0.08 1.02)
(0.9500000000000001 0.07999999999999999 1.02)
(1 0.08 1.02)
(-1 0.08500000000000001 1.02)
(-0.9500000000000001 0.08500000000000001 1.02)
(-0.9 0.08500000000000001 1.02)
(-0.85 0.08500000000000001 1.02)
(-0.8 0.08500000000000001 1.02)
(-0.75 0.08500000000000001 1.02)
(-0.7000000000000001 0.08500000000000001 1.02)
(-0.65 0.08500000000000001 1.02)
(-0.6 0.08500000000000001 1.02)
(-0.55 0.08500000000000001 1.02)
(-0.5 0.08500000000000001 1.02)
(-0.45 0.08500000000000001 1.02)
(-0.4 0.08500000000000001 1.02)
(-0.35 0.08500000000000001 1.02)
(-0.3 0.08500000000000001 1.02)
(-0.25 0.08500000000000001 1.02)
(-0.2 0.08500000000000001 1.02)
(-0.15 0.08500000000000001 1.02)
(-0.1 0.08500000000000001 1.02)
(-0.05 0.08500000000000001 1.02)
(0 0.08500000000000001 1.02)
(0.05 0.08500000000000001 1.02)
(0.1000000000000001 0.08500000000000001 1.02)
(0.1499999999999999 0.08500000000000001 1.02)
(0.2 0.08500000000000001 1.02)
(0.25 0.08500000000000001 1.02)
(0.3 0.08500000000000001 1.02)
(0.35 0.08500000000000001 1.02)
(0.4 0.08500000000000001 1.02)
(0.45 0.08500000000000001 1.02)
(0.4999999999999999 0.08500000000000001 1.02)
(0.55 0.08500000000000001 1.02)
(0.6 0.08500000000000001 1.02)
(0.65 0.08500000000000001 1.02)
(0.7000000000000001 0.08500000000000001 1.02)
(0.75 0.08500000000000001 1.02)
(0.8 0.08500000000000001 1.02)
(0.85 0.08500000000000002 1.02)
(0.9 0.08500000000000002 1.02)
(0.9500000000000001 0.08500000000000001 1.02)
(1 0.08500000000000001 1.02)
(-1 0.09 1.02)
(-0.9500000000000001 0.09 1.02)
(-0.9 0.09 1.02)
(-0.85 0.09 1.02)
(-0.8 0.09 1.02)
(-0.75 0.09 1.02)
(-0.7000000000000001 0.09 1.02)
(-0.65 0.09 1.02)
(-0.6 0.09 1.02)
(-0.55 0.09 1.02)
(-0.5 0.09 1.02)
(-0.45 0.09 1.02)
(-0.4 0.09 1.02)
(-0.35 0.09 1.02)
(-0.3 0.09 1.02)
(-0.25 0.09 1.02)
(-0.2 0.09 1.02)
(-0.15 0.09 1.02)
(-0.1 0.09 1.02)
(-0.05 0.09 1.02)
(0 0.09 1.02)
(0.05 0.09 1.02)
(0.1000000000000001 0.09 1.02)
(0.1499999999999999 0.09 1.02)
(0.2 0.09 1.02)
(0.25 0.09 1.02)
(0.3 0.09 1.02)
(0.35 0.09 1.02)
(0.4 0.09 1.02)
(0.45 0.09 1.02)
(0.5 0.09000000000000002 1.02)
(0.55 0.09 1.02)
(0.6 0.09000000000000002 1.02)
(0.65 0.08999999999999998 1.02)
(0.7000000000000001 0.09 1.02)
(0.75 0.09 1.02)
(0.8 0.09 1.02)
(0.85 0.09000000000000002 1.02)
(0.9 0.09 1.02)
(0.9500000000000001 0.09 1.02)
(1 0.09 1.02)
(-1 0.095 1.02)
(-0.9500000000000001 0.095 1.02)
(-0.9 0.095 1.02)
(-0.85 0.095 1.02)
(-0.8 0.095 1.02)
(-0.75 0.095 1.02)
(-0.7000000000000001 0.095 1.02)
(-0.65 0.095 1.02)
(-0.6 0.095 1.02)
(-0.55 0.095 1.02)
(-0.4999999999999999 0.095 1.02)
(-0.45 0.095 1.02)
(-0.3999999999999999 0.095 1.02)
(-0.35 0.095 1.02)
(-0.3 0.095 1.02)
(-0.25 0.095 1.02)
(-0.2 0.095 1.02)
(-0.1499999999999999 0.095 1.02)
(-0.1 0.095 1.02)
(-0.05 0.095 1.02)
(0 0.09500000000000001 1.02)
(0.05 0.095 1.02)
(0.1000000000000001 0.095 1.02)
(0.1499999999999999 0.095 1.02)
(0.2 0.095 1.02)
(0.25 0.095 1.02)
(0.3 0.09499999999999999 1.02)
(0.35 0.095 1.02)
(0.4 0.095 1.02)
(0.45 0.095 1.02)
(0.5 0.095 1.02)
(0.55 0.095 1.02)
(0.6 0.095 1.02)
(0.65 0.095 1.02)
(0.7000000000000001 0.095 1.02)
(0.75 0.09499999999999999 1.02)
(0.8 0.09500000000000001 1.02)
(0.85 0.095 1.02)
(0.9 0.095 1.02)
(0.9500000000000001 0.095 1.02)
(1 0.095 1.02)
(-1 0.1 1.02)
(-0.9500000000000001 0.1 1.02)
(-0.9 0.1 1.02)
(-0.85 0.1 1.02)
(-0.8 0.1 1.02)
(-0.75 0.1 1.02)
(-0.7000000000000001 0.1 1.02)
(-0.65 0.1 1.02)
(-0.6 0.1 1.02)
(-0.55 0.1 1.02)
(-0.5 0.1 1.02)
(-0.45 0.1 1.02)
(-0.4 0.1 1.02)
(-0.35 0.1 1.02)
(-0.3 0.1 1.02)
(-0.25 0.1 1.02)
(-0.2 0.1 1.02)
(-0.15 0.1 1.02)
(-0.1 0.1 1.02)
(-0.05 0.1 1.02)
(0 0.1 1.02)
(0.05 0.1 1.02)
(0.1000000000000001 0.1 1.02)
(0.1499999999999999 0.1 1.02)
(0.2 0.1 1.02)
(0.25 0.1 1.02)
(0.3 0.1 1.02)
(0.35 0.1 1.02)
(0.4 0.1 1.02)
(0.45 0.1 1.02)
(0.5 0.1 1.02)
(0.55 0.1 1.02)
(0.6 0.1 1.02)
(0.65 0.1 1.02)
(0.7000000000000001 0.1 1.02)
(0.75 0.1 1.02)
(0.8 0.1 1.02)
(0.85 0.1 1.02)
(0.9 0.1 1.02)
(0.9500000000000001 0.1 1.02)
(1 0.1 1.02)
(-1 0 1.05)
(-0.9500000000000001 0 1.05)
(-0.9 0 1.05)
(-0.85 0 1.05)
(-0.8 0 1.05)
(-0.75 0 1.05)
(-0.7000000000000001 0 1.05)
(-0.65 0 1.05)
(-0.6 0 1.05)
(-0.55 0 1.05)
(-0.5 0 1.05)
(-0.45 0 1.05)
(-0.4 0 1.05)
(-0.35 0 1.05)
(-0.3 0 1.05)
(-0.25 0 1.05)
(-0.2 0 1.05)
(-0.1499999999999999 0 1.05)
(-0.1000000000000001 0 1.05)
(-0.05 0 1.05)
(0 0 1.05)
(0.05 0 1.05)
(0.1000000000000001 0 1.05)
(0.1499999999999999 0 1.05)
(0.2 0 1.05)
(0.25 0 1.05)
(0.3 0 1.05)
(0.35 0 1.05)
(0.4 0 1.05)
(0.45 0 1.05)
(0.5 0 1.05)
(0.55 0 1.05)
(0.6 0 1.05)
(0.65 0 1.05)
(0.7000000000000001 0 1.05)
(0.75 0 1.05)
(0.8 0 1.05)
(0.85 0 1.05)
(0.9 0 1.05)
(0.9500000000000001 0 1.05)
(1 0 1.05)
(-1 0.005 1.05)
(-0.9500000000000001 0.005 1.05)
(-0.9 0.005 1.05)
(-0.85 0.005000000000000001 1.05)
(-0.8 0.005 1.05)
(-0.75 0.005 1.05)
(-0.7000000000000001 0.005 1.05)
(-0.65 0.005 1.05)
(-0.6 0.005000000000000001 1.05)
(-0.55 0.005 1.05)
(-0.5 0.005000000000000001 1.05)
(-0.45 0.005 1.05)
(-0.4 0.005 1.05)
(-0.35 0.005 1.05)
(-0.3 0.005 1.05)
(-0.25 0.005 1.05)
(-0.2 0.005 1.05)
(-0.1499999999999999 0.005 1.05)
(-0.09999999999999998 0.005000000000000001 1.05)
(-0.05000000000000003 0.005 1.05)
(0 0.005 1.05)
(0.05000000000000003 0.005 1.05)
(0.1000000000000001 0.005 1.05)
(0.1499999999999999 0.005 1.05)
(0.2 0.005 1.05)
(0.2500000000000001 0.005 1.05)
(0.3 0.005000000000000001 1.05)
(0.3500000000000001 0.005000000000000001 1.05)
(0.3999999999999999 0.005 1.05)
(0.45 0.005 1.05)
(0.5 0.005000000000000001 1.05)
(0.55 0.005000000000000001 1.05)
(0.6 0.005 1.05)
(0.65 0.005 1.05)
(0.7000000000000001 0.005 1.05)
(0.75 0.005 1.05)
(0.8 0.005 1.05)
(0.85 0.005 1.05)
(0.9 0.005 1.05)
(0.9500000000000001 0.005000000000000001 1.05)
(1 0.005 1.05)
(-1 0.01 1.05)
(-0.9500000000000001 0.01 1.05)
(-0.9 0.01 1.05)
(-0.85 0.01 1.05)
(-0.8 0.01 1.05)
(-0.75 0.01 1.05)
(-0.7000000000000001 0.01 1.05)
(-0.65 0.01 1.05)
(-0.6 0.01 1.05)
(-0.55 0.01 1.05)
(-0.5000000000000001 0.01 1.05)
(-0.45 0.01 1.05)
(-0.4 0.01 1.05)
(-0.35 0.01 1.05)
(-0.3000000000000001 0.01 1.05)
(-0.25 0.01 1.05)
(-0.2 0.01 1.05)
(-0.15 0.01 1.05)
(-0.1 0.009999999999999998 1.05)
(-0.05 0.01 1.05)
(0 0.01 1.05)
(0.05 0.01 1.05)
(0.1000000000000002 0.009999999999999998 1.05)
(0.1499999999999999 0.01 1.05)
(0.2 0.009999999999999998 1.05)
(0.25 0.01 1.05)
(0.3000000000000001 0.01 1.05)
(0.3500000000000001 0.01 1.05)
(0.3999999999999999 0.01 1.05)
(0.45 0.01 1.05)
(0.5000000000000001 0.01 1.05)
(0.5500000000000003 0.01 1.05)
(0.6 0.01 1.05)
(0.65 0.01 1.05)
(0.7000000000000001 0.01 1.05)
(0.75 0.01 1.05)
(0.8 0.01 1.05)
(0.85 0.01 1.05)
(0.9 0.01 1.05)
(0.9500000000000001 0.01 1.05)
(1 0.01 1.05)
(-1 0.015 1.05)
(-0.9500000000000001 0.015 1.05)
(-0.9 0.015 1.05)
(-0.85 0.015 1.05)
(-0.8 0.015 1.05)
(-0.75 0.015 1.05)
(-0.7000000000000001 0.015 1.05)
(-0.65 0.015 1.05)
(-0.6 0.015 1.05)
(-0.55 0.015 1.05)
(-0.5 0.015 1.05)
(-0.45 0.015 1.05)
(-0.4 0.015 1.05)
(-0.35 0.015 1.05)
(-0.3 0.015 1.05)
(-0.25 0.015 1.05)
(-0.2 0.015 1.05)
(-0.15 0.015 1.05)
(-0.1 0.015 1.05)
(-0.05000000000000003 0.015 1.05)
(0 0.015 1.05)
(0.05000000000000003 0.015 1.05)
(0.1000000000000001 0.015 1.05)
(0.1499999999999999 0.015 1.05)
(0.2 0.015 1.05)
(0.2500000000000001 0.015 1.05)
(0.3 0.015 1.05)
(0.35 0.015 1.05)
(0.3999999999999999 0.015 1.05)
(0.45 0.015 1.05)
(0.5 0.015 1.05)
(0.55 0.015 1.05)
(0.6 0.015 1.05)
(0.65 0.015 1.05)
(0.7000000000000001 0.015 1.05)
(0.75 0.015 1.05)
(0.8 0.015 1.05)
(0.85 0.015 1.05)
(0.9 0.015 1.05)
(0.9500000000000001 0.015 1.05)
(1 0.015 1.05)
(-1 0.02 1.05)
(-0.9500000000000001 0.02 1.05)
(-0.9 0.02 1.05)
(-0.85 0.02 1.05)
(-0.8 0.02 1.05)
(-0.75 0.02 1.05)
(-0.7000000000000001 0.02 1.05)
(-0.65 0.02 1.05)
(-0.6 0.02 1.05)
(-0.55 0.02 1.05)
(-0.5000000000000001 0.02 1.05)
(-0.45 0.02 1.05)
(-0.4 0.02 1.05)
(-0.35 0.02 1.05)
(-0.3 0.02 1.05)
(-0.25 0.02 1.05)
(-0.2 0.02 1.05)
(-0.1499999999999999 0.02 1.05)
(-0.1 0.02 1.05)
(-0.05000000000000005 0.02 1.05)
(0 0.02 1.05)
(0.05000000000000004 0.02 1.05)
(0.1000000000000001 0.02 1.05)
(0.1499999999999999 0.02 1.05)
(0.2 0.02 1.05)
(0.25 0.02 1.05)
(0.3 0.02 1.05)
(0.35 0.02 1.05)
(0.3999999999999999 0.02 1.05)
(0.45 0.02 1.05)
(0.5000000000000001 0.02 1.05)
(0.55 0.02 1.05)
(0.6 0.02 1.05)
(0.65 0.02 1.05)
(0.7000000000000001 0.02 1.05)
(0.75 0.02 1.05)
(0.8 0.02 1.05)
(0.85 0.02 1.05)
(0.9 0.02 1.05)
(0.9500000000000001 0.02 1.05)
(1 0.02 1.05)
(-1 0.025 1.05)
(-0.9500000000000001 0.025 1.05)
(-0.9 0.025 1.05)
(-0.85 0.025 1.05)
(-0.8 0.025 1.05)
(-0.75 0.025 1.05)
(-0.7000000000000001 0.025 1.05)
(-0.65 0.025 1.05)
(-0.6 0.025 1.05)
(-0.55 0.025 1.05)
(-0.5 0.025 1.05)
(-0.45 0.025 1.05)
(-0.4 0.025 1.05)
(-0.35 0.025 1.05)
(-0.3 0.025 1.05)
(-0.25 0.025 1.05)
(-0.2 0.025 1.05)
(-0.15 0.025 1.05)
(-0.1 0.025 1.05)
(-0.0500000000000001 0.025 1.05)
(0 0.025 1.05)
(0.0500000000000001 0.025 1.05)
(0.1000000000000001 0.025 1.05)
(0.1499999999999999 0.025 1.05)
(0.2 0.025 1.05)
(0.25 0.025 1.05)
(0.3 0.025 1.05)
(0.3500000000000001 0.025 1.05)
(0.3999999999999999 0.025 1.05)
(0.45 0.025 1.05)
(0.5 0.025 1.05)
(0.55 0.025 1.05)
(0.6 0.025 1.05)
(0.65 0.025 1.05)
(0.7000000000000001 0.025 1.05)
(0.75 0.025 1.05)
(0.8 0.025 1.05)
(0.85 0.025 1.05)
(0.9 0.025 1.05)
(0.9500000000000001 0.025 1.05)
(1 0.025 1.05)
(-1 0.03 1.05)
(-0.9500000000000001 0.03 1.05)
(-0.9 0.03 1.05)
(-0.85 0.03 1.05)
(-0.8 0.03 1.05)
(-0.75 0.03 1.05)
(-0.7000000000000001 0.03 1.05)
(-0.65 0.03 1.05)
(-0.6 0.03 1.05)
(-0.55 0.03 1.05)
(-0.5 0.03 1.05)
(-0.45 0.03 1.05)
(-0.4 0.03 1.05)
(-0.35 0.03 1.05)
(-0.3 0.03 1.05)
(-0.25 0.03 1.05)
(-0.2 0.03 1.05)
(-0.15 0.03 1.05)
(-0.1 0.03 1.05)
(-0.05000000000000003 0.03 1.05)
(0 0.03 1.05)
(0.05000000000000003 0.03 1.05)
(0.1000000000000001 0.03 1.05)
(0.1499999999999999 0.03 1.05)
(0.2 0.03 1.05)
(0.2500000000000001 0.03 1.05)
(0.3 0.03 1.05)
(0.35 0.03 1.05)
(0.4 0.03000000000000001 1.05)
(0.45 0.03 1.05)
(0.5 0.03 1.05)
(0.55 0.03 1.05)
(0.6 0.03 1.05)
(0.65 0.03 1.05)
(0.7000000000000001 0.03 1.05)
(0.75 0.03 1.05)
(0.8 0.03000000000000001 1.05)
(0.85 0.03 1.05)
(0.9 0.03000000000000001 1.05)
(0.9500000000000001 0.03 1.05)
(1 0.03 1.05)
(-1 0.035 1.05)
(-0.9500000000000001 0.035 1.05)
(-0.9 0.035 1.05)
(-0.85 0.035 1.05)
(-0.8 0.035 1.05)
(-0.75 0.035 1.05)
(-0.7000000000000001 0.035 1.05)
(-0.65 0.035 1.05)
(-0.6 0.035 1.05)
(-0.55 0.035 1.05)
(-0.5 0.035 1.05)
(-0.45 0.035 1.05)
(-0.4 0.035 1.05)
(-0.35 0.035 1.05)
(-0.3000000000000001 0.035 1.05)
(-0.25 0.035 1.05)
(-0.2 0.035 1.05)
(-0.15 0.035 1.05)
(-0.1 0.035 1.05)
(-0.05000000000000007 0.035 1.05)
(0 0.035 1.05)
(0.05000000000000007 0.035 1.05)
(0.1000000000000001 0.035 1.05)
(0.1499999999999999 0.035 1.05)
(0.2 0.035 1.05)
(0.25 0.035 1.05)
(0.3 0.035 1.05)
(0.35 0.035 1.05)
(0.3999999999999999 0.035 1.05)
(0.45 0.035 1.05)
(0.5 0.035 1.05)
(0.55 0.035 1.05)
(0.6 0.035 1.05)
(0.65 0.035 1.05)
(0.7000000000000001 0.035 1.05)
(0.75 0.035 1.05)
(0.8 0.035 1.05)
(0.85 0.035 1.05)
(0.9 0.035 1.05)
(0.9500000000000001 0.035 1.05)
(1 0.035 1.05)
(-1 0.04 1.05)
(-0.9500000000000001 0.04 1.05)
(-0.9 0.04 1.05)
(-0.85 0.04 1.05)
(-0.8 0.04 1.05)
(-0.75 0.04 1.05)
(-0.7000000000000001 0.04 1.05)
(-0.65 0.04 1.05)
(-0.6 0.04 1.05)
(-0.55 0.04000000000000001 1.05)
(-0.5 0.04 1.05)
(-0.45 0.04 1.05)
(-0.4 0.04000000000000001 1.05)
(-0.35 0.04 1.05)
(-0.3 0.04 1.05)
(-0.25 0.04 1.05)
(-0.2 0.04 1.05)
(-0.15 0.04 1.05)
(-0.1 0.04 1.05)
(-0.05000000000000003 0.04 1.05)
(0 0.04 1.05)
(0.05000000000000003 0.04 1.05)
(0.1000000000000001 0.03999999999999999 1.05)
(0.1499999999999999 0.04000000000000001 1.05)
(0.2 0.04 1.05)
(0.25 0.04 1.05)
(0.3 0.04 1.05)
(0.35 0.04 1.05)
(0.4 0.04000000000000001 1.05)
(0.45 0.04 1.05)
(0.5 0.04 1.05)
(0.55 0.04000000000000001 1.05)
(0.6 0.04 1.05)
(0.65 0.04 1.05)
(0.7000000000000001 0.04 1.05)
(0.75 0.04 1.05)
(0.8 0.04 1.05)
(0.85 0.04 1.05)
(0.9 0.04 1.05)
(0.9500000000000001 0.04 1.05)
(1 0.04 1.05)
(-1 0.045 1.05)
(-0.9500000000000001 0.045 1.05)
(-0.9 0.045 1.05)
(-0.85 0.045 1.05)
(-0.8 0.045 1.05)
(-0.75 0.045 1.05)
(-0.7000000000000001 0.045 1.05)
(-0.65 0.045 1.05)
(-0.6 0.04500000000000001 1.05)
(-0.55 0.045 1.05)
(-0.5 0.045 1.05)
(-0.45 0.045 1.05)
(-0.4 0.045 1.05)
(-0.35 0.045 1.05)
(-0.3 0.045 1.05)
(-0.25 0.045 1.05)
(-0.2 0.04500000000000001 1.05)
(-0.15 0.045 1.05)
(-0.1 0.04500000000000001 1.05)
(-0.05000000000000003 0.045 1.05)
(0 0.045 1.05)
(0.05000000000000003 0.045 1.05)
(0.1000000000000002 0.045 1.05)
(0.1499999999999999 0.045 1.05)
(0.2 0.04500000000000001 1.05)
(0.25 0.045 1.05)
(0.3 0.045 1.05)
(0.35 0.045 1.05)
(0.4 0.04500000000000001 1.05)
(0.45 0.045 1.05)
(0.5 0.045 1.05)
(0.55 0.045 1.05)
(0.6 0.045 1.05)
(0.65 0.04499999999999999 1.05)
(0.7000000000000001 0.045 1.05)
(0.75 0.045 1.05)
(0.8 0.045 1.05)
(0.85 0.045 1.05)
(0.9 0.045 1.05)
(0.9500000000000001 0.045 1.05)
(1 0.045 1.05)
(-1 0.05 1.05)
(-0.9500000000000001 0.05 1.05)
(-0.9 0.05 1.05)
(-0.85 0.05 1.05)
(-0.8 0.05 1.05)
(-0.75 0.05 1.05)
(-0.7000000000000001 0.05 1.05)
(-0.65 0.05 1.05)
(-0.6 0.05000000000000001 1.05)
(-0.55 0.05 1.05)
(-0.5 0.05 1.05)
(-0.45 0.05 1.05)
(-0.4 0.05 1.05)
(-0.35 0.05 1.05)
(-0.3 0.05 1.05)
(-0.25 0.05 1.05)
(-0.2 0.05 1.05)
(-0.1499999999999999 0.05 1.05)
(-0.1000000000000001 0.05 1.05)
(-0.05 0.05 1.05)
(0 0.05 1.05)
(0.05 0.05 1.05)
(0.1000000000000002 0.05 1.05)
(0.1499999999999999 0.05 1.05)
(0.2 0.05 1.05)
(0.25 0.05 1.05)
(0.3 0.05 1.05)
(0.35 0.05 1.05)
(0.4 0.05 1.05)
(0.45 0.05 1.05)
(0.5 0.05 1.05)
(0.55 0.05 1.05)
(0.6 0.05 1.05)
(0.65 0.05 1.05)
(0.7000000000000001 0.05 1.05)
(0.75 0.05 1.05)
(0.8 0.05 1.05)
(0.85 0.05 1.05)
(0.9 0.05 1.05)
(0.9500000000000001 0.05 1.05)
(1 0.05 1.05)
(-1 0.055 1.05)
(-0.9500000000000001 0.055 1.05)
(-0.9 0.055 1.05)
(-0.85 0.055 1.05)
(-0.8 0.05500000000000001 1.05)
(-0.75 0.055 1.05)
(-0.7000000000000001 0.05500000000000001 1.05)
(-0.65 0.055 1.05)
(-0.6 0.055 1.05)
(-0.55 0.05500000000000001 1.05)
(-0.5 0.055 1.05)
(-0.45 0.055 1.05)
(-0.4 0.055 1.05)
(-0.35 0.05500000000000001 1.05)
(-0.3 0.05500000000000001 1.05)
(-0.25 0.055 1.05)
(-0.2 0.055 1.05)
(-0.15 0.055 1.05)
(-0.1 0.05500000000000001 1.05)
(-0.05000000000000004 0.055 1.05)
(0 0.055 1.05)
(0.05000000000000004 0.055 1.05)
(0.1000000000000001 0.05500000000000001 1.05)
(0.1499999999999999 0.05500000000000001 1.05)
(0.2 0.055 1.05)
(0.25 0.055 1.05)
(0.3 0.055 1.05)
(0.35 0.055 1.05)
(0.4 0.05500000000000001 1.05)
(0.45 0.055 1.05)
(0.5 0.055 1.05)
(0.55 0.055 1.05)
(0.6 0.05500000000000001 1.05)
(0.65 0.055 1.05)
(0.7000000000000001 0.055 1.05)
(0.75 0.055 1.05)
(0.8 0.055 1.05)
(0.85 0.05500000000000001 1.05)
(0.9 0.05499999999999999 1.05)
(0.9500000000000001 0.055 1.05)
(1 0.055 1.05)
(-1 0.06 1.05)
(-0.9500000000000001 0.06 1.05)
(-0.9 0.06 1.05)
(-0.85 0.06 1.05)
(-0.8 0.06 1.05)
(-0.75 0.06 1.05)
(-0.7000000000000001 0.06 1.05)
(-0.65 0.06 1.05)
(-0.6 0.06 1.05)
(-0.55 0.06 1.05)
(-0.5 0.06 1.05)
(-0.45 0.06 1.05)
(-0.4 0.06 1.05)
(-0.35 0.06 1.05)
(-0.3 0.06 1.05)
(-0.25 0.06 1.05)
(-0.2 0.06 1.05)
(-0.15 0.06 1.05)
(-0.1 0.06 1.05)
(-0.05000000000000003 0.06 1.05)
(0 0.06 1.05)
(0.05000000000000001 0.06 1.05)
(0.1000000000000001 0.06 1.05)
(0.1499999999999999 0.06 1.05)
(0.2 0.06 1.05)
(0.25 0.06 1.05)
(0.3 0.06 1.05)
(0.35 0.06 1.05)
(0.4 0.06000000000000001 1.05)
(0.45 0.05999999999999999 1.05)
(0.5 0.06 1.05)
(0.55 0.06 1.05)
(0.6 0.06 1.05)
(0.65 0.05999999999999999 1.05)
(0.7000000000000001 0.06 1.05)
(0.75 0.06 1.05)
(0.8 0.06000000000000001 1.05)
(0.85 0.05999999999999999 1.05)
(0.9 0.06000000000000001 1.05)
(0.9500000000000001 0.06 1.05)
(1 0.06 1.05)
(-1 0.065 1.05)
(-0.9500000000000001 0.065 1.05)
(-0.9 0.065 1.05)
(-0.85 0.065 1.05)
(-0.8 0.065 1.05)
(-0.75 0.065 1.05)
(-0.7000000000000001 0.065 1.05)
(-0.65 0.065 1.05)
(-0.6 0.065 1.05)
(-0.55 0.065 1.05)
(-0.5 0.065 1.05)
(-0.45 0.065 1.05)
(-0.4 0.065 1.05)
(-0.35 0.065 1.05)
(-0.3000000000000001 0.06500000000000002 1.05)
(-0.25 0.065 1.05)
(-0.2 0.065 1.05)
(-0.15 0.065 1.05)
(-0.1 0.065 1.05)
(-0.05000000000000007 0.06500000000000002 1.05)
(0 0.065 1.05)
(0.05000000000000007 0.065 1.05)
(0.1000000000000001 0.065 1.05)
(0.1499999999999999 0.065 1.05)
(0.2 0.06500000000000002 1.05)
(0.25 0.065 1.05)
(0.3 0.065 1.05)
(0.35 0.06500000000000002 1.05)
(0.4 0.065 1.05)
(0.45 0.06500000000000002 1.05)
(0.5 0.065 1.05)
(0.55 0.06499999999999999 1.05)
(0.6 0.065 1.05)
(0.65 0.065 1.05)
(0.7000000000000001 0.065 1.05)
(0.75 0.065 1.05)
(0.8 0.065 1.05)
(0.85 0.06500000000000002 1.05)
(0.9 0.06499999999999999 1.05)
(0.9500000000000001 0.06500000000000002 1.05)
(1 0.065 1.05)
(-1 0.07000000000000001 1.05)
(-0.9500000000000001 0.07000000000000001 1.05)
(-0.9 0.06999999999999999 1.05)
(-0.85 0.07000000000000001 1.05)
(-0.8 0.07000000000000001 1.05)
(-0.75 0.07000000000000001 1.05)
(-0.7000000000000001 0.07000000000000001 1.05)
(-0.65 0.07000000000000001 1.05)
(-0.6 0.07000000000000001 1.05)
(-0.55 0.07000000000000001 1.05)
(-0.5 0.07000000000000001 1.05)
(-0.45 0.07000000000000001 1.05)
(-0.4 0.07000000000000001 1.05)
(-0.35 0.07000000000000001 1.05)
(-0.3 0.07000000000000001 1.05)
(-0.25 0.07000000000000001 1.05)
(-0.2 0.07000000000000001 1.05)
(-0.15 0.07000000000000001 1.05)
(-0.1 0.07000000000000001 1.05)
(-0.05000000000000004 0.07000000000000001 1.05)
(0 0.07000000000000001 1.05)
(0.05000000000000004 0.07000000000000001 1.05)
(0.1000000000000001 0.07000000000000001 1.05)
(0.15 0.07000000000000001 1.05)
(0.2 0.07000000000000001 1.05)
(0.25 0.07000000000000001 1.05)
(0.3 0.07000000000000001 1.05)
(0.35 0.06999999999999999 1.05)
(0.4 0.07000000000000001 1.05)
(0.45 0.07000000000000001 1.05)
(0.5 0.07000000000000001 1.05)
(0.55 0.07000000000000001 1.05)
(0.6 0.06999999999999999 1.05)
(0.65 0.07000000000000001 1.05)
(0.7000000000000001 0.07000000000000001 1.05)
(0.75 0.07000000000000001 1.05)
(0.8 0.07000000000000001 1.05)
(0.85 0.06999999999999999 1.05)
(0.9 0.07000000000000001 1.05)
(0.9500000000000001 0.07000000000000001 1.05)
(1 0.07000000000000001 1.05)
(-1 0.075 1.05)
(-0.9500000000000001 0.075 1.05)
(-0.9 0.075 1.05)
(-0.85 0.075 1.05)
(-0.8 0.075 1.05)
(-0.75 0.075 1.05)
(-0.7000000000000001 0.075 1.05)
(-0.65 0.075 1.05)
(-0.6 0.075 1.05)
(-0.55 0.075 1.05)
(-0.5 0.075 1.05)
(-0.45 0.075 1.05)
(-0.4 0.075 1.05)
(-0.35 0.075 1.05)
(-0.3 0.075 1.05)
(-0.25 0.075 1.05)
(-0.2 0.075 1.05)
(-0.15 0.075 1.05)
(-0.1 0.075 1.05)
(-0.0500000000000001 0.075 1.05)
(0 0.075 1.05)
(0.0500000000000001 0.075 1.05)
(0.1000000000000001 0.075 1.05)
(0.1499999999999999 0.075 1.05)
(0.2 0.075 1.05)
(0.25 0.075 1.05)
(0.3 0.075 1.05)
(0.35 0.075 1.05)
(0.4 0.075 1.05)
(0.45 0.075 1.05)
(0.5 0.075 1.05)
(0.55 0.075 1.05)
(0.6 0.075 1.05)
(0.65 0.075 1.05)
(0.7000000000000001 0.075 1.05)
(0.75 0.075 1.05)
(0.8 0.075 1.05)
(0.85 0.075 1.05)
(0.9 0.075 1.05)
(0.9500000000000001 0.075 1.05)
(1 0.075 1.05)
(-1 0.08 1.05)
(-0.9500000000000001 0.08000000000000002 1.05)
(-0.9 0.08 1.05)
(-0.85 0.08000000000000002 1.05)
(-0.8 0.08 1.05)
(-0.75 0.08 1.05)
(-0.7000000000000001 0.08 1.05)
(-0.65 0.08 1.05)
(-0.6 0.08000000000000002 1.05)
(-0.55 0.08 1.05)
(-0.5000000000000001 0.08 1.05)
(-0.45 0.08 1.05)
(-0.4 0.08 1.05)
(-0.35 0.08 1.05)
(-0.3 0.08 1.05)
(-0.25 0.08 1.05)
(-0.2 0.08 1.05)
(-0.1499999999999999 0.08 1.05)
(-0.1 0.08 1.05)
(-0.05000000000000004 0.08 1.05)
(0 0.08 1.05)
(0.05000000000000003 0.08 1.05)
(0.1000000000000001 0.07999999999999999 1.05)
(0.1499999999999999 0.08000000000000002 1.05)
(0.2 0.08 1.05)
(0.25 0.08 1.05)
(0.3 0.08 1.05)
(0.35 0.08 1.05)
(0.4 0.08000000000000002 1.05)
(0.45 0.08 1.05)
(0.5000000000000001 0.08 1.05)
(0.5500000000000003 0.08000000000000002 1.05)
(0.6 0.08 1.05)
(0.65 0.08 1.05)
(0.7000000000000001 0.08 1.05)
(0.75 0.08 1.05)
(0.8 0.08000000000000002 1.05)
(0.85 0.08 1.05)
(0.9 0.08 1.05)
(0.9500000000000001 0.08000000000000002 1.05)
(1 0.08 1.05)
(-1 0.08500000000000001 1.05)
(-0.9500000000000001 0.08500000000000001 1.05)
(-0.9 0.08500000000000001 1.05)
(-0.85 0.08500000000000001 1.05)
(-0.8 0.08500000000000001 1.05)
(-0.75 0.08500000000000001 1.05)
(-0.7000000000000001 0.08500000000000001 1.05)
(-0.65 0.08500000000000001 1.05)
(-0.6 0.08500000000000001 1.05)
(-0.55 0.08500000000000001 1.05)
(-0.5 0.08500000000000001 1.05)
(-0.45 0.08500000000000001 1.05)
(-0.4 0.08500000000000001 1.05)
(-0.35 0.08500000000000001 1.05)
(-0.3 0.08500000000000001 1.05)
(-0.25 0.08500000000000001 1.05)
(-0.2 0.08500000000000001 1.05)
(-0.15 0.08500000000000001 1.05)
(-0.1 0.08500000000000001 1.05)
(-0.05000000000000003 0.08500000000000001 1.05)
(0 0.08500000000000001 1.05)
(0.05000000000000003 0.08500000000000001 1.05)
(0.1000000000000001 0.08500000000000001 1.05)
(0.1499999999999999 0.08500000000000001 1.05)
(0.2 0.08500000000000001 1.05)
(0.25 0.08500000000000001 1.05)
(0.3 0.08499999999999998 1.05)
(0.35 0.08500000000000001 1.05)
(0.4 0.08500000000000001 1.05)
(0.45 0.08500000000000001 1.05)
(0.5 0.08500000000000001 1.05)
(0.55 0.08500000000000001 1.05)
(0.6 0.08500000000000001 1.05)
(0.65 0.08500000000000001 1.05)
(0.7000000000000001 0.08500000000000001 1.05)
(0.75 0.08500000000000001 1.05)
(0.8 0.08500000000000001 1.05)
(0.85 0.08500000000000001 1.05)
(0.9 0.08500000000000001 1.05)
(0.9500000000000001 0.08500000000000001 1.05)
(1 0.08500000000000001 1.05)
(-1 0.09 1.05)
(-0.9500000000000001 0.09 1.05)
(-0.9 0.09 1.05)
(-0.85 0.09 1.05)
(-0.8 0.09 1.05)
(-0.75 0.09 1.05)
(-0.7000000000000001 0.09 1.05)
(-0.65 0.09 1.05)
(-0.6 0.09000000000000002 1.05)
(-0.55 0.09 1.05)
(-0.5 0.09 1.05)
(-0.45 0.09 1.05)
(-0.4 0.09 1.05)
(-0.35 0.09000000000000002 1.05)
(-0.3 0.09 1.05)
(-0.25 0.09 1.05)
(-0.2 0.09000000000000002 1.05)
(-0.1499999999999999 0.09 1.05)
(-0.1000000000000001 0.09 1.05)
(-0.05 0.09 1.05)
(0 0.09 1.05)
(0.05 0.09 1.05)
(0.1000000000000001 0.09 1.05)
(0.1499999999999999 0.09 1.05)
(0.2 0.09 1.05)
(0.25 0.09 1.05)
(0.3 0.09000000000000002 1.05)
(0.35 0.09 1.05)
(0.4 0.09000000000000002 1.05)
(0.45 0.09 1.05)
(0.5 0.09 1.05)
(0.55 0.09 1.05)
(0.6 0.09000000000000002 1.05)
(0.65 0.08999999999999998 1.05)
(0.7000000000000001 0.09 1.05)
(0.75 0.09 1.05)
(0.8 0.09 1.05)
(0.85 0.09 1.05)
(0.9 0.09 1.05)
(0.9500000000000001 0.09 1.05)
(1 0.09 1.05)
(-1 0.095 1.05)
(-0.9500000000000001 0.095 1.05)
(-0.9 0.095 1.05)
(-0.85 0.095 1.05)
(-0.8 0.095 1.05)
(-0.75 0.095 1.05)
(-0.7000000000000001 0.095 1.05)
(-0.65 0.095 1.05)
(-0.6 0.095 1.05)
(-0.55 0.095 1.05)
(-0.5 0.095 1.05)
(-0.45 0.095 1.05)
(-0.3999999999999999 0.095 1.05)
(-0.3500000000000001 0.095 1.05)
(-0.3 0.095 1.05)
(-0.2500000000000001 0.095 1.05)
(-0.2 0.095 1.05)
(-0.1499999999999999 0.095 1.05)
(-0.1 0.095 1.05)
(-0.05000000000000003 0.095 1.05)
(0 0.095 1.05)
(0.05000000000000003 0.095 1.05)
(0.1000000000000001 0.095 1.05)
(0.1499999999999999 0.095 1.05)
(0.2 0.095 1.05)
(0.25 0.095 1.05)
(0.3 0.09499999999999999 1.05)
(0.35 0.095 1.05)
(0.4 0.095 1.05)
(0.45 0.095 1.05)
(0.5 0.095 1.05)
(0.55 0.095 1.05)
(0.6 0.095 1.05)
(0.65 0.095 1.05)
(0.7000000000000001 0.095 1.05)
(0.75 0.095 1.05)
(0.8 0.095 1.05)
(0.85 0.095 1.05)
(0.9 0.095 1.05)
(0.9500000000000001 0.095 1.05)
(1 0.095 1.05)
(-1 0.1 1.05)
(-0.9500000000000001 0.1 1.05)
(-0.9 0.1 1.05)
(-0.85 0.1 1.05)
(-0.8 0.1 1.05)
(-0.75 0.1 1.05)
(-0.7000000000000001 0.1 1.05)
(-0.65 0.1 1.05)
(-0.6 0.1 1.05)
(-0.55 0.1 1.05)
(-0.5 0.1 1.05)
(-0.45 0.1 1.05)
(-0.4 0.1 1.05)
(-0.35 0.1 1.05)
(-0.3 0.1 1.05)
(-0.25 0.1 1.05)
(-0.2 0.1 1.05)
(-0.1499999999999999 0.1 1.05)
(-0.1000000000000001 0.1 1.05)
(-0.05 0.1 1.05)
(0 0.1 1.05)
(0.05 0.1 1.05)
(0.1000000000000001 0.1 1.05)
(0.1499999999999999 0.1 1.05)
(0.2 0.1 1.05)
(0.25 0.1 1.05)
(0.3 0.1 1.05)
(0.35 0.1 1.05)
(0.4 0.1 1.05)
(0.45 0.1 1.05)
(0.5 0.1 1.05)
(0.55 0.1 1.05)
(0.6 0.1 1.05)
(0.65 0.1 1.05)
(0.7000000000000001 0.1 1.05)
(0.75 0.1 1.05)
(0.8 0.1 1.05)
(0.85 0.1 1.05)
(0.9 0.1 1.05)
(0.9500000000000001 0.1 1.05)
(1 0.1 1.05)
(-1 0 1.08)
(-0.9500000000000001 0 1.08)
(-0.9 0 1.08)
(-0.85 0 1.08)
(-0.8 0 1.08)
(-0.75 0 1.08)
(-0.7000000000000001 0 1.08)
(-0.65 0 1.08)
(-0.6 0 1.08)
(-0.55 0 1.08)
(-0.5 0 1.08)
(-0.45 0 1.08)
(-0.4 0 1.08)
(-0.35 0 1.08)
(-0.3 0 1.08)
(-0.25 0 1.08)
(-0.2 0 1.08)
(-0.1499999999999999 0 1.08)
(-0.1000000000000001 0 1.08)
(-0.05 0 1.08)
(0 0 1.08)
(0.05 0 1.08)
(0.1000000000000001 0 1.08)
(0.1499999999999999 0 1.08)
(0.2 0 1.08)
(0.25 0 1.08)
(0.3 0 1.08)
(0.35 0 1.08)
(0.4 0 1.08)
(0.45 0 1.08)
(0.5 0 1.08)
(0.55 0 1.08)
(0.6 0 1.08)
(0.65 0 1.08)
(0.7000000000000001 0 1.08)
(0.75 0 1.08)
(0.8 0 1.08)
(0.85 0 1.08)
(0.9 0 1.08)
(0.9500000000000001 0 1.08)
(1 0 1.08)
(-1 0.005 1.08)
(-0.9500000000000001 0.005 1.08)
(-0.9 0.005 1.08)
(-0.85 0.005000000000000001 1.08)
(-0.8 0.005000000000000001 1.08)
(-0.75 0.005 1.08)
(-0.7000000000000001 0.005 1.08)
(-0.65 0.005 1.08)
(-0.6 0.005000000000000001 1.08)
(-0.55 0.005 1.08)
(-0.5 0.005 1.08)
(-0.45 0.005 1.08)
(-0.4 0.005 1.08)
(-0.35 0.005 1.08)
(-0.3 0.005 1.08)
(-0.25 0.005 1.08)
(-0.2 0.005 1.08)
(-0.1499999999999999 0.005 1.08)
(-0.1 0.005000000000000001 1.08)
(-0.05000000000000003 0.005 1.08)
(0 0.005 1.08)
(0.05000000000000003 0.005 1.08)
(0.1000000000000001 0.005000000000000001 1.08)
(0.1499999999999999 0.005 1.08)
(0.2 0.005 1.08)
(0.25 0.005 1.08)
(0.3 0.005000000000000001 1.08)
(0.3500000000000001 0.005000000000000001 1.08)
(0.3999999999999999 0.005000000000000001 1.08)
(0.45 0.005 1.08)
(0.5 0.005 1.08)
(0.55 0.005000000000000001 1.08)
(0.6 0.005000000000000001 1.08)
(0.65 0.005000000000000001 1.08)
(0.7000000000000001 0.005 1.08)
(0.75 0.005 1.08)
(0.8 0.005000000000000001 1.08)
(0.85 0.005000000000000001 1.08)
(0.9 0.005 1.08)
(0.9500000000000001 0.004999999999999999 1.08)
(1 0.005 1.08)
(-1 0.01 1.08)
(-0.9500000000000001 0.01 1.08)
(-0.9 0.01 1.08)
(-0.85 0.01 1.08)
(-0.8 0.01 1.08)
(-0.75 0.01 1.08)
(-0.7000000000000001 0.01 1.08)
(-0.65 0.01 1.08)
(-0.6 0.01 1.08)
(-0.55 0.01 1.08)
(-0.5 0.01 1.08)
(-0.45 0.01 1.08)
(-0.4000000000000001 0.01 1.08)
(-0.35 0.01 1.08)
(-0.3 0.009999999999999998 1.08)
(-0.25 0.01 1.08)
(-0.2 0.01 1.08)
(-0.15 0.01 1.08)
(-0.1 0.01 1.08)
(-0.05 0.01 1.08)
(0 0.01 1.08)
(0.05 0.01 1.08)
(0.1000000000000001 0.01 1.08)
(0.1499999999999999 0.01 1.08)
(0.2 0.009999999999999998 1.08)
(0.25 0.01 1.08)
(0.3 0.01 1.08)
(0.35 0.01 1.08)
(0.4 0.01 1.08)
(0.45 0.01 1.08)
(0.5 0.01 1.08)
(0.55 0.01 1.08)
(0.6 0.01 1.08)
(0.65 0.01 1.08)
(0.7000000000000001 0.009999999999999998 1.08)
(0.75 0.01 1.08)
(0.8 0.01 1.08)
(0.85 0.01 1.08)
(0.9 0.01 1.08)
(0.9500000000000001 0.009999999999999998 1.08)
(1 0.01 1.08)
(-1 0.015 1.08)
(-0.9500000000000001 0.015 1.08)
(-0.9 0.015 1.08)
(-0.85 0.015 1.08)
(-0.8 0.015 1.08)
(-0.75 0.015 1.08)
(-0.7000000000000001 0.015 1.08)
(-0.65 0.015 1.08)
(-0.6 0.015 1.08)
(-0.55 0.015 1.08)
(-0.5 0.015 1.08)
(-0.45 0.015 1.08)
(-0.4 0.015 1.08)
(-0.35 0.015 1.08)
(-0.3 0.015 1.08)
(-0.25 0.015 1.08)
(-0.2 0.015 1.080000000000001)
(-0.15 0.015 1.08)
(-0.1 0.015 1.08)
(-0.05 0.015 1.08)
(0 0.015 1.08)
(0.05 0.015 1.08)
(0.1000000000000001 0.015 1.08)
(0.1499999999999999 0.015 1.08)
(0.2 0.015 1.08)
(0.25 0.015 1.08)
(0.3 0.015 1.08)
(0.35 0.015 1.08)
(0.4 0.015 1.08)
(0.45 0.015 1.08)
(0.5 0.015 1.08)
(0.55 0.015 1.08)
(0.6 0.015 1.08)
(0.65 0.015 1.08)
(0.7000000000000001 0.015 1.08)
(0.75 0.015 1.08)
(0.8 0.015 1.08)
(0.85 0.015 1.08)
(0.9 0.015 1.08)
(0.9500000000000001 0.015 1.08)
(1 0.015 1.08)
(-1 0.02 1.08)
(-0.9500000000000001 0.02 1.08)
(-0.9 0.02 1.08)
(-0.85 0.02 1.08)
(-0.8 0.02 1.08)
(-0.75 0.02 1.08)
(-0.7000000000000001 0.02 1.08)
(-0.65 0.02 1.08)
(-0.6 0.02 1.08)
(-0.55 0.02 1.08)
(-0.5 0.02 1.08)
(-0.45 0.02 1.08)
(-0.4 0.02 1.08)
(-0.35 0.02 1.08)
(-0.3 0.02 1.08)
(-0.25 0.02 1.08)
(-0.2 0.02 1.08)
(-0.1499999999999999 0.02 1.08)
(-0.09999999999999998 0.02 1.08)
(-0.05000000000000005 0.02 1.08)
(0 0.02 1.08)
(0.05000000000000003 0.02 1.08)
(0.1000000000000001 0.02 1.08)
(0.1499999999999999 0.02 1.08)
(0.2 0.02 1.08)
(0.25 0.02 1.08)
(0.3 0.02 1.08)
(0.35 0.02 1.08)
(0.3999999999999999 0.02 1.08)
(0.4500000000000001 0.02 1.08)
(0.5 0.02 1.08)
(0.55 0.02 1.08)
(0.6 0.02 1.08)
(0.65 0.02 1.08)
(0.7000000000000001 0.02 1.08)
(0.75 0.02 1.08)
(0.8 0.02 1.08)
(0.85 0.02 1.08)
(0.9 0.02 1.08)
(0.9500000000000001 0.02 1.08)
(1 0.02 1.08)
(-1 0.025 1.08)
(-0.9500000000000001 0.025 1.08)
(-0.9 0.025 1.08)
(-0.8500000000000002 0.025 1.08)
(-0.8 0.025 1.08)
(-0.75 0.025 1.08)
(-0.7000000000000001 0.025 1.08)
(-0.65 0.025 1.08)
(-0.6 0.025 1.08)
(-0.55 0.025 1.08)
(-0.5 0.025 1.08)
(-0.45 0.025 1.08)
(-0.4 0.025 1.08)
(-0.35 0.025 1.08)
(-0.3000000000000001 0.025 1.08)
(-0.25 0.025 1.08)
(-0.2 0.025 1.08)
(-0.15 0.025 1.08)
(-0.1 0.025 1.08)
(-0.05000000000000003 0.025 1.08)
(0 0.025 1.08)
(0.05000000000000003 0.025 1.08)
(0.1000000000000001 0.025 1.08)
(0.1499999999999999 0.025 1.08)
(0.2 0.025 1.08)
(0.25 0.025 1.08)
(0.3 0.025 1.08)
(0.3500000000000001 0.025 1.08)
(0.3999999999999999 0.025 1.08)
(0.45 0.025 1.08)
(0.5 0.025 1.08)
(0.55 0.025 1.08)
(0.6 0.025 1.08)
(0.65 0.025 1.08)
(0.7000000000000001 0.025 1.08)
(0.75 0.025 1.08)
(0.8 0.025 1.08)
(0.85 0.025 1.08)
(0.9 0.025 1.08)
(0.9500000000000001 0.025 1.08)
(1 0.025 1.08)
(-1 0.03 1.08)
(-0.9500000000000001 0.03 1.08)
(-0.9 0.03 1.08)
(-0.85 0.03 1.08)
(-0.8 0.03 1.08)
(-0.75 0.03 1.08)
(-0.7000000000000001 0.03 1.08)
(-0.65 0.03 1.08)
(-0.6 0.03 1.08)
(-0.55 0.03 1.08)
(-0.5 0.03000000000000001 1.08)
(-0.45 0.03 1.08)
(-0.4 0.03 1.08)
(-0.35 0.03000000000000001 1.08)
(-0.3 0.03 1.08)
(-0.25 0.03 1.08)
(-0.2 0.03 1.08)
(-0.15 0.03 1.08)
(-0.1000000000000001 0.03 1.08)
(-0.05000000000000003 0.03 1.08)
(0 0.03 1.08)
(0.05000000000000003 0.03000000000000001 1.08)
(0.1000000000000001 0.03 1.08)
(0.1499999999999999 0.03 1.08)
(0.2 0.03 1.08)
(0.25 0.03 1.08)
(0.3 0.03000000000000001 1.08)
(0.35 0.03 1.08)
(0.4 0.03 1.08)
(0.45 0.03 1.08)
(0.5 0.03000000000000001 1.08)
(0.55 0.03 1.08)
(0.6 0.03 1.08)
(0.65 0.03 1.08)
(0.7000000000000001 0.03 1.08)
(0.75 0.03 1.08)
(0.8 0.03 1.08)
(0.85 0.03 1.08)
(0.9 0.03000000000000001 1.08)
(0.9500000000000001 0.03 1.08)
(1 0.03 1.08)
(-1 0.035 1.08)
(-0.9500000000000001 0.035 1.08)
(-0.9 0.035 1.08)
(-0.85 0.035 1.08)
(-0.8 0.035 1.08)
(-0.75 0.035 1.08)
(-0.7000000000000001 0.035 1.08)
(-0.65 0.035 1.08)
(-0.6 0.035 1.08)
(-0.55 0.035 1.08)
(-0.5 0.035 1.08)
(-0.4500000000000001 0.035 1.08)
(-0.4 0.035 1.08)
(-0.35 0.035 1.08)
(-0.3 0.035 1.08)
(-0.25 0.035 1.08)
(-0.2 0.035 1.08)
(-0.15 0.035 1.08)
(-0.1000000000000001 0.035 1.08)
(-0.05000000000000004 0.035 1.08)
(0 0.035 1.08)
(0.05000000000000004 0.035 1.08)
(0.1000000000000001 0.035 1.08)
(0.1499999999999999 0.035 1.08)
(0.2 0.035 1.08)
(0.25 0.035 1.08)
(0.3 0.035 1.08)
(0.35 0.035 1.08)
(0.3999999999999999 0.035 1.08)
(0.4500000000000001 0.035 1.08)
(0.5 0.035 1.08)
(0.55 0.035 1.08)
(0.6 0.035 1.08)
(0.65 0.035 1.08)
(0.7000000000000001 0.035 1.08)
(0.75 0.035 1.08)
(0.8 0.035 1.08)
(0.85 0.035 1.08)
(0.9 0.035 1.08)
(0.9500000000000001 0.035 1.08)
(1 0.035 1.08)
(-1 0.04 1.08)
(-0.9500000000000001 0.04 1.08)
(-0.9 0.04 1.08)
(-0.8500000000000002 0.04000000000000001 1.08)
(-0.8 0.04000000000000001 1.08)
(-0.75 0.04 1.08)
(-0.7000000000000001 0.04 1.080000000000001)
(-0.65 0.04 1.08)
(-0.6000000000000001 0.04000000000000001 1.08)
(-0.55 0.04 1.08)
(-0.5 0.04 1.08)
(-0.45 0.04 1.08)
(-0.4 0.04 1.08)
(-0.35 0.04 1.08)
(-0.3 0.04 1.08)
(-0.25 0.04 1.08)
(-0.2 0.04 1.08)
(-0.1499999999999999 0.04000000000000001 1.08)
(-0.1000000000000001 0.04 1.08)
(-0.05000000000000003 0.04 1.08)
(0 0.04000000000000001 1.08)
(0.05000000000000003 0.04 1.08)
(0.1000000000000001 0.04 1.08)
(0.1499999999999999 0.04 1.08)
(0.2 0.04 1.08)
(0.25 0.04 1.08)
(0.3 0.04 1.08)
(0.35 0.04 1.08)
(0.4 0.04000000000000001 1.08)
(0.45 0.04 1.08)
(0.5 0.04 1.08)
(0.55 0.04000000000000001 1.08)
(0.6 0.04000000000000001 1.08)
(0.65 0.04000000000000001 1.08)
(0.7000000000000001 0.03999999999999999 1.08)
(0.75 0.04 1.08)
(0.8 0.04000000000000001 1.08)
(0.8500000000000002 0.04000000000000001 1.08)
(0.9 0.04 1.08)
(0.9500000000000001 0.03999999999999999 1.08)
(1 0.04 1.08)
(-1 0.04500000000000001 1.08)
(-0.9500000000000001 0.045 1.08)
(-0.9 0.045 1.08)
(-0.85 0.045 1.08)
(-0.8 0.04500000000000001 1.08)
(-0.75 0.045 1.08)
(-0.7000000000000001 0.045 1.08)
(-0.65 0.045 1.08)
(-0.6000000000000001 0.045 1.08)
(-0.55 0.045 1.08)
(-0.5 0.045 1.08)
(-0.45 0.04500000000000001 1.08)
(-0.4000000000000001 0.045 1.08)
(-0.35 0.04500000000000001 1.08)
(-0.3 0.045 1.08)
(-0.25 0.045 1.08)
(-0.2 0.045 1.08)
(-0.15 0.045 1.08)
(-0.1000000000000001 0.04500000000000001 1.08)
(-0.05000000000000003 0.04500000000000001 1.08)
(0 0.045 1.08)
(0.05000000000000003 0.04500000000000001 1.08)
(0.1000000000000001 0.045 1.08)
(0.1499999999999999 0.045 1.08)
(0.2 0.04500000000000001 1.08)
(0.25 0.04500000000000001 1.08)
(0.3 0.04500000000000001 1.08)
(0.3500000000000001 0.04500000000000001 1.08)
(0.4 0.045 1.08)
(0.45 0.045 1.08)
(0.5 0.045 1.08)
(0.55 0.045 1.08)
(0.6 0.04500000000000001 1.08)
(0.65 0.04500000000000001 1.08)
(0.7000000000000001 0.04500000000000001 1.08)
(0.75 0.04500000000000001 1.08)
(0.8 0.04500000000000001 1.08)
(0.85 0.045 1.08)
(0.9 0.04500000000000001 1.08)
(0.9500000000000001 0.045 1.08)
(1 0.04500000000000001 1.08)
(-1 0.05 1.08)
(-0.9500000000000001 0.05 1.08)
(-0.9 0.05 1.08)
(-0.85 0.05 1.08)
(-0.8 0.05 1.08)
(-0.75 0.05 1.08)
(-0.7000000000000001 0.05 1.08)
(-0.65 0.05 1.08)
(-0.6 0.05 1.08)
(-0.55 0.05 1.08)
(-0.5 0.05 1.08)
(-0.45 0.05 1.08)
(-0.4 0.05 1.08)
(-0.35 0.05000000000000001 1.08)
(-0.3 0.05000000000000001 1.08)
(-0.25 0.05 1.08)
(-0.2 0.05 1.08)
(-0.1499999999999999 0.05 1.08)
(-0.1000000000000001 0.05000000000000001 1.08)
(-0.05 0.05 1.08)
(0 0.05 1.08)
(0.05 0.05 1.08)
(0.1000000000000001 0.05 1.08)
(0.1499999999999999 0.05 1.08)
(0.2 0.05000000000000001 1.08)
(0.25 0.05 1.08)
(0.3 0.05 1.08)
(0.35 0.05 1.08)
(0.4 0.05 1.08)
(0.45 0.05 1.08)
(0.5 0.05 1.08)
(0.55 0.05 1.08)
(0.6 0.05000000000000001 1.08)
(0.65 0.04999999999999999 1.08)
(0.7000000000000001 0.05 1.08)
(0.75 0.05 1.08)
(0.8 0.05 1.08)
(0.85 0.05 1.08)
(0.9 0.05 1.08)
(0.9500000000000001 0.05 1.08)
(1 0.05 1.08)
(-1 0.055 1.08)
(-0.9500000000000001 0.055 1.08)
(-0.9 0.055 1.08)
(-0.85 0.055 1.08)
(-0.8 0.055 1.08)
(-0.75 0.055 1.08)
(-0.7000000000000001 0.055 1.08)
(-0.65 0.055 1.08)
(-0.6 0.055 1.08)
(-0.55 0.055 1.08)
(-0.5 0.055 1.08)
(-0.45 0.055 1.08)
(-0.4 0.055 1.08)
(-0.35 0.05500000000000001 1.08)
(-0.3 0.055 1.08)
(-0.25 0.055 1.08)
(-0.2 0.05500000000000001 1.08)
(-0.15 0.055 1.08)
(-0.1 0.055 1.08)
(-0.05 0.055 1.08)
(0 0.055 1.08)
(0.05 0.05500000000000001 1.08)
(0.1000000000000001 0.055 1.08)
(0.1499999999999999 0.05500000000000001 1.08)
(0.2 0.05500000000000001 1.08)
(0.25 0.055 1.08)
(0.3 0.055 1.08)
(0.35 0.05500000000000001 1.08)
(0.4 0.055 1.08)
(0.45 0.055 1.08)
(0.5 0.055 1.08)
(0.55 0.055 1.08)
(0.6 0.05500000000000001 1.08)
(0.65 0.055 1.08)
(0.7000000000000001 0.055 1.08)
(0.75 0.05500000000000001 1.08)
(0.8 0.055 1.08)
(0.85 0.055 1.08)
(0.9 0.055 1.08)
(0.9500000000000001 0.05499999999999999 1.08)
(1 0.055 1.08)
(-1 0.06 1.08)
(-0.9500000000000001 0.06 1.08)
(-0.9 0.06 1.08)
(-0.8500000000000002 0.06 1.08)
(-0.8 0.06 1.08)
(-0.75 0.06 1.08)
(-0.7000000000000001 0.06 1.08)
(-0.65 0.06 1.08)
(-0.6000000000000001 0.06 1.08)
(-0.55 0.06 1.08)
(-0.5 0.06 1.08)
(-0.45 0.06 1.08)
(-0.4 0.06 1.08)
(-0.35 0.06 1.08)
(-0.3 0.06 1.08)
(-0.25 0.06 1.08)
(-0.2 0.06 1.08)
(-0.1499999999999999 0.06 1.08)
(-0.1000000000000001 0.06 1.08)
(-0.05000000000000003 0.06 1.08)
(0 0.06 1.08)
(0.05000000000000001 0.06 1.08)
(0.1000000000000001 0.06 1.08)
(0.1499999999999999 0.06 1.08)
(0.2 0.06 1.08)
(0.25 0.06 1.08)
(0.3 0.06 1.08)
(0.35 0.06 1.08)
(0.4 0.06 1.08)
(0.45 0.06 1.08)
(0.5 0.06 1.08)
(0.55 0.06 1.08)
(0.6 0.05999999999999999 1.08)
(0.65 0.06 1.08)
(0.7000000000000001 0.06 1.08)
(0.75 0.06 1.08)
(0.8 0.06 1.08)
(0.8500000000000002 0.06 1.08)
(0.9 0.06 1.08)
(0.9500000000000001 0.05999999999999999 1.08)
(1 0.06 1.08)
(-1 0.065 1.08)
(-0.9500000000000001 0.065 1.08)
(-0.9 0.065 1.08)
(-0.85 0.065 1.08)
(-0.8 0.06500000000000002 1.08)
(-0.75 0.065 1.08)
(-0.7000000000000001 0.065 1.08)
(-0.65 0.065 1.08)
(-0.6 0.065 1.08)
(-0.55 0.065 1.08)
(-0.5 0.065 1.08)
(-0.45 0.065 1.08)
(-0.4 0.065 1.08)
(-0.35 0.065 1.08)
(-0.3 0.06500000000000002 1.08)
(-0.25 0.065 1.08)
(-0.2 0.065 1.08)
(-0.15 0.065 1.08)
(-0.1000000000000001 0.065 1.08)
(-0.05000000000000004 0.065 1.08)
(0 0.065 1.08)
(0.05000000000000007 0.065 1.08)
(0.1000000000000001 0.065 1.08)
(0.1499999999999999 0.065 1.08)
(0.2 0.065 1.08)
(0.25 0.065 1.08)
(0.3 0.065 1.08)
(0.35 0.065 1.08)
(0.3999999999999999 0.065 1.08)
(0.45 0.065 1.08)
(0.5 0.065 1.08)
(0.55 0.065 1.08)
(0.6 0.06500000000000002 1.08)
(0.65 0.065 1.08)
(0.7000000000000001 0.065 1.08)
(0.75 0.065 1.08)
(0.8 0.065 1.08)
(0.85 0.06500000000000002 1.08)
(0.9 0.06499999999999999 1.08)
(0.9500000000000001 0.06500000000000002 1.08)
(1 0.065 1.08)
(-1 0.07000000000000001 1.08)
(-0.9500000000000001 0.07000000000000001 1.08)
(-0.9 0.06999999999999999 1.08)
(-0.85 0.07000000000000001 1.08)
(-0.8 0.07000000000000001 1.08)
(-0.75 0.07000000000000001 1.08)
(-0.7000000000000001 0.07000000000000001 1.08)
(-0.65 0.07000000000000001 1.08)
(-0.6000000000000001 0.07000000000000001 1.08)
(-0.55 0.07000000000000001 1.08)
(-0.5 0.06999999999999999 1.08)
(-0.45 0.07000000000000001 1.08)
(-0.4 0.07000000000000001 1.08)
(-0.35 0.07000000000000001 1.08)
(-0.3 0.06999999999999999 1.08)
(-0.25 0.06999999999999999 1.08)
(-0.2 0.07000000000000001 1.08)
(-0.1499999999999999 0.07000000000000001 1.08)
(-0.1 0.07000000000000001 1.08)
(-0.05000000000000003 0.06999999999999999 1.08)
(0 0.07000000000000001 1.08)
(0.05000000000000003 0.06999999999999999 1.08)
(0.1000000000000001 0.07000000000000001 1.08)
(0.1499999999999999 0.07000000000000001 1.08)
(0.2 0.07000000000000001 1.08)
(0.25 0.07000000000000001 1.08)
(0.3 0.06999999999999999 1.08)
(0.35 0.06999999999999999 1.08)
(0.4 0.07000000000000001 1.08)
(0.4500000000000001 0.07000000000000001 1.08)
(0.5 0.06999999999999999 1.08)
(0.55 0.07000000000000001 1.08)
(0.6 0.07000000000000001 1.08)
(0.65 0.07000000000000001 1.08)
(0.7000000000000001 0.07000000000000001 1.08)
(0.75 0.06999999999999999 1.08)
(0.8 0.07000000000000001 1.08)
(0.85 0.07000000000000001 1.08)
(0.9 0.07000000000000001 1.08)
(0.9500000000000001 0.07000000000000001 1.08)
(1 0.07000000000000001 1.08)
(-1 0.075 1.08)
(-0.9500000000000001 0.075 1.08)
(-0.9 0.075 1.08)
(-0.85 0.075 1.08)
(-0.8 0.075 1.08)
(-0.75 0.075 1.08)
(-0.7000000000000001 0.075 1.08)
(-0.65 0.075 1.08)
(-0.6 0.075 1.08)
(-0.55 0.075 1.08)
(-0.5 0.075 1.08)
(-0.45 0.075 1.08)
(-0.4 0.075 1.08)
(-0.35 0.075 1.08)
(-0.3000000000000001 0.075 1.08)
(-0.25 0.075 1.08)
(-0.2 0.075 1.08)
(-0.1499999999999999 0.075 1.08)
(-0.1 0.075 1.08)
(-0.05000000000000003 0.075 1.08)
(0 0.075 1.08)
(0.05000000000000003 0.075 1.08)
(0.1000000000000001 0.075 1.08)
(0.1499999999999999 0.075 1.08)
(0.2 0.075 1.08)
(0.25 0.075 1.08)
(0.3 0.075 1.08)
(0.3500000000000001 0.07500000000000001 1.08)
(0.3999999999999999 0.075 1.08)
(0.45 0.075 1.08)
(0.5 0.075 1.08)
(0.55 0.075 1.08)
(0.6 0.075 1.08)
(0.65 0.075 1.08)
(0.7000000000000001 0.075 1.08)
(0.75 0.075 1.08)
(0.8 0.075 1.08)
(0.85 0.075 1.08)
(0.9 0.075 1.08)
(0.9500000000000001 0.075 1.08)
(1 0.075 1.08)
(-1 0.08 1.08)
(-0.9500000000000001 0.08 1.08)
(-0.9 0.08 1.08)
(-0.85 0.08 1.08)
(-0.8 0.08 1.08)
(-0.75 0.08 1.08)
(-0.7000000000000001 0.08 1.08)
(-0.65 0.08 1.08)
(-0.6 0.08 1.08)
(-0.55 0.08 1.08)
(-0.5 0.08 1.08)
(-0.45 0.08 1.08)
(-0.4 0.08 1.08)
(-0.35 0.08 1.08)
(-0.3 0.08 1.08)
(-0.25 0.08 1.08)
(-0.2 0.08 1.08)
(-0.1499999999999999 0.08 1.08)
(-0.1 0.08 1.08)
(-0.05000000000000004 0.08 1.08)
(0 0.08 1.08)
(0.05000000000000003 0.08 1.08)
(0.1000000000000001 0.08 1.08)
(0.1499999999999999 0.08 1.08)
(0.2 0.08 1.08)
(0.25 0.08 1.08)
(0.3 0.08 1.08)
(0.35 0.08 1.08)
(0.4 0.08000000000000002 1.08)
(0.45 0.08 1.08)
(0.5 0.08 1.08)
(0.55 0.08 1.08)
(0.6 0.08 1.08)
(0.65 0.08000000000000002 1.08)
(0.7000000000000001 0.07999999999999999 1.08)
(0.75 0.08 1.08)
(0.8 0.08000000000000002 1.08)
(0.85 0.08000000000000002 1.08)
(0.9 0.08 1.08)
(0.9500000000000001 0.08 1.08)
(1 0.08 1.08)
(-1 0.08500000000000001 1.08)
(-0.9500000000000001 0.08500000000000001 1.08)
(-0.9 0.08500000000000001 1.08)
(-0.85 0.08500000000000001 1.08)
(-0.8 0.08500000000000002 1.08)
(-0.75 0.08500000000000001 1.08)
(-0.7000000000000001 0.08500000000000001 1.08)
(-0.65 0.08500000000000001 1.08)
(-0.6 0.08500000000000001 1.08)
(-0.55 0.08500000000000001 1.08)
(-0.5 0.08500000000000001 1.08)
(-0.45 0.08500000000000001 1.08)
(-0.4 0.08500000000000001 1.08)
(-0.35 0.08500000000000001 1.08)
(-0.3 0.08500000000000001 1.08)
(-0.25 0.08500000000000001 1.08)
(-0.2 0.08500000000000001 1.08)
(-0.15 0.08500000000000001 1.08)
(-0.1 0.08500000000000001 1.08)
(-0.05 0.08500000000000001 1.08)
(0 0.08500000000000001 1.08)
(0.05 0.08500000000000001 1.08)
(0.1000000000000001 0.08500000000000001 1.08)
(0.1499999999999999 0.08500000000000001 1.08)
(0.2 0.08500000000000001 1.08)
(0.25 0.08500000000000001 1.08)
(0.3 0.08500000000000001 1.08)
(0.35 0.08500000000000001 1.08)
(0.4 0.08500000000000001 1.08)
(0.45 0.08500000000000001 1.08)
(0.5 0.08500000000000001 1.08)
(0.55 0.08500000000000001 1.08)
(0.6 0.08500000000000001 1.08)
(0.65 0.08500000000000001 1.08)
(0.7000000000000001 0.08500000000000001 1.08)
(0.75 0.08500000000000001 1.08)
(0.8 0.08500000000000002 1.08)
(0.85 0.08500000000000002 1.08)
(0.9 0.08500000000000001 1.08)
(0.9500000000000001 0.08500000000000001 1.08)
(1 0.08500000000000001 1.08)
(-1 0.09 1.08)
(-0.9500000000000001 0.09000000000000002 1.08)
(-0.9 0.09 1.08)
(-0.85 0.09 1.08)
(-0.8 0.09000000000000002 1.08)
(-0.75 0.09 1.08)
(-0.7000000000000001 0.09 1.08)
(-0.65 0.09000000000000002 1.08)
(-0.6 0.09 1.08)
(-0.55 0.09 1.08)
(-0.5 0.09 1.08)
(-0.45 0.09 1.08)
(-0.4 0.09 1.08)
(-0.35 0.09000000000000002 1.08)
(-0.3 0.09 1.08)
(-0.25 0.09 1.08)
(-0.2 0.09 1.08)
(-0.1499999999999999 0.09 1.08)
(-0.1000000000000001 0.09 1.08)
(-0.05 0.09000000000000002 1.08)
(0 0.09 1.08)
(0.05 0.09000000000000002 1.08)
(0.1000000000000001 0.09 1.08)
(0.1499999999999999 0.09 1.08)
(0.2 0.09 1.08)
(0.25 0.09000000000000002 1.08)
(0.3 0.09 1.08)
(0.35 0.09000000000000002 1.08)
(0.4 0.09 1.08)
(0.45 0.09 1.08)
(0.5 0.09 1.08)
(0.55 0.09 1.08)
(0.6 0.09000000000000002 1.08)
(0.65 0.09000000000000002 1.08)
(0.7000000000000001 0.09000000000000002 1.08)
(0.75 0.09 1.08)
(0.8 0.09000000000000002 1.08)
(0.85 0.09 1.08)
(0.9 0.09000000000000002 1.08)
(0.9500000000000001 0.09 1.08)
(1 0.09 1.08)
(-1 0.095 1.08)
(-0.9500000000000001 0.095 1.08)
(-0.9 0.095 1.08)
(-0.85 0.095 1.08)
(-0.8 0.095 1.08)
(-0.75 0.095 1.08)
(-0.7000000000000001 0.095 1.08)
(-0.65 0.095 1.08)
(-0.6 0.095 1.08)
(-0.55 0.095 1.08)
(-0.5 0.09500000000000001 1.08)
(-0.45 0.095 1.08)
(-0.3999999999999999 0.095 1.08)
(-0.35 0.095 1.08)
(-0.3000000000000001 0.095 1.08)
(-0.2500000000000001 0.095 1.08)
(-0.2 0.095 1.08)
(-0.1499999999999999 0.095 1.08)
(-0.1 0.095 1.08)
(-0.05 0.095 1.08)
(0 0.095 1.08)
(0.05 0.095 1.08)
(0.1000000000000001 0.095 1.08)
(0.1499999999999999 0.095 1.08)
(0.2 0.09500000000000001 1.08)
(0.2500000000000001 0.095 1.08)
(0.3 0.095 1.08)
(0.35 0.09499999999999999 1.08)
(0.4 0.095 1.08)
(0.45 0.095 1.08)
(0.5 0.095 1.08)
(0.55 0.09499999999999999 1.08)
(0.6 0.095 1.08)
(0.65 0.095 1.08)
(0.7000000000000001 0.095 1.08)
(0.75 0.095 1.08)
(0.8 0.09500000000000001 1.08)
(0.85 0.095 1.08)
(0.9 0.095 1.08)
(0.9500000000000001 0.095 1.08)
(1 0.095 1.08)
(-1 0.1 1.08)
(-0.9500000000000001 0.1 1.08)
(-0.9 0.1 1.08)
(-0.85 0.1 1.08)
(-0.8 0.1 1.08)
(-0.75 0.1 1.08)
(-0.7000000000000001 0.1 1.08)
(-0.65 0.1 1.08)
(-0.6 0.1 1.08)
(-0.55 0.1 1.08)
(-0.5 0.1 1.08)
(-0.45 0.1 1.08)
(-0.4 0.1 1.08)
(-0.35 0.1 1.08)
(-0.3 0.1 1.08)
(-0.25 0.1 1.08)
(-0.2 0.1 1.08)
(-0.1499999999999999 0.1 1.08)
(-0.1000000000000001 0.1 1.08)
(-0.05 0.1 1.08)
(0 0.1 1.08)
(0.05 0.1 1.08)
(0.1000000000000001 0.1 1.08)
(0.1499999999999999 0.1 1.08)
(0.2 0.1 1.08)
(0.25 0.1 1.08)
(0.3 0.1 1.08)
(0.35 0.1 1.08)
(0.4 0.1 1.08)
(0.45 0.1 1.08)
(0.5 0.1 1.08)
(0.55 0.1 1.08)
(0.6 0.1 1.08)
(0.65 0.09999999999999998 1.08)
(0.7000000000000001 0.1 1.08)
(0.75 0.1 1.08)
(0.8 0.1 1.08)
(0.85 0.1 1.08)
(0.9 0.1 1.08)
(0.9500000000000001 0.1 1.08)
(1 0.1 1.08)
(-1 0 1.11)
(-0.9500000000000001 0 1.11)
(-0.9 0 1.11)
(-0.85 0 1.11)
(-0.8 0 1.11)
(-0.75 0 1.11)
(-0.7000000000000001 0 1.11)
(-0.65 0 1.11)
(-0.6 0 1.11)
(-0.55 0 1.11)
(-0.5 0 1.11)
(-0.45 0 1.11)
(-0.4 0 1.11)
(-0.35 0 1.11)
(-0.3 0 1.11)
(-0.25 0 1.11)
(-0.2 0 1.11)
(-0.15 0 1.11)
(-0.1 0 1.11)
(-0.05 0 1.11)
(0 0 1.11)
(0.05 0 1.11)
(0.1000000000000001 0 1.11)
(0.1499999999999999 0 1.11)
(0.2 0 1.11)
(0.25 0 1.11)
(0.3 0 1.11)
(0.3500000000000001 0 1.11)
(0.4 0 1.11)
(0.45 0 1.11)
(0.5 0 1.11)
(0.55 0 1.11)
(0.6 0 1.11)
(0.65 0 1.11)
(0.7000000000000001 0 1.11)
(0.75 0 1.11)
(0.8 0 1.11)
(0.85 0 1.11)
(0.9 0 1.11)
(0.9500000000000001 0 1.11)
(1 0 1.11)
(-1 0.005 1.11)
(-0.9500000000000001 0.005 1.11)
(-0.9 0.005000000000000001 1.11)
(-0.85 0.005000000000000001 1.11)
(-0.8 0.005 1.11)
(-0.75 0.005 1.11)
(-0.7000000000000001 0.005 1.11)
(-0.65 0.005 1.11)
(-0.6 0.005000000000000001 1.11)
(-0.55 0.005000000000000001 1.11)
(-0.5 0.005 1.11)
(-0.45 0.005 1.11)
(-0.4 0.005 1.11)
(-0.35 0.005 1.11)
(-0.3 0.005 1.11)
(-0.25 0.005 1.11)
(-0.2 0.005 1.11)
(-0.15 0.005 1.11)
(-0.09999999999999998 0.005000000000000001 1.11)
(-0.05000000000000003 0.005000000000000001 1.11)
(0 0.005 1.11)
(0.05000000000000003 0.005 1.11)
(0.1000000000000001 0.005 1.11)
(0.1499999999999999 0.005 1.11)
(0.2 0.005 1.11)
(0.25 0.005 1.11)
(0.3 0.005000000000000001 1.11)
(0.3500000000000001 0.005 1.11)
(0.3999999999999999 0.005000000000000001 1.11)
(0.45 0.005 1.11)
(0.5 0.005000000000000001 1.11)
(0.55 0.005000000000000001 1.11)
(0.6 0.005000000000000001 1.11)
(0.65 0.005000000000000001 1.11)
(0.7000000000000001 0.005 1.11)
(0.75 0.005 1.11)
(0.8 0.005 1.11)
(0.85 0.005 1.11)
(0.9 0.005 1.11)
(0.9500000000000001 0.005 1.11)
(1 0.005 1.11)
(-1 0.01 1.11)
(-0.9500000000000001 0.01 1.11)
(-0.9 0.01 1.11)
(-0.8500000000000002 0.01 1.11)
(-0.8 0.01 1.110000000000001)
(-0.75 0.01 1.11)
(-0.7000000000000001 0.01 1.11)
(-0.65 0.01 1.110000000000001)
(-0.6 0.01 1.11)
(-0.55 0.01 1.11)
(-0.5000000000000001 0.01 1.11)
(-0.45 0.01 1.11)
(-0.4 0.01 1.11)
(-0.3500000000000001 0.01 1.110000000000001)
(-0.3 0.009999999999999998 1.11)
(-0.25 0.01 1.110000000000001)
(-0.1999999999999999 0.01 1.11)
(-0.15 0.01 1.11)
(-0.1000000000000001 0.01 1.11)
(-0.05000000000000003 0.01 1.11)
(0 0.01 1.11)
(0.05000000000000003 0.01 1.11)
(0.1000000000000001 0.009999999999999998 1.11)
(0.1499999999999999 0.01 1.11)
(0.1999999999999999 0.009999999999999998 1.11)
(0.25 0.01 1.110000000000001)
(0.3 0.01 1.11)
(0.3500000000000001 0.01 1.11)
(0.4 0.01 1.11)
(0.45 0.01 1.11)
(0.5000000000000001 0.01 1.11)
(0.55 0.01 1.11)
(0.6000000000000002 0.01 1.11)
(0.65 0.01 1.11)
(0.7000000000000001 0.009999999999999998 1.11)
(0.75 0.01 1.11)
(0.8 0.01 1.11)
(0.85 0.01 1.11)
(0.9 0.01 1.11)
(0.9500000000000001 0.01 1.11)
(1 0.01 1.11)
(-1 0.015 1.11)
(-0.9500000000000001 0.015 1.11)
(-0.9 0.015 1.11)
(-0.85 0.015 1.11)
(-0.8 0.015 1.11)
(-0.75 0.015 1.11)
(-0.7000000000000001 0.015 1.11)
(-0.65 0.015 1.11)
(-0.6 0.015 1.11)
(-0.55 0.015 1.11)
(-0.5 0.015 1.11)
(-0.45 0.015 1.11)
(-0.4 0.015 1.11)
(-0.35 0.015 1.11)
(-0.3 0.015 1.11)
(-0.25 0.015 1.11)
(-0.2 0.015 1.11)
(-0.15 0.015 1.11)
(-0.1 0.015 1.11)
(-0.05 0.015 1.11)
(0 0.015 1.11)
(0.05 0.015 1.11)
(0.1000000000000001 0.015 1.11)
(0.1499999999999999 0.015 1.11)
(0.2 0.015 1.11)
(0.25 0.015 1.11)
(0.3 0.015 1.11)
(0.3500000000000001 0.015 1.11)
(0.4 0.015 1.11)
(0.45 0.015 1.11)
(0.5 0.015 1.11)
(0.55 0.015 1.11)
(0.6 0.015 1.11)
(0.65 0.015 1.11)
(0.7000000000000001 0.015 1.11)
(0.75 0.015 1.11)
(0.8 0.015 1.11)
(0.85 0.015 1.11)
(0.9 0.015 1.11)
(0.9500000000000001 0.015 1.11)
(1 0.015 1.11)
(-1 0.02 1.11)
(-0.9500000000000001 0.02 1.11)
(-0.9 0.02 1.11)
(-0.85 0.02 1.110000000000001)
(-0.8 0.02 1.11)
(-0.75 0.02 1.11)
(-0.7000000000000001 0.02 1.11)
(-0.65 0.02 1.11)
(-0.6 0.02 1.11)
(-0.55 0.02 1.11)
(-0.5 0.02 1.11)
(-0.45 0.02 1.11)
(-0.4 0.02 1.11)
(-0.3500000000000001 0.02 1.11)
(-0.3 0.02 1.11)
(-0.25 0.02 1.11)
(-0.2 0.02 1.11)
(-0.1499999999999999 0.02 1.11)
(-0.1 0.02 1.11)
(-0.05000000000000003 0.02 1.11)
(0 0.02 1.11)
(0.05000000000000003 0.02 1.11)
(0.1000000000000001 0.02 1.11)
(0.1499999999999999 0.02 1.11)
(0.2 0.02 1.11)
(0.25 0.02 1.11)
(0.3 0.02 1.11)
(0.3500000000000001 0.02 1.11)
(0.3999999999999999 0.02 1.11)
(0.45 0.02 1.11)
(0.5 0.02 1.11)
(0.55 0.02 1.11)
(0.6 0.02 1.11)
(0.65 0.02 1.11)
(0.7000000000000001 0.02 1.11)
(0.75 0.02 1.11)
(0.8 0.02 1.11)
(0.85 0.02 1.11)
(0.9 0.02 1.11)
(0.9500000000000001 0.02 1.11)
(1 0.02 1.11)
(-1 0.025 1.11)
(-0.9500000000000001 0.025 1.11)
(-0.9 0.025 1.11)
(-0.85 0.025 1.11)
(-0.8 0.025 1.11)
(-0.75 0.025 1.11)
(-0.7000000000000001 0.025 1.11)
(-0.65 0.025 1.11)
(-0.6 0.025 1.11)
(-0.55 0.025 1.11)
(-0.5 0.025 1.11)
(-0.45 0.025 1.11)
(-0.4 0.025 1.11)
(-0.3500000000000001 0.025 1.11)
(-0.3 0.025 1.11)
(-0.25 0.025 1.11)
(-0.1999999999999999 0.025 1.11)
(-0.15 0.025 1.11)
(-0.09999999999999998 0.025 1.11)
(-0.05000000000000004 0.025 1.11)
(0 0.025 1.11)
(0.05000000000000004 0.025 1.11)
(0.1000000000000001 0.025 1.11)
(0.1499999999999999 0.025 1.11)
(0.1999999999999999 0.025 1.11)
(0.25 0.025 1.11)
(0.3 0.025 1.11)
(0.3500000000000001 0.025 1.11)
(0.3999999999999999 0.025 1.11)
(0.45 0.025 1.11)
(0.5 0.025 1.11)
(0.55 0.025 1.11)
(0.6 0.025 1.11)
(0.65 0.025 1.11)
(0.7000000000000001 0.025 1.11)
(0.75 0.025 1.11)
(0.8 0.025 1.11)
(0.85 0.025 1.11)
(0.9 0.025 1.11)
(0.9500000000000001 0.025 1.11)
(1 0.025 1.11)
(-1 0.03 1.11)
(-0.9500000000000001 0.03 1.11)
(-0.9 0.03 1.11)
(-0.85 0.03 1.11)
(-0.8 0.03 1.11)
(-0.75 0.03 1.11)
(-0.7000000000000001 0.03 1.11)
(-0.65 0.03 1.11)
(-0.6 0.03 1.11)
(-0.55 0.03 1.11)
(-0.5 0.03 1.11)
(-0.45 0.03 1.11)
(-0.4 0.03 1.11)
(-0.35 0.03000000000000001 1.11)
(-0.3 0.03 1.11)
(-0.25 0.03 1.11)
(-0.2 0.03 1.11)
(-0.15 0.03 1.11)
(-0.1 0.03 1.11)
(-0.05000000000000001 0.03 1.11)
(0 0.03 1.11)
(0.05000000000000001 0.03000000000000001 1.11)
(0.1000000000000001 0.03 1.11)
(0.1499999999999999 0.03 1.11)
(0.2 0.03 1.11)
(0.25 0.03 1.11)
(0.3 0.03 1.11)
(0.35 0.03 1.11)
(0.4 0.03 1.11)
(0.45 0.03 1.11)
(0.5 0.03000000000000001 1.11)
(0.55 0.03000000000000001 1.11)
(0.6 0.03 1.11)
(0.65 0.03 1.11)
(0.7000000000000001 0.03 1.11)
(0.75 0.03000000000000001 1.11)
(0.8 0.03 1.11)
(0.85 0.03000000000000001 1.11)
(0.9 0.03 1.11)
(0.9500000000000001 0.03 1.11)
(1 0.03 1.11)
(-1 0.035 1.11)
(-0.9500000000000001 0.035 1.11)
(-0.9 0.035 1.11)
(-0.8500000000000002 0.035 1.11)
(-0.8 0.035 1.11)
(-0.75 0.035 1.11)
(-0.7000000000000001 0.035 1.11)
(-0.65 0.035 1.11)
(-0.6 0.035 1.11)
(-0.55 0.035 1.11)
(-0.5 0.035 1.11)
(-0.45 0.035 1.11)
(-0.4 0.035 1.11)
(-0.3500000000000001 0.035 1.11)
(-0.3 0.035 1.11)
(-0.25 0.035 1.11)
(-0.2 0.035 1.11)
(-0.15 0.035 1.11)
(-0.1 0.035 1.11)
(-0.05000000000000004 0.035 1.11)
(0 0.035 1.11)
(0.05000000000000004 0.035 1.11)
(0.1000000000000001 0.035 1.11)
(0.1499999999999999 0.035 1.11)
(0.2 0.035 1.11)
(0.25 0.035 1.11)
(0.3 0.035 1.11)
(0.3500000000000001 0.035 1.11)
(0.3999999999999999 0.035 1.11)
(0.45 0.035 1.11)
(0.5 0.035 1.11)
(0.55 0.035 1.11)
(0.6 0.035 1.11)
(0.65 0.035 1.11)
(0.7000000000000001 0.035 1.11)
(0.75 0.035 1.11)
(0.8 0.035 1.11)
(0.85 0.035 1.11)
(0.9 0.035 1.11)
(0.9500000000000001 0.035 1.11)
(1 0.035 1.11)
(-1 0.04 1.11)
(-0.9500000000000001 0.04 1.11)
(-0.9 0.04 1.11)
(-0.85 0.04 1.11)
(-0.8000000000000002 0.04000000000000001 1.11)
(-0.75 0.04 1.11)
(-0.7000000000000001 0.04 1.11)
(-0.65 0.04 1.11)
(-0.6000000000000001 0.04000000000000001 1.11)
(-0.55 0.04000000000000001 1.11)
(-0.5000000000000001 0.04 1.11)
(-0.45 0.04 1.11)
(-0.4 0.04000000000000001 1.11)
(-0.3500000000000001 0.04 1.11)
(-0.3 0.04 1.11)
(-0.25 0.04 1.11)
(-0.2 0.04 1.11)
(-0.1499999999999999 0.03999999999999999 1.11)
(-0.09999999999999998 0.04 1.11)
(-0.05000000000000003 0.04 1.11)
(0 0.04 1.11)
(0.05000000000000003 0.04 1.11)
(0.1000000000000001 0.04 1.11)
(0.1499999999999999 0.03999999999999999 1.11)
(0.2 0.04 1.11)
(0.25 0.04 1.11)
(0.3 0.04 1.11)
(0.3500000000000001 0.04 1.11)
(0.4 0.04000000000000001 1.11)
(0.45 0.04 1.11)
(0.5 0.04 1.11)
(0.55 0.04000000000000001 1.11)
(0.6 0.04000000000000001 1.11)
(0.65 0.04 1.11)
(0.7000000000000001 0.03999999999999999 1.11)
(0.75 0.04 1.11)
(0.8 0.04000000000000001 1.11)
(0.85 0.04 1.11)
(0.9 0.04 1.11)
(0.9500000000000001 0.04 1.11)
(1 0.04 1.11)
(-1 0.045 1.11)
(-0.9500000000000001 0.045 1.11)
(-0.9 0.04499999999999999 1.11)
(-0.8500000000000002 0.045 1.11)
(-0.8 0.045 1.11)
(-0.75 0.045 1.11)
(-0.7000000000000001 0.045 1.11)
(-0.65 0.045 1.11)
(-0.6000000000000001 0.045 1.11)
(-0.55 0.045 1.11)
(-0.5000000000000001 0.045 1.11)
(-0.45 0.04499999999999999 1.11)
(-0.4 0.045 1.11)
(-0.3500000000000001 0.045 1.11)
(-0.3 0.045 1.11)
(-0.25 0.045 1.11)
(-0.2 0.045 1.110000000000001)
(-0.1499999999999999 0.045 1.11)
(-0.1 0.04499999999999999 1.11)
(-0.05000000000000004 0.045 1.11)
(0 0.045 1.11)
(0.05000000000000004 0.045 1.11)
(0.1000000000000001 0.045 1.11)
(0.1499999999999999 0.045 1.11)
(0.2 0.045 1.11)
(0.25 0.045 1.11)
(0.3 0.04499999999999999 1.11)
(0.3500000000000001 0.045 1.11)
(0.4 0.045 1.11)
(0.45 0.04499999999999999 1.11)
(0.5000000000000001 0.045 1.11)
(0.55 0.045 1.11)
(0.6 0.045 1.11)
(0.65 0.04499999999999999 1.11)
(0.7000000000000001 0.04500000000000001 1.11)
(0.75 0.04499999999999999 1.11)
(0.8 0.045 1.11)
(0.85 0.045 1.11)
(0.9 0.045 1.11)
(0.9500000000000001 0.04499999999999999 1.11)
(1 0.045 1.11)
(-1 0.05 1.11)
(-0.9500000000000001 0.05 1.11)
(-0.9 0.05 1.11)
(-0.85 0.05 1.11)
(-0.8 0.05 1.11)
(-0.75 0.05 1.11)
(-0.7000000000000001 0.05 1.11)
(-0.65 0.05000000000000001 1.11)
(-0.6 0.05 1.11)
(-0.55 0.04999999999999999 1.11)
(-0.5 0.05 1.11)
(-0.45 0.05 1.11)
(-0.4 0.05 1.11)
(-0.3500000000000001 0.05000000000000001 1.11)
(-0.3 0.05 1.11)
(-0.25 0.05 1.11)
(-0.2 0.05 1.11)
(-0.15 0.05 1.11)
(-0.1 0.05 1.11)
(-0.05 0.05 1.11)
(0 0.05 1.11)
(0.05 0.05 1.11)
(0.1000000000000001 0.05 1.11)
(0.1499999999999999 0.05 1.11)
(0.2 0.05 1.11)
(0.25 0.05 1.11)
(0.3 0.05 1.11)
(0.3500000000000001 0.05 1.11)
(0.4 0.05000000000000001 1.11)
(0.45 0.05 1.11)
(0.5 0.05 1.11)
(0.55 0.05 1.11)
(0.6 0.05 1.11)
(0.65 0.05 1.11)
(0.7000000000000001 0.05 1.11)
(0.75 0.05 1.11)
(0.8 0.04999999999999999 1.11)
(0.85 0.05 1.11)
(0.9 0.05000000000000001 1.11)
(0.9500000000000001 0.05 1.11)
(1 0.05 1.11)
(-1 0.055 1.11)
(-0.9500000000000001 0.055 1.11)
(-0.9 0.055 1.11)
(-0.85 0.055 1.11)
(-0.8 0.055 1.11)
(-0.75 0.055 1.11)
(-0.7000000000000001 0.055 1.11)
(-0.65 0.055 1.11)
(-0.6 0.055 1.11)
(-0.55 0.055 1.11)
(-0.5 0.05500000000000001 1.11)
(-0.45 0.055 1.11)
(-0.4 0.055 1.11)
(-0.3500000000000001 0.055 1.11)
(-0.3 0.055 1.11)
(-0.25 0.055 1.11)
(-0.2 0.055 1.11)
(-0.15 0.055 1.11)
(-0.1 0.055 1.11)
(-0.05000000000000004 0.055 1.11)
(0 0.055 1.11)
(0.05000000000000004 0.055 1.11)
(0.1000000000000001 0.055 1.11)
(0.1499999999999999 0.055 1.11)
(0.1999999999999999 0.055 1.11)
(0.25 0.055 1.11)
(0.3 0.055 1.11)
(0.3500000000000001 0.055 1.11)
(0.4 0.055 1.11)
(0.45 0.055 1.11)
(0.5000000000000001 0.05500000000000001 1.11)
(0.55 0.055 1.11)
(0.6 0.055 1.11)
(0.65 0.055 1.11)
(0.7000000000000001 0.055 1.11)
(0.75 0.055 1.11)
(0.8 0.055 1.11)
(0.85 0.055 1.11)
(0.9 0.055 1.11)
(0.9500000000000001 0.055 1.11)
(1 0.055 1.11)
(-1 0.06 1.11)
(-0.9500000000000001 0.06 1.11)
(-0.9 0.06 1.11)
(-0.85 0.06 1.11)
(-0.8000000000000002 0.06 1.11)
(-0.75 0.06 1.11)
(-0.7000000000000001 0.06 1.11)
(-0.65 0.06 1.11)
(-0.6000000000000001 0.06 1.11)
(-0.55 0.06 1.11)
(-0.5 0.06 1.11)
(-0.45 0.06 1.11)
(-0.4 0.06 1.11)
(-0.3500000000000001 0.06000000000000001 1.11)
(-0.3 0.06 1.11)
(-0.25 0.06 1.11)
(-0.2 0.06 1.11)
(-0.1499999999999999 0.06 1.11)
(-0.09999999999999998 0.06 1.11)
(-0.05000000000000003 0.05999999999999999 1.11)
(0 0.06 1.11)
(0.05000000000000001 0.06 1.11)
(0.1000000000000001 0.06 1.11)
(0.1499999999999999 0.06 1.11)
(0.2 0.06 1.11)
(0.25 0.06 1.11)
(0.3 0.06 1.11)
(0.3500000000000001 0.06000000000000001 1.11)
(0.4 0.06 1.11)
(0.45 0.06 1.11)
(0.5000000000000001 0.05999999999999999 1.11)
(0.55 0.06 1.11)
(0.6 0.05999999999999999 1.11)
(0.65 0.06 1.11)
(0.7000000000000001 0.06 1.11)
(0.75 0.06 1.11)
(0.8000000000000002 0.06000000000000001 1.11)
(0.85 0.06000000000000001 1.11)
(0.9 0.06 1.11)
(0.9500000000000001 0.06 1.11)
(1 0.06 1.11)
(-1 0.065 1.11)
(-0.9500000000000001 0.065 1.11)
(-0.9 0.065 1.11)
(-0.8500000000000002 0.06500000000000002 1.11)
(-0.8 0.065 1.11)
(-0.75 0.065 1.11)
(-0.7000000000000001 0.065 1.11)
(-0.65 0.065 1.11)
(-0.6 0.065 1.11)
(-0.55 0.06500000000000002 1.11)
(-0.5 0.065 1.11)
(-0.45 0.065 1.11)
(-0.4 0.06500000000000002 1.11)
(-0.3500000000000001 0.06500000000000003 1.11)
(-0.3 0.06500000000000002 1.11)
(-0.25 0.065 1.11)
(-0.2 0.065 1.11)
(-0.15 0.065 1.11)
(-0.1 0.065 1.11)
(-0.05000000000000004 0.065 1.11)
(0 0.065 1.11)
(0.05000000000000004 0.065 1.11)
(0.1000000000000001 0.065 1.11)
(0.1499999999999999 0.065 1.11)
(0.2 0.06500000000000002 1.11)
(0.25 0.065 1.11)
(0.3 0.065 1.11)
(0.3500000000000001 0.06500000000000002 1.11)
(0.4 0.065 1.11)
(0.45 0.06500000000000002 1.11)
(0.5 0.065 1.11)
(0.55 0.065 1.11)
(0.6 0.06500000000000002 1.11)
(0.65 0.065 1.11)
(0.7000000000000001 0.065 1.11)
(0.75 0.065 1.11)
(0.8 0.065 1.11)
(0.85 0.06500000000000002 1.11)
(0.9 0.065 1.11)
(0.9500000000000001 0.06500000000000002 1.11)
(1 0.065 1.11)
(-1 0.07000000000000001 1.11)
(-0.9500000000000001 0.07000000000000001 1.11)
(-0.9 0.07000000000000001 1.11)
(-0.85 0.07000000000000001 1.11)
(-0.8 0.07000000000000001 1.11)
(-0.75 0.06999999999999999 1.11)
(-0.7000000000000001 0.07000000000000001 1.11)
(-0.65 0.07000000000000001 1.11)
(-0.6000000000000001 0.07000000000000001 1.11)
(-0.55 0.07000000000000001 1.11)
(-0.5 0.07000000000000001 1.11)
(-0.45 0.07000000000000001 1.11)
(-0.4 0.07000000000000001 1.11)
(-0.3500000000000001 0.07000000000000001 1.11)
(-0.3 0.07000000000000001 1.11)
(-0.25 0.07000000000000001 1.11)
(-0.2 0.06999999999999999 1.11)
(-0.15 0.06999999999999999 1.11)
(-0.1 0.07000000000000001 1.11)
(-0.05000000000000003 0.06999999999999999 1.11)
(0 0.07000000000000001 1.11)
(0.05000000000000003 0.07000000000000001 1.11)
(0.1000000000000001 0.07000000000000001 1.11)
(0.1499999999999999 0.07000000000000001 1.11)
(0.2 0.07000000000000001 1.11)
(0.25 0.06999999999999999 1.11)
(0.3 0.06999999999999999 1.11)
(0.3500000000000001 0.06999999999999999 1.11)
(0.4 0.07000000000000001 1.11)
(0.45 0.07000000000000001 1.11)
(0.5 0.07000000000000001 1.11)
(0.55 0.07000000000000001 1.11)
(0.6 0.06999999999999999 1.11)
(0.65 0.07000000000000001 1.11)
(0.7000000000000001 0.06999999999999999 1.11)
(0.75 0.06999999999999999 1.11)
(0.8 0.06999999999999999 1.11)
(0.85 0.07000000000000001 1.11)
(0.9 0.07000000000000001 1.11)
(0.9500000000000001 0.07000000000000001 1.11)
(1 0.07000000000000001 1.11)
(-1 0.075 1.11)
(-0.9500000000000001 0.075 1.11)
(-0.9 0.075 1.11)
(-0.85 0.07500000000000001 1.11)
(-0.8 0.07500000000000001 1.11)
(-0.75 0.075 1.11)
(-0.7000000000000001 0.075 1.11)
(-0.65 0.075 1.11)
(-0.6 0.075 1.11)
(-0.55 0.075 1.11)
(-0.5 0.075 1.11)
(-0.45 0.075 1.11)
(-0.4000000000000001 0.075 1.11)
(-0.3500000000000001 0.07500000000000001 1.11)
(-0.3 0.075 1.11)
(-0.25 0.075 1.11)
(-0.1999999999999999 0.075 1.11)
(-0.15 0.075 1.11)
(-0.09999999999999998 0.07500000000000001 1.11)
(-0.05000000000000004 0.075 1.11)
(0 0.075 1.11)
(0.05000000000000004 0.075 1.11)
(0.1000000000000001 0.075 1.11)
(0.1499999999999999 0.075 1.11)
(0.1999999999999999 0.075 1.11)
(0.25 0.075 1.11)
(0.3 0.075 1.11)
(0.3500000000000001 0.075 1.11)
(0.4 0.075 1.11)
(0.45 0.075 1.11)
(0.5 0.075 1.11)
(0.55 0.075 1.11)
(0.6 0.075 1.11)
(0.65 0.075 1.11)
(0.7000000000000001 0.075 1.11)
(0.75 0.075 1.11)
(0.8 0.075 1.11)
(0.85 0.075 1.11)
(0.9 0.075 1.11)
(0.9500000000000001 0.075 1.11)
(1 0.075 1.11)
(-1 0.08 1.11)
(-0.9500000000000001 0.08 1.11)
(-0.9 0.08 1.11)
(-0.85 0.08000000000000002 1.11)
(-0.8 0.08 1.11)
(-0.75 0.08 1.11)
(-0.7000000000000001 0.08 1.11)
(-0.65 0.08 1.11)
(-0.6 0.08 1.11)
(-0.55 0.08 1.11)
(-0.5 0.08 1.11)
(-0.45 0.08 1.11)
(-0.4000000000000001 0.08 1.11)
(-0.35 0.08 1.11)
(-0.3 0.08 1.11)
(-0.25 0.08 1.11)
(-0.1999999999999999 0.08 1.11)
(-0.15 0.08 1.11)
(-0.09999999999999998 0.08 1.11)
(-0.05000000000000007 0.08 1.11)
(0 0.08 1.11)
(0.05000000000000004 0.08 1.11)
(0.1000000000000001 0.08 1.11)
(0.1499999999999999 0.08 1.11)
(0.1999999999999999 0.08 1.11)
(0.25 0.08 1.11)
(0.3 0.08 1.11)
(0.35 0.08000000000000002 1.11)
(0.4 0.08000000000000002 1.11)
(0.45 0.08 1.11)
(0.5 0.08 1.11)
(0.55 0.08000000000000002 1.11)
(0.6 0.08 1.11)
(0.65 0.08 1.11)
(0.7000000000000001 0.08 1.11)
(0.75 0.08 1.11)
(0.8 0.08000000000000002 1.11)
(0.85 0.08 1.11)
(0.9 0.08 1.11)
(0.9500000000000001 0.08 1.11)
(1 0.08 1.11)
(-1 0.08500000000000001 1.11)
(-0.9500000000000001 0.08500000000000001 1.11)
(-0.9 0.08500000000000001 1.11)
(-0.85 0.08500000000000001 1.11)
(-0.8 0.08500000000000002 1.11)
(-0.75 0.08500000000000001 1.11)
(-0.7000000000000001 0.08500000000000001 1.11)
(-0.65 0.08500000000000001 1.11)
(-0.6000000000000001 0.08500000000000001 1.11)
(-0.55 0.08500000000000001 1.11)
(-0.5 0.08500000000000002 1.11)
(-0.45 0.08500000000000001 1.11)
(-0.4 0.08500000000000001 1.11)
(-0.35 0.08500000000000001 1.11)
(-0.3 0.08500000000000002 1.11)
(-0.25 0.08500000000000001 1.11)
(-0.2 0.08500000000000001 1.11)
(-0.15 0.08500000000000001 1.11)
(-0.1 0.08500000000000001 1.11)
(-0.05 0.08500000000000001 1.11)
(0 0.08500000000000001 1.11)
(0.05 0.08500000000000001 1.11)
(0.1000000000000001 0.08500000000000001 1.11)
(0.1499999999999999 0.08500000000000002 1.11)
(0.2 0.08500000000000001 1.11)
(0.25 0.08500000000000001 1.11)
(0.3 0.08500000000000001 1.11)
(0.3500000000000001 0.08500000000000001 1.11)
(0.4 0.08500000000000001 1.11)
(0.45 0.08500000000000001 1.11)
(0.5 0.08500000000000001 1.11)
(0.55 0.08500000000000001 1.11)
(0.6 0.08500000000000001 1.11)
(0.65 0.08500000000000001 1.11)
(0.7000000000000001 0.08500000000000001 1.11)
(0.75 0.08500000000000001 1.11)
(0.8 0.08500000000000001 1.11)
(0.85 0.08500000000000001 1.11)
(0.9 0.08500000000000001 1.11)
(0.9500000000000001 0.08500000000000001 1.11)
(1 0.08500000000000001 1.11)
(-1 0.09 1.11)
(-0.9500000000000001 0.09 1.11)
(-0.9 0.08999999999999998 1.11)
(-0.8500000000000002 0.09 1.11)
(-0.8 0.09 1.11)
(-0.75 0.09 1.11)
(-0.7000000000000001 0.09 1.11)
(-0.65 0.09 1.11)
(-0.6 0.09 1.11)
(-0.55 0.09 1.11)
(-0.5000000000000001 0.09 1.11)
(-0.45 0.08999999999999998 1.11)
(-0.4 0.09 1.11)
(-0.3500000000000001 0.09 1.11)
(-0.3 0.09 1.11)
(-0.25 0.09 1.11)
(-0.2 0.09 1.11)
(-0.15 0.09 1.11)
(-0.1 0.09 1.11)
(-0.05000000000000004 0.09 1.11)
(0 0.09 1.11)
(0.05000000000000004 0.09 1.11)
(0.1000000000000001 0.08999999999999998 1.11)
(0.1499999999999999 0.09 1.11)
(0.2 0.09 1.11)
(0.25 0.09 1.11)
(0.3 0.08999999999999998 1.11)
(0.35 0.09 1.11)
(0.4 0.09 1.11)
(0.45 0.08999999999999998 1.11)
(0.5000000000000001 0.09 1.11)
(0.55 0.08999999999999998 1.11)
(0.6 0.09000000000000002 1.11)
(0.65 0.08999999999999998 1.11)
(0.7000000000000001 0.09 1.11)
(0.75 0.08999999999999998 1.11)
(0.8 0.08999999999999998 1.11)
(0.85 0.09 1.11)
(0.9 0.09 1.11)
(0.9500000000000001 0.08999999999999998 1.11)
(1 0.09 1.11)
(-1 0.095 1.11)
(-0.9500000000000001 0.095 1.11)
(-0.9 0.095 1.11)
(-0.85 0.09499999999999999 1.11)
(-0.8 0.095 1.11)
(-0.75 0.095 1.11)
(-0.7000000000000001 0.095 1.11)
(-0.65 0.095 1.11)
(-0.6 0.095 1.11)
(-0.55 0.095 1.11)
(-0.5 0.095 1.11)
(-0.45 0.095 1.11)
(-0.3999999999999999 0.095 1.11)
(-0.3500000000000001 0.095 1.11)
(-0.3 0.095 1.11)
(-0.25 0.095 1.11)
(-0.2 0.095 1.11)
(-0.15 0.095 1.11)
(-0.1 0.095 1.11)
(-0.05000000000000003 0.095 1.11)
(0 0.095 1.11)
(0.05000000000000003 0.095 1.11)
(0.1000000000000001 0.095 1.11)
(0.1499999999999999 0.095 1.11)
(0.2 0.095 1.11)
(0.25 0.095 1.11)
(0.3 0.095 1.11)
(0.35 0.095 1.11)
(0.4 0.09499999999999999 1.11)
(0.45 0.095 1.11)
(0.5 0.09499999999999999 1.11)
(0.55 0.095 1.11)
(0.6 0.095 1.11)
(0.65 0.095 1.11)
(0.7000000000000001 0.09500000000000001 1.11)
(0.75 0.095 1.11)
(0.8 0.095 1.11)
(0.85 0.095 1.11)
(0.9 0.095 1.11)
(0.9500000000000001 0.095 1.11)
(1 0.095 1.11)
(-1 0.1 1.11)
(-0.9500000000000001 0.1 1.11)
(-0.9 0.1 1.11)
(-0.85 0.1 1.11)
(-0.8 0.1 1.11)
(-0.75 0.1 1.11)
(-0.7000000000000001 0.1 1.11)
(-0.65 0.1 1.11)
(-0.6 0.1 1.11)
(-0.55 0.09999999999999998 1.11)
(-0.5 0.1 1.11)
(-0.45 0.1 1.11)
(-0.4 0.1 1.11)
(-0.3500000000000001 0.1 1.11)
(-0.3 0.1 1.11)
(-0.25 0.1 1.11)
(-0.2 0.1 1.11)
(-0.15 0.1 1.11)
(-0.1 0.1 1.11)
(-0.05 0.1 1.11)
(0 0.1 1.11)
(0.05 0.1 1.11)
(0.1000000000000001 0.1 1.11)
(0.1499999999999999 0.1 1.11)
(0.2 0.1 1.11)
(0.25 0.1 1.11)
(0.3 0.1 1.11)
(0.35 0.1 1.11)
(0.4 0.1 1.11)
(0.45 0.1 1.11)
(0.5 0.1 1.11)
(0.55 0.1 1.11)
(0.6 0.1 1.11)
(0.65 0.1 1.11)
(0.7000000000000001 0.1 1.11)
(0.75 0.1 1.11)
(0.8 0.09999999999999998 1.11)
(0.85 0.1 1.11)
(0.9 0.1 1.11)
(0.9500000000000001 0.1 1.11)
(1 0.1 1.11)
(-1 0 1.14)
(-0.9500000000000001 0 1.14)
(-0.9 0 1.14)
(-0.85 0 1.14)
(-0.8 0 1.14)
(-0.75 0 1.14)
(-0.7000000000000001 0 1.14)
(-0.65 0 1.14)
(-0.6 0 1.14)
(-0.55 0 1.14)
(-0.5 0 1.14)
(-0.45 0 1.14)
(-0.4 0 1.14)
(-0.35 0 1.14)
(-0.3 0 1.14)
(-0.25 0 1.14)
(-0.2 0 1.14)
(-0.1499999999999999 0 1.14)
(-0.1 0 1.14)
(-0.05 0 1.14)
(0 0 1.14)
(0.05 0 1.14)
(0.1000000000000001 0 1.14)
(0.1499999999999999 0 1.14)
(0.2 0 1.14)
(0.25 0 1.14)
(0.3 0 1.14)
(0.35 0 1.14)
(0.3999999999999999 0 1.14)
(0.45 0 1.14)
(0.5 0 1.14)
(0.55 0 1.14)
(0.6 0 1.14)
(0.65 0 1.14)
(0.7000000000000001 0 1.14)
(0.75 0 1.14)
(0.8 0 1.14)
(0.85 0 1.14)
(0.9 0 1.14)
(0.9500000000000001 0 1.14)
(1 0 1.14)
(-1 0.005 1.14)
(-0.9500000000000001 0.005 1.14)
(-0.9 0.005000000000000001 1.14)
(-0.85 0.005000000000000001 1.14)
(-0.8 0.005000000000000001 1.14)
(-0.75 0.005 1.14)
(-0.7000000000000001 0.005 1.14)
(-0.65 0.005 1.14)
(-0.6 0.005000000000000001 1.14)
(-0.55 0.005000000000000001 1.14)
(-0.5 0.005 1.14)
(-0.45 0.005 1.14)
(-0.3999999999999999 0.004999999999999998 1.14)
(-0.35 0.005 1.14)
(-0.3 0.005 1.14)
(-0.2500000000000001 0.005 1.14)
(-0.2 0.005 1.14)
(-0.1499999999999999 0.005 1.14)
(-0.1 0.005 1.14)
(-0.05000000000000003 0.005 1.14)
(0 0.005 1.14)
(0.05000000000000003 0.005 1.14)
(0.1000000000000001 0.005 1.14)
(0.1499999999999999 0.005 1.14)
(0.2 0.005 1.14)
(0.2500000000000001 0.005 1.14)
(0.3 0.005000000000000001 1.14)
(0.3500000000000001 0.005000000000000001 1.14)
(0.3999999999999999 0.005 1.14)
(0.45 0.005 1.14)
(0.5 0.005 1.14)
(0.55 0.005000000000000001 1.14)
(0.6 0.005 1.14)
(0.65 0.005 1.14)
(0.7000000000000001 0.005 1.14)
(0.75 0.005 1.14)
(0.8 0.005000000000000001 1.14)
(0.85 0.005000000000000001 1.14)
(0.9 0.005 1.14)
(0.9500000000000001 0.005000000000000001 1.14)
(1 0.005 1.14)
(-1 0.01 1.14)
(-0.9500000000000001 0.01 1.14)
(-0.9 0.01 1.14)
(-0.85 0.01 1.14)
(-0.8 0.01 1.14)
(-0.75 0.01 1.14)
(-0.7000000000000001 0.01 1.14)
(-0.65 0.01 1.14)
(-0.6 0.01 1.14)
(-0.55 0.01 1.14)
(-0.5 0.01 1.14)
(-0.45 0.01 1.14)
(-0.4 0.01 1.14)
(-0.35 0.01 1.14)
(-0.3000000000000001 0.01 1.14)
(-0.25 0.01 1.14)
(-0.2 0.01 1.14)
(-0.15 0.01 1.14)
(-0.1 0.01 1.14)
(-0.05 0.01 1.14)
(0 0.01 1.14)
(0.05 0.01 1.14)
(0.1000000000000001 0.01 1.14)
(0.1499999999999999 0.01 1.14)
(0.2 0.009999999999999998 1.14)
(0.25 0.009999999999999998 1.14)
(0.3000000000000001 0.01 1.14)
(0.35 0.01 1.14)
(0.3999999999999999 0.01 1.14)
(0.45 0.01 1.14)
(0.5 0.01 1.14)
(0.55 0.01 1.14)
(0.6 0.01 1.14)
(0.65 0.01 1.14)
(0.7000000000000001 0.01 1.14)
(0.75 0.01 1.14)
(0.8 0.01 1.14)
(0.85 0.01 1.14)
(0.9 0.01 1.14)
(0.9500000000000001 0.009999999999999998 1.14)
(1 0.01 1.14)
(-1 0.015 1.14)
(-0.9500000000000001 0.015 1.14)
(-0.9 0.015 1.14)
(-0.85 0.015 1.14)
(-0.8 0.015 1.14)
(-0.75 0.015 1.14)
(-0.7000000000000001 0.015 1.14)
(-0.65 0.015 1.14)
(-0.6 0.015 1.14)
(-0.55 0.015 1.14)
(-0.4999999999999999 0.015 1.14)
(-0.45 0.015 1.14)
(-0.4 0.015 1.14)
(-0.35 0.015 1.14)
(-0.3 0.015 1.14)
(-0.2500000000000001 0.015 1.14)
(-0.2 0.015 1.14)
(-0.15 0.015 1.14)
(-0.1 0.015 1.14)
(-0.04999999999999999 0.015 1.14)
(0 0.015 1.14)
(0.05 0.015 1.14)
(0.1000000000000001 0.015 1.14)
(0.1499999999999999 0.015 1.14)
(0.2 0.015 1.14)
(0.2500000000000001 0.015 1.14)
(0.3 0.015 1.14)
(0.35 0.015 1.14)
(0.3999999999999999 0.015 1.14)
(0.45 0.015 1.14)
(0.4999999999999999 0.015 1.14)
(0.55 0.015 1.14)
(0.6 0.015 1.14)
(0.65 0.015 1.14)
(0.7000000000000001 0.015 1.14)
(0.75 0.015 1.14)
(0.8 0.015 1.14)
(0.85 0.015 1.14)
(0.9 0.015 1.14)
(0.9500000000000001 0.015 1.14)
(1 0.015 1.14)
(-1 0.02 1.14)
(-0.9500000000000001 0.02 1.14)
(-0.9 0.02 1.14)
(-0.85 0.02 1.14)
(-0.8 0.02 1.14)
(-0.75 0.02 1.14)
(-0.7000000000000001 0.02 1.14)
(-0.65 0.02 1.14)
(-0.6 0.02 1.14)
(-0.55 0.02 1.14)
(-0.5 0.02 1.14)
(-0.45 0.02 1.14)
(-0.4 0.02 1.14)
(-0.35 0.02 1.14)
(-0.3 0.02 1.14)
(-0.25 0.02 1.14)
(-0.1999999999999999 0.02 1.14)
(-0.15 0.02 1.14)
(-0.09999999999999998 0.02 1.14)
(-0.05000000000000003 0.02 1.14)
(0 0.02 1.14)
(0.05000000000000003 0.02 1.14)
(0.1000000000000001 0.02 1.14)
(0.1499999999999999 0.02 1.14)
(0.2 0.02 1.14)
(0.25 0.02 1.14)
(0.3 0.02 1.14)
(0.35 0.02 1.14)
(0.3999999999999999 0.02 1.14)
(0.45 0.02 1.14)
(0.5 0.02 1.14)
(0.55 0.02 1.14)
(0.6000000000000002 0.02 1.14)
(0.65 0.02 1.14)
(0.7000000000000001 0.02 1.14)
(0.75 0.02 1.14)
(0.8 0.02 1.14)
(0.85 0.02 1.14)
(0.9 0.02 1.14)
(0.9500000000000001 0.02 1.14)
(1 0.02 1.14)
(-1 0.025 1.14)
(-0.9500000000000001 0.025 1.14)
(-0.9 0.025 1.14)
(-0.85 0.025 1.14)
(-0.8 0.025 1.14)
(-0.75 0.025 1.14)
(-0.7000000000000001 0.025 1.14)
(-0.65 0.025 1.14)
(-0.6 0.02499999999999999 1.14)
(-0.55 0.025 1.14)
(-0.5 0.025 1.14)
(-0.45 0.025 1.14)
(-0.4 0.025 1.14)
(-0.3500000000000001 0.02499999999999999 1.14)
(-0.3 0.025 1.14)
(-0.25 0.025 1.14)
(-0.2 0.025 1.14)
(-0.15 0.025 1.14)
(-0.1 0.025 1.14)
(-0.05000000000000003 0.025 1.14)
(0 0.025 1.14)
(0.05000000000000003 0.025 1.14)
(0.1000000000000001 0.025 1.14)
(0.1499999999999999 0.025 1.14)
(0.2 0.025 1.14)
(0.25 0.025 1.14)
(0.3 0.025 1.14)
(0.3500000000000001 0.025 1.14)
(0.3999999999999999 0.025 1.14)
(0.45 0.025 1.14)
(0.5 0.025 1.14)
(0.55 0.025 1.14)
(0.6 0.025 1.14)
(0.65 0.025 1.14)
(0.7000000000000001 0.025 1.14)
(0.75 0.025 1.14)
(0.8 0.025 1.14)
(0.85 0.025 1.14)
(0.9 0.025 1.14)
(0.9500000000000001 0.025 1.14)
(1 0.025 1.14)
(-1 0.03 1.14)
(-0.9500000000000001 0.03 1.14)
(-0.9 0.03 1.14)
(-0.85 0.03 1.14)
(-0.8 0.03000000000000001 1.14)
(-0.75 0.03 1.14)
(-0.7000000000000001 0.03 1.14)
(-0.65 0.03 1.14)
(-0.6 0.03 1.14)
(-0.55 0.03 1.14)
(-0.4999999999999999 0.03 1.14)
(-0.45 0.03000000000000001 1.14)
(-0.4 0.03 1.14)
(-0.35 0.03 1.14)
(-0.3 0.03 1.14)
(-0.25 0.03 1.14)
(-0.2 0.03 1.14)
(-0.15 0.03 1.14)
(-0.1 0.03000000000000001 1.14)
(-0.05000000000000001 0.03 1.14)
(0 0.03 1.14)
(0.05000000000000001 0.03 1.14)
(0.1000000000000001 0.03 1.14)
(0.1499999999999999 0.03 1.14)
(0.2 0.03 1.14)
(0.2500000000000001 0.03 1.14)
(0.3 0.03 1.14)
(0.35 0.03 1.14)
(0.4 0.03 1.14)
(0.45 0.03 1.14)
(0.4999999999999999 0.03 1.14)
(0.55 0.03 1.14)
(0.6 0.03000000000000001 1.14)
(0.65 0.03 1.14)
(0.7000000000000001 0.03 1.14)
(0.75 0.03 1.14)
(0.8 0.03000000000000001 1.14)
(0.85 0.03000000000000001 1.14)
(0.9 0.03000000000000001 1.14)
(0.9500000000000001 0.03 1.14)
(1 0.03 1.14)
(-1 0.035 1.14)
(-0.9500000000000001 0.035 1.14)
(-0.9 0.035 1.14)
(-0.85 0.035 1.14)
(-0.8 0.035 1.14)
(-0.75 0.035 1.14)
(-0.7000000000000001 0.035 1.14)
(-0.65 0.035 1.14)
(-0.6 0.035 1.14)
(-0.55 0.035 1.14)
(-0.5 0.035 1.14)
(-0.45 0.035 1.14)
(-0.3999999999999999 0.035 1.14)
(-0.35 0.035 1.14)
(-0.3000000000000001 0.035 1.14)
(-0.25 0.035 1.14)
(-0.2 0.035 1.14)
(-0.15 0.035 1.14)
(-0.1 0.035 1.14)
(-0.05000000000000007 0.035 1.14)
(0 0.035 1.14)
(0.05000000000000007 0.035 1.14)
(0.1000000000000001 0.035 1.14)
(0.1499999999999999 0.035 1.14)
(0.2 0.035 1.14)
(0.25 0.035 1.14)
(0.3000000000000001 0.035 1.14)
(0.35 0.035 1.14)
(0.3999999999999999 0.035 1.14)
(0.45 0.035 1.14)
(0.5 0.035 1.14)
(0.55 0.035 1.14)
(0.6 0.035 1.14)
(0.65 0.035 1.14)
(0.7000000000000001 0.035 1.14)
(0.75 0.035 1.14)
(0.8 0.035 1.14)
(0.85 0.035 1.14)
(0.9 0.035 1.14)
(0.9500000000000001 0.035 1.14)
(1 0.035 1.14)
(-1 0.04 1.14)
(-0.9500000000000001 0.04 1.14)
(-0.9 0.04 1.14)
(-0.85 0.04 1.14)
(-0.8 0.04 1.14)
(-0.75 0.04 1.14)
(-0.7000000000000001 0.04 1.14)
(-0.65 0.04 1.14)
(-0.6 0.04000000000000001 1.14)
(-0.55 0.04000000000000001 1.14)
(-0.4999999999999999 0.04 1.14)
(-0.45 0.04 1.14)
(-0.3999999999999999 0.03999999999999999 1.14)
(-0.35 0.04 1.14)
(-0.3 0.04 1.14)
(-0.25 0.04 1.14)
(-0.2 0.04 1.14)
(-0.1499999999999999 0.04000000000000001 1.14)
(-0.09999999999999996 0.04 1.14)
(-0.04999999999999998 0.04 1.14)
(0 0.04 1.14)
(0.04999999999999998 0.04 1.14)
(0.1000000000000001 0.04000000000000001 1.14)
(0.1499999999999999 0.04000000000000001 1.14)
(0.2 0.04 1.14)
(0.2500000000000001 0.04 1.14)
(0.3 0.04 1.14)
(0.35 0.04 1.14)
(0.4 0.04000000000000001 1.14)
(0.45 0.04 1.14)
(0.5 0.04 1.14)
(0.55 0.04000000000000001 1.14)
(0.6 0.04 1.14)
(0.65 0.04 1.14)
(0.7000000000000001 0.04 1.14)
(0.75 0.04 1.14)
(0.8 0.04000000000000001 1.14)
(0.85 0.04 1.14)
(0.9 0.04 1.14)
(0.9500000000000001 0.04 1.14)
(1 0.04 1.14)
(-1 0.045 1.14)
(-0.9500000000000001 0.045 1.14)
(-0.9 0.045 1.14)
(-0.85 0.045 1.14)
(-0.8 0.04500000000000001 1.14)
(-0.75 0.04500000000000001 1.14)
(-0.7000000000000001 0.04500000000000001 1.14)
(-0.65 0.045 1.14)
(-0.6 0.045 1.14)
(-0.55 0.04500000000000001 1.14)
(-0.5 0.04500000000000001 1.14)
(-0.45 0.045 1.14)
(-0.3999999999999999 0.045 1.14)
(-0.35 0.045 1.14)
(-0.3000000000000001 0.045 1.14)
(-0.25 0.045 1.14)
(-0.2 0.045 1.14)
(-0.1499999999999999 0.045 1.14)
(-0.1 0.04500000000000001 1.14)
(-0.05000000000000003 0.04500000000000001 1.14)
(0 0.045 1.14)
(0.05000000000000004 0.045 1.14)
(0.1000000000000001 0.045 1.14)
(0.1499999999999999 0.045 1.14)
(0.2 0.045 1.14)
(0.2500000000000001 0.045 1.14)
(0.3000000000000001 0.045 1.14)
(0.3500000000000001 0.04500000000000001 1.14)
(0.3999999999999999 0.04499999999999999 1.14)
(0.45 0.045 1.14)
(0.5 0.04500000000000001 1.14)
(0.55 0.045 1.14)
(0.6 0.04500000000000001 1.14)
(0.65 0.04499999999999999 1.14)
(0.7000000000000001 0.045 1.14)
(0.75 0.04500000000000001 1.14)
(0.8 0.04500000000000001 1.14)
(0.85 0.045 1.14)
(0.9 0.04500000000000001 1.14)
(0.9500000000000001 0.04500000000000001 1.14)
(1 0.045 1.14)
(-1 0.05 1.14)
(-0.9500000000000001 0.05 1.14)
(-0.9 0.05 1.14)
(-0.85 0.05 1.14)
(-0.8 0.05 1.14)
(-0.75 0.05 1.14)
(-0.7000000000000001 0.05 1.14)
(-0.65 0.05 1.14)
(-0.6 0.05 1.14)
(-0.55 0.05000000000000001 1.14)
(-0.5 0.05 1.14)
(-0.45 0.05 1.14)
(-0.3999999999999999 0.05 1.14)
(-0.35 0.05 1.14)
(-0.3 0.05 1.14)
(-0.25 0.05 1.14)
(-0.2 0.05 1.14)
(-0.1499999999999999 0.05 1.14)
(-0.1 0.05 1.14)
(-0.05 0.05000000000000001 1.14)
(0 0.05 1.14)
(0.05 0.05 1.14)
(0.1000000000000001 0.05 1.14)
(0.1499999999999999 0.05 1.14)
(0.2 0.05 1.14)
(0.25 0.05 1.14)
(0.3 0.05 1.14)
(0.35 0.05 1.14)
(0.4 0.05 1.14)
(0.45 0.05 1.14)
(0.5 0.05 1.14)
(0.55 0.05 1.14)
(0.6 0.05 1.14)
(0.65 0.05 1.14)
(0.7000000000000001 0.05 1.14)
(0.75 0.05 1.14)
(0.8 0.05000000000000001 1.14)
(0.85 0.05 1.14)
(0.9 0.05 1.14)
(0.9500000000000001 0.05 1.14)
(1 0.05 1.14)
(-1 0.055 1.14)
(-0.9500000000000001 0.055 1.14)
(-0.9 0.05500000000000001 1.14)
(-0.85 0.055 1.14)
(-0.8 0.055 1.14)
(-0.75 0.055 1.14)
(-0.7000000000000001 0.055 1.14)
(-0.65 0.055 1.14)
(-0.6 0.055 1.14)
(-0.55 0.055 1.14)
(-0.5 0.055 1.14)
(-0.45 0.055 1.14)
(-0.3999999999999999 0.055 1.14)
(-0.35 0.05500000000000001 1.14)
(-0.3 0.055 1.14)
(-0.25 0.055 1.14)
(-0.2 0.055 1.14)
(-0.15 0.055 1.14)
(-0.1 0.055 1.14)
(-0.04999999999999999 0.055 1.14)
(0 0.055 1.14)
(0.04999999999999999 0.055 1.14)
(0.1000000000000001 0.05500000000000001 1.14)
(0.1499999999999999 0.05500000000000001 1.14)
(0.2 0.055 1.14)
(0.2500000000000001 0.055 1.14)
(0.3 0.055 1.14)
(0.35 0.055 1.14)
(0.3999999999999999 0.055 1.14)
(0.45 0.055 1.14)
(0.5 0.055 1.14)
(0.55 0.055 1.14)
(0.6 0.055 1.14)
(0.65 0.05500000000000001 1.14)
(0.7000000000000001 0.055 1.14)
(0.75 0.055 1.14)
(0.8 0.055 1.14)
(0.85 0.05500000000000001 1.14)
(0.9 0.055 1.14)
(0.9500000000000001 0.05500000000000001 1.14)
(1 0.055 1.14)
(-1 0.06 1.14)
(-0.9500000000000001 0.06 1.14)
(-0.9 0.06 1.14)
(-0.85 0.06 1.14)
(-0.8 0.06000000000000001 1.14)
(-0.75 0.06 1.14)
(-0.7000000000000001 0.06 1.14)
(-0.65 0.06 1.14)
(-0.6 0.06 1.14)
(-0.55 0.06 1.14)
(-0.5 0.06 1.14)
(-0.45 0.06000000000000001 1.14)
(-0.3999999999999999 0.06 1.14)
(-0.35 0.06 1.14)
(-0.3 0.06 1.14)
(-0.25 0.06 1.14)
(-0.2 0.06 1.14)
(-0.1499999999999999 0.06 1.14)
(-0.09999999999999996 0.06000000000000001 1.14)
(-0.04999999999999998 0.06 1.14)
(0 0.06 1.14)
(0.04999999999999999 0.06 1.14)
(0.1000000000000001 0.05999999999999999 1.14)
(0.1499999999999999 0.06 1.14)
(0.2 0.06 1.14)
(0.25 0.06 1.14)
(0.3 0.06 1.14)
(0.35 0.06 1.14)
(0.4 0.06 1.14)
(0.45 0.06 1.14)
(0.4999999999999999 0.06 1.14)
(0.55 0.06 1.14)
(0.6 0.06 1.14)
(0.65 0.06 1.14)
(0.7000000000000001 0.06 1.14)
(0.75 0.06 1.14)
(0.8 0.06 1.14)
(0.85 0.06000000000000001 1.14)
(0.9 0.06000000000000001 1.14)
(0.9500000000000001 0.06 1.14)
(1 0.06 1.14)
(-1 0.065 1.14)
(-0.9500000000000001 0.065 1.14)
(-0.9 0.065 1.14)
(-0.85 0.065 1.14)
(-0.8 0.065 1.14)
(-0.75 0.065 1.14)
(-0.7000000000000001 0.065 1.14)
(-0.65 0.065 1.14)
(-0.6 0.065 1.14)
(-0.55 0.065 1.14)
(-0.5 0.065 1.14)
(-0.45 0.065 1.14)
(-0.3999999999999999 0.065 1.14)
(-0.35 0.065 1.14)
(-0.3000000000000001 0.06500000000000002 1.14)
(-0.25 0.065 1.14)
(-0.2 0.065 1.14)
(-0.15 0.065 1.14)
(-0.1 0.065 1.14)
(-0.05000000000000007 0.065 1.14)
(0 0.065 1.14)
(0.05000000000000007 0.065 1.14)
(0.1000000000000001 0.065 1.14)
(0.1499999999999999 0.065 1.14)
(0.2 0.065 1.14)
(0.25 0.065 1.14)
(0.3 0.065 1.14)
(0.35 0.065 1.14)
(0.3999999999999999 0.065 1.14)
(0.45 0.065 1.14)
(0.5 0.065 1.14)
(0.55 0.06499999999999999 1.14)
(0.6 0.065 1.14)
(0.65 0.065 1.14)
(0.7000000000000001 0.065 1.14)
(0.75 0.065 1.14)
(0.8 0.065 1.14)
(0.85 0.06500000000000002 1.14)
(0.9 0.06499999999999999 1.14)
(0.9500000000000001 0.06500000000000002 1.14)
(1 0.065 1.14)
(-1 0.07000000000000001 1.14)
(-0.9500000000000001 0.07000000000000001 1.14)
(-0.9 0.07000000000000001 1.14)
(-0.85 0.07000000000000001 1.14)
(-0.8 0.07000000000000001 1.14)
(-0.75 0.07000000000000001 1.14)
(-0.7000000000000001 0.07000000000000001 1.14)
(-0.65 0.07000000000000001 1.14)
(-0.6 0.07000000000000001 1.14)
(-0.55 0.07000000000000001 1.14)
(-0.4999999999999999 0.07000000000000001 1.14)
(-0.45 0.07000000000000001 1.14)
(-0.3999999999999999 0.07000000000000001 1.14)
(-0.35 0.07000000000000001 1.14)
(-0.3 0.07000000000000001 1.14)
(-0.2500000000000001 0.07000000000000001 1.14)
(-0.2 0.07000000000000001 1.14)
(-0.15 0.07000000000000001 1.14)
(-0.1 0.07000000000000001 1.14)
(-0.05000000000000004 0.07000000000000001 1.14)
(0 0.07000000000000001 1.14)
(0.05000000000000004 0.06999999999999999 1.14)
(0.1000000000000001 0.07000000000000001 1.14)
(0.1499999999999999 0.07000000000000001 1.14)
(0.2 0.07000000000000001 1.14)
(0.2500000000000001 0.07000000000000001 1.14)
(0.3 0.07000000000000001 1.14)
(0.35 0.07000000000000001 1.14)
(0.3999999999999999 0.07000000000000001 1.14)
(0.45 0.07000000000000001 1.14)
(0.4999999999999999 0.06999999999999999 1.14)
(0.55 0.07000000000000001 1.14)
(0.6 0.07000000000000001 1.14)
(0.65 0.07000000000000001 1.14)
(0.7000000000000001 0.07000000000000001 1.14)
(0.75 0.07000000000000001 1.14)
(0.8 0.07000000000000001 1.14)
(0.85 0.07000000000000001 1.14)
(0.9 0.07000000000000001 1.14)
(0.9500000000000001 0.07000000000000001 1.14)
(1 0.07000000000000001 1.14)
(-1 0.075 1.14)
(-0.9500000000000001 0.075 1.14)
(-0.9 0.075 1.14)
(-0.85 0.075 1.14)
(-0.8 0.075 1.14)
(-0.75 0.075 1.14)
(-0.7000000000000001 0.075 1.14)
(-0.65 0.075 1.14)
(-0.6 0.075 1.14)
(-0.55 0.075 1.14)
(-0.5 0.075 1.14)
(-0.45 0.075 1.14)
(-0.3999999999999999 0.075 1.14)
(-0.3500000000000001 0.075 1.14)
(-0.3 0.075 1.14)
(-0.25 0.075 1.14)
(-0.2 0.075 1.14)
(-0.15 0.075 1.14)
(-0.1 0.075 1.14)
(-0.05000000000000003 0.075 1.14)
(0 0.075 1.14)
(0.05000000000000003 0.075 1.14)
(0.1000000000000001 0.075 1.14)
(0.1499999999999999 0.075 1.14)
(0.2 0.075 1.14)
(0.25 0.075 1.14)
(0.3 0.075 1.14)
(0.3500000000000001 0.075 1.14)
(0.3999999999999999 0.075 1.14)
(0.45 0.075 1.14)
(0.5 0.075 1.14)
(0.55 0.075 1.14)
(0.6 0.075 1.14)
(0.65 0.075 1.14)
(0.7000000000000001 0.075 1.14)
(0.75 0.075 1.14)
(0.8 0.075 1.14)
(0.85 0.075 1.14)
(0.9 0.075 1.14)
(0.9500000000000001 0.075 1.14)
(1 0.075 1.14)
(-1 0.08 1.14)
(-0.9500000000000001 0.08 1.14)
(-0.9 0.08 1.14)
(-0.85 0.08000000000000002 1.14)
(-0.8 0.08 1.14)
(-0.75 0.08 1.14)
(-0.7000000000000001 0.08 1.14)
(-0.65 0.08 1.14)
(-0.6 0.08000000000000002 1.14)
(-0.55 0.08000000000000002 1.14)
(-0.5 0.08 1.14)
(-0.45 0.08 1.14)
(-0.4 0.08000000000000002 1.14)
(-0.35 0.08 1.14)
(-0.3000000000000001 0.08 1.14)
(-0.25 0.08 1.14)
(-0.1999999999999999 0.08 1.14)
(-0.1499999999999999 0.08 1.14)
(-0.09999999999999998 0.08 1.14)
(-0.05000000000000004 0.08 1.14)
(0 0.08 1.14)
(0.05000000000000004 0.08 1.14)
(0.1000000000000001 0.08 1.14)
(0.1499999999999999 0.08 1.14)
(0.2 0.08 1.14)
(0.25 0.08 1.14)
(0.3 0.08 1.14)
(0.35 0.08 1.14)
(0.3999999999999999 0.08 1.14)
(0.45 0.08 1.14)
(0.5 0.08 1.14)
(0.55 0.08 1.14)
(0.6 0.08 1.14)
(0.65 0.08 1.14)
(0.7000000000000001 0.08 1.14)
(0.75 0.08 1.14)
(0.8 0.08000000000000002 1.14)
(0.85 0.08 1.14)
(0.9 0.08 1.14)
(0.9500000000000001 0.07999999999999999 1.14)
(1 0.08 1.14)
(-1 0.08500000000000001 1.14)
(-0.9500000000000001 0.08500000000000001 1.14)
(-0.9 0.08500000000000001 1.14)
(-0.8499999999999999 0.08500000000000001 1.14)
(-0.8 0.08500000000000001 1.14)
(-0.75 0.08500000000000001 1.14)
(-0.7000000000000001 0.08500000000000001 1.14)
(-0.65 0.08500000000000001 1.14)
(-0.6 0.08500000000000001 1.14)
(-0.55 0.08500000000000001 1.14)
(-0.5 0.08500000000000001 1.14)
(-0.45 0.08500000000000001 1.14)
(-0.3999999999999999 0.08499999999999998 1.14)
(-0.35 0.08500000000000001 1.14)
(-0.3 0.08500000000000001 1.14)
(-0.25 0.08500000000000001 1.14)
(-0.2 0.08500000000000001 1.14)
(-0.1499999999999999 0.08500000000000001 1.14)
(-0.1 0.08500000000000001 1.14)
(-0.05 0.08500000000000001 1.14)
(0 0.08500000000000001 1.14)
(0.05 0.08500000000000001 1.14)
(0.1000000000000001 0.08500000000000001 1.14)
(0.1499999999999999 0.08500000000000001 1.14)
(0.2 0.08500000000000001 1.14)
(0.25 0.08500000000000001 1.14)
(0.3 0.08500000000000001 1.14)
(0.35 0.08500000000000001 1.14)
(0.4 0.08499999999999998 1.14)
(0.45 0.08500000000000001 1.14)
(0.5 0.08500000000000001 1.14)
(0.55 0.08500000000000001 1.14)
(0.6 0.08500000000000001 1.14)
(0.65 0.08500000000000001 1.14)
(0.7000000000000001 0.08500000000000001 1.14)
(0.75 0.08500000000000001 1.14)
(0.8 0.08500000000000002 1.14)
(0.85 0.08500000000000001 1.14)
(0.9 0.08500000000000001 1.14)
(0.9500000000000001 0.08500000000000001 1.14)
(1 0.08500000000000001 1.14)
(-1 0.09 1.14)
(-0.9500000000000001 0.09 1.14)
(-0.9 0.09000000000000002 1.14)
(-0.85 0.09 1.14)
(-0.8 0.09000000000000002 1.14)
(-0.75 0.09 1.14)
(-0.7000000000000001 0.09000000000000002 1.14)
(-0.65 0.09 1.14)
(-0.6 0.09000000000000002 1.14)
(-0.55 0.09000000000000002 1.14)
(-0.5 0.09 1.14)
(-0.45 0.09 1.14)
(-0.3999999999999999 0.09 1.14)
(-0.35 0.09000000000000002 1.14)
(-0.3000000000000001 0.09000000000000002 1.14)
(-0.2500000000000001 0.09000000000000002 1.14)
(-0.2 0.09 1.14)
(-0.1499999999999999 0.09 1.14)
(-0.1 0.09000000000000002 1.14)
(-0.05 0.09000000000000002 1.14)
(0 0.09 1.14)
(0.05 0.09 1.14)
(0.1000000000000001 0.09000000000000002 1.14)
(0.1499999999999999 0.09 1.14)
(0.2 0.09 1.14)
(0.2500000000000001 0.09000000000000002 1.14)
(0.3 0.09000000000000002 1.14)
(0.35 0.09000000000000002 1.14)
(0.3999999999999999 0.08999999999999998 1.14)
(0.45 0.09 1.14)
(0.5 0.09000000000000002 1.14)
(0.55 0.09 1.14)
(0.6 0.09000000000000002 1.14)
(0.65 0.09 1.14)
(0.7000000000000001 0.09 1.14)
(0.75 0.09000000000000002 1.14)
(0.8 0.09000000000000002 1.14)
(0.85 0.09 1.14)
(0.9 0.09000000000000002 1.14)
(0.9500000000000001 0.09000000000000002 1.14)
(1 0.09 1.14)
(-1 0.095 1.14)
(-0.9499999999999998 0.095 1.14)
(-0.9 0.095 1.14)
(-0.85 0.095 1.14)
(-0.8 0.095 1.14)
(-0.75 0.095 1.14)
(-0.7000000000000001 0.095 1.14)
(-0.65 0.095 1.14)
(-0.6 0.095 1.14)
(-0.55 0.095 1.14)
(-0.4999999999999998 0.095 1.14)
(-0.45 0.095 1.14)
(-0.3999999999999999 0.09499999999999999 1.14)
(-0.35 0.095 1.14)
(-0.3 0.09499999999999999 1.14)
(-0.2500000000000001 0.095 1.14)
(-0.2 0.095 1.14)
(-0.1499999999999999 0.09499999999999999 1.14)
(-0.1 0.095 1.14)
(-0.05 0.095 1.14)
(0 0.095 1.14)
(0.05 0.095 1.14)
(0.1000000000000001 0.095 1.14)
(0.1499999999999999 0.09499999999999999 1.14)
(0.2000000000000001 0.09500000000000001 1.14)
(0.25 0.095 1.14)
(0.3 0.09499999999999999 1.14)
(0.35 0.095 1.14)
(0.3999999999999998 0.09499999999999999 1.14)
(0.45 0.095 1.14)
(0.4999999999999998 0.095 1.14)
(0.55 0.095 1.14)
(0.6 0.095 1.14)
(0.65 0.095 1.14)
(0.7000000000000001 0.09500000000000001 1.14)
(0.75 0.09499999999999999 1.14)
(0.8 0.09499999999999999 1.14)
(0.85 0.09499999999999999 1.14)
(0.9 0.095 1.14)
(0.9499999999999998 0.095 1.14)
(1 0.095 1.14)
(-1 0.1 1.14)
(-0.9500000000000001 0.1 1.14)
(-0.9 0.1 1.14)
(-0.85 0.1 1.14)
(-0.8 0.1 1.14)
(-0.75 0.1 1.14)
(-0.7000000000000001 0.1 1.14)
(-0.65 0.1 1.14)
(-0.6 0.1 1.14)
(-0.55 0.1 1.14)
(-0.5 0.1 1.14)
(-0.45 0.1 1.14)
(-0.3999999999999999 0.1 1.14)
(-0.35 0.1 1.14)
(-0.3 0.1 1.14)
(-0.25 0.1 1.14)
(-0.2 0.1 1.14)
(-0.1499999999999999 0.1 1.14)
(-0.1 0.1 1.14)
(-0.05 0.1 1.14)
(0 0.1 1.14)
(0.05 0.1 1.14)
(0.1000000000000001 0.1 1.14)
(0.1499999999999999 0.1 1.14)
(0.2 0.1 1.14)
(0.25 0.1 1.14)
(0.3 0.1 1.14)
(0.35 0.1 1.14)
(0.4 0.1 1.14)
(0.45 0.1 1.14)
(0.5 0.1 1.14)
(0.55 0.1 1.14)
(0.6 0.1 1.14)
(0.65 0.1 1.14)
(0.7000000000000001 0.1 1.14)
(0.75 0.1 1.14)
(0.8 0.1 1.14)
(0.85 0.1 1.14)
(0.9 0.1 1.14)
(0.9500000000000001 0.1 1.14)
(1 0.1 1.14)
(-1 0 1.17)
(-0.9500000000000001 0 1.17)
(-0.9 0 1.17)
(-0.85 0 1.17)
(-0.8 0 1.17)
(-0.75 0 1.17)
(-0.7000000000000001 0 1.17)
(-0.65 0 1.17)
(-0.6 0 1.17)
(-0.55 0 1.17)
(-0.5 0 1.17)
(-0.45 0 1.17)
(-0.4 0 1.17)
(-0.35 0 1.17)
(-0.3 0 1.17)
(-0.25 0 1.17)
(-0.2 0 1.17)
(-0.1499999999999999 0 1.17)
(-0.1 0 1.17)
(-0.05000000000000003 0 1.17)
(0 0 1.17)
(0.05000000000000003 0 1.17)
(0.1000000000000001 0 1.17)
(0.1499999999999999 0 1.17)
(0.2 0 1.17)
(0.25 0 1.17)
(0.3 0 1.17)
(0.35 0 1.17)
(0.4 0 1.17)
(0.45 0 1.17)
(0.5 0 1.17)
(0.55 0 1.17)
(0.6 0 1.17)
(0.65 0 1.17)
(0.7000000000000001 0 1.17)
(0.75 0 1.17)
(0.8 0 1.17)
(0.85 0 1.17)
(0.9 0 1.17)
(0.9500000000000001 0 1.17)
(1 0 1.17)
(-1 0.005000000000000001 1.17)
(-0.9500000000000001 0.005000000000000001 1.17)
(-0.9 0.005 1.17)
(-0.85 0.005000000000000001 1.17)
(-0.8 0.005 1.17)
(-0.75 0.005000000000000001 1.17)
(-0.7000000000000001 0.005 1.17)
(-0.65 0.005 1.17)
(-0.6 0.005000000000000001 1.17)
(-0.55 0.005 1.17)
(-0.5 0.005 1.17)
(-0.45 0.005 1.17)
(-0.4 0.005000000000000001 1.17)
(-0.35 0.005 1.17)
(-0.3000000000000001 0.005000000000000001 1.17)
(-0.25 0.005 1.17)
(-0.2 0.005 1.17)
(-0.1499999999999999 0.005000000000000001 1.17)
(-0.09999999999999998 0.005000000000000001 1.17)
(-0.05000000000000004 0.005000000000000001 1.17)
(0 0.005 1.17)
(0.05000000000000004 0.005 1.17)
(0.1000000000000001 0.005000000000000001 1.17)
(0.1499999999999999 0.005000000000000001 1.17)
(0.2 0.005 1.17)
(0.25 0.005 1.17)
(0.3 0.005000000000000001 1.17)
(0.35 0.005 1.17)
(0.3999999999999999 0.005 1.17)
(0.45 0.005 1.17)
(0.5 0.005000000000000001 1.17)
(0.55 0.005000000000000001 1.17)
(0.6 0.005 1.17)
(0.65 0.005000000000000001 1.17)
(0.7000000000000001 0.005 1.17)
(0.75 0.005000000000000001 1.17)
(0.8 0.005 1.17)
(0.85 0.005000000000000001 1.17)
(0.9 0.005 1.17)
(0.9500000000000001 0.005000000000000001 1.17)
(1 0.005000000000000001 1.17)
(-1 0.01 1.17)
(-0.9500000000000001 0.01 1.17)
(-0.9 0.01 1.17)
(-0.85 0.01 1.17)
(-0.8 0.01 1.17)
(-0.75 0.01 1.17)
(-0.7000000000000001 0.01 1.17)
(-0.65 0.01 1.17)
(-0.6 0.01 1.17)
(-0.55 0.01 1.17)
(-0.5 0.01 1.17)
(-0.45 0.01 1.17)
(-0.4 0.01 1.17)
(-0.35 0.01 1.17)
(-0.3 0.01 1.17)
(-0.2500000000000001 0.01 1.17)
(-0.2 0.01 1.17)
(-0.15 0.01 1.17)
(-0.1 0.01 1.17)
(-0.05000000000000003 0.01 1.17)
(0 0.01 1.17)
(0.05000000000000003 0.01 1.17)
(0.1000000000000001 0.01 1.17)
(0.1499999999999999 0.01 1.17)
(0.2 0.009999999999999998 1.17)
(0.2500000000000001 0.01 1.17)
(0.3 0.01 1.17)
(0.3500000000000001 0.01 1.17)
(0.3999999999999999 0.01 1.17)
(0.45 0.009999999999999998 1.17)
(0.5 0.01 1.17)
(0.55 0.01 1.17)
(0.6 0.01 1.17)
(0.65 0.01 1.17)
(0.7000000000000001 0.009999999999999998 1.17)
(0.75 0.01 1.17)
(0.8 0.01 1.17)
(0.85 0.01 1.17)
(0.9 0.01 1.17)
(0.9500000000000001 0.009999999999999998 1.17)
(1 0.01 1.17)
(-1 0.015 1.17)
(-0.9500000000000001 0.015 1.17)
(-0.9 0.015 1.17)
(-0.85 0.015 1.17)
(-0.8 0.015 1.17)
(-0.75 0.015 1.17)
(-0.7000000000000001 0.015 1.17)
(-0.65 0.015 1.17)
(-0.6 0.015 1.17)
(-0.55 0.015 1.17)
(-0.5 0.015 1.17)
(-0.45 0.015 1.17)
(-0.4 0.015 1.17)
(-0.35 0.015 1.17)
(-0.3 0.015 1.17)
(-0.25 0.015 1.17)
(-0.2 0.015 1.17)
(-0.15 0.015 1.17)
(-0.1 0.015 1.17)
(-0.05 0.015 1.17)
(0 0.015 1.17)
(0.05 0.015 1.17)
(0.1000000000000001 0.015 1.17)
(0.1499999999999999 0.015 1.17)
(0.2 0.015 1.17)
(0.25 0.015 1.17)
(0.3 0.015 1.17)
(0.35 0.015 1.17)
(0.4 0.015 1.17)
(0.45 0.015 1.17)
(0.5 0.015 1.17)
(0.55 0.015 1.17)
(0.6 0.015 1.17)
(0.65 0.015 1.17)
(0.7000000000000001 0.015 1.17)
(0.75 0.015 1.17)
(0.8 0.015 1.17)
(0.85 0.015 1.17)
(0.9 0.015 1.17)
(0.9500000000000001 0.015 1.17)
(1 0.015 1.17)
(-1 0.02 1.17)
(-0.9500000000000001 0.02 1.17)
(-0.9 0.02 1.17)
(-0.85 0.02 1.17)
(-0.8 0.02 1.17)
(-0.75 0.02 1.17)
(-0.7000000000000001 0.02 1.17)
(-0.65 0.02 1.17)
(-0.6 0.02 1.17)
(-0.55 0.02 1.17)
(-0.5 0.02 1.17)
(-0.45 0.02 1.17)
(-0.4 0.02 1.17)
(-0.35 0.02 1.17)
(-0.3 0.02 1.17)
(-0.25 0.02 1.17)
(-0.2 0.02 1.17)
(-0.1499999999999999 0.02 1.17)
(-0.1000000000000001 0.02 1.17)
(-0.05000000000000003 0.02 1.17)
(0 0.02 1.17)
(0.05000000000000003 0.02 1.17)
(0.1000000000000001 0.02 1.17)
(0.1499999999999999 0.02 1.17)
(0.2 0.02 1.17)
(0.25 0.02 1.17)
(0.3 0.02 1.17)
(0.35 0.02 1.17)
(0.4 0.02 1.17)
(0.45 0.02 1.17)
(0.5 0.02 1.17)
(0.55 0.02 1.17)
(0.6000000000000002 0.02 1.17)
(0.65 0.02 1.17)
(0.7000000000000001 0.02 1.17)
(0.75 0.02 1.17)
(0.8 0.02 1.17)
(0.85 0.02 1.17)
(0.9 0.02 1.17)
(0.9500000000000001 0.02 1.17)
(1 0.02 1.17)
(-1 0.025 1.17)
(-0.9500000000000001 0.025 1.17)
(-0.9 0.025 1.17)
(-0.8500000000000002 0.025 1.17)
(-0.8 0.025 1.17)
(-0.75 0.025 1.17)
(-0.7000000000000001 0.025 1.17)
(-0.65 0.025 1.17)
(-0.6 0.025 1.17)
(-0.55 0.025 1.17)
(-0.5 0.025 1.17)
(-0.45 0.025 1.17)
(-0.4 0.025 1.17)
(-0.35 0.025 1.17)
(-0.3 0.025 1.17)
(-0.25 0.025 1.17)
(-0.2 0.025 1.17)
(-0.15 0.02499999999999999 1.17)
(-0.1 0.025 1.17)
(-0.05000000000000007 0.025 1.17)
(0 0.025 1.17)
(0.05000000000000007 0.025 1.17)
(0.1000000000000001 0.025 1.17)
(0.1499999999999999 0.025 1.17)
(0.2 0.025 1.17)
(0.25 0.025 1.17)
(0.3 0.025 1.17)
(0.35 0.025 1.17)
(0.3999999999999999 0.025 1.17)
(0.45 0.02499999999999999 1.17)
(0.5 0.025 1.17)
(0.55 0.025 1.17)
(0.6 0.025 1.17)
(0.65 0.025 1.17)
(0.7000000000000001 0.025 1.17)
(0.75 0.025 1.17)
(0.8 0.025 1.17)
(0.85 0.025 1.17)
(0.9 0.025 1.17)
(0.9500000000000001 0.025 1.17)
(1 0.025 1.17)
(-1 0.03 1.17)
(-0.9500000000000001 0.03 1.17)
(-0.9 0.03 1.17)
(-0.85 0.03 1.17)
(-0.8 0.03 1.17)
(-0.75 0.03 1.17)
(-0.7000000000000001 0.03 1.17)
(-0.65 0.03 1.17)
(-0.6 0.03 1.17)
(-0.55 0.03 1.17)
(-0.5 0.03 1.17)
(-0.45 0.03 1.17)
(-0.4 0.03 1.17)
(-0.35 0.03 1.17)
(-0.3 0.03 1.17)
(-0.25 0.03 1.17)
(-0.2 0.03 1.17)
(-0.15 0.03 1.17)
(-0.09999999999999996 0.03 1.17)
(-0.05000000000000005 0.03 1.17)
(0 0.03 1.17)
(0.05000000000000005 0.03 1.17)
(0.1000000000000001 0.03 1.17)
(0.1499999999999999 0.03 1.17)
(0.2 0.03 1.17)
(0.25 0.03 1.17)
(0.3 0.03 1.17)
(0.35 0.03000000000000001 1.17)
(0.4 0.03 1.17)
(0.45 0.03 1.17)
(0.5 0.03 1.17)
(0.55 0.03 1.17)
(0.6 0.03000000000000001 1.17)
(0.65 0.03 1.17)
(0.7000000000000001 0.03 1.17)
(0.75 0.03 1.17)
(0.8 0.03 1.17)
(0.85 0.03 1.17)
(0.9 0.03000000000000001 1.17)
(0.9500000000000001 0.03 1.17)
(1 0.03 1.17)
(-1 0.035 1.17)
(-0.9500000000000001 0.035 1.17)
(-0.9 0.035 1.17)
(-0.85 0.035 1.17)
(-0.8 0.035 1.17)
(-0.75 0.035 1.17)
(-0.7000000000000001 0.035 1.17)
(-0.65 0.035 1.17)
(-0.6 0.035 1.17)
(-0.55 0.035 1.17)
(-0.5 0.035 1.17)
(-0.45 0.035 1.17)
(-0.4 0.035 1.17)
(-0.35 0.035 1.17)
(-0.3 0.035 1.17)
(-0.25 0.035 1.17)
(-0.2 0.035 1.17)
(-0.15 0.035 1.17)
(-0.1 0.035 1.17)
(-0.05000000000000007 0.035 1.17)
(0 0.035 1.17)
(0.05000000000000007 0.035 1.17)
(0.1000000000000001 0.035 1.17)
(0.1499999999999999 0.035 1.17)
(0.2 0.035 1.17)
(0.25 0.035 1.17)
(0.3 0.035 1.17)
(0.35 0.035 1.17)
(0.3999999999999999 0.035 1.17)
(0.45 0.035 1.17)
(0.5 0.035 1.17)
(0.55 0.035 1.17)
(0.6 0.035 1.17)
(0.65 0.035 1.17)
(0.7000000000000001 0.035 1.17)
(0.75 0.035 1.17)
(0.8 0.035 1.17)
(0.85 0.035 1.17)
(0.9 0.035 1.17)
(0.9500000000000001 0.035 1.17)
(1 0.035 1.17)
(-1 0.04 1.17)
(-0.9500000000000001 0.04 1.17)
(-0.9 0.04 1.17)
(-0.85 0.04000000000000001 1.17)
(-0.8 0.04 1.17)
(-0.75 0.04 1.17)
(-0.7000000000000001 0.04 1.17)
(-0.65 0.04 1.17)
(-0.6 0.04000000000000001 1.17)
(-0.55 0.04 1.17)
(-0.5 0.04 1.17)
(-0.45 0.04 1.17)
(-0.4 0.04 1.17)
(-0.35 0.04 1.17)
(-0.3 0.04 1.17)
(-0.25 0.04 1.17)
(-0.2 0.04 1.17)
(-0.1499999999999999 0.04000000000000001 1.17)
(-0.09999999999999998 0.04 1.17)
(-0.05000000000000001 0.04 1.17)
(0 0.04 1.17)
(0.05 0.04 1.17)
(0.1000000000000001 0.04 1.17)
(0.1499999999999999 0.04000000000000001 1.17)
(0.2 0.04 1.17)
(0.25 0.04 1.17)
(0.3 0.04 1.17)
(0.35 0.04 1.17)
(0.4 0.04 1.17)
(0.45 0.04 1.17)
(0.5 0.04 1.17)
(0.55 0.04000000000000001 1.17)
(0.6 0.04 1.17)
(0.65 0.04 1.17)
(0.7000000000000001 0.03999999999999999 1.17)
(0.75 0.04000000000000001 1.17)
(0.8 0.04 1.17)
(0.85 0.04000000000000001 1.17)
(0.9 0.04 1.17)
(0.9500000000000001 0.04 1.17)
(1 0.04 1.17)
(-1 0.045 1.17)
(-0.9500000000000001 0.045 1.17)
(-0.9 0.045 1.17)
(-0.85 0.045 1.17)
(-0.8 0.045 1.17)
(-0.75 0.045 1.17)
(-0.7000000000000001 0.045 1.17)
(-0.65 0.04499999999999999 1.17)
(-0.6 0.045 1.17)
(-0.55 0.045 1.17)
(-0.5 0.045 1.17)
(-0.45 0.045 1.17)
(-0.4 0.045 1.17)
(-0.35 0.045 1.17)
(-0.3 0.04499999999999999 1.17)
(-0.25 0.045 1.17)
(-0.2 0.045 1.17)
(-0.1499999999999999 0.045 1.17)
(-0.1 0.045 1.17)
(-0.05000000000000003 0.045 1.17)
(0 0.045 1.17)
(0.05000000000000003 0.045 1.17)
(0.1000000000000001 0.04499999999999999 1.17)
(0.1499999999999999 0.04499999999999999 1.17)
(0.2 0.045 1.17)
(0.25 0.045 1.17)
(0.3 0.04499999999999999 1.17)
(0.35 0.04500000000000001 1.17)
(0.4 0.045 1.17)
(0.45 0.045 1.17)
(0.5 0.045 1.17)
(0.55 0.04499999999999999 1.17)
(0.6 0.045 1.17)
(0.65 0.04499999999999999 1.17)
(0.7000000000000001 0.04499999999999999 1.17)
(0.75 0.04499999999999999 1.17)
(0.8 0.045 1.17)
(0.85 0.045 1.17)
(0.9 0.045 1.17)
(0.9500000000000001 0.04499999999999999 1.17)
(1 0.045 1.17)
(-1 0.05 1.17)
(-0.9500000000000001 0.05 1.17)
(-0.9 0.05 1.17)
(-0.85 0.05 1.17)
(-0.8 0.05 1.17)
(-0.75 0.05 1.17)
(-0.7000000000000001 0.05 1.17)
(-0.65 0.05 1.17)
(-0.6 0.05 1.17)
(-0.55 0.05 1.17)
(-0.5 0.05 1.17)
(-0.45 0.05 1.17)
(-0.4 0.05 1.17)
(-0.35 0.05 1.17)
(-0.3 0.05 1.17)
(-0.25 0.05 1.17)
(-0.2 0.05 1.17)
(-0.1499999999999999 0.05 1.17)
(-0.1 0.05 1.17)
(-0.05000000000000003 0.05 1.17)
(0 0.05 1.17)
(0.05000000000000003 0.05 1.17)
(0.1000000000000001 0.05 1.17)
(0.1499999999999999 0.05 1.17)
(0.2 0.05 1.17)
(0.25 0.05 1.17)
(0.3 0.05 1.17)
(0.35 0.05 1.17)
(0.4 0.05 1.17)
(0.45 0.05 1.17)
(0.5 0.05 1.17)
(0.55 0.05 1.17)
(0.6 0.05 1.17)
(0.65 0.05 1.17)
(0.7000000000000001 0.05 1.17)
(0.75 0.05 1.17)
(0.8 0.05 1.17)
(0.85 0.05000000000000001 1.17)
(0.9 0.05 1.17)
(0.9500000000000001 0.05 1.17)
(1 0.05 1.17)
(-1 0.055 1.17)
(-0.9500000000000001 0.055 1.17)
(-0.9 0.055 1.17)
(-0.85 0.055 1.17)
(-0.8 0.055 1.17)
(-0.75 0.055 1.17)
(-0.7000000000000001 0.055 1.17)
(-0.65 0.055 1.17)
(-0.6 0.055 1.17)
(-0.55 0.055 1.17)
(-0.5 0.055 1.17)
(-0.45 0.055 1.17)
(-0.4 0.055 1.17)
(-0.35 0.05500000000000001 1.17)
(-0.3 0.05500000000000001 1.17)
(-0.25 0.055 1.17)
(-0.2 0.055 1.17)
(-0.15 0.055 1.17)
(-0.1 0.055 1.17)
(-0.05000000000000007 0.055 1.17)
(0 0.055 1.17)
(0.05000000000000004 0.05500000000000001 1.17)
(0.1000000000000001 0.055 1.17)
(0.1499999999999999 0.055 1.17)
(0.2 0.055 1.17)
(0.25 0.055 1.17)
(0.3 0.05500000000000001 1.17)
(0.35 0.055 1.17)
(0.4 0.055 1.17)
(0.45 0.055 1.17)
(0.5 0.055 1.17)
(0.55 0.055 1.17)
(0.6 0.055 1.17)
(0.65 0.055 1.17)
(0.7000000000000001 0.055 1.17)
(0.75 0.05500000000000001 1.17)
(0.8 0.055 1.17)
(0.85 0.055 1.17)
(0.9 0.05499999999999999 1.17)
(0.9500000000000001 0.05500000000000001 1.17)
(1 0.055 1.17)
(-1 0.06 1.17)
(-0.9500000000000001 0.06 1.17)
(-0.9 0.06 1.17)
(-0.85 0.06 1.17)
(-0.8 0.06 1.17)
(-0.75 0.06 1.17)
(-0.7000000000000001 0.06 1.17)
(-0.65 0.06 1.17)
(-0.6 0.06 1.17)
(-0.55 0.06 1.17)
(-0.5 0.06 1.17)
(-0.45 0.06 1.17)
(-0.4 0.06 1.17)
(-0.35 0.06 1.17)
(-0.3 0.06 1.17)
(-0.25 0.06 1.17)
(-0.2 0.06 1.17)
(-0.1499999999999999 0.06 1.17)
(-0.09999999999999998 0.06 1.17)
(-0.05000000000000001 0.06 1.17)
(0 0.06 1.17)
(0.05000000000000001 0.06 1.17)
(0.1000000000000001 0.06 1.17)
(0.1499999999999999 0.06 1.17)
(0.2 0.06 1.17)
(0.25 0.06 1.17)
(0.3 0.06 1.17)
(0.35 0.06 1.17)
(0.4 0.06 1.17)
(0.45 0.06 1.17)
(0.5 0.06 1.17)
(0.55 0.06 1.17)
(0.6 0.06 1.17)
(0.65 0.06 1.17)
(0.7000000000000001 0.06 1.17)
(0.75 0.06 1.17)
(0.8 0.06 1.17)
(0.85 0.06 1.17)
(0.9 0.06 1.17)
(0.9500000000000001 0.06 1.17)
(1 0.06 1.17)
(-1 0.065 1.17)
(-0.9500000000000001 0.065 1.17)
(-0.9 0.065 1.17)
(-0.85 0.065 1.17)
(-0.8 0.065 1.17)
(-0.75 0.065 1.17)
(-0.7000000000000001 0.065 1.17)
(-0.65 0.065 1.17)
(-0.6 0.065 1.17)
(-0.55 0.065 1.17)
(-0.5 0.065 1.17)
(-0.45 0.065 1.17)
(-0.4 0.06500000000000002 1.17)
(-0.35 0.065 1.17)
(-0.3 0.065 1.17)
(-0.25 0.065 1.17)
(-0.2 0.065 1.17)
(-0.15 0.065 1.17)
(-0.1 0.065 1.17)
(-0.05000000000000007 0.065 1.17)
(0 0.065 1.17)
(0.05000000000000008 0.065 1.17)
(0.1000000000000001 0.06500000000000002 1.17)
(0.1499999999999999 0.065 1.17)
(0.2 0.06500000000000002 1.17)
(0.25 0.06500000000000002 1.17)
(0.3 0.065 1.17)
(0.35 0.06500000000000002 1.17)
(0.4 0.065 1.17)
(0.45 0.065 1.17)
(0.5 0.065 1.17)
(0.55 0.065 1.17)
(0.6 0.06500000000000002 1.17)
(0.65 0.065 1.17)
(0.7000000000000001 0.06500000000000002 1.17)
(0.75 0.065 1.17)
(0.8 0.065 1.17)
(0.85 0.06500000000000002 1.17)
(0.9 0.06499999999999999 1.17)
(0.9500000000000001 0.06500000000000002 1.17)
(1 0.065 1.17)
(-1 0.07000000000000001 1.17)
(-0.9500000000000001 0.07000000000000001 1.17)
(-0.9 0.07000000000000001 1.17)
(-0.85 0.07000000000000001 1.17)
(-0.8 0.07000000000000001 1.17)
(-0.75 0.07000000000000001 1.17)
(-0.7000000000000001 0.07000000000000001 1.17)
(-0.65 0.06999999999999998 1.17)
(-0.6 0.07000000000000001 1.17)
(-0.55 0.06999999999999999 1.17)
(-0.5 0.07000000000000001 1.17)
(-0.45 0.06999999999999999 1.17)
(-0.4 0.07000000000000001 1.17)
(-0.35 0.07000000000000001 1.17)
(-0.3 0.07000000000000001 1.17)
(-0.25 0.07000000000000001 1.17)
(-0.2 0.07000000000000001 1.17)
(-0.1499999999999999 0.06999999999999999 1.17)
(-0.09999999999999996 0.07000000000000001 1.17)
(-0.05000000000000003 0.07000000000000001 1.17)
(0 0.07000000000000001 1.17)
(0.05000000000000003 0.07000000000000001 1.17)
(0.1000000000000001 0.07000000000000001 1.17)
(0.1499999999999999 0.07000000000000001 1.17)
(0.2 0.07000000000000001 1.17)
(0.25 0.06999999999999999 1.17)
(0.3 0.06999999999999999 1.17)
(0.3500000000000001 0.06999999999999999 1.17)
(0.4 0.07000000000000001 1.17)
(0.45 0.06999999999999999 1.17)
(0.5 0.07000000000000001 1.17)
(0.55 0.06999999999999999 1.17)
(0.6 0.06999999999999999 1.17)
(0.65 0.07000000000000001 1.17)
(0.7000000000000001 0.07000000000000001 1.17)
(0.75 0.07000000000000001 1.17)
(0.8 0.06999999999999999 1.17)
(0.85 0.06999999999999999 1.17)
(0.9 0.07000000000000001 1.17)
(0.9500000000000001 0.06999999999999999 1.17)
(1 0.07000000000000001 1.17)
(-1 0.075 1.17)
(-0.9500000000000001 0.075 1.17)
(-0.9 0.075 1.17)
(-0.8500000000000002 0.075 1.17)
(-0.8 0.075 1.17)
(-0.75 0.075 1.17)
(-0.7000000000000001 0.075 1.17)
(-0.65 0.075 1.17)
(-0.6 0.075 1.17)
(-0.55 0.075 1.17)
(-0.5 0.075 1.17)
(-0.45 0.075 1.17)
(-0.4 0.075 1.17)
(-0.35 0.07500000000000001 1.17)
(-0.3 0.075 1.17)
(-0.25 0.075 1.17)
(-0.2 0.075 1.17)
(-0.15 0.07500000000000001 1.17)
(-0.1 0.075 1.17)
(-0.05000000000000007 0.075 1.17)
(0 0.075 1.17)
(0.05000000000000007 0.075 1.17)
(0.1000000000000001 0.075 1.17)
(0.1499999999999999 0.075 1.17)
(0.2 0.075 1.17)
(0.25 0.075 1.17)
(0.3 0.075 1.17)
(0.35 0.07500000000000001 1.17)
(0.4 0.075 1.17)
(0.45 0.075 1.17)
(0.5 0.075 1.17)
(0.55 0.075 1.17)
(0.6 0.075 1.17)
(0.65 0.075 1.17)
(0.7000000000000001 0.075 1.17)
(0.75 0.075 1.17)
(0.8 0.075 1.17)
(0.85 0.075 1.17)
(0.9 0.075 1.17)
(0.9500000000000001 0.075 1.17)
(1 0.075 1.17)
(-1 0.08 1.17)
(-0.9500000000000001 0.08000000000000002 1.17)
(-0.9 0.08 1.17)
(-0.85 0.08000000000000002 1.17)
(-0.8 0.08 1.17)
(-0.75 0.08 1.17)
(-0.7000000000000001 0.08 1.17)
(-0.65 0.08000000000000002 1.17)
(-0.6 0.08000000000000002 1.17)
(-0.55 0.08 1.17)
(-0.5 0.08 1.17)
(-0.45 0.08 1.17)
(-0.4 0.08000000000000002 1.17)
(-0.35 0.08 1.17)
(-0.3 0.08 1.17)
(-0.25 0.08 1.17)
(-0.2 0.08 1.17)
(-0.1499999999999999 0.08 1.17)
(-0.1 0.08 1.17)
(-0.05000000000000003 0.08 1.17)
(0 0.08 1.17)
(0.05000000000000003 0.08 1.17)
(0.1000000000000001 0.08 1.17)
(0.1499999999999999 0.08000000000000002 1.17)
(0.2 0.08 1.17)
(0.25 0.08 1.17)
(0.3 0.08 1.17)
(0.35 0.08 1.17)
(0.4 0.08 1.17)
(0.45 0.07999999999999999 1.17)
(0.5 0.08 1.17)
(0.55 0.08000000000000002 1.17)
(0.6 0.08 1.17)
(0.65 0.08000000000000002 1.17)
(0.7000000000000001 0.07999999999999999 1.17)
(0.75 0.08000000000000002 1.17)
(0.8 0.08000000000000002 1.17)
(0.85 0.08000000000000002 1.17)
(0.9 0.08 1.17)
(0.9500000000000001 0.08 1.17)
(1 0.08 1.17)
(-1 0.08500000000000001 1.17)
(-0.9500000000000001 0.08500000000000001 1.17)
(-0.9 0.08500000000000001 1.17)
(-0.85 0.08500000000000001 1.17)
(-0.8 0.08500000000000001 1.17)
(-0.75 0.08499999999999998 1.17)
(-0.7000000000000001 0.08500000000000001 1.17)
(-0.65 0.08500000000000001 1.17)
(-0.6 0.08500000000000001 1.17)
(-0.55 0.08500000000000001 1.17)
(-0.5 0.08500000000000001 1.17)
(-0.45 0.08500000000000001 1.17)
(-0.4 0.08500000000000001 1.17)
(-0.35 0.08500000000000001 1.17)
(-0.3 0.08500000000000001 1.17)
(-0.25 0.08500000000000001 1.17)
(-0.2 0.08500000000000001 1.17)
(-0.15 0.08500000000000001 1.17)
(-0.1 0.08500000000000001 1.17)
(-0.05000000000000003 0.08500000000000001 1.17)
(0 0.08500000000000001 1.17)
(0.05 0.08500000000000001 1.17)
(0.1000000000000001 0.08500000000000001 1.17)
(0.1499999999999999 0.08500000000000001 1.17)
(0.2 0.08500000000000001 1.17)
(0.25 0.08500000000000001 1.17)
(0.3 0.08500000000000001 1.17)
(0.35 0.08500000000000001 1.17)
(0.4 0.08500000000000001 1.17)
(0.45 0.08500000000000001 1.17)
(0.5 0.08500000000000001 1.17)
(0.55 0.08500000000000001 1.17)
(0.6 0.08500000000000001 1.17)
(0.65 0.08500000000000001 1.17)
(0.7000000000000001 0.08500000000000001 1.17)
(0.75 0.08499999999999998 1.17)
(0.8 0.08500000000000001 1.17)
(0.85 0.08499999999999998 1.17)
(0.9 0.08500000000000001 1.17)
(0.9500000000000001 0.08500000000000001 1.17)
(1 0.08500000000000001 1.17)
(-1 0.09 1.17)
(-0.9500000000000001 0.09 1.17)
(-0.9 0.09 1.17)
(-0.85 0.09 1.17)
(-0.8 0.09 1.17)
(-0.75 0.09 1.17)
(-0.7000000000000001 0.09 1.17)
(-0.65 0.09 1.17)
(-0.6 0.09 1.17)
(-0.55 0.09 1.17)
(-0.5 0.09 1.17)
(-0.45 0.09 1.17)
(-0.3999999999999999 0.09 1.17)
(-0.35 0.09 1.17)
(-0.3000000000000001 0.09 1.17)
(-0.25 0.09 1.17)
(-0.2 0.09 1.17)
(-0.15 0.09 1.17)
(-0.1 0.09 1.17)
(-0.05000000000000003 0.09 1.17)
(0 0.09 1.17)
(0.05000000000000003 0.09 1.17)
(0.1000000000000001 0.08999999999999998 1.17)
(0.1499999999999999 0.08999999999999998 1.17)
(0.2 0.09 1.17)
(0.25 0.09 1.17)
(0.3 0.09 1.17)
(0.35 0.09000000000000002 1.17)
(0.3999999999999999 0.09 1.17)
(0.45 0.09 1.17)
(0.5 0.09 1.17)
(0.55 0.08999999999999998 1.17)
(0.6 0.09000000000000002 1.17)
(0.65 0.08999999999999998 1.17)
(0.7000000000000001 0.09 1.17)
(0.75 0.09 1.17)
(0.8 0.09000000000000002 1.17)
(0.85 0.09 1.17)
(0.9 0.09 1.17)
(0.9500000000000001 0.09 1.17)
(1 0.09 1.17)
(-1 0.095 1.17)
(-0.9500000000000001 0.095 1.17)
(-0.9 0.095 1.17)
(-0.85 0.095 1.17)
(-0.8 0.095 1.17)
(-0.75 0.095 1.17)
(-0.7000000000000001 0.095 1.17)
(-0.65 0.095 1.17)
(-0.6 0.095 1.17)
(-0.55 0.095 1.17)
(-0.5 0.09499999999999999 1.17)
(-0.45 0.095 1.17)
(-0.3999999999999999 0.095 1.17)
(-0.35 0.095 1.17)
(-0.3 0.095 1.17)
(-0.25 0.095 1.17)
(-0.2 0.095 1.17)
(-0.1499999999999999 0.095 1.17)
(-0.1 0.095 1.17)
(-0.05000000000000003 0.095 1.17)
(0 0.095 1.17)
(0.05000000000000003 0.095 1.17)
(0.1000000000000001 0.095 1.17)
(0.1499999999999999 0.095 1.17)
(0.2 0.095 1.17)
(0.25 0.095 1.17)
(0.3 0.095 1.17)
(0.35 0.095 1.17)
(0.4 0.095 1.17)
(0.45 0.095 1.17)
(0.5 0.095 1.17)
(0.55 0.095 1.17)
(0.6 0.095 1.17)
(0.65 0.09499999999999999 1.17)
(0.7000000000000001 0.095 1.17)
(0.75 0.095 1.17)
(0.8 0.095 1.17)
(0.85 0.095 1.17)
(0.9 0.09500000000000001 1.17)
(0.9500000000000001 0.095 1.17)
(1 0.095 1.17)
(-1 0.1 1.17)
(-0.9500000000000001 0.1 1.17)
(-0.9 0.1 1.17)
(-0.85 0.1 1.17)
(-0.8 0.1 1.17)
(-0.75 0.1 1.17)
(-0.7000000000000001 0.1 1.17)
(-0.65 0.1 1.17)
(-0.6 0.1 1.17)
(-0.55 0.1 1.17)
(-0.5 0.1 1.17)
(-0.45 0.1 1.17)
(-0.4 0.1 1.17)
(-0.35 0.1 1.17)
(-0.3 0.1 1.17)
(-0.25 0.1 1.17)
(-0.2 0.1 1.17)
(-0.1499999999999999 0.1 1.17)
(-0.1000000000000001 0.1 1.17)
(-0.05000000000000003 0.1 1.17)
(0 0.1 1.17)
(0.05000000000000003 0.1 1.17)
(0.1000000000000001 0.1 1.17)
(0.1499999999999999 0.1 1.17)
(0.2 0.1 1.17)
(0.25 0.1 1.17)
(0.3 0.1 1.17)
(0.35 0.1 1.17)
(0.4 0.1 1.17)
(0.45 0.1 1.17)
(0.5 0.1 1.17)
(0.55 0.1 1.17)
(0.6 0.1 1.17)
(0.65 0.1 1.17)
(0.7000000000000001 0.1 1.17)
(0.75 0.1 1.17)
(0.8 0.1 1.17)
(0.85 0.1 1.17)
(0.9 0.1 1.17)
(0.9500000000000001 0.1 1.17)
(1 0.1 1.17)
(-1 0 1.2)
(-0.9500000000000001 0 1.2)
(-0.9 0 1.2)
(-0.85 0 1.2)
(-0.8 0 1.2)
(-0.75 0 1.2)
(-0.7000000000000001 0 1.2)
(-0.65 0 1.2)
(-0.6 0 1.2)
(-0.55 0 1.2)
(-0.5 0 1.2)
(-0.45 0 1.2)
(-0.4 0 1.2)
(-0.35 0 1.2)
(-0.3 0 1.2)
(-0.25 0 1.2)
(-0.2 0 1.2)
(-0.1499999999999999 0 1.2)
(-0.1000000000000001 0 1.2)
(-0.05 0 1.2)
(0 0 1.2)
(0.05 0 1.2)
(0.1000000000000002 0 1.2)
(0.1499999999999999 0 1.2)
(0.2 0 1.2)
(0.25 0 1.2)
(0.3 0 1.2)
(0.35 0 1.2)
(0.4 0 1.2)
(0.45 0 1.2)
(0.5 0 1.2)
(0.55 0 1.2)
(0.6 0 1.2)
(0.65 0 1.2)
(0.7000000000000001 0 1.2)
(0.75 0 1.2)
(0.8 0 1.2)
(0.85 0 1.2)
(0.9 0 1.2)
(0.9500000000000001 0 1.2)
(1 0 1.2)
(-1 0.005 1.2)
(-0.9500000000000001 0.005 1.2)
(-0.9 0.005 1.2)
(-0.85 0.005000000000000001 1.2)
(-0.8 0.005 1.2)
(-0.75 0.005 1.2)
(-0.7000000000000001 0.005 1.2)
(-0.65 0.005 1.2)
(-0.6 0.005000000000000001 1.2)
(-0.55 0.005000000000000001 1.2)
(-0.5 0.005 1.2)
(-0.45 0.005 1.2)
(-0.4 0.005 1.2)
(-0.35 0.005 1.2)
(-0.3 0.005 1.2)
(-0.25 0.005 1.2)
(-0.2 0.005 1.2)
(-0.1499999999999999 0.005 1.2)
(-0.09999999999999998 0.005000000000000001 1.2)
(-0.05 0.005 1.2)
(0 0.005 1.2)
(0.05 0.005 1.2)
(0.1000000000000001 0.005000000000000001 1.2)
(0.1499999999999999 0.005000000000000001 1.2)
(0.2 0.005 1.2)
(0.2500000000000001 0.005 1.2)
(0.3 0.005000000000000001 1.2)
(0.3500000000000001 0.005000000000000001 1.2)
(0.3999999999999999 0.005 1.2)
(0.45 0.005 1.2)
(0.5 0.005 1.2)
(0.55 0.005000000000000001 1.2)
(0.6 0.005 1.2)
(0.65 0.005 1.2)
(0.7000000000000001 0.005 1.2)
(0.75 0.005 1.2)
(0.8 0.005000000000000001 1.2)
(0.85 0.005 1.2)
(0.9 0.005 1.2)
(0.9500000000000001 0.005 1.2)
(1 0.005 1.2)
(-1 0.01 1.2)
(-0.9500000000000001 0.01 1.2)
(-0.9 0.01 1.2)
(-0.85 0.01 1.2)
(-0.8 0.01 1.2)
(-0.75 0.01 1.2)
(-0.7000000000000001 0.01 1.2)
(-0.65 0.01 1.2)
(-0.6 0.01 1.2)
(-0.55 0.01 1.2)
(-0.5 0.01 1.2)
(-0.45 0.01 1.2)
(-0.4 0.01 1.2)
(-0.35 0.01 1.2)
(-0.3000000000000001 0.009999999999999998 1.2)
(-0.25 0.01 1.2)
(-0.2 0.01 1.2)
(-0.15 0.01 1.2)
(-0.1 0.009999999999999998 1.2)
(-0.05 0.01 1.2)
(0 0.01 1.2)
(0.05 0.01 1.2)
(0.1000000000000001 0.01 1.2)
(0.1499999999999999 0.01 1.2)
(0.2 0.009999999999999998 1.2)
(0.25 0.01 1.2)
(0.3000000000000001 0.01 1.2)
(0.35 0.01 1.2)
(0.3999999999999999 0.01 1.2)
(0.45 0.01 1.2)
(0.5 0.01 1.2)
(0.55 0.01 1.2)
(0.6 0.01 1.2)
(0.65 0.01 1.2)
(0.7000000000000001 0.01 1.2)
(0.75 0.01 1.2)
(0.8 0.01 1.2)
(0.85 0.01 1.2)
(0.9 0.01 1.2)
(0.9500000000000001 0.01 1.2)
(1 0.01 1.2)
(-1 0.015 1.2)
(-0.9500000000000001 0.015 1.2)
(-0.9 0.015 1.2)
(-0.85 0.015 1.2)
(-0.8 0.015 1.2)
(-0.75 0.015 1.2)
(-0.7000000000000001 0.015 1.2)
(-0.65 0.015 1.2)
(-0.6 0.015 1.2)
(-0.55 0.015 1.2)
(-0.5 0.015 1.2)
(-0.45 0.015 1.2)
(-0.4 0.015 1.2)
(-0.35 0.015 1.2)
(-0.3 0.015 1.2)
(-0.25 0.015 1.2)
(-0.2 0.015 1.2)
(-0.15 0.015 1.2)
(-0.1 0.015 1.2)
(-0.05 0.015 1.2)
(0 0.015 1.2)
(0.05 0.015 1.2)
(0.1000000000000001 0.015 1.2)
(0.1499999999999999 0.015 1.2)
(0.2 0.015 1.2)
(0.25 0.015 1.2)
(0.3 0.015 1.2)
(0.35 0.015 1.2)
(0.4 0.015 1.2)
(0.45 0.015 1.2)
(0.5 0.015 1.2)
(0.55 0.015 1.2)
(0.6 0.015 1.2)
(0.65 0.015 1.2)
(0.7000000000000001 0.015 1.2)
(0.75 0.015 1.2)
(0.8 0.015 1.2)
(0.85 0.015 1.2)
(0.9 0.015 1.2)
(0.9500000000000001 0.015 1.2)
(1 0.015 1.2)
(-1 0.02 1.2)
(-0.9500000000000001 0.02 1.2)
(-0.9 0.02 1.2)
(-0.85 0.02 1.2)
(-0.8 0.02 1.2)
(-0.75 0.02 1.2)
(-0.7000000000000001 0.02 1.2)
(-0.65 0.02 1.2)
(-0.6 0.02 1.2)
(-0.55 0.02 1.2)
(-0.5000000000000001 0.02 1.2)
(-0.45 0.02 1.2)
(-0.4 0.02 1.2)
(-0.35 0.02 1.2)
(-0.3 0.02 1.2)
(-0.25 0.02 1.2)
(-0.2 0.02 1.2)
(-0.1499999999999999 0.02 1.2)
(-0.09999999999999998 0.02 1.2)
(-0.05000000000000003 0.02 1.2)
(0 0.02 1.2)
(0.05000000000000003 0.02 1.2)
(0.1000000000000001 0.02 1.2)
(0.1499999999999999 0.02 1.2)
(0.2 0.02 1.2)
(0.25 0.02 1.2)
(0.3 0.02 1.2)
(0.35 0.02 1.2)
(0.4 0.02 1.2)
(0.45 0.02 1.2)
(0.5000000000000001 0.02 1.2)
(0.55 0.02 1.2)
(0.6 0.02 1.2)
(0.65 0.02 1.2)
(0.7000000000000001 0.02 1.2)
(0.75 0.02 1.2)
(0.8 0.02 1.2)
(0.85 0.02 1.2)
(0.9 0.02 1.2)
(0.9500000000000001 0.02 1.2)
(1 0.02 1.2)
(-1 0.025 1.2)
(-0.9500000000000001 0.025 1.2)
(-0.9 0.025 1.2)
(-0.85 0.025 1.2)
(-0.8 0.025 1.2)
(-0.75 0.025 1.2)
(-0.7000000000000001 0.025 1.2)
(-0.65 0.025 1.2)
(-0.6 0.025 1.2)
(-0.55 0.025 1.2)
(-0.5 0.025 1.2)
(-0.45 0.025 1.2)
(-0.4 0.025 1.2)
(-0.35 0.025 1.2)
(-0.3 0.025 1.2)
(-0.25 0.025 1.2)
(-0.2 0.025 1.2)
(-0.15 0.025 1.2)
(-0.1 0.025 1.2)
(-0.05000000000000004 0.025 1.2)
(0 0.025 1.2)
(0.05000000000000004 0.025 1.2)
(0.1000000000000001 0.025 1.2)
(0.1499999999999999 0.025 1.2)
(0.2 0.025 1.2)
(0.25 0.025 1.2)
(0.3 0.025 1.2)
(0.35 0.025 1.2)
(0.4 0.025 1.2)
(0.45 0.025 1.2)
(0.5 0.025 1.2)
(0.55 0.025 1.2)
(0.6 0.025 1.2)
(0.65 0.025 1.2)
(0.7000000000000001 0.025 1.2)
(0.75 0.025 1.2)
(0.8 0.025 1.2)
(0.85 0.025 1.2)
(0.9 0.025 1.2)
(0.9500000000000001 0.025 1.2)
(1 0.025 1.2)
(-1 0.03 1.2)
(-0.9500000000000001 0.03 1.2)
(-0.9 0.03 1.2)
(-0.85 0.03 1.2)
(-0.8 0.03 1.2)
(-0.75 0.03 1.2)
(-0.7000000000000001 0.03 1.2)
(-0.65 0.03 1.2)
(-0.6 0.03 1.2)
(-0.55 0.03 1.2)
(-0.5 0.03 1.2)
(-0.45 0.03 1.2)
(-0.4 0.03 1.2)
(-0.35 0.03000000000000001 1.2)
(-0.3 0.03 1.2)
(-0.25 0.03 1.2)
(-0.2 0.03 1.2)
(-0.15 0.03 1.2)
(-0.1 0.03000000000000001 1.2)
(-0.05000000000000003 0.03 1.2)
(0 0.03 1.2)
(0.05000000000000003 0.03 1.2)
(0.1000000000000001 0.03 1.2)
(0.1499999999999999 0.03 1.2)
(0.2 0.03 1.2)
(0.2500000000000001 0.03 1.2)
(0.3 0.03 1.2)
(0.35 0.03 1.2)
(0.4 0.03 1.2)
(0.45 0.03 1.2)
(0.5 0.03 1.2)
(0.55 0.03 1.2)
(0.6 0.03 1.2)
(0.65 0.03 1.2)
(0.7000000000000001 0.03 1.2)
(0.75 0.03 1.2)
(0.8 0.03 1.2)
(0.85 0.03 1.2)
(0.9 0.03000000000000001 1.2)
(0.9500000000000001 0.03 1.2)
(1 0.03 1.2)
(-1 0.035 1.2)
(-0.9500000000000001 0.035 1.2)
(-0.9 0.035 1.2)
(-0.85 0.035 1.2)
(-0.8 0.035 1.2)
(-0.75 0.035 1.2)
(-0.7000000000000001 0.035 1.2)
(-0.65 0.03499999999999999 1.2)
(-0.6 0.035 1.2)
(-0.55 0.035 1.2)
(-0.5 0.035 1.2)
(-0.45 0.035 1.2)
(-0.4 0.035 1.2)
(-0.35 0.035 1.2)
(-0.3 0.035 1.2)
(-0.25 0.035 1.2)
(-0.2 0.035 1.2)
(-0.15 0.035 1.2)
(-0.1 0.035 1.2)
(-0.05000000000000004 0.035 1.2)
(0 0.035 1.2)
(0.05000000000000004 0.035 1.2)
(0.1000000000000002 0.035 1.2)
(0.1499999999999999 0.035 1.2)
(0.2 0.035 1.2)
(0.25 0.035 1.2)
(0.3 0.035 1.2)
(0.35 0.035 1.2)
(0.4 0.035 1.2)
(0.45 0.035 1.2)
(0.5 0.035 1.2)
(0.55 0.035 1.2)
(0.6 0.035 1.2)
(0.65 0.035 1.2)
(0.7000000000000001 0.035 1.2)
(0.75 0.035 1.2)
(0.8 0.035 1.2)
(0.85 0.035 1.2)
(0.9 0.035 1.2)
(0.9500000000000001 0.035 1.2)
(1 0.035 1.2)
(-1 0.04 1.2)
(-0.9500000000000001 0.04 1.2)
(-0.9 0.04 1.2)
(-0.85 0.04 1.2)
(-0.8 0.04 1.2)
(-0.75 0.04 1.2)
(-0.7000000000000001 0.04 1.2)
(-0.65 0.04 1.2)
(-0.6 0.04000000000000001 1.2)
(-0.55 0.04000000000000001 1.2)
(-0.5 0.04 1.2)
(-0.45 0.04 1.2)
(-0.4 0.04 1.2)
(-0.35 0.04 1.2)
(-0.3 0.04 1.2)
(-0.25 0.04 1.2)
(-0.2 0.04 1.2)
(-0.1499999999999999 0.04 1.2)
(-0.09999999999999998 0.04 1.2)
(-0.05000000000000003 0.04 1.2)
(0 0.04 1.2)
(0.05000000000000003 0.04 1.2)
(0.1000000000000001 0.04 1.2)
(0.1499999999999999 0.04000000000000001 1.2)
(0.2 0.04 1.2)
(0.25 0.04 1.2)
(0.3 0.04 1.2)
(0.35 0.04 1.2)
(0.4 0.04000000000000001 1.2)
(0.45 0.04 1.2)
(0.5 0.04 1.2)
(0.55 0.04000000000000001 1.2)
(0.6 0.04 1.2)
(0.65 0.04 1.2)
(0.7000000000000001 0.04 1.2)
(0.75 0.04 1.2)
(0.8 0.04000000000000001 1.2)
(0.85 0.04 1.2)
(0.9 0.04 1.2)
(0.9500000000000001 0.04 1.2)
(1 0.04 1.2)
(-1 0.045 1.2)
(-0.9500000000000001 0.045 1.2)
(-0.9 0.045 1.2)
(-0.85 0.045 1.2)
(-0.8 0.045 1.2)
(-0.75 0.045 1.2)
(-0.7000000000000001 0.045 1.2)
(-0.65 0.045 1.2)
(-0.6 0.04500000000000001 1.2)
(-0.55 0.045 1.2)
(-0.5 0.045 1.2)
(-0.45 0.045 1.2)
(-0.4 0.045 1.2)
(-0.35 0.04500000000000001 1.2)
(-0.3000000000000001 0.04500000000000001 1.2)
(-0.25 0.045 1.2)
(-0.2 0.045 1.2)
(-0.1499999999999999 0.045 1.2)
(-0.1 0.04500000000000001 1.2)
(-0.05000000000000007 0.045 1.2)
(0 0.045 1.2)
(0.05000000000000007 0.045 1.2)
(0.1000000000000001 0.045 1.2)
(0.1499999999999999 0.045 1.2)
(0.2 0.04500000000000001 1.2)
(0.25 0.045 1.2)
(0.3000000000000001 0.04500000000000001 1.2)
(0.35 0.045 1.2)
(0.4 0.045 1.2)
(0.45 0.045 1.2)
(0.5 0.045 1.2)
(0.55 0.045 1.2)
(0.6 0.045 1.2)
(0.65 0.04499999999999999 1.2)
(0.7000000000000001 0.045 1.2)
(0.75 0.045 1.2)
(0.8 0.045 1.2)
(0.85 0.04500000000000001 1.2)
(0.9 0.04499999999999999 1.2)
(0.9500000000000001 0.045 1.2)
(1 0.045 1.2)
(-1 0.05 1.2)
(-0.9500000000000001 0.05 1.2)
(-0.9 0.05 1.2)
(-0.85 0.05 1.2)
(-0.8 0.05 1.2)
(-0.75 0.05 1.2)
(-0.7000000000000001 0.05 1.2)
(-0.65 0.05 1.2)
(-0.6 0.05 1.2)
(-0.55 0.05 1.2)
(-0.5 0.05 1.2)
(-0.45 0.05 1.2)
(-0.4 0.05 1.2)
(-0.35 0.05 1.2)
(-0.3 0.05 1.2)
(-0.25 0.05 1.2)
(-0.2 0.05 1.2)
(-0.1499999999999999 0.05 1.2)
(-0.1000000000000001 0.05 1.2)
(-0.05 0.05 1.2)
(0 0.05 1.2)
(0.05 0.05 1.2)
(0.1000000000000002 0.05 1.2)
(0.1499999999999999 0.05 1.2)
(0.2 0.05 1.2)
(0.25 0.05 1.2)
(0.3 0.05 1.2)
(0.35 0.05 1.2)
(0.4 0.05 1.2)
(0.45 0.05 1.2)
(0.5 0.05 1.2)
(0.55 0.05 1.2)
(0.6 0.05 1.2)
(0.65 0.05 1.2)
(0.7000000000000001 0.05 1.2)
(0.75 0.05 1.2)
(0.8 0.05 1.2)
(0.85 0.05 1.2)
(0.9 0.05 1.2)
(0.9500000000000001 0.05 1.2)
(1 0.05 1.2)
(-1 0.055 1.2)
(-0.9500000000000001 0.055 1.2)
(-0.9 0.055 1.2)
(-0.85 0.055 1.2)
(-0.8 0.055 1.2)
(-0.75 0.055 1.2)
(-0.7000000000000001 0.055 1.2)
(-0.65 0.055 1.2)
(-0.6 0.055 1.2)
(-0.55 0.055 1.2)
(-0.5 0.055 1.2)
(-0.45 0.055 1.2)
(-0.4 0.055 1.2)
(-0.35 0.055 1.2)
(-0.3 0.055 1.2)
(-0.25 0.055 1.2)
(-0.2 0.055 1.2)
(-0.1499999999999999 0.055 1.2)
(-0.1 0.055 1.2)
(-0.05000000000000004 0.055 1.2)
(0 0.055 1.2)
(0.05000000000000004 0.055 1.2)
(0.1000000000000001 0.055 1.2)
(0.1499999999999999 0.05500000000000001 1.2)
(0.2 0.055 1.2)
(0.25 0.055 1.2)
(0.3 0.055 1.2)
(0.35 0.055 1.2)
(0.4 0.055 1.2)
(0.45 0.055 1.2)
(0.5 0.055 1.2)
(0.55 0.055 1.2)
(0.6 0.055 1.2)
(0.65 0.055 1.2)
(0.7000000000000001 0.055 1.2)
(0.75 0.055 1.2)
(0.8 0.055 1.2)
(0.85 0.055 1.2)
(0.9 0.055 1.2)
(0.9500000000000001 0.055 1.2)
(1 0.055 1.2)
(-1 0.06 1.2)
(-0.9500000000000001 0.06 1.2)
(-0.9 0.06 1.2)
(-0.85 0.06 1.2)
(-0.8 0.06 1.2)
(-0.75 0.06 1.2)
(-0.7000000000000001 0.06 1.2)
(-0.65 0.06 1.2)
(-0.6 0.06 1.2)
(-0.55 0.06 1.2)
(-0.5 0.06 1.2)
(-0.45 0.06 1.2)
(-0.4 0.06 1.2)
(-0.35 0.06000000000000001 1.2)
(-0.3 0.06 1.2)
(-0.25 0.06 1.2)
(-0.2 0.06 1.2)
(-0.1499999999999999 0.06 1.2)
(-0.09999999999999998 0.06000000000000001 1.2)
(-0.05000000000000003 0.06 1.2)
(0 0.06 1.2)
(0.05000000000000001 0.06 1.2)
(0.1000000000000002 0.06 1.2)
(0.1499999999999999 0.06 1.2)
(0.2 0.06 1.2)
(0.25 0.06 1.2)
(0.3 0.06 1.2)
(0.35 0.06 1.2)
(0.4 0.06 1.2)
(0.45 0.06 1.2)
(0.5 0.06 1.2)
(0.55 0.06 1.2)
(0.6 0.06 1.2)
(0.65 0.06 1.2)
(0.7000000000000001 0.06 1.2)
(0.75 0.06 1.2)
(0.8 0.06 1.2)
(0.85 0.06 1.2)
(0.9 0.06 1.2)
(0.9500000000000001 0.06 1.2)
(1 0.06 1.2)
(-1 0.065 1.2)
(-0.9500000000000001 0.065 1.2)
(-0.9 0.065 1.2)
(-0.85 0.065 1.2)
(-0.8 0.06500000000000002 1.2)
(-0.75 0.065 1.2)
(-0.7000000000000001 0.065 1.2)
(-0.65 0.065 1.2)
(-0.6 0.065 1.2)
(-0.55 0.065 1.2)
(-0.5 0.065 1.2)
(-0.45 0.065 1.2)
(-0.4 0.065 1.2)
(-0.35 0.065 1.2)
(-0.3 0.065 1.2)
(-0.25 0.065 1.2)
(-0.2 0.065 1.2)
(-0.15 0.065 1.2)
(-0.1 0.06500000000000002 1.2)
(-0.05000000000000004 0.065 1.2)
(0 0.065 1.2)
(0.05000000000000007 0.065 1.2)
(0.1000000000000001 0.065 1.2)
(0.1499999999999999 0.065 1.2)
(0.2 0.065 1.2)
(0.25 0.065 1.2)
(0.3 0.065 1.2)
(0.35 0.065 1.2)
(0.4 0.065 1.2)
(0.45 0.065 1.2)
(0.5 0.065 1.2)
(0.55 0.065 1.2)
(0.6 0.065 1.2)
(0.65 0.065 1.2)
(0.7000000000000001 0.065 1.2)
(0.75 0.065 1.2)
(0.8 0.065 1.2)
(0.85 0.065 1.2)
(0.9 0.065 1.2)
(0.9500000000000001 0.065 1.2)
(1 0.065 1.2)
(-1 0.07000000000000001 1.2)
(-0.9500000000000001 0.07000000000000001 1.2)
(-0.9 0.07000000000000001 1.2)
(-0.85 0.07000000000000001 1.2)
(-0.8 0.07000000000000001 1.2)
(-0.75 0.07000000000000001 1.2)
(-0.7000000000000001 0.07000000000000001 1.2)
(-0.65 0.07000000000000001 1.2)
(-0.6 0.07000000000000001 1.2)
(-0.55 0.07000000000000001 1.2)
(-0.5 0.07000000000000001 1.2)
(-0.45 0.07000000000000001 1.2)
(-0.4 0.07000000000000001 1.2)
(-0.35 0.07000000000000001 1.2)
(-0.3 0.07000000000000001 1.2)
(-0.25 0.07000000000000001 1.2)
(-0.2 0.07000000000000001 1.2)
(-0.15 0.07000000000000001 1.2)
(-0.09999999999999998 0.07000000000000001 1.2)
(-0.05000000000000003 0.07000000000000001 1.2)
(0 0.07000000000000001 1.2)
(0.05000000000000003 0.07000000000000001 1.2)
(0.1000000000000002 0.07000000000000001 1.2)
(0.1499999999999999 0.07000000000000001 1.2)
(0.2 0.07000000000000001 1.2)
(0.25 0.07000000000000001 1.2)
(0.3 0.07000000000000001 1.2)
(0.35 0.07000000000000001 1.2)
(0.4 0.07000000000000001 1.2)
(0.45 0.07000000000000001 1.2)
(0.5 0.07000000000000001 1.2)
(0.55 0.07000000000000001 1.2)
(0.6 0.07000000000000001 1.2)
(0.65 0.07000000000000001 1.2)
(0.7000000000000001 0.07000000000000001 1.2)
(0.75 0.07000000000000001 1.2)
(0.8 0.07000000000000001 1.2)
(0.85 0.07000000000000001 1.2)
(0.9 0.07000000000000001 1.2)
(0.9500000000000001 0.07000000000000001 1.2)
(1 0.07000000000000001 1.2)
(-1 0.075 1.2)
(-0.9500000000000001 0.075 1.2)
(-0.9 0.075 1.2)
(-0.85 0.075 1.2)
(-0.8 0.075 1.2)
(-0.75 0.075 1.2)
(-0.7000000000000001 0.075 1.2)
(-0.65 0.075 1.2)
(-0.6 0.075 1.2)
(-0.55 0.075 1.2)
(-0.5 0.075 1.2)
(-0.45 0.075 1.2)
(-0.4 0.075 1.2)
(-0.35 0.075 1.2)
(-0.3 0.075 1.2)
(-0.25 0.075 1.2)
(-0.2 0.075 1.2)
(-0.15 0.075 1.2)
(-0.1 0.075 1.2)
(-0.05000000000000004 0.075 1.2)
(0 0.075 1.2)
(0.05000000000000004 0.075 1.2)
(0.1000000000000001 0.075 1.2)
(0.1499999999999999 0.075 1.2)
(0.2 0.075 1.2)
(0.25 0.075 1.2)
(0.3 0.075 1.2)
(0.35 0.075 1.2)
(0.4 0.075 1.2)
(0.45 0.075 1.2)
(0.5 0.075 1.2)
(0.55 0.075 1.2)
(0.6 0.075 1.2)
(0.65 0.075 1.2)
(0.7000000000000001 0.075 1.2)
(0.75 0.075 1.2)
(0.8 0.075 1.2)
(0.85 0.075 1.2)
(0.9 0.075 1.2)
(0.9500000000000001 0.075 1.2)
(1 0.075 1.2)
(-1 0.08 1.2)
(-0.9500000000000001 0.08 1.2)
(-0.9 0.08 1.2)
(-0.85 0.08000000000000002 1.2)
(-0.8 0.08 1.2)
(-0.75 0.08 1.2)
(-0.7000000000000001 0.08 1.2)
(-0.65 0.08 1.2)
(-0.6 0.08000000000000002 1.2)
(-0.55 0.08 1.2)
(-0.5 0.08 1.2)
(-0.45 0.08 1.2)
(-0.4 0.08 1.2)
(-0.35 0.08 1.2)
(-0.3 0.08 1.2)
(-0.25 0.08 1.2)
(-0.2 0.08 1.2)
(-0.1499999999999999 0.08 1.2)
(-0.1 0.08 1.2)
(-0.05000000000000004 0.08 1.2)
(0 0.08 1.2)
(0.05000000000000003 0.08 1.2)
(0.1000000000000001 0.08 1.2)
(0.1499999999999999 0.08000000000000002 1.2)
(0.2 0.08 1.2)
(0.25 0.08 1.2)
(0.3 0.08 1.2)
(0.35 0.08 1.2)
(0.4 0.08 1.2)
(0.45 0.08 1.2)
(0.5 0.08 1.2)
(0.55 0.08000000000000002 1.2)
(0.6 0.08 1.2)
(0.65 0.08 1.2)
(0.7000000000000001 0.08 1.2)
(0.75 0.08 1.2)
(0.8 0.08000000000000002 1.2)
(0.85 0.08 1.2)
(0.9 0.08 1.2)
(0.9500000000000001 0.08 1.2)
(1 0.08 1.2)
(-1 0.08500000000000001 1.2)
(-0.9500000000000001 0.08500000000000001 1.2)
(-0.9 0.08500000000000001 1.2)
(-0.85 0.08500000000000001 1.2)
(-0.8 0.08500000000000001 1.2)
(-0.75 0.08500000000000001 1.2)
(-0.7000000000000001 0.08500000000000001 1.2)
(-0.65 0.08500000000000001 1.2)
(-0.6 0.08500000000000001 1.2)
(-0.55 0.08500000000000001 1.2)
(-0.5 0.08500000000000001 1.2)
(-0.45 0.08500000000000001 1.2)
(-0.4 0.08500000000000001 1.2)
(-0.35 0.08500000000000001 1.2)
(-0.3 0.08500000000000001 1.2)
(-0.25 0.08500000000000001 1.2)
(-0.2 0.08500000000000001 1.2)
(-0.15 0.08500000000000001 1.2)
(-0.1 0.08500000000000001 1.2)
(-0.05 0.08500000000000001 1.2)
(0 0.08500000000000001 1.2)
(0.05 0.08500000000000001 1.2)
(0.1000000000000001 0.08500000000000001 1.2)
(0.1499999999999999 0.08500000000000001 1.2)
(0.2 0.08500000000000001 1.2)
(0.25 0.08500000000000001 1.2)
(0.3 0.08500000000000001 1.2)
(0.35 0.08500000000000001 1.2)
(0.4 0.08500000000000001 1.2)
(0.45 0.08500000000000001 1.2)
(0.5 0.08500000000000001 1.2)
(0.55 0.08500000000000001 1.2)
(0.6 0.08500000000000001 1.2)
(0.65 0.08500000000000001 1.2)
(0.7000000000000001 0.08500000000000001 1.2)
(0.75 0.08500000000000001 1.2)
(0.8 0.08500000000000001 1.2)
(0.85 0.08500000000000001 1.2)
(0.9 0.08500000000000001 1.2)
(0.9500000000000001 0.08500000000000001 1.2)
(1 0.08500000000000001 1.2)
(-1 0.09 1.2)
(-0.9500000000000001 0.09 1.2)
(-0.9 0.09 1.2)
(-0.85 0.09 1.2)
(-0.8 0.09 1.2)
(-0.75 0.09 1.2)
(-0.7000000000000001 0.09 1.2)
(-0.65 0.09 1.2)
(-0.6 0.09000000000000002 1.2)
(-0.55 0.09 1.2)
(-0.5 0.09 1.2)
(-0.45 0.09 1.2)
(-0.4 0.09 1.2)
(-0.35 0.09000000000000002 1.2)
(-0.3 0.09000000000000002 1.2)
(-0.25 0.09 1.2)
(-0.2 0.09 1.2)
(-0.1499999999999999 0.09 1.2)
(-0.1000000000000001 0.09 1.2)
(-0.05 0.09 1.2)
(0 0.09 1.2)
(0.05 0.09 1.2)
(0.1000000000000001 0.09 1.2)
(0.1499999999999999 0.09 1.2)
(0.2 0.09000000000000002 1.2)
(0.25 0.09 1.2)
(0.3 0.09 1.2)
(0.35 0.09 1.2)
(0.4 0.09 1.2)
(0.45 0.09 1.2)
(0.5 0.09 1.2)
(0.55 0.09 1.2)
(0.6 0.09000000000000002 1.2)
(0.65 0.08999999999999998 1.2)
(0.7000000000000001 0.09 1.2)
(0.75 0.09 1.2)
(0.8 0.09 1.2)
(0.85 0.09000000000000002 1.2)
(0.9 0.08999999999999998 1.2)
(0.9500000000000001 0.09 1.2)
(1 0.09 1.2)
(-1 0.095 1.2)
(-0.9500000000000001 0.095 1.2)
(-0.9 0.095 1.2)
(-0.85 0.095 1.2)
(-0.8 0.095 1.2)
(-0.75 0.095 1.2)
(-0.7000000000000001 0.095 1.2)
(-0.65 0.095 1.2)
(-0.6 0.095 1.2)
(-0.55 0.095 1.2)
(-0.5 0.095 1.2)
(-0.45 0.095 1.2)
(-0.3999999999999999 0.095 1.2)
(-0.35 0.095 1.2)
(-0.3 0.095 1.2)
(-0.25 0.095 1.2)
(-0.2 0.095 1.2)
(-0.1499999999999999 0.095 1.2)
(-0.1 0.095 1.2)
(-0.05 0.095 1.2)
(0 0.095 1.2)
(0.05 0.095 1.2)
(0.1000000000000002 0.095 1.2)
(0.1499999999999999 0.095 1.2)
(0.2 0.095 1.2)
(0.25 0.095 1.2)
(0.3 0.09499999999999999 1.2)
(0.35 0.095 1.2)
(0.4 0.095 1.2)
(0.45 0.095 1.2)
(0.5 0.095 1.2)
(0.55 0.095 1.2)
(0.6 0.095 1.2)
(0.65 0.095 1.2)
(0.7000000000000001 0.09500000000000001 1.2)
(0.75 0.095 1.2)
(0.8 0.095 1.2)
(0.85 0.095 1.2)
(0.9 0.095 1.2)
(0.9500000000000001 0.095 1.2)
(1 0.095 1.2)
(-1 0.1 1.2)
(-0.9500000000000001 0.1 1.2)
(-0.9 0.1 1.2)
(-0.85 0.1 1.2)
(-0.8 0.1 1.2)
(-0.75 0.1 1.2)
(-0.7000000000000001 0.1 1.2)
(-0.65 0.1 1.2)
(-0.6 0.1 1.2)
(-0.55 0.1 1.2)
(-0.5 0.1 1.2)
(-0.45 0.1 1.2)
(-0.4 0.1 1.2)
(-0.35 0.1 1.2)
(-0.3 0.1 1.2)
(-0.25 0.1 1.2)
(-0.2 0.1 1.2)
(-0.1499999999999999 0.1 1.2)
(-0.1000000000000001 0.1 1.2)
(-0.05 0.1 1.2)
(0 0.1 1.2)
(0.05 0.1 1.2)
(0.1000000000000002 0.1 1.2)
(0.1499999999999999 0.1 1.2)
(0.2 0.1 1.2)
(0.25 0.1 1.2)
(0.3 0.1 1.2)
(0.35 0.1 1.2)
(0.4 0.1 1.2)
(0.45 0.1 1.2)
(0.5 0.1 1.2)
(0.55 0.1 1.2)
(0.6 0.1 1.2)
(0.65 0.1 1.2)
(0.7000000000000001 0.1 1.2)
(0.75 0.1 1.2)
(0.8 0.1 1.2)
(0.85 0.1 1.2)
(0.9 0.1 1.2)
(0.9500000000000001 0.1 1.2)
(1 0.1 1.2)
)


// ************************************************************************* //
