/*--------------------------------*- C++ -*----------------------------------*\
| =========                 |                                                 |
| \\      /  F ield         | OpenFOAM: The Open Source CFD Toolbox           |
|  \\    /   O peration     | Version:  v2012                                 |
|   \\  /    A nd           | Website:  www.openfoam.com                      |
|    \\/     M anipulation  |                                                 |
\*---------------------------------------------------------------------------*/
FoamFile
{
    version     2.0;
    format      ascii;
    class       volScalarField;
    location    "0";
    object      T;
}
// * * * * * * * * * * * * * * * * * * * * * * * * * * * * * * * * * * * * * //

dimensions      [0 0 0 1 0 0 0];


internalField   nonuniform List<scalar> 
8000
(
5.006378164390066
5.021634493170197
5.051890821950328
5.097147150730459
5.15740347951059
5.232659808290721
5.322916137070853
5.428172465850984
5.548428794631114
5.683685123411245
5.833941452191377
5.999197780971508
6.179454109751639
6.374710438531769
6.584966767311901
6.810223096092033
7.050479424872165
7.305735753652295
7.575992082432425
7.861248411212558
5.006384735518861
5.021654206556581
5.051923677594303
5.097193148632024
5.157462619669746
5.232732090707466
5.323001561745187
5.428271032782908
5.54854050382063
5.683809974858351
5.834079445896073
5.999348916933793
6.179618387971514
6.374887859009235
6.585157330046957
6.810426801084678
7.0506962721224
7.305965743160119
7.57623521419784
7.861504685235562
5.006391643556634
5.0216749306699
5.051958217783167
5.097241504896433
5.1575247920097
5.232808079122966
5.323091366236233
5.428374653349501
5.548657940462767
5.683941227576033
5.834224514689301
5.999507801802567
6.179791088915835
6.375074376029101
6.585357663142367
6.810640950255634
7.0509242373689
7.306207524482168
7.576490811595434
7.861774098708699
5.006398905777076
5.021696717331229
5.051994528885383
5.097292340439536
5.157590151993689
5.232887963547842
5.323185775101995
5.428483586656148
5.548781398210302
5.684079209764454
5.834377021318607
5.999674832872761
6.179972644426914
6.375270455981066
6.585568267535219
6.810866079089373
7.051163890643526
7.306461702197679
7.576759513751833
7.862057325305985
5.006406540339524
5.021719621018572
5.05203270169762
5.097345782376668
5.157658863055715
5.232971943734763
5.323285024413812
5.42859810509286
5.548911185771908
5.684224266450956
5.834537347130004
5.999850427809052
6.1801635084881
6.375476589167148
6.585789669846196
6.811102750525244
7.051415831204292
7.306728911883338
7.577041992562387
7.862355073241435
5.006414566334358
5.021743699003076
5.052072831671793
5.097401964340509
5.157731097009226
5.233060229677942
5.32338936234666
5.428718495015376
5.549047627684094
5.68437676035281
5.834705893021527
6.000035025690244
6.180364158358961
6.375693291027678
6.586022423696395
6.811351556365112
7.051680689033828
7.307009821702544
7.577338954371262
7.86266808703998
5.006423003830748
5.021769011492243
5.052115019153738
5.097461026815233
5.157807034476728
5.233153042138223
5.323499049799719
5.428845057461214
5.549191065122709
5.684537072784204
5.834883080445699
6.000229088107194
6.180575095768689
6.375921103430185
6.58626711109168
6.811613118753176
7.051959126414671
7.307305134076165
7.577651141737661
7.862997149399156
5.006431873926827
5.021795621780482
5.052159369634136
5.097523117487791
5.157886865341445
5.2332506131951
5.323614361048755
5.42897810890241
5.549341856756064
5.684705604609718
5.835069352463373
6.000433100317027
6.180796848170682
6.376160596024336
6.586524343877991
6.811888091731646
7.052251839585299
7.307615587438956
7.57797933529261
7.863343083146264
5.006441198802458
5.021823596407374
5.052205994012289
5.097588391617205
5.157970789222121
5.233353186827037
5.323735584431953
5.429117982036868
5.549500379641785
5.684882777246701
5.835265174851616
6.000647572456532
6.181029970061448
6.376412367666363
6.586794765271279
6.812177162876196
7.052559560481111
7.307941958086026
7.578324355690942
7.863706753295858
5.006451001774685
5.021853005324057
5.052255008873429
5.0976570124228
5.158059015972172
5.233461019521543
5.323863023070914
5.429265026620286
5.549667030169657
5.685069033719029
5.8354710372684
6.000873040817772
6.181275044367144
6.376677047916514
6.587079051465886
6.812481055015257
7.052883058564628
7.308285062114001
7.57868706566337
7.864089069212742
5.006461307356047
5.021883922068143
5.052306536780237
5.097729151492332
5.158151766204426
5.233574380916521
5.323996995628616
5.429419610340711
5.549842225052806
5.6852648397649
5.835687454476995
6.00111006918909
6.181532683901184
6.376955298613279
6.587377913325374
6.812800528037469
7.053223142749562
7.308645757461658
7.579068372173754
7.864490986885847
5.006472141315864
5.021916423947593
5.052360706579321
5.09780498921105
5.158249271842778
5.233693554474507
5.324137837106235
5.429582119737963
5.550026402369692
5.685470685001421
5.835914967633149
6.001359250264877
6.181803532896606
6.377247815528335
6.587692098160064
6.813136380791792
7.053580663423521
7.309024946055247
7.579469228686976
7.864913511318706
5.006483530744679
5.021950592234037
5.052417653723396
5.097884715212754
5.158351776702111
5.233818838191469
5.324285899680827
5.429752961170186
5.550220022659544
5.685687084148901
5.836154145638259
6.001621207127617
6.182088268616976
6.377555330106333
6.588022391595691
6.813489453085049
7.053956514574409
7.309423576063766
7.579890637553123
7.865357699042482
5.006495504121996
5.021986512365989
5.052477520609981
5.097968528853974
5.158459537097966
5.233950545341958
5.324441553585951
5.429932561829943
5.550423570073936
5.685914578317928
5.83640558656192
6.001896594805913
6.182387603049905
6.377878611293898
6.58836961953789
6.813860627781883
7.054351636025876
7.309842644269867
7.58033365251386
7.865824660757851
5.006508091387496
5.022024274162487
5.052540456937479
5.09805663971247
5.158572822487463
5.234089005262454
5.324605188037445
5.430121370812437
5.550637553587429
5.68615373636242
5.836669919137412
6.002186101912404
6.182702284687394
6.378218467462387
6.588734650237378
6.814250833012371
7.054767015787363
7.310283198562353
7.580799381337345
7.866315564112335
5.006521324015898
5.022063972047694
5.05260662007949
5.098149268111285
5.158691916143082
5.234234564174877
5.324777212206673
5.430319860238469
5.550862508270265
5.686405156302061
5.836947804333857
6.002490452365652
6.183033100397449
6.378575748429244
6.589118396461039
6.814661044492835
7.055203692524634
7.310746340556426
7.581288988588224
7.866831636620018
5.006535235095666
5.022105705286998
5.05267617547833
5.098246645669663
5.158817115860995
5.234387586052327
5.32495805624366
5.430528526434992
5.551098996626325
5.686669466817658
5.837239937008989
6.002810407200322
6.183380877391654
6.378951347582986
6.589521817774319
6.815092287965651
7.055662758156982
7.311233228348316
7.581803698539649
7.867374168730979
5.006549859411746
5.022149578235237
5.052749297058729
5.098349015882222
5.158948734705713
5.234548453529205
5.325148172352696
5.430747891176188
5.551347609999681
5.686947328823172
5.837547047646664
6.003146766470155
6.183746485293647
6.379346204117139
6.589945922940631
6.815545641764123
7.056145360587614
7.311745079411107
7.582344798234598
7.867944517058088
5.006565233532545
5.022195700597634
5.052826167662724
5.098456634727813
5.159087101792903
5.234717568857993
5.325348035923081
5.430978502988172
5.551608970053261
5.68723943711835
5.837869904183441
6.00350037124853
6.184130838313619
6.379761305378707
6.590391772443798
6.816022239508888
7.056652706573978
7.312283173639067
7.582913640704156
7.868544107769244
5.006581395901373
5.022244187704119
5.052906979506864
5.098569771309609
5.159232563112355
5.234895354915101
5.325558146717847
5.431220938520593
5.551883730323338
5.687546522126083
5.83820931392883
6.003872105731575
6.184534897534321
6.380197689337066
6.590860481139812
6.816523272942558
7.057186064745302
7.312848856548049
7.583511648350793
7.86917444015354
5.041634493170196
5.05740347951059
5.088172465850984
5.133941452191377
5.19471043853177
5.270479424872163
5.361248411212556
5.46701739755295
5.587786383893343
5.723555370233736
5.87432435657413
6.040093342914523
6.220862329254917
6.416631315595309
6.627400301935703
6.853169288276097
7.09393827461649
7.349707260956882
7.620476247297274
7.906245233637671
5.041654206556582
5.057462619669745
5.088271032782909
5.134079445896072
5.194887859009236
5.270696272122399
5.361504685235563
5.467313098348726
5.58812151146189
5.723929924575053
5.874738337688217
6.04054675080138
6.221355163914543
6.417163577027707
6.62797199014087
6.853780403254033
7.094588816367198
7.350397229480361
7.621205642593523
7.907014055706687
5.0416749306699
5.0575247920097
5.088374653349501
5.134224514689301
5.1950743760291
5.2709242373689
5.3617740987087
5.467623960048501
5.588473821388301
5.724323682728101
5.875173544067901
6.041023405407701
6.221873266747501
6.417723128087301
6.628572989427101
6.854422850766902
7.095272712106702
7.351122573446503
7.621972434786302
7.907822296126103
5.04169671733123
5.057590151993689
5.088483586656148
5.134377021318607
5.195270455981067
5.271163890643526
5.362057325305985
5.467950759968445
5.588844194630904
5.724737629293362
5.875631063955822
6.041524498618282
6.222417933280742
6.4183113679432
6.629204802605659
6.855098237268119
7.095991671930578
7.351885106593038
7.622778541255496
7.908671975917955
5.041719621018572
5.057658863055716
5.08859810509286
5.134537347130004
5.195476589167147
5.271415831204291
5.362355073241435
5.468294315278579
5.589233557315723
5.725172799352867
5.876112041390011
6.042051283427154
6.222990525464299
6.418929767501442
6.629869009538586
6.85580825157573
7.096747493612874
7.352686735650019
7.623625977687163
7.909565219724305
5.041743699003075
5.057731097009226
5.088718495015377
5.134705893021527
5.195693291027678
5.271680689033829
5.36266808703998
5.46865548504613
5.589642883052282
5.725630281058432
5.876617679064583
6.042605077070734
6.223592475076884
6.419579873083034
6.630567271089184
6.856554669095337
7.097542067101487
7.353529465107637
7.624516863113788
7.910504261119939
5.041769011492243
5.057807034476729
5.088845057461214
5.134883080445699
5.195921103430185
5.271959126414671
5.362997149399156
5.469035172383641
5.590073195368127
5.726111218352613
5.877149241337098
6.043187264321583
6.22422528730607
6.420263310290555
6.63130133327504
6.857339356259526
7.098377379244011
7.354415402228495
7.625453425212984
7.911491448197469
5.041795621780482
5.057886865341445
5.088978108902409
5.135069352463373
5.196160596024336
5.2722518395853
5.363343083146264
5.469434326707227
5.590525570268191
5.726616813829155
5.877708057390118
6.043799300951083
6.224890544512045
6.420981788073009
6.632073031633972
6.858164275194937
7.0992555187559
7.355346762316863
7.626438005877828
7.912529249438792
5.041823596407374
5.057970789222122
5.089117982036869
5.135265174851616
5.196412367666364
5.272559560481112
5.363706753295859
5.469853946110606
5.591001138925354
5.727148331740102
5.87829552455485
6.044442717369596
6.225589910184344
6.421737102999091
6.632884295813839
6.859031488628586
7.100178681443333
7.356325874258081
7.627473067072829
7.913620259887576
5.041853005324057
5.058059015972171
5.089265026620286
5.1354710372684
5.196677047916515
5.272883058564629
5.364089069212743
5.470295079860858
5.591501090508972
5.727707101157086
5.8789131118052
6.045119122453315
6.22632513310143
6.422531143749543
6.633737154397658
6.859943165045772
7.101149175693886
7.357355186342001
7.628561196990116
7.91476720763823
5.041883922068142
5.058151766204427
5.089419610340711
5.135687454476995
5.196955298613279
5.273223142749564
5.364490986885848
5.470758831022132
5.592026675158417
5.728294519294701
5.879562363430986
6.04583020756727
6.227098051703554
6.423365895839837
6.634633739976122
6.860901584112407
7.102169428248691
7.358437272384974
7.62970511652126
7.915972960657545
5.041916423947593
5.058249271842779
5.089582119737964
5.135914967633149
5.197247815528335
5.27358066342352
5.364913511318706
5.471246359213891
5.592579207109077
5.728912055004262
5.880244902899448
6.046577750794634
6.227910598689819
6.424243446585004
6.63557629448019
6.861909142375375
7.103241990270559
7.359574838165746
7.630907686060932
7.917240533956117
5.041950592234037
5.058351776702112
5.089752961170185
5.13615414563826
5.197555330106334
5.273956514574408
5.365357699042482
5.471758883510557
5.593160067978631
5.729561252446705
5.880962436914779
6.047363621382853
6.228764805850927
6.425165990319002
6.636567174787075
6.86296835925515
7.104369543723223
7.360770728191298
7.632171912659372
7.918573097127448
5.041986512365988
5.058459537097966
5.089932561829944
5.136405586561921
5.197878611293898
5.274351636025876
5.365824660757853
5.47229768548983
5.593770710221808
5.730243734953785
5.881716759685762
6.04818978441774
6.229662809149717
6.426135833881695
6.637608858613672
6.86408188334565
7.105554908077627
7.362027932809603
7.633500957541582
7.919973982273559
5.042024274162488
5.058572822487462
5.090121370812438
5.136669919137412
5.198218467462387
5.274767015787361
5.366315564112337
5.472864112437311
5.594412660762287
5.730961209087261
5.882509757412236
6.049058305737211
6.230606854062186
6.427155402387161
6.638703950712136
6.86525249903711
7.106801047362085
7.363349595687062
7.634898144012033
7.921446692337009
5.042063972047694
5.058691916143081
5.090319860238469
5.136947804333857
5.198575748429244
5.275203692524632
5.366831636620019
5.473459580715407
5.595087524810794
5.731715468906183
5.88334341300157
6.049971357096957
6.231599301192345
6.428227245287731
6.63985518938312
6.866483133478508
7.108111077573895
7.364739021669282
7.636366965764671
7.922994909860059
5.042105705286999
5.058817115860996
5.090528526434992
5.13723993700899
5.198951347582986
5.275662758156983
5.36737416873098
5.474085579304977
5.595796989878974
5.732508400452971
5.884219811026968
6.050931221600965
6.232642632174962
6.429354042748959
6.641065453322955
6.867776863896953
7.109488274470952
7.366199685044949
7.637911095618944
7.924622506192942
5.042149578235238
5.058948734705713
5.090747891176188
5.137547047646663
5.199346204117139
5.276145360587615
5.367944517058089
5.474743673528566
5.596542829999041
5.733341986469515
5.885141142939991
6.051940299410466
6.233739455880942
6.430538612351417
6.642337768821892
6.869136925292367
7.110936081762844
7.367735238233317
7.639534394703793
7.926333551174269
5.042195700597635
5.059087101792903
5.090978502988172
5.13786990418344
5.199761305378709
5.276652706573977
5.368544107769246
5.475435508964514
5.597326910159783
5.734218311355052
5.88610971255032
6.053001113745589
6.234892514940857
6.431783916136125
6.643675317331395
6.870566718526664
7.112458119721932
7.369349520917199
7.641240922112469
7.928132323307738
5.042244187704118
5.059232563112356
5.091220938520593
5.138209313928829
5.200197689337067
5.277186064745303
5.36917444015354
5.476162815561777
5.598151190970015
5.735139566378251
5.887127941786487
6.054116317194725
6.236104692602962
6.433093068011198
6.645081443419436
6.872069818827673
7.114058194235909
7.371046569644148
7.643034945052383
7.93002332046062
5.111890821950328
5.128172465850983
5.159454109751639
5.205735753652294
5.26701739755295
5.343299041453605
5.434580685354261
5.540862329254916
5.662143973155572
5.798425617056227
5.949707260956883
6.115988904857539
6.297270548758194
6.493552192658849
6.704833836559505
6.931115480460161
7.172397124360817
7.428678768261472
7.699960412162127
7.986242056062783
5.111923677594302
5.128271032782909
5.159618387971515
5.20596574316012
5.267313098348726
5.343660453537332
5.435007808725937
5.541355163914544
5.662702519103149
5.799049874291755
5.950397229480361
6.116744584668966
6.298091939857573
6.494439295046178
6.705786650234784
6.93213400542339
7.173481360611996
7.4298287158006
7.701176070989208
7.987523426177813
5.111958217783167
5.128374653349501
5.159791088915834
5.206207524482167
5.267623960048501
5.344040395614835
5.435456831181168
5.541873266747501
5.663289702313834
5.799706137880168
5.951122573446503
6.117539009012836
6.298955444579169
6.495371880145503
6.706788315711836
6.933204751278168
7.174621186844503
7.431037622410837
7.70245405797717
7.988870493543503
5.111994528885383
5.128483586656148
5.159972644426913
5.206461702197679
5.267950759968445
5.34443981773921
5.435928875509975
5.54241793328074
5.663906991051507
5.800396048822272
5.951885106593037
6.118374164363803
6.299863222134568
6.496352279905334
6.7078413376761
6.934330395446865
7.175819453217631
7.432308510988395
7.70379756875916
7.990286626529926
5.11203270169762
5.12859810509286
5.160163508488099
5.20672891188334
5.268294315278579
5.344859718673819
5.436425122069059
5.542990525464298
5.664555928859539
5.801121332254779
5.952686735650019
6.119252139045258
6.300817542440498
6.497382945835738
6.708948349230978
6.935513752626218
7.177079156021458
7.433644559416698
7.705209962811937
7.991775366207176
5.112072831671792
5.128718495015376
5.160364158358961
5.207009821702546
5.26865548504613
5.345301148389715
5.436946811733299
5.543592475076884
5.665238138420468
5.801883801764053
5.953529465107637
6.120175128451222
6.301820791794806
6.498466455138391
6.710112118481975
6.936757781825561
7.178403445169145
7.435049108512729
7.706694771856315
7.993340435199897
5.112115019153738
5.128845057461214
5.16057509576869
5.207305134076166
5.269035172383642
5.345765210691118
5.437495248998593
5.54422528730607
5.665955325613546
5.802685363921022
5.954415402228498
6.121145440535973
6.30287547884345
6.499605517150925
6.711335555458401
6.938065593765877
7.179795632073352
7.43652567038083
7.708255708688304
7.994985746995781
5.112159369634137
5.128978108902409
5.160796848170682
5.207615587438955
5.269434326707227
5.3462530659755
5.438071805243773
5.544890544512046
5.666709283780318
5.803528023048591
5.955346762316864
6.122165501585137
6.30398424085341
6.500802980121681
6.712621719389955
6.939440458658228
7.181259197926501
7.438077937194774
7.709896676463045
7.99671541573132
5.11220599401229
5.129117982036869
5.161029970061448
5.207941958086027
5.269853946110606
5.346765934135186
5.438677922159765
5.545589910184344
5.667501898208923
5.804413886233503
5.956325874258082
6.123237862282661
6.30514985030724
6.502061838331819
6.713973826356399
6.940885814380978
7.182797802405557
7.439709790430136
7.711621778454715
7.998533766479293
5.112255008873428
5.129265026620286
5.161275044367143
5.208285062114
5.270295079860857
5.347305097607714
5.439315115354572
5.546325133101429
5.668335150848287
5.805345168595143
5.957355186342
6.124365204088859
6.306375221835715
6.503385239582572
6.71539525732943
6.942405275076287
7.184415292823145
7.441425310570001
7.713435328316859
8.000445346063715
5.112306536780236
5.129419610340711
5.161532683901185
5.208645757461658
5.270758831022132
5.347871904582607
5.43998497814308
5.547098051703554
5.669211125264028
5.806324198824501
5.958437272384975
6.12555034594545
6.307663419505923
6.504776493066397
6.716889566626872
6.944002640187345
7.186115713747818
7.443228787308292
7.715341860868767
8.00245493442924
5.112360706579321
5.129582119737964
5.161803532896607
5.209024946055249
5.271246359213891
5.348467772372534
5.440689185531176
5.547910598689819
5.670132011848461
5.807353425007104
5.959574838165747
6.126796251324389
6.309017664483031
6.506239077641674
6.718460490800316
6.94568190395896
7.187903317117602
7.445124730276245
7.717346143434888
8.004567556593528
5.112417653723395
5.129752961170185
5.162088268616976
5.209423576063766
5.271758883510556
5.349094190957347
5.441429498404137
5.548764805850927
5.671100113297717
5.808435420744507
5.960770728191298
6.128106035638089
6.310441343084879
6.507776650531669
6.720111957978459
6.94744726542525
7.18978257287204
7.447117880318831
7.71945318776562
8.00678849521241
5.112477520609981
5.129932561829944
5.162387603049906
5.209842644269868
5.27229768548983
5.349752726709792
5.442207767929755
5.549662809149718
5.67211785036968
5.809572891589642
5.962027932809604
6.129482974029567
6.311938015249529
6.509393056469492
6.721848097689454
6.949303138909416
7.191758180129376
7.449213221349339
7.721668262569302
8.009123303789265
5.112540456937479
5.130121370812438
5.162702284687395
5.210283198562353
5.272864112437311
5.350445026312269
5.443025940187227
5.550606854062186
5.673187767937144
5.810768681812102
5.963349595687061
6.130930509562019
6.313511423436976
6.511092337311934
6.723673251186893
6.951254165061849
7.193835078936809
7.451415992811768
7.723996906686725
8.011577820561683
5.11260662007949
5.130319860238469
5.163033100397448
5.210746340556428
5.273459580715407
5.351172820874386
5.443886061033365
5.551599301192345
5.674312541351324
5.812025781510303
5.964739021669282
6.132452261828262
6.315165501987241
6.512878742146221
6.7255919823052
6.953305222464179
7.196018462623158
7.453731702782136
7.726444942941118
8.014158183100095
5.112676175478331
5.130528526434992
5.163380877391654
5.211233228348315
5.274085579304978
5.351937930261639
5.4447902812183
5.552642632174963
5.675494983131624
5.813347334088286
5.966199685044947
6.134052036001608
6.316904386958271
6.514756737914932
6.727609088871594
6.955461439828255
7.198313790784917
7.45616614174158
7.729018492698239
8.016870843654901
5.11274929705873
5.130747891176188
5.163746485293647
5.211745079411106
5.274743673528565
5.352742267646024
5.445740861763483
5.553739455880941
5.6767380499984
5.814736644115859
5.967735238233318
6.135733832350778
6.318732426468236
6.516731020585695
6.729729614703153
6.957728208820614
7.200726802938071
7.45872539705553
7.73172399117299
8.019722585290449
5.112826167662724
5.130978502988172
5.16413083831362
5.212283173639067
5.275435508964515
5.353587844289962
5.44674017961541
5.554892514940858
5.678044850266305
5.816197185591752
5.969349520917201
6.137501856242649
6.320654191568096
6.518806526893544
6.731958862218991
6.960111197544439
7.203263532869887
7.461415868195335
7.734568203520782
8.022720538846229
5.112906979506864
5.131220938520593
5.16453489753432
5.212848856548049
5.276162815561777
5.354476774575505
5.447790733589233
5.556104692602962
5.67941865161669
5.817732610630419
5.971046569644146
6.139360528657875
6.322674487671603
6.520988446685331
6.73430240569906
6.962616364712789
7.205930323726516
7.464244282740244
7.737558241753971
8.025872200767701
5.217147150730459
5.233941452191377
5.265735753652295
5.312530055113212
5.37432435657413
5.451118658035048
5.542912959495965
5.649707260956883
5.771501562417801
5.908295863878719
6.060090165339636
6.226884466800554
6.408678768261472
6.605473069722389
6.817267371183307
7.044061672644226
7.285855974105143
7.542650275566062
7.814444577026979
8.101238878487896
5.217193148632024
5.234079445896072
5.265965743160121
5.312852040424168
5.374738337688217
5.451624634952265
5.543510932216313
5.650397229480361
5.772283526744409
5.909169824008457
6.061056121272506
6.227942418536554
6.409828715800601
6.606715013064649
6.818601310328697
7.045487607592746
7.287373904856794
7.544260202120843
7.816146499384891
8.103032796648938
5.217241504896434
5.2342245146893
5.266207524482168
5.313190534275035
5.375173544067901
5.452156553860768
5.544139563653635
5.651122573446502
5.773105583239369
5.910088593032236
6.062071602825103
6.22905461261797
6.411037622410837
6.608020632203703
6.82000364199657
7.046986651789437
7.288969661582305
7.545952671375172
7.817935681168038
8.104918690960906
5.217292340439536
5.234377021318608
5.266461702197679
5.31354638307675
5.375631063955822
5.452715744834894
5.544800425713966
5.651885106593038
5.773969787472109
5.91105446835118
6.063139149230253
6.230223830109324
6.412308510988395
6.609393191867466
6.821477872746538
7.04856255362561
7.290647234504681
7.547731915383753
7.819816596262825
8.106901277141898
5.217345782376667
5.234537347130003
5.266728911883339
5.313920476636675
5.376112041390011
5.453303606143347
5.545495170896682
5.652686735650018
5.774878300403354
5.91206986515669
6.064261429910026
6.231452994663362
6.413644559416698
6.610836124170032
6.823027688923368
7.050219253676705
7.29241081843004
7.549602383183376
7.821793947936713
8.108985512690047
5.217401964340509
5.234705893021528
5.267009821702546
5.314313750383564
5.376617679064583
5.453921607745601
5.546225536426619
5.653529465107638
5.775833393788655
5.913137322469674
6.065441251150692
6.232745179831711
6.415049108512729
6.612353037193747
6.824656965874766
7.051960894555785
7.294264823236803
7.551568751917822
7.823872680598839
8.111176609279857
5.217461026815233
5.2348830804457
5.267305134076166
5.314727187706632
5.377149241337098
5.454571294967565
5.546993348598031
5.654415402228498
5.776837455858963
5.91425950948943
6.066681563119896
6.234103616750363
6.416525670380829
6.613947724011295
6.826369777641761
7.053791831272227
7.296213884902693
7.55363593853316
7.826057992163626
8.113480045794095
5.217523117487791
5.235069352463372
5.267615587438955
5.315161822414536
5.377708057390119
5.455254292365701
5.547800527341282
5.655346762316864
5.777892997292446
5.915439232268028
6.067985467243609
6.235531702219191
6.418077937194773
6.615624172170355
6.828170407145937
7.055716642121517
7.2982628770971
7.555809112072681
7.828355347048263
8.115901582023843
5.217588391617205
5.235265174851616
5.267941958086027
5.315618741320439
5.378295524554849
5.45597230778926
5.548649091023671
5.656325874258082
5.779002657492493
5.916679440726903
6.069356223961314
6.237033007195725
6.419709790430136
6.617386573664547
6.830063356898957
7.057740140133369
7.300416923367779
7.55809370660219
7.8307704898366
8.118447273071013
5.2176570124228
5.2354710372684
5.268285062114001
5.3160990869596
5.3789131118052
5.456727136650801
5.5495411614964
5.657355186342001
5.780169211187601
5.917983236033201
6.070797260878802
6.238611285724401
6.421425310570001
6.619239335415601
6.832053360261201
7.059867385106802
7.302681409952401
7.560495434798002
7.833309459643603
8.121123484489203
5.217729151492332
5.235687454476995
5.268645757461659
5.316604060446322
5.379562363430986
5.457520666415649
5.550478969400312
5.658437272384976
5.781395575369639
5.919353878354302
6.072312181338965
6.24027048432363
6.423228787308292
6.621187090292955
6.83414539327762
7.062103696262283
7.305061999246946
7.56302030223161
7.835978605216274
8.123936908200935
5.21780498921105
5.235914967633149
5.269024946055249
5.317134924477348
5.380244902899448
5.458354881321547
5.551464859743647
5.659574838165747
5.782684816587846
5.920794795009947
6.073904773432045
6.242014751854145
6.425124730276245
6.623234708698344
6.836344687120445
7.064454665542543
7.307564643964643
7.565674622386742
7.838784600808841
8.126894579230942
5.217884715212753
5.23615414563826
5.269423576063766
5.317693006489272
5.380962436914778
5.459231867340285
5.552501297765791
5.660770728191298
5.784040158616804
5.92230958904231
6.075579019467817
6.243848449893324
6.427117880318829
6.625387310744336
6.838656741169842
7.066926171595349
7.310195602020855
7.568465032446361
7.841734462871869
8.130003893297376
5.217968528853974
5.23640558656192
5.269842644269868
5.318279701977815
5.381716759685762
5.46015381739371
5.553590875101657
5.662027932809604
5.785464990517552
5.923902048225499
6.077339105933446
6.245776163641394
6.42921322134934
6.627650279057288
6.841087336765234
7.069524394473182
7.312961452181129
7.571398509889078
7.844835567597024
8.13327262530497
5.21805663971247
5.236669919137412
5.270283198562353
5.318896477987295
5.382509757412236
5.461123036837177
5.554736316262119
5.66334959568706
5.786962875112001
5.925576154536943
6.079189433961885
6.247802713386825
6.431415992811766
6.630029272236708
6.84364255166165
7.07225583108659
7.315869110511533
7.574482389936474
7.848095669361415
8.136708948786357
5.218149268111286
5.236947804333856
5.270746340556427
5.319544876778998
5.38334341300157
5.462141949224141
5.555940485446712
5.664739021669283
5.788537557891853
5.927336094114424
6.081134630336996
6.249933166559567
6.433731702782136
6.632530239004709
6.846328775227279
7.075127311449851
7.318925847672421
7.577724383894994
7.851522920117562
8.140321456340136
5.218246645669663
5.237239937008989
5.271233228348316
5.320226519687642
5.384219811026968
5.463213102366295
5.557206393705621
5.666199685044947
5.790192976384273
5.929186267723599
6.083179559062927
6.252172850402252
6.436166141741579
6.635159433080904
6.849152724420231
7.078146015759557
7.322139307098883
7.581132598438211
7.855125889777536
8.144119181116862
5.218349015882222
5.237547047646664
5.271745079411106
5.320943111175549
5.385141142939991
5.464339174704433
5.558537206468875
5.667735238233318
5.79193326999776
5.931131301762202
6.085329333526645
6.254527365291088
6.43872539705553
6.637923428819972
6.852121460584415
7.081319492348857
7.325517524113301
7.584715555877741
7.858913587642184
8.148111619406627
5.218456634727813
5.23786990418344
5.272283173639067
5.321696443094694
5.38610971255032
5.465522982005947
5.559936251461574
5.6693495209172
5.793762790372828
5.933176059828454
6.087589329284081
6.257002598739708
6.441415868195334
6.640829137650961
6.855242407106588
7.084655676562214
7.329068946017841
7.588482215473468
7.862895484929094
8.152308754384721
5.21856977130961
5.238209313928829
5.272848856548049
5.322488399167268
5.387127941786488
5.466767484405707
5.561407027024927
5.671046569644147
5.795686112263366
5.935325654882585
6.089965197501805
6.259604740121025
6.444244282740244
6.643883825359464
6.858523367978684
7.088162910597903
7.332802453217123
7.592441995836343
7.867081538455561
8.156721081074782
5.35740347951059
5.37471043853177
5.407017397552949
5.45432435657413
5.516631315595309
5.59393827461649
5.68624523363767
5.79355219265885
5.91585915168003
6.053166110701209
6.20547306972239
6.37278002874357
6.555086987764749
6.752393946785928
6.964700905807108
7.192007864828289
7.434314823849471
7.691621782870649
7.963928741891827
8.251235700913009
5.357462619669745
5.374887859009235
5.407313098348726
5.454738337688217
5.517163577027707
5.594588816367198
5.687014055706688
5.794439295046178
5.916864534385669
6.054289773725158
6.206715013064649
6.374140252404139
6.556565491743631
6.753990731083121
6.966415970422611
7.193841209762104
7.436266449101592
7.693691688441083
7.966116927780574
8.253542167120063
5.3575247920097
5.375074376029101
5.407623960048501
5.455173544067901
5.517723128087302
5.595272712106702
5.687822296126102
5.795371880145503
5.917921464164904
6.055471048184303
6.208020632203704
6.375570216223104
6.558119800242504
6.755669384261904
6.968218968281305
7.195768552300706
7.438318136320104
7.695867720339507
7.968417304358908
8.255966888378307
5.357590151993689
5.375270455981067
5.407950759968445
5.455631063955822
5.5183113679432
5.595991671930578
5.688671975917956
5.796352279905333
5.919032583892712
6.056712887880089
6.209393191867467
6.377073495854845
6.559753799842222
6.757434103829601
6.970114407816978
7.197794711804356
7.440475015791733
7.698155319779113
7.970835623766489
8.258515927753866
5.357658863055716
5.375476589167148
5.408294315278579
5.456112041390011
5.518929767501443
5.596747493612875
5.689565219724306
5.797382945835738
5.920200671947169
6.058018398058601
6.210836124170033
6.378653850281465
6.561471576392896
6.759289302504328
6.97210702861576
7.19992475472719
7.442742480838621
7.700560206950056
7.973377933061486
8.261195659172918
5.357731097009226
5.375693291027678
5.408655485046131
5.456617679064583
5.519579873083035
5.597542067101487
5.690504261119939
5.798466455138391
5.921428649156844
6.059390843175295
6.212353037193747
6.3803152312122
6.563277425230652
6.761239619249105
6.974201813267557
7.202164007286008
7.44512620130446
7.703088395322911
7.976050589341364
8.264012783359817
5.357807034476728
5.375921103430185
5.409035172383642
5.457149241337098
5.520263310290555
5.598377379244011
5.691491448197469
5.799605517150924
5.922719586104382
6.060833655057839
6.213947724011295
6.382061792964752
6.565175861918208
6.763289930871665
6.976403999825123
7.204518068778579
7.447632137732034
7.705746206685492
7.978860275638948
8.266974344592406
5.357886865341445
5.376160596024336
5.409434326707228
5.457708057390118
5.520981788073009
5.5992555187559
5.692529249438791
5.800802980121682
5.924076710804573
6.062350441487464
6.215624172170354
6.383897902853247
6.567171633536136
6.765445364219028
6.978719094901918
7.20699282558481
7.4502665562677
7.708540286950592
7.981814017633484
8.270087748316374
5.357970789222121
5.376412367666363
5.409853946110607
5.458295524554849
5.521737102999092
5.600178681443334
5.693620259887576
5.802061838331819
5.925503416776063
6.063944995220305
6.217386573664547
6.385828152108791
6.569269730553033
6.767711308997275
6.981152887441517
7.209594465885761
7.453036044330003
7.711477622774244
7.984919201218486
8.273360779662731
5.358059015972172
5.376677047916514
5.410295079860857
5.458913111805201
5.522531143749544
5.601149175693886
5.694767207638229
5.803385239582573
5.927003271526916
6.065621303471259
6.219239335415603
6.387857367359945
6.571475399304288
6.770093431248631
6.983711463192974
7.212329495137316
7.455947527081659
7.714565559026003
7.988183590970345
8.276801622914689
5.358151766204426
5.37695529861328
5.410758831022132
5.459562363430985
5.523365895839838
5.602169428248692
5.695972960657544
5.804776493066397
5.928580025475251
6.067383557884103
6.221187090292956
6.389990622701809
6.573794155110662
6.772597687519514
6.986401219928368
7.21520475233722
7.459008284746074
7.717811817154926
7.991615349563779
8.280418881972633
5.358249271842778
5.377247815528335
5.411246359213892
5.460244902899448
5.524243446585005
5.603241990270561
5.697240533956117
5.806239077641674
5.930237621327231
6.069236165012788
6.223234708698344
6.392233252383901
6.576231796069457
6.775230339755012
6.98922888344057
7.218227427126127
7.462225970811685
7.721224514497241
7.995223058182796
8.284221601868353
5.358351776702111
5.377555330106333
5.411758883510556
5.460962436914778
5.525165990319001
5.604369543723224
5.698573097127446
5.807776650531668
5.931980203935892
6.071183757340114
6.225387310744336
6.394590864148559
6.57879441755278
6.777997970957004
6.992201524361226
7.221405077765448
7.465608631169673
7.724812184573893
7.999015737978116
8.28821929138234
5.358459537097966
5.377878611293898
5.41229768548983
5.461716759685762
5.526135833881695
5.605554908077627
5.699973982273558
5.809393056469491
5.933812130665423
6.073231204861356
6.227650279057287
6.39706935325322
6.581488427449152
6.780907501645085
6.995326575841016
7.224745650036948
7.469164724232879
7.728583798428811
8.003002872624744
8.292421946820678
5.358572822487463
5.378218467462387
5.412864112437312
5.462509757412236
5.527155402387161
5.606801047362085
5.70144669233701
5.811092337311934
5.935737982286859
6.075383627261783
6.230029272236709
6.399674917211632
6.584320562186557
6.783966207161482
6.998611852136406
7.228257497111331
7.472903142086255
7.73254878706118
8.007194432036103
8.29684007701103
5.358691916143082
5.378575748429244
5.413459580715407
5.46334341300157
5.528227245287733
5.608111077573895
5.702994909860058
5.81287874214622
5.937762574432384
6.077646406718546
6.232530239004709
6.402414071290871
6.587297903577033
6.787181735863197
7.00206556814936
7.231949400435522
7.476833232721685
7.736717065007847
8.011600897294009
8.301484729580173
5.358817115860996
5.378951347582987
5.414085579304977
5.464219811026968
5.529354042748959
5.60948827447095
5.704622506192941
5.814756737914933
5.939890969636923
6.080025201358914
6.235159433080904
6.405293664802896
6.590427896524886
6.790562128246877
7.005696359968868
7.235830591690859
7.48096482341285
7.741099055134841
8.016233286856831
8.306367518578824
5.358948734705713
5.379346204117139
5.414743673528565
5.465141142939991
5.530538612351417
5.610936081762842
5.706333551174269
5.816731020585695
5.942128489997121
6.082525959408546
6.237923428819972
6.408320898231398
6.593718367642825
6.79411583705425
7.009513306465675
7.239910775877102
7.485308245288529
7.745705714699954
8.021103184111379
8.311500653522806
5.359087101792903
5.379761305378708
5.415435508964515
5.46610971255032
5.531783916136126
5.612458119721932
5.708132323307738
5.818806526893544
5.944480730479349
6.085154934065155
6.240829137650961
6.411503341236767
6.597177544822573
6.797851748408378
7.013525951994184
7.244200155579991
7.489874359165796
7.750548562751601
8.026222766337408
8.316896969923214
5.359232563112355
5.380197689337066
5.416162815561777
5.467127941786488
5.533093068011198
5.614058194235909
5.71002332046062
5.820988446685331
5.946953572910043
6.087918699134753
6.243883825359464
6.414848951584174
6.600814077808886
6.801779204033595
7.017744330258307
7.248709456483019
7.494674582707729
7.755639708932441
8.03160483515715
8.322569961381863
5.53265980829072
5.550479424872163
5.583299041453605
5.631118658035048
5.69393827461649
5.771757891197931
5.864577507779375
5.972397124360817
6.095216740942258
6.233036357523702
6.385855974105143
6.553675590686584
6.736495207268026
6.934314823849469
7.147134440430913
7.374954057012354
7.617773673593796
7.875593290175237
8.148412906756679
8.436232523338122
5.532732090707467
5.5506962721224
5.583660453537332
5.631624634952265
5.694588816367197
5.77255299778213
5.865517179197063
5.973481360611995
6.096445542026929
6.234409723441861
6.387373904856793
6.555338086271727
6.73830226768666
6.936266449101593
7.149230630516525
7.377194811931458
7.620158993346389
7.878123174761321
8.151087356176255
8.43905153759119
5.532808079122967
5.550924237368901
5.584040395614834
5.632156553860769
5.695272712106702
5.773388870352636
5.866505028598569
5.974621186844503
6.097737345090438
6.23585350333637
6.388969661582304
6.557085819828238
6.740201978074172
6.938318136320106
7.151434294566039
7.379550452811974
7.622666611057906
7.880782769303842
8.153898927549776
8.442015085795708
5.532887963547842
5.551163890643526
5.58443981773921
5.632715744834894
5.695991671930578
5.774267599026262
5.867543526121946
5.975819453217629
6.099095380313313
6.237371307408998
6.390647234504682
6.558923161600366
6.742199088696049
6.940475015791734
7.153750942887418
7.382026869983101
7.625302797078785
7.88357872417447
8.156854651270155
8.445130578365838
5.532971943734763
5.551415831204292
5.584859718673819
5.633303606143347
5.696747493612874
5.775191381082402
5.868635268551929
5.977079156021457
6.100523043490985
6.238966930960513
6.39241081843004
6.560854705899567
6.744298593369095
6.942742480838622
7.15618636830815
7.384630255777678
7.628074143247205
7.886518030716733
8.159961918186262
8.448405805655788
5.533060229677943
5.551680689033828
5.585301148389714
5.6339216077456
5.697542067101486
5.776162526457373
5.869782985813258
5.978403445169144
6.102023904525031
6.240644363880916
6.394264823236802
6.562885282592688
6.746505741948575
6.945126201304461
7.158746660660346
7.387367120016232
7.630987579372118
7.889608038728004
8.163228498083891
8.451848957439777
5.533153042138224
5.551959126414671
5.585765210691117
5.634571294967565
5.698377379244012
5.777183463520459
5.870989547796905
5.979795632073353
6.1036017163498
6.242407800626247
6.396213884902695
6.565019969179142
6.748826053455589
6.947632137732035
7.161438222008482
7.390244306284931
7.634050390561376
7.892856474837822
8.166662559114272
8.455468643390716
5.5332506131951
5.5522518395853
5.5862530659755
5.635254292365699
5.6992555187559
5.7782567451461
5.872257971536301
5.981259197926501
6.1052604243167
6.2442616507069
6.3982628770971
6.5672641034873
6.7512653298775
6.9502665562677
7.1642677826579
7.393269009048101
7.6372702354383
7.8962714618285
8.1702726882187
8.459273914608904
5.533353186827037
5.552559560481111
5.586765934135186
5.63597230778926
5.700178681443334
5.779385055097409
5.873591428751483
5.982797802405557
6.107004176059632
6.246210549713705
6.400416923367779
6.569623297021854
6.753829670675929
6.953036044330003
7.167242417984077
7.396448791638153
7.640655165292227
7.899861538946298
8.174067912600375
8.463274286254448
5.533461019521543
5.552883058564629
5.587305097607715
5.6367271366508
5.701149175693886
5.780571214736972
5.874993253780058
5.984415292823145
6.10883733186623
6.248259370909316
6.402681409952401
6.572103448995488
6.756525488038574
6.95594752708166
7.170369566124745
7.399791605167832
7.644213644210916
7.903635683254002
8.178057722297089
8.467479761340174
5.533574380916521
5.553223142749563
5.587871904582606
5.637520666415649
5.702169428248691
5.781818190081733
5.876466951914776
5.986115713747819
6.110764475580861
6.250413237413904
6.405061999246946
6.574710761079989
6.759359522913032
6.959008284746073
7.173657046579117
7.40330580841216
7.647954570245202
7.907603332078242
8.182252093911284
8.471900855744327
5.533693554474507
5.553580663423521
5.588467772372534
5.638354881321547
5.703241990270561
5.783129099219575
5.878016208168589
5.987903317117602
6.112790426066616
6.25267753501563
6.407564643964642
6.577451752913657
6.76233886186267
6.962225970811684
7.177113079760697
7.407000188709711
7.651887297658725
7.911774406607738
8.18666151555675
8.476548624505764
5.533818838191469
5.553956514574407
5.589094190957346
5.639231867340285
5.704369543723224
5.784507220106162
5.879644896489101
5.98978257287204
6.114920249254978
6.255057925637916
6.410195602020855
6.580333278403795
6.765470954786733
6.965608631169671
7.18074630755261
7.410883983935547
7.656021660318488
7.916159336701424
8.191297013084364
8.481434689467303
5.533950545341958
5.554351636025876
5.589752726709793
5.64015381739371
5.705554908077627
5.785955998761543
5.881357089445461
5.991758180129378
6.117159270813296
6.257560361497212
6.412961452181129
6.583362542865046
6.768763633548963
6.96916472423288
7.184565814916798
7.414966905600715
7.660367996284632
7.920769086968548
8.196170177652466
8.486571268336382
5.534089005262454
5.554767015787362
5.59044502631227
5.641123036837177
5.706801047362085
5.787479057886993
5.883157068411901
5.993835078936809
6.119513089461717
6.260191099986624
6.415869110511533
6.586547121036441
6.772225131561348
6.972903142086254
7.188581152611164
7.419259163136071
7.664937173660979
7.925615184185885
8.201293194710793
8.491971205235703
5.534234564174877
5.555203692524632
5.591172820874386
5.642141949224141
5.708111077573895
5.789080205923649
5.885049334273404
5.996018462623159
6.121987590972913
6.262956719322668
6.418925847672421
6.589894976022177
6.77586410437193
6.976833232721685
7.19280236107144
7.423771489421195
7.669740617770948
7.930709746120702
8.206678874470459
8.49764800282021
5.534387586052328
5.555662758156983
5.591937930261639
5.643213102366294
5.70948827447095
5.790763446575606
5.887038618680261
5.998313790784917
6.124588962889572
6.265864134994228
6.422139307098884
6.593414479203539
6.779689651308194
6.980964823412851
7.197239995517505
7.428515167622161
7.674790339726817
7.936065511831475
8.212340683936127
8.503615856040785
5.534548453529204
5.556145360587614
5.592742267646024
5.644339174704434
5.710936081762843
5.792532988821252
5.889129895879662
6.00072680293807
6.127323709996481
6.26892061705489
6.4255175241133
6.597114431171709
6.783711338230119
6.985308245288529
7.201905152346938
7.433502059405347
7.680098966463756
7.941695873522166
8.218292780580576
8.509889687638985
5.534717568857992
5.556652706573978
5.593587844289962
5.645522982005947
5.712458119721932
5.794393257437918
5.891328395153902
6.003263532869886
6.130198670585872
6.272133808301857
6.429068946017841
6.601004083733827
6.787939221449812
6.989874359165796
7.206809496881781
7.438744634597766
7.685679772313752
7.947614910029738
8.224550047745719
8.516485185461706
5.534895354915101
5.557186064745303
5.594476774575505
5.646767484405707
5.71405819423591
5.796348904066112
5.893639613896314
6.005930323726516
6.133221033556718
6.27551174338692
6.432802453217122
6.605093163047325
6.792383872877527
6.99467458270773
7.211965292537931
7.444256002368133
7.691546712198336
7.953837422028538
8.231128131858739
8.52341884168894
5.742916137070853
5.761248411212557
5.79458068535426
5.842912959495965
5.906245233637669
5.984577507779374
6.077909781921079
6.186242056062783
6.309574330204487
6.447906604346191
6.601238878487896
6.7695711526296
6.952903426771305
7.151235700913009
7.364567975054714
7.592900249196417
7.836232523338122
8.094564797479826
8.367897071621529
8.656229345763236
5.743001561745187
5.761504685235562
5.795007808725938
5.843510932216312
5.907014055706687
5.985517179197062
6.079020302687438
6.187523426177813
6.311026549668188
6.449529673158563
6.603032796648938
6.771535920139312
6.955039043629688
7.153542167120063
7.367045290610438
7.595548414100813
7.839051537591187
8.097554661081563
8.371057784571938
8.659560908062312
5.743091366236233
5.7617740987087
5.795456831181168
5.844139563653634
5.907822296126102
5.986505028598569
6.080187761071036
6.188870493543504
6.312553226015971
6.451235958488438
6.604918690960905
6.773601423433372
6.95728415590584
7.155966888378307
7.369649620850774
7.598332353323241
7.842015085795708
8.100697818268175
8.374380550740643
8.663063283213109
5.743185775101995
5.762057325305985
5.795928875509975
5.844800425713965
5.908671975917955
5.987543526121946
6.081415076325936
6.190286626529926
6.314158176733916
6.453029726937906
6.606901277141897
6.775772827345887
6.959644377549877
7.158515927753868
7.372387477957856
7.601259028161849
7.845130578365836
8.104002128569828
8.377873678773817
8.666745228977806
5.743285024413812
5.762355073241435
5.796425122069059
5.845495170896682
5.909565219724306
5.98863526855193
6.082705317379553
6.191775366207176
6.3158454150348
6.454915463862424
6.608985512690047
6.778055561517671
6.962125610345295
7.161195659172919
7.375265708000541
7.604335756828164
7.848405805655787
8.107475854483411
8.381545903311036
8.670615952138657
5.74338936234666
5.762668087039979
5.796946811733299
5.846225536426619
5.910504261119939
5.989782985813259
6.084061710506578
6.193340435199898
6.317619159893217
6.456897884586537
6.611176609279857
6.780455333973178
6.964734058666497
7.164012783359817
7.378291508053136
7.607570232746456
7.851848957439776
8.111127682133095
8.385406406826416
8.674685131519736
5.743499049799718
5.762997149399156
5.797495248998594
5.846993348598031
5.911491448197468
5.990989547796906
6.085487647396343
6.19498574699578
6.319483846595219
6.458981946194655
6.613480045794092
6.78297814539353
6.967476244992968
7.166974344592404
7.381472444191844
7.61097054379128
7.855468643390717
8.114966742990154
8.389464842589593
8.678962942189031
5.743614361048754
5.763343083146263
5.798071805243773
5.847800527341281
5.912529249438791
5.9922579715363
6.08698669363381
6.196715415731319
6.321444137828827
6.461172859926336
6.615901582023845
6.785630304121355
6.970359026218864
7.170087748316373
7.384816470413882
7.614545192511392
7.8592739146089
8.11900263670641
8.393731358803919
8.683460080901426
5.743735584431953
5.763706753295859
5.798677922159765
5.84864909102367
5.913620259887576
5.993591428751483
6.088562597615388
6.198533766479294
6.3235049353432
6.463476104207107
6.618447273071013
6.788418441934918
6.973389610798824
7.173360779662731
7.388331948526636
7.618303117390544
7.863274286254448
8.123245455118354
8.398216623982259
8.688187792846165
5.743863023070914
5.764089069212742
5.799315115354571
5.849541161496401
5.914767207638229
5.994993253780057
6.090219299921888
6.200445346063716
6.325671392205544
6.465897438347374
6.621123484489202
6.791349530631031
6.97657557677286
7.176801622914688
7.392027669056517
7.622253715198346
7.867479761340174
8.127705807482002
8.402931853623834
8.693157899765662
5.743996995628615
5.764490986885848
5.79998497814308
5.850478969400312
5.915972960657544
5.996466951914775
6.091960943172007
6.20245493442924
6.327948925686472
6.468442916943705
6.623936908200936
6.794430899458169
6.979924890715401
7.180418881972631
7.395912873229864
7.626406864487095
7.871900855744328
8.13239484700156
8.407888838258792
8.698382829516024
5.744137837106235
5.764913511318706
5.800689185531176
5.851464859743647
5.917240533956117
5.998016208168588
6.093791882381058
6.204567556593529
6.330343230806
6.471118905018471
6.626894579230941
6.797670253443411
6.983445927655882
7.184221601868352
7.399997276080823
7.630772950293293
7.876548624505765
8.137324298718234
8.413099972930706
8.703875647143178
5.744285899680827
5.765357699042482
5.801429498404136
5.852501297765792
5.918573097127446
5.999644896489101
6.095716695850755
6.20678849521241
6.332860294574066
6.473932093935719
6.630003893297374
6.80107569265903
6.987147492020683
7.188219291382339
7.404291090743993
7.635362890105649
7.881434689467302
8.142506488828959
8.418578288190613
8.709650087552266
5.744441553585951
5.765824660757852
5.802207767929755
5.853590875101657
5.919973982273559
6.00135708944546
6.097740196617362
6.209123303789264
6.335506410961167
6.476889518133069
6.63327262530497
6.804655732476872
6.991038839648775
7.192421946820676
7.408805053992578
7.640188161164481
7.886571268336382
8.147954375508284
8.424337482680187
8.715720589852088
5.744605188037445
5.766315564112336
5.803025940187228
5.854736316262119
5.921446692337009
6.003157068411902
6.099867444486792
6.211577820561683
6.338288196636574
6.479998572711465
6.636708948786357
6.808419324861247
6.995129700936138
7.196840077011029
7.41355045308592
7.645260829160812
7.891971205235702
8.153681581310593
8.430391957385485
8.722102333460375
5.744777212206673
5.766831636620019
5.803886061033365
5.855940485446712
5.922994909860058
6.005049334273403
6.102103758686749
6.214158183100096
6.341212607513443
6.483267031926788
6.640321456340134
6.812375880753482
6.999430305166826
7.201484729580173
7.41853915399352
7.650593578406866
7.897648002820212
8.159702427233558
8.436756851646905
8.728811276060249
5.74495805624366
5.767374168730981
5.804790281218301
5.857206393705621
5.924622506192941
6.00703861868026
6.104454731167581
6.216870843654901
6.344286956142223
6.486703068629541
6.644119181116862
6.816535293604182
7.003951406091502
7.206367518578824
7.423783631066143
7.656199743553463
7.903615856040783
8.166031968528104
8.443448081015424
8.735864193502744
5.745148172352696
5.76794451705809
5.805740861763483
5.858537206468875
5.926333551174269
6.009129895879662
6.106926240585055
6.219722585290448
6.34751892999584
6.490315274701234
6.648111619406627
6.82090796411202
7.008704308817413
7.211500653522807
7.4292969982282
7.662093342933592
7.909889687638985
8.172686032344378
8.45048237704977
8.743278721755166
5.745348035923081
5.768544107769245
5.80674017961541
5.859936251461574
5.928132323307738
6.011328395153901
6.109524467000066
6.222720538846231
6.350916610692393
6.494112682538557
6.652308754384721
6.825504826230885
7.013700898077049
7.216896969923212
7.435093041769377
7.668289113615542
7.916485185461705
8.179681257307868
8.457877329154034
8.751073401000198
5.745558146717847
5.76917444015354
5.807790733589234
5.861407027024927
5.93002332046062
6.013639613896314
6.112255907332007
6.225872200767701
6.354488494203395
6.498104787639088
6.656721081074782
6.830337374510474
7.018953667946167
7.222569961381862
7.441186254817555
7.674802548253247
7.923418841688941
8.187035135124633
8.465651428560328
8.759267721996022
5.988172465850983
6.007017397552951
6.040862329254917
6.089707260956883
6.15355219265885
6.232397124360816
6.326242056062783
6.43508698776475
6.558931919466716
6.697776851168683
6.851621782870649
7.020466714572617
7.204311646274583
7.403156577976549
7.617001509678516
7.845846441380482
8.089691373082449
8.348536304784414
8.622381236486383
8.911226168188348
5.988271032782909
6.007313098348726
6.041355163914544
6.09039722948036
6.154439295046178
6.233481360611995
6.327523426177812
6.43656549174363
6.560607557309448
6.699649622875265
6.853691688441082
7.0227337540069
7.206775819572717
7.405817885138534
7.619859950704353
7.848902016270168
8.092944081835988
8.351986147401803
8.62602821296762
8.915070278533438
5.988374653349501
6.007623960048502
6.041873266747502
6.091122573446501
6.155371880145503
6.234621186844503
6.328870493543504
6.438119800242504
6.562369106941505
6.701618413640505
6.855867720339505
7.025117027038506
7.209366333737508
7.408615640436508
7.622864947135508
7.852114253834509
8.09636356053351
8.355612867232511
8.629862173931512
8.919111480630512
5.988483586656149
6.007950759968445
6.04241793328074
6.091885106593037
6.156352279905334
6.235819453217629
6.330286626529926
6.439753799842222
6.564220973154519
6.703688146466816
6.858155319779112
7.027622493091408
7.212089666403704
7.411556839716002
7.626024013028296
7.855491186340593
8.09995835965289
8.359425532965187
8.633892706277482
8.923359879589778
5.988598105092859
6.008294315278579
6.042990525464299
6.092686735650019
6.157382945835738
6.237079156021458
6.331775366207176
6.441471576392896
6.566167786578617
6.705863996764336
6.860560206950054
7.030256417135773
7.214952627321493
7.414648837507213
7.629345047692931
7.859041257878651
8.103737468064374
8.363433678250091
8.638129888435811
8.927826098621528
5.988718495015377
6.00865548504613
6.043592475076884
6.093529465107637
6.158466455138392
6.238403445169145
6.333340435199899
6.443277425230653
6.568214415261406
6.708151405292159
6.863088395322912
7.033025385353666
7.217962375384419
7.417899365415173
7.632836355445927
7.862773345476681
8.107710335507432
8.367647325538186
8.642584315568943
8.932521305599693
5.988845057461214
6.009035172383641
6.04422528730607
6.094415402228497
6.159605517150925
6.239795632073353
6.33498574699578
6.445175861918209
6.570365976840638
6.710556091763063
6.865746206685492
7.035936321607919
7.221126436530348
7.421316551452776
7.636506666375205
7.86669678129763
8.11188689622006
8.372077011142487
8.647267126064916
8.937457240987344
5.988978108902409
6.009434326707227
6.044890544512046
6.095346762316864
6.160802980121682
6.2412591979265
6.336715415731318
6.447171633536136
6.572627851340956
6.713084069145772
6.868540286950592
7.038996504755409
7.224452722560228
7.424908940365047
7.640365158169864
7.870821375974683
8.1162775937795
8.37673381158432
8.652190029389139
8.942646247193956
5.989117982036869
6.009853946110606
6.045589910184344
6.096325874258081
6.16206183833182
6.242797802405557
6.338533766479294
6.449269730553032
6.575005694626769
6.715741658700507
6.871477622774245
7.042213586847983
7.22794955092172
7.428685514995458
7.644421479069196
7.875157443142935
8.12089340721667
8.381629371290408
8.657365335364148
8.948101299437882
5.989265026620286
6.010295079860857
6.046325133101429
6.097355186342
6.163385239582572
6.244415292823144
6.340445346063715
6.451475399304288
6.577505452544859
6.718535505785431
6.874565559026003
7.045595612266574
7.231625665507146
7.432655718747716
7.648685771988289
7.879715825228861
8.125745878469433
8.386775931710002
8.662805984950577
8.953836038191145
5.98941961034071
6.010758831022132
6.047098051703554
6.098437272384976
6.164776493066396
6.246115713747818
6.34245493442924
6.453794155110662
6.580133375792084
6.721472596473505
6.877811817154926
7.049151037836348
7.235490258517769
7.436829479199192
7.653168699880613
7.884507920562035
8.130847141243455
8.392186361924876
8.668525582606298
8.95986480328772
5.989582119737964
6.011246359213891
6.047910598689819
6.099574838165747
6.166239077641674
6.247903317117602
6.34456755659353
6.456231796069458
6.582896035545385
6.724560275021313
6.881224514497239
7.052888753973168
7.239552993449095
7.441217232925023
7.65788147240095
7.889545711876877
8.136209951352805
8.397874190828732
8.674538430304663
8.966202669780587
5.989752961170185
6.011758883510556
6.048764805850928
6.100770728191298
6.167776650531668
6.249782572872039
6.34678849521241
6.458794417552781
6.585800339893153
6.727806262233523
6.884812184573893
7.056818106914264
7.243824029254636
7.445829951595006
7.662835873935379
7.894841796275747
8.141847718616118
8.403853640956491
8.68085956329686
8.972865485637229
5.989932561829944
6.01229768548983
6.049662809149718
6.102027932809604
6.169393056469491
6.251758180129379
6.349123303789265
6.461488427449153
6.58885355110904
6.731218674768925
6.888583798428812
7.0609489220887
7.248314045748586
7.450679169408473
7.668044293068362
7.900409416728246
8.147774540388134
8.410139664048021
8.687504787707908
8.979869911367794
5.990121370812437
6.012864112437311
6.050606854062186
6.10334959568706
6.171092337311935
6.25383507893681
6.351577820561683
6.464320562186558
6.592063303811432
6.734806045436306
6.89254878706118
7.065291528686055
7.253034270310929
7.455777011935804
7.673519753560677
7.906262495185553
8.154005236810425
8.4167479784353
8.694490720060175
8.987233461685049
5.990319860238469
6.013459580715407
6.051599301192344
6.104739021669283
6.172878742146221
6.256018462623159
6.354158183100097
6.467297903577034
6.595437624053972
6.73857734453091
6.896717065007848
7.069856785484785
7.257996505961724
7.461136226438663
7.679275946915599
7.912415667392537
8.160555387869476
8.423695108346413
8.701834828823351
8.994974549300288
5.990528526434993
6.014085579304978
6.052642632174963
6.106199685044947
6.174756737914932
6.258313790784916
6.356870843654902
6.470427896524887
6.598984949394872
6.742542002264855
6.901099055134842
7.074656108004826
7.26321316087481
7.466770213744795
7.685327266614782
7.918884319484766
8.16744137235475
8.430998425224734
8.709555478094721
9.003112530964703
5.990747891176189
6.014743673528566
6.053739455880941
6.107735238233317
6.176731020585694
6.260726802938072
6.359722585290449
6.473718367642824
6.602714149995202
6.746709932347576
6.905705714699955
7.07970149705233
7.268697279404707
7.472693061757083
7.691688844109462
7.925684626461839
8.174680408814215
8.438676191166589
8.717671973518966
9.011667755871343
5.990978502988172
6.015435508964515
6.054892514940858
6.109349520917201
6.178806526893544
6.263263532869887
6.362720538846229
6.477177544822573
6.606634550798915
6.751091556775259
6.910548562751602
7.085005568727944
7.274462574704288
7.47891958068063
7.698376586656973
7.932833592633317
8.18229059860966
8.446747604586001
8.726204610562347
9.020661616538689
5.991220938520593
6.016162815561777
6.056104692602962
6.111046569644147
6.180988446685332
6.265930323726517
6.365872200767701
6.480814077808886
6.61075595485007
6.755697831891255
6.91563970893244
7.090581585973625
7.28052346301481
7.485465340055995
7.705407217097179
7.940349094138363
8.19029097117955
8.455232848220732
8.735174725261919
9.030116602303103
6.268428794631114
6.287786383893343
6.322143973155573
6.371501562417801
6.435859151680029
6.515216740942258
6.609574330204488
6.718931919466717
6.843289508728946
6.982647097991174
7.137004687253402
7.306362276515633
7.49071986577786
7.690077455040089
7.904435044302319
8.133792633564546
8.378150222826775
8.637507812089003
8.911865401351232
9.201222990613461
6.26854050382063
6.28812151146189
6.322702519103149
6.372283526744409
6.436864534385669
6.516445542026928
6.611026549668188
6.720607557309448
6.845188564950709
6.984769572591967
7.139350580233227
7.308931587874487
7.493512595515746
7.693093603157006
7.907674610798265
8.137255618439525
8.381836626080784
8.641417633722046
8.915998641363304
9.205579649004562
6.268657940462767
6.288473821388301
6.323289702313835
6.373105583239369
6.437921464164903
6.517737345090437
6.612553226015971
6.722369106941505
6.84718498786704
6.987000868792574
7.141816749718107
7.31163263064364
7.496448511569175
7.696264392494708
7.911080273420243
8.140896154345777
8.385712035271313
8.645527916196844
8.92034379712238
9.210159678047912
6.268781398210301
6.288844194630904
6.323906991051507
6.37396978747211
6.439032583892711
6.519095380313314
6.614158176733917
6.724220973154519
6.849283769575122
6.989346565995724
7.144409362416327
7.31447215883693
7.499534955257531
7.699597751678135
7.914660548098737
8.144723344519338
8.389786140939943
8.649848937360542
8.924911733781146
9.214974530201749
6.268911185771908
6.289233557315724
6.324555928859539
6.374878300403354
6.44020067194717
6.520523043490986
6.615845415034801
6.726167786578616
6.851490158122432
6.991812529666246
7.147134901210062
7.317457272753878
7.502779644297693
7.703102015841509
7.918424387385325
8.148746758929139
8.394069130472953
8.65439150201677
8.929713873560583
9.220036245104401
6.269047627684093
6.289642883052281
6.325238138420469
6.375833393788656
6.441428649156844
6.522023904525031
6.617619159893218
6.728214415261405
6.853809670629593
6.99440492599778
7.150000181365968
7.320595436734155
7.506190692102343
7.706785947470529
7.922381202838718
8.152976458206904
8.398571713575091
8.659166968943278
8.934762224311466
9.225357479679653
6.269191065122709
6.290073195368127
6.325955325613545
6.376837455858964
6.442719586104382
6.5236017163498
6.619483846595218
6.730365976840637
6.856248107086055
6.997130237331473
7.15301236757689
7.323894497822309
7.509776628067727
7.710658758313146
7.926540888558566
8.157423018803982
8.4033051490494
8.664187279294817
8.940069409540236
9.230951539785655
6.269341856756064
6.290525570268191
6.326709283780319
6.377892997292446
6.444076710804573
6.5252604243167
6.621444137828828
6.732627851340956
6.858811564853083
6.99999527836521
7.156178991877336
7.327362705389465
7.513546418901592
7.71473013241372
7.930913845925847
8.162097559437974
8.4082812729501
8.669464986462229
8.945648699974356
9.236832413486482
6.269500379641785
6.291001138925354
6.327501898208924
6.379002657492493
6.445503416776061
6.527004176059632
6.623504935343201
6.73500569462677
6.861506453910339
7.003007213193909
7.159507972477478
7.331008731761047
7.517509491044618
7.719010250328187
7.935511009611755
8.167011768895325
8.413512528178893
8.675013287462464
8.951514046746032
9.243014806029603
6.269667030169657
6.291501090508972
6.328335150848287
6.3801692111876
6.447003271526915
6.52883733186623
6.625671392205545
6.73750545254486
6.864339512884174
7.006173573223489
7.163007633562803
7.334841693902118
7.521675754241432
7.723509814580747
7.940343874920059
8.172177935259375
8.419011995598691
8.680846055938005
8.95768011627732
9.249514176616634
6.269842225052805
6.292026675158417
6.329211125264028
6.381395575369639
6.44858002547525
6.53076447558086
6.627948925686472
6.740133375792083
6.867317825897695
7.009502276003306
7.166686726108917
7.338871176214528
7.526055626320139
7.72824007642575
7.945424526531363
8.177608976636973
8.424793426742584
8.686977876848196
8.964162326953808
9.256346777059417
6.270026402369692
6.292579207109077
6.330132011848463
6.382684816587846
6.450237621327231
6.532790426066615
6.630343230806
6.742896035545384
6.870448840284769
7.013001645024154
7.170554449763539
7.343107254502923
7.530660059242308
7.733212863981692
7.950765668721079
8.183318473460464
8.430871278199847
8.693424082939231
8.970976887678617
9.263529692418
6.270220022659543
6.29316006797863
6.331100113297717
6.384040158616804
6.451980203935892
6.534920249254979
6.632860294574066
6.745800339893153
6.873740385212239
7.016680430531326
7.174620475850412
7.3475605211695
7.535500566488587
7.738440611807675
7.956380657126761
8.189320702445848
8.437260747764935
8.70020079308402
8.978140838403109
9.271080883722195
6.270423570073936
6.293770710221809
6.33211785036968
6.385464990517552
6.453812130665423
6.537159270813294
6.635506410961167
6.748853551109039
6.877200691256911
7.020547831404783
7.178894971552655
7.352242111700527
7.540589251848398
7.74393639199627
7.962283532144144
8.195630672292015
8.443977812439886
8.707324952587758
8.98567209273563
9.279019232883501
6.270637553587429
6.294412660762286
6.333187767937144
6.386962875112002
6.455737982286859
6.539513089461717
6.638288196636574
6.752063303811431
6.880838410986291
7.024613518161146
7.183388625336004
7.357163732510863
7.54593883968572
7.749713946860578
7.968489054035437
8.202264161210294
8.45103926838515
8.714814375560007
8.993589482734865
9.287364589909723
6.270862508270265
6.295087524810794
6.334312541351324
6.388537557891854
6.457762574432383
6.541987590972913
6.641212607513443
6.755437624053973
6.884662640594502
7.028887657135032
7.188112673675562
7.362337690216091
7.55156270675662
7.755787723297149
7.97501273983768
8.20923775637821
8.458462772918736
8.722687789459268
9.001912805999801
9.296137822540329
6.271098996626324
6.295796989878975
6.335494983131625
6.390192976384274
6.459890969636923
6.544588962889573
6.644286956142222
6.758984949394872
6.888682942647522
7.033380935900171
7.193078929152821
7.36777692240547
7.557474915658119
7.762172908910768
7.981870902163418
8.216568895416069
8.466266888668718
8.730964881921366
9.010662875174017
9.305360868426666
6.271347609999681
6.296542829999041
6.336738049998401
6.391933269997761
6.46212848999712
6.547323709996481
6.64751892999584
6.762714149995202
6.892909369994562
7.038104589993921
7.198299809993283
7.373495029992642
7.563690249992002
7.768885469991361
7.989080689990723
8.224275909990084
8.474471129989443
8.739666349988802
9.019861569988164
9.315056789987525
6.271608970053261
6.297326910159784
6.338044850266305
6.393762790372827
6.46448073047935
6.550198670585872
6.650916610692394
6.766634550798917
6.897352490905439
7.043070431011961
7.203788371118483
7.379506311225004
7.570224251331528
7.775942191438049
7.996660131544572
8.232378071651091
8.483096011757617
8.748813951864136
9.02953189197066
9.325249832077182
6.271883730323339
6.298151190970014
6.339418651616691
6.395686112263366
6.466953572910043
6.553221033556719
6.654488494203394
6.77075595485007
6.902023415496747
7.048290876143422
7.209558336790097
7.385825797436774
7.57709325808345
7.783360718730128
8.004628179376803
8.24089564002348
8.492163100670155
8.758430561316832
9.039698021963506
9.335965482610181
6.583685123411246
6.603555370233736
6.638425617056227
6.688295863878719
6.753166110701209
6.833036357523699
6.927906604346191
7.037776851168683
7.162647097991174
7.302517344813665
7.457387591636155
7.627257838458647
7.812128085281136
8.011998332103628
8.226868578926119
8.45673882574861
8.701609072571101
8.961479319393593
9.236349566216083
9.526219813038573
6.583809974858351
6.603929924575052
6.639049874291755
6.689169824008457
6.754289773725159
6.83440972344186
6.929529673158562
7.039649622875266
7.164769572591966
7.304889522308669
7.460009472025371
7.630129421742073
7.815249371458775
8.015369321175477
8.230489270892178
8.460609220608882
8.705729170325583
8.965849120042282
9.240969069758986
9.531089019475688
6.583941227576033
6.604323682728101
6.639706137880168
6.690088593032235
6.755471048184304
6.83585350333637
6.931235958488439
7.041618413640506
7.167000868792572
7.30738332394464
7.462765779096706
7.633148234248774
7.818530689400841
8.018913144552911
8.234295599704977
8.464678054857046
8.710060510009111
8.97044296516118
9.245825420313247
9.536207875465315
6.584079209764454
6.604737629293362
6.640396048822272
6.69105446835118
6.75671288788009
6.837371307408997
6.933029726937907
7.043688146466816
7.169346565995724
7.310004985524633
7.465663405053542
7.636321824582449
7.821980244111359
8.022638663640269
8.238297083169176
8.468955502698083
8.714613922226995
8.975272341755904
9.25093076128481
9.54158918081372
6.584224266450954
6.605172799352868
6.641121332254778
6.692069865156689
6.758018398058602
6.838966930960513
6.934915463862424
7.045863996764336
7.171812529666247
7.312761062568158
7.468709595470068
7.63965812837198
7.825606661273891
8.026555194175803
8.242503727077715
8.473452259979627
8.719400792881537
8.98034932578345
9.256297858685359
9.547246391587272
6.58437676035281
6.605630281058431
6.641883801764052
6.693137322469674
6.759390843175295
6.840644363880916
6.936897884586537
7.048151405292158
7.174404925997781
7.315658446703402
7.471911967409023
7.643165488114644
7.829419008820266
8.030672529525887
8.246926050231508
8.478179570937129
8.724433091642751
8.985686612348371
9.261940133053994
9.553193653759614
6.584537072784204
6.606111218352612
6.642685363921021
6.694259509489429
6.760833655057837
6.842407800626248
6.938981946194656
7.050556091763064
7.177130237331472
7.318704382899881
7.475278528468289
7.646852674036697
7.833426819605106
8.035000965173516
8.251575110741925
8.483149256310334
8.729723401878742
8.991297547447148
9.267871693015559
9.559445838583965
6.584705604609718
6.606616813829154
6.64352802304859
6.695439232268027
6.762350441487463
6.8442616507069
6.941172859926336
7.053084069145774
7.17999527836521
7.321906487584647
7.478817696804082
7.650728906023518
7.837640115242954
8.039551324462391
8.256462533681828
8.488373742901263
8.735284952120701
8.997196161340138
9.274107370559577
9.56601857977901
6.584882777246701
6.607148331740101
6.644413886233502
6.696679440726903
6.763944995220305
6.846210549713705
6.943476104207106
7.055741658700508
7.183007213193909
7.325272767687309
7.48253832218071
7.654803876674113
7.842069431167513
8.044334985660914
8.261600540154316
8.493866094647716
8.741131649141117
9.003397203634517
9.280662758127921
9.572928312621322
6.585069033719028
6.607707101157087
6.645345168595144
6.697983236033203
6.765621303471258
6.848259370909316
6.945897438347373
7.05853550578543
7.186173573223488
7.328811640661547
7.486449708099603
7.65908777553766
7.846725842975718
8.049363910413776
8.267001977851834
8.49964004528989
8.747278112727948
9.009916180166005
9.287554247604064
9.580192315042119
6.5852648397649
6.6082945192947
6.646324198824502
6.699353878354302
6.767383557884102
6.850413237413903
6.948442916943703
7.061472596473505
7.189502276003306
7.332531955533106
7.490561635062908
7.663591314592709
7.851620994122508
8.05465067365231
8.27268035318211
8.50571003271191
8.75373971224171
9.016769391771511
9.294799071301313
9.587828750831115
6.58547068500142
6.608912055004262
6.647353425007105
6.700794795009946
6.769236165012787
6.852677535015629
6.951118905018472
7.064560275021312
7.193001645024154
7.336443015026997
7.494884385029838
7.668325755032679
7.856767125035522
8.060208495038363
8.278649865041205
8.512091235044046
8.760532605046889
9.02397397504973
9.30241534505257
9.595856715055412
6.585687084148901
6.609561252446705
6.648435420744507
6.702309589042311
6.771183757340113
6.855057925637917
6.95393209393572
7.067806262233524
7.196680430531326
7.340554598829129
7.499428767126932
7.673302935424735
7.862177103722536
8.066051272020342
8.284925440318146
8.518799608615947
8.76767377691375
9.031547945211555
9.310422113509354
9.604296281807159
6.585914578317928
6.610243734953785
6.649572891589641
6.703902048225499
6.773231204861355
6.857560361497212
6.956889518133068
7.071218674768925
7.200547831404783
7.344876988040639
7.504206144676496
7.678535301312353
7.867864457948209
8.072193614584066
8.291522771219922
8.525851927855781
8.775181084491637
9.039510241127493
9.318839397763352
9.613168554399207
6.586153736362421
6.610961209087261
6.650768681812103
6.705576154536944
6.775383627261784
6.860191099986624
6.959998572711465
7.074806045436307
7.204613518161147
7.349420990885987
7.509228463610829
7.684035936335668
7.873843409060511
8.07865088178535
8.298458354510192
8.533265827235034
8.783073299959874
9.047880772684712
9.327688245409554
9.622495718134395
6.58640515630206
6.611715468906182
6.652025781510304
6.707336094114424
6.777646406718546
6.862956719322667
6.963267031926788
7.07857734453091
7.208887657135032
7.354197969739152
7.514508282343274
7.689818594947395
7.880128907551518
8.085439220155639
8.305749532759762
8.541059845363881
8.791370157968004
9.056680470572124
9.336990783176244
9.632301095780365
6.586669466817656
6.61250840045297
6.653347334088286
6.7091862677236
6.780025201358913
6.865864134994228
6.966703068629542
7.082542002264857
7.213380935900171
7.359219869535485
7.5200588031708
7.695897736806112
7.886736670441428
8.092575604076742
8.313414537712056
8.54925347134737
8.800092404982683
9.065931338618
9.346770272253313
9.642609205888625
6.586947328823172
6.613341986469516
6.654736644115859
6.711131301762203
6.782525959408547
6.86892061705489
6.970315274701234
7.086709932347578
7.218104589993921
7.364499247640265
7.525893905286609
7.702288562932953
7.893683220579296
8.10007787822564
8.321472535871983
8.557867193518328
8.809261851164671
9.075656508811011
9.357051166457357
9.653445824103702
6.58723943711835
6.614218311355051
6.656197185591752
6.713176059828454
6.785154934065155
6.872133808301856
6.974112682538558
7.091091556775259
7.223070431011959
7.370049305248662
7.532028179485362
7.709007053722063
7.900985927958764
8.107964802195468
8.329943676432167
8.566922550668869
8.818901424905569
9.085880299142271
9.367859173378971
9.664838047615671
6.587546522126083
6.615139566378251
6.657732610630418
6.715325654882585
6.787918699134752
6.875511743386921
6.978104787639086
7.095697831891255
7.228290876143424
7.375883920395591
7.538476964647758
7.716070008899924
7.908663053152091
8.116256097404259
8.338849141656427
8.576442185908595
8.829035230160763
9.096628274412929
9.379221318665095
9.676814362917263
6.933941452191376
6.95432435657413
6.989707260956884
7.040090165339636
7.105473069722388
7.185855974105142
7.281238878487896
7.391621782870651
7.517004687253402
7.657387591636155
7.812770496018907
7.983153400401663
8.168536304784416
8.368919209167167
8.584302113549922
8.814685017932675
9.060067922315429
9.320450826698181
9.595833731080937
9.886216635463688
6.934079445896073
6.954738337688216
6.99039722948036
7.041056121272506
7.106715013064649
7.187373904856794
7.283032796648938
7.393691688441082
7.519350580233227
7.660009472025371
7.815668363817515
7.986327255609659
8.171986147401803
8.372645039193948
8.588303930986093
8.818962822778236
9.06462171457038
9.325280606362524
9.600939498154668
9.891598389946813
6.934224514689301
6.955173544067902
6.991122573446503
7.042071602825104
7.108020632203703
7.188969661582305
7.284918690960906
7.395867720339506
7.521816749718107
7.662765779096707
7.818714808475308
7.98966383785391
8.175612867232511
8.37656189661111
8.592510925989711
8.823459955368314
9.069408984746913
9.330358014125515
9.606307043504113
9.897256072882717
6.934377021318609
6.955631063955822
6.991885106593037
7.043139149230251
7.109393191867468
7.190647234504681
7.286901277141897
7.398155319779111
7.524409362416325
7.665663405053541
7.821917447690756
7.993171490327972
8.179425532965187
8.3806795756024
8.596933618239616
8.828187660876832
9.074441703514047
9.335695746151259
9.611949788788476
9.903203831425692
6.934537347130004
6.956112041390011
6.992686735650018
7.044261429910026
7.110836124170032
7.192410818430041
7.288985512690047
7.400560206950054
7.527134901210062
7.668709595470069
7.825284289730076
7.996858983990084
8.18343367825009
8.3850083725101
8.601583066770104
8.833157761030112
9.07973245529012
9.341307149550126
9.617881843810132
9.909456538070142
6.934705893021528
6.956617679064584
6.993529465107637
7.045441251150692
7.112353037193747
7.194264823236802
7.291176609279858
7.403088395322912
7.530000181365968
7.671911967409022
7.828823753452076
8.000735539495132
8.187647325538187
8.389559111581242
8.606470897624298
8.838382683667355
9.085294469710409
9.347206255753463
9.624118041796518
9.916029827839571
6.9348830804457
6.957149241337099
6.994415402228497
7.046681563119895
7.113947724011295
7.196213884902694
7.293480045794093
7.405746206685492
7.533012367576891
7.67527852846829
7.832544689359688
8.004810850251086
8.192077011142487
8.394343172033885
8.611609332925285
8.843875493816684
9.091141654708082
9.353407815599478
9.630673976490879
9.92294013738228
6.935069352463374
6.957708057390118
6.995346762316863
7.047985467243609
7.115624172170355
7.198262877097101
7.295901582023845
7.408540286950592
7.536178991877337
7.678817696804082
7.836456401730828
8.009095106657572
8.19673381158432
8.399372516511065
8.61701122143781
8.849649926364556
9.097288631291303
9.359927336218044
9.63756604114479
9.930204746071539
6.935265174851617
6.958295524554849
6.996325874258082
7.049356223961315
7.117386573664548
7.200416923367781
7.298447273071012
7.411477622774246
7.539507972477478
7.682538322180712
7.840568671883946
8.013599021587176
8.201629371290409
8.404659720993644
8.622690070696876
8.855720420400107
9.103750770103339
9.366781119806571
9.644811469509806
9.937841819213039
6.935471037268401
6.9589131118052
6.997355186342001
7.050797260878802
7.119239335415601
7.202681409952403
7.301123484489203
7.414565559026002
7.543007633562803
7.686449708099603
7.844891782636404
8.018333857173204
8.206775931710006
8.410218006246804
8.628660080783607
8.862102155320406
9.110544229857203
9.373986304394005
9.652428378930807
9.945870453467608
6.935687454476994
6.959562363430985
6.998437272384976
7.052312181338966
7.121187090292955
7.205061999246945
7.303936908200935
7.417811817154926
7.546686726108916
7.690561635062908
7.849436544016898
8.023311452970887
8.212186361924877
8.416061270878869
8.634936179832859
8.868811088786849
9.117685997740837
9.38156090669483
9.660435815648817
9.954310724602809
6.935914967633149
6.960244902899447
6.999574838165746
7.053904773432046
7.123234708698345
7.207564643964644
7.306894579230942
7.42122451449724
7.55055444976354
7.694884385029838
7.854214320296136
8.028544255562434
8.217874190828734
8.422204126095032
8.641534061361332
8.875863996627629
9.125193931893929
9.389523867160229
9.668853802426527
9.963183737692825
6.93615414563826
6.960962436914778
7.000770728191299
7.055579019467817
7.125387310744335
7.210195602020855
7.310003893297373
7.424812184573893
7.554620475850412
7.699428767126931
7.859237058403451
8.034045349679969
8.22385364095649
8.428661932233009
8.648470223509529
8.883278514786046
9.133086806062565
9.397895097339086
9.677703388615605
9.972511679892122
6.936405586561921
6.961716759685762
7.002027932809606
7.057339105933446
7.127650279057287
7.21296145218113
7.313272625304971
7.428583798428813
7.558894971552656
7.704206144676497
7.864517317800336
8.03982849092418
8.230139664048021
8.435450837171862
8.655762010295703
8.891073183419547
9.141384356543387
9.40669552966723
9.687006702791074
9.982317875914912
6.936669919137412
6.962509757412237
7.003349595687061
7.059189433961885
7.130029272236708
7.215869110511532
7.316708948786356
7.432548787061181
7.563388625336004
7.709228463610828
7.870068301885651
8.045908140160476
8.2367479784353
8.442587816710123
8.663427654984947
8.899267493259774
9.150107331534596
9.415947169809421
9.696787008084245
9.99262684635907
6.936947804333856
6.963343413001571
7.004739021669283
7.061134630336996
7.132530239004709
7.218925847672422
7.320321456340134
7.436717065007846
7.568112673675563
7.714508282343273
7.875903891010986
8.052299499678698
8.243695108346413
8.450090717014124
8.671486325681839
8.907881934349554
9.159277543017266
9.425673151684977
9.707068760352691
10.0034643690204
6.93723993700899
6.964219811026968
7.006199685044947
7.063179559062926
7.135159433080905
7.222139307098884
7.324119181116862
7.441099055134842
7.573078929152821
7.720058803170799
7.882038677188777
8.059018551206755
8.250998425224736
8.457978299242715
8.679958173260694
8.916938047278673
9.168917921296652
9.435897795314629
9.717877669332609
10.01485754335059
6.937547047646665
6.965141142939991
7.007735238233318
7.065329333526646
7.137923428819972
7.225517524113299
7.328111619406627
7.445705714699954
7.578299809993283
7.725893905286608
7.888488000579937
8.066082095873263
8.25867619116659
8.466270286459919
8.688864381753245
8.926458477046571
9.1790525723399
9.446646667633228
9.729240762926555
10.02683485821988
6.937869904183441
6.96610971255032
7.009349520917201
7.067589329284082
7.140829137650961
7.229068946017842
7.332308754384723
7.450548562751602
7.583788371118483
7.732028179485362
7.895267987852243
8.073507796219124
8.266747604586005
8.474987412952885
8.698227221319764
8.936467029686645
9.189706838053523
9.457946646420407
9.741186454787284
10.03942626315417
6.93820931392883
6.967127941786488
7.011046569644147
7.069965197501806
7.143883825359465
7.232802453217123
7.336721081074781
7.455639708932441
7.5895583367901
7.738476964647757
7.902395592505416
8.081314220363076
8.275232848220734
8.484151476078392
8.708070103936052
8.946988731793709
9.200907359651369
9.469825987509026
9.753744615366683
10.05266324322434
7.319197780971507
7.340093342914524
7.375988904857538
7.426884466800553
7.492780028743569
7.573675590686585
7.6695711526296
7.780466714572616
7.906362276515631
8.047257838458645
8.203153400401661
8.374048962344677
8.55994452428769
8.760840086230708
8.976735648173724
9.207631210116739
9.453526772059753
9.714422334002768
9.990317895945783
10.2812134578888
7.319348916933794
7.34054675080138
7.376744584668967
7.427942418536553
7.494140252404138
7.575338086271727
7.671535920139313
7.7827337540069
7.908931587874486
8.050129421742074
8.206327255609661
8.377525089477249
8.563722923344834
8.764920757212419
8.981118591080005
9.212316424947595
9.458514258815178
9.719712092682766
9.995909926550352
10.28710776041794
7.319507801802567
7.341023405407702
7.377539009012835
7.42905461261797
7.495570216223104
7.577085819828238
7.673601423433372
7.785117027038505
7.91163263064364
8.053148234248777
8.20966383785391
8.381179441459043
8.567695045064179
8.769210648669311
8.985726252274446
9.21724185587958
9.463757459484714
9.725273063089849
10.00178866669498
10.29330427030012
7.319674832872762
7.341524498618281
7.378374164363803
7.430223830109324
7.497073495854846
7.578923161600366
7.675772827345886
7.787622493091408
7.914472158836929
8.056321824582451
8.213171490327969
8.385021156073492
8.571870821819013
8.773720487564534
8.990570153310056
9.222419819055578
9.469269484801098
9.731119150546618
10.00796881629214
10.29981848203766
7.31985042780905
7.342051283427154
7.37925213904526
7.431452994663362
7.498653850281464
7.580854705899569
7.67805556151767
7.790256417135774
7.917457272753878
8.059658128371982
8.216858983990084
8.389059839608187
8.576260695226289
8.778461550844392
8.995662406462495
9.2278632620806
9.475064117698704
9.737264973316808
10.01446582893491
10.30666668455301
7.320035025690245
7.342605077070734
7.380175128451223
7.432745179831711
7.500315231212199
7.582885282592689
7.680455333973176
7.793025385353667
7.920595436734154
8.063165488114645
8.220735539495131
8.393305590875622
8.58087564225611
8.783445693636599
9.001015745017087
9.233585796397577
9.481155847778066
9.743725899158552
10.02129595053904
10.31386600191953
7.320229088107194
7.343187264321583
7.381145440535973
7.434103616750361
7.502061792964751
7.585019969179141
7.68297814539353
7.79593632160792
7.923894497822308
8.066852674036699
8.224810850251085
8.397769026465477
8.585727202679866
8.788685378894256
9.006643555108646
9.239601731323035
9.487559907537424
9.750518083751814
10.0284762599662
10.32143443618059
7.320433100317027
7.343799300951081
7.382165501585137
7.43553170221919
7.503897902853245
7.587264103487302
7.685630304121355
7.79899650475541
7.927362705389465
8.070728906023518
8.229095106657573
8.402461307291627
8.590827507925683
8.794193708559737
9.01255990919379
9.245926109827847
9.494292310461901
9.757658511095958
10.03602471173001
10.32939091236407
7.320647572456531
7.344442717369596
7.38323786228266
7.437033007195726
7.505828152108791
7.589623297021854
7.688418441934918
7.802213586847984
7.931008731761048
8.074803876674114
8.233599021587176
8.407394166500239
8.596189311413305
8.799984456326371
9.018779601239434
9.252574746152499
9.501369891065561
9.765165035978624
10.04396018089169
10.33775532580475
7.32087304081777
7.345119122453315
7.384365204088859
7.4386112857244
7.507857367359945
7.592103448995489
7.691349530631031
7.805595612266576
7.934841693902117
8.079087775537662
8.238333857173203
8.412579938808747
8.601826020444291
8.806072102079833
9.025318183715378
9.259564265350919
9.508810346986465
9.773056428622006
10.05230251025755
10.34654859189309
7.321110069189089
7.34583020756727
7.38555034594545
7.44027048432363
7.509990622701809
7.594710761079988
7.694430899458167
7.809151037836348
7.938871176214529
8.083591314592709
8.243311452970886
8.418031591349067
8.607751729727246
8.812471868105426
9.032192006483607
9.266912144861786
9.516632283239964
9.781352421618147
10.06107255999633
10.3557926983745
7.321359250264877
7.346577750794633
7.386796251324389
7.442014751854146
7.512233252383901
7.597451752913657
7.697670253443412
7.812888753973168
7.943107254502922
8.088325755032681
8.248544255562434
8.42376275609219
8.613981256621948
8.819199757151701
9.039418257681458
9.274636758211212
9.524855258740969
9.790073759270724
10.07029225980048
10.36551076033024
7.321621207127617
7.347363621382852
7.388106035638088
7.443848449893324
7.514590864148559
7.600333278403795
7.70107569265903
7.816818106914265
7.947560521169499
8.093302935424735
8.25404534967997
8.429787763935206
8.620530178190441
8.826272592445676
9.047015006700914
9.282757420956145
9.53349983521138
9.799242249466618
10.07998466372185
10.37572707797709
7.321896594805914
7.348189784417741
7.389482974029566
7.445776163641392
7.517069353253218
7.603362542865046
7.704655732476871
7.820948922088699
7.952242111700527
8.098535301312353
8.25982849092418
8.436121680536004
8.627414870147835
8.833708059759658
9.055001249371486
9.291294438983311
9.54258762859514
9.808880818206966
10.09017400781879
10.38646719743062
7.322186101912403
7.349058305737211
7.390930509562018
7.447802713386825
7.519674917211633
7.606547121036439
7.708419324861246
7.825291528686055
7.957163732510864
8.10403593633567
8.265908140160477
8.442780343985284
8.634652547810092
8.841524751634898
9.063396955459707
9.300269159284511
9.552141363109321
9.819013566934128
10.10088577075893
10.39775797458374
7.322490452365653
7.349971357096958
7.392452261828262
7.449933166559566
7.522414071290871
7.609894976022176
7.712375880753481
7.829856785484784
7.962337690216091
8.109818594947395
8.2722994996787
8.449780404410005
8.642261309141311
8.849742213872613
9.072223118603919
9.309704023335225
9.562184928066529
9.829665832797833
10.11214673752914
10.40962764226044
7.322810407200322
7.350931221600964
7.394052036001609
7.452172850402253
7.525293664802897
7.61341447920354
7.716535293604181
7.834656108004825
7.96777692240547
8.115897736806112
8.279018551206757
8.4571393656074
8.650260180008043
8.858380994408686
9.081501808809332
9.319622623209975
9.572743437610619
9.840864252011263
10.1239850664119
10.42210588081255
7.323146766470154
7.351940299410465
7.395733832350776
7.454527365291087
7.528320898231398
7.617114431171708
7.72090796411202
7.839701497052331
7.973495029992642
8.122288562932951
8.286082095873265
8.464875628813573
8.658669161753885
8.867462694694197
9.091256227634506
9.330049760574816
9.583843293515129
9.85263682645544
10.13643035939575
10.43522389233606
7.32350037124853
7.35300111374559
7.397501856242648
7.457002598739708
7.531503341236767
7.621004083733826
7.725504826230884
7.845005568727945
7.979506311225006
8.129007053722065
8.293507796219124
8.473008538716183
8.667509281213244
8.8770100237103
9.101510766207362
9.341011508704419
9.595512251201479
9.865012993698537
10.1495137361956
10.44901447869266
7.323872105731574
7.354116317194727
7.399360528657875
7.459604740121025
7.534848951584175
7.625093163047326
7.730337374510476
7.850581585973624
7.985825797436774
8.136070008899924
8.301314220363075
8.481558431826224
8.676802643289376
8.887046854752523
9.112291066215676
9.352535277678825
9.607779489141972
9.878023700605127
10.16326791206827
10.46351212353142
7.739454109751637
7.760862329254916
7.797270548758194
7.848678768261471
7.91508698776475
7.996495207268026
8.092903426771306
8.204311646274583
8.33071986577786
8.472128085281138
8.628536304784415
8.799944524287692
8.98635274379097
9.187760963294247
9.404169182797528
9.635577402300804
9.88198562180408
10.14339384130736
10.41980206081064
10.71121028031391
7.739618387971514
7.761355163914542
7.798091939857573
7.8498287158006
7.916565491743629
7.998302267686659
8.09503904362969
8.206775819572716
8.333512595515746
8.475249371458775
8.631986147401802
8.803722923344832
8.990459699287861
9.19219647523089
9.40893325117392
9.640670027116949
9.887406803059978
10.149143579003
10.42588035494603
10.71761713088907
7.739791088915835
7.7618732667475
7.798955444579169
7.851037622410837
7.918119800242504
8.000201978074172
8.097284155905839
8.209366333737506
8.336448511569175
8.478530689400843
8.63561286723251
8.807695045064179
8.994777222895845
9.196859400727513
9.413941578559182
9.64602375639085
9.893105934222515
10.15518811205418
10.43227028988585
10.72435246771752
7.739972644426913
7.762417933280742
7.799863222134569
7.852308510988396
7.919753799842224
8.002199088696051
8.099644377549877
8.212089666403704
8.339534955257532
8.481980244111359
8.639425532965184
8.811870821819017
8.99931611067284
9.201761399526667
9.419206688380495
9.651651977234323
9.899097266088148
10.16154255494198
10.4389878437958
10.73143313264963
7.7401635084881
7.762990525464298
7.800817542440496
7.853644559416698
7.921471576392896
8.004298593369095
8.102125610345295
8.214952627321493
8.342779644297693
8.485606661273895
8.643433678250091
8.816260695226291
9.004087712202489
9.206914729178688
9.424741746154886
9.657568763131087
9.905395780107286
10.16822279708348
10.44604981405968
10.73887683103588
7.740364158358961
7.763592475076882
7.801820791794807
7.855049108512729
7.923277425230651
8.006505741948574
8.104734058666496
8.217962375384419
8.346190692102343
8.489419008820267
8.647647325538184
8.820875642256109
9.009103958974034
9.212332275691955
9.430560592409877
9.663788909127799
9.912017225845723
10.17524554256364
10.45347385928157
10.74670217599949
7.74057509576869
7.76422528730607
7.802875478843449
7.856525670380828
7.925175861918207
8.008826053455589
8.107476244992968
8.221126436530348
8.349776628067728
8.493426819605107
8.652077011142485
8.825727202679865
9.014377394217245
9.218027585754626
9.436677777292005
9.670327968829387
9.918978160366764
10.18262835190414
10.46127854344152
10.7549287349789
7.740796848170682
7.764890544512046
7.80398424085341
7.858077937194772
7.927171633536136
8.011265329877501
8.110359026218863
8.224452722560228
8.353546418901592
8.497640115242953
8.656733811584319
8.830827507925681
9.019921204267046
9.224014900608411
9.443108596949775
9.67720229329114
9.926295989632504
10.19038968597387
10.46948338231523
10.76357707865659
7.741029970061449
7.765589910184343
7.80514985030724
7.859709790430136
7.929269730553033
8.013829670675928
8.113389610798823
8.227949550921721
8.357509491044619
8.502069431167515
8.661629371290408
8.836189311413305
9.025749251536201
9.230309191659096
9.449869131781995
9.684429071904887
9.933989012027784
10.19854895215068
10.47810889227358
10.77266883239647
7.741275044367143
7.766325133101429
7.806375221835714
7.861425310570001
7.931475399304288
8.016525488038575
8.11657557677286
8.231625665507146
8.361675754241434
8.506725842975719
8.666775931710005
8.841826020444291
9.031876109178576
9.236926197912865
9.45697628664715
9.692026375381433
9.942076464115722
10.20712655285001
10.48717664158429
10.78222673031858
7.741532683901185
7.767098051703553
7.807663419505923
7.863228787308293
7.933794155110661
8.019359522913032
8.119924890715398
8.235490258517771
8.366055626320138
8.511620994122509
8.672186361924879
8.847751729727246
9.038317097529614
9.243882465331986
9.464447833134352
9.700013200936722
9.950578568739093
10.21614393654146
10.49670930434383
10.7922746721462
7.741803532896606
7.767910598689819
7.809017664483032
7.865124730276245
7.936231796069457
8.022338861862668
8.123445927655883
8.239552993449095
8.370660059242308
8.516767125035521
8.677874190828733
8.853981256621946
9.045088322415156
9.251195388208371
9.472302454001586
9.708409519794797
9.959516585588009
10.22562365138122
10.50673071717444
10.80283778296765
7.742088268616976
7.768764805850926
7.810441343084879
7.867117880318831
7.938794417552781
8.025470954786732
8.127147492020685
8.243824029254633
8.375500566488586
8.522177103722537
8.683853640956489
8.860530178190439
9.052206715424393
9.258883252658343
9.480559789892293
9.717236327126248
9.968912864360199
10.23558940159415
10.5172659388281
10.81394247606205
7.742387603049905
7.769662809149718
7.811938015249527
7.869213221349339
7.941488427449151
8.028763633548962
8.131038839648774
8.248314045748586
8.380589251848397
8.52786445794821
8.690139664048022
8.867414870147829
9.059690076247641
9.266965282347456
9.489240488447265
9.726515694547077
9.978790900646889
10.2460661067467
10.52834131284651
10.82561651894633
7.742702284687395
7.770606854062185
7.813511423436975
7.871415992811766
7.944320562186556
8.032225131561347
8.135129700936137
8.253034270310929
8.385938839685721
8.533843409060511
8.696747978435301
8.87465254781009
9.067557117184883
9.27546168655967
9.498366255934462
9.736270825309251
9.989175394684043
10.25707996405884
10.53998453343363
10.83788910280841
7.743033100397448
7.771599301192345
7.815165501987241
7.873731702782139
7.947297903577034
8.03586410437193
8.139430305166826
8.257996505961723
8.391562706756622
8.540128907551516
8.703695108346414
8.88226130914131
9.075827509936207
9.284393710731102
9.507959911525997
9.746526112320895
10.00009231311579
10.26865851391069
10.55222471470558
10.85079091550048
7.743380877391653
7.772642632174962
7.816904386958271
7.876166141741578
7.950427896524887
8.039689651308194
8.143951406091503
8.263213160874807
8.397474915658119
8.546736670441428
8.710998425224734
8.890260180008042
9.084521934791351
9.293783689574658
9.518045444357966
9.757307199141277
10.01156895392458
10.28083070870789
10.5650924634912
10.86435421827451
7.743746485293647
7.773739455880941
7.818732426468237
7.878725397055531
7.953718367642825
8.043711338230118
8.148704308817413
8.268697279404709
8.403690249992003
8.553683220579297
8.71867619116659
8.898669161753885
9.09366213234118
9.303655102928474
9.528648073515768
9.768641044103063
10.02363401469036
10.29362698527765
10.57861995586494
10.87861292645224
7.74413083831362
7.774892514940857
7.820654191568096
7.881415868195335
7.957177544822573
8.047939221449811
8.15370089807705
8.274462574704287
8.410224251331528
8.560985927958765
8.726747604586002
8.907509281213242
9.103270957840477
9.314032634467717
9.539794311094958
9.780555987722195
10.03631766434943
10.30707934097667
10.59284101760391
10.89360269423115
7.74453489753432
7.776104692602962
7.822674487671604
7.884244282740243
7.960814077808886
8.052383872877527
8.158953667946168
8.280523463014811
8.417093258083453
8.56866305315209
8.735232848220733
8.916802643289373
9.113372438358015
9.324942233426658
9.551512028495299
9.793081823563938
10.04965161863258
10.32122141370122
10.60779120876986
10.90936100383851
8.194710438531772
8.216631315595309
8.25355219265885
8.305473069722389
8.37239394678593
8.454314823849471
8.55123570091301
8.663156577976549
8.790077455040089
8.93199833210363
9.088919209167171
9.260840086230708
9.447760963294247
9.649681840357788
9.866602717421326
10.09852359448487
10.34544447154841
10.60736534861195
10.88428622567549
11.17620710273903
8.194887859009237
8.217163577027708
8.254439295046177
8.306715013064652
8.373990731083122
8.456266449101594
8.553542167120064
8.665817885138534
8.793093603157006
8.935369321175475
9.092645039193949
9.264920757212419
9.45219647523089
9.654472193249362
9.871747911267835
10.1040236292863
10.35129934730477
10.61357506532325
10.89085078334172
11.18312650136019
8.195074376029103
8.217723128087302
8.255371880145503
8.308020632203704
8.375669384261904
8.458318136320106
8.555966888378309
8.668615640436506
8.796264392494709
8.938913144552911
9.096561896611112
9.269210648669311
9.456859400727517
9.659508152785715
9.877156904843918
10.10980565690212
10.35745440896032
10.62010316101852
10.89775191307672
11.19040066513492
8.195270455981067
8.218311367943199
8.256352279905332
8.309393191867464
8.377434103829598
8.460475015791733
8.558515927753866
8.671556839716001
8.799597751678135
8.942638663640267
9.100679575602399
9.273720487564534
9.461761399526669
9.664802311488799
9.882843223450934
10.11588413541307
10.3639250473752
10.62696595933734
10.90500687129947
11.1980477832616
8.195476589167148
8.218929767501443
8.257382945835738
8.310836124170033
8.379289302504327
8.462742480838624
8.561195659172917
8.674648837507215
8.80310201584151
8.946555194175803
9.105008372510095
9.278461550844396
9.46691472917869
9.670367907512983
9.888821085847278
10.12227426418157
10.37072744251587
10.63418062085016
10.91263379918446
11.20608697751875
8.195693291027679
8.219579873083035
8.258466455138391
8.312353037193748
8.381239619249106
8.465126201304463
8.564012783359814
8.677899365415172
8.806785947470532
8.950672529525885
9.109559111581241
9.283445693636599
9.472332275691956
9.676218857747312
9.89510543980267
10.12899202185803
10.37787860391338
10.64176518596874
10.92065176802409
11.21453835007945
8.195921103430184
8.220263310290555
8.259605517150927
8.313947724011294
8.383289930871666
8.467632137732037
8.566974344592404
8.681316551452776
8.810658758313146
8.955000965173515
9.114343172033884
9.288685378894257
9.478027585754626
9.682369792614995
9.901711999475367
10.13605420633574
10.3853964131961
10.64973862005648
10.92908082691685
11.22342303377722
8.196160596024336
8.220981788073008
8.26080298012168
8.315624172170356
8.385445364219029
8.470266556267701
8.570087748316372
8.684908940365046
8.814730132413718
8.959551324462392
9.119372516511065
9.294193708559735
9.484014900608411
9.688836092657084
9.908657284705757
10.14347847675443
10.3932996688031
10.65812086085177
10.93794205290045
11.23276324494912
8.196412367666364
8.221737102999093
8.262061838331817
8.317386573664548
8.387711308997277
8.473036044330003
8.57336077966273
8.688685514995457
8.819010250328189
8.964334985660916
9.124659720993639
9.299984456326367
9.490309191659097
9.695633926991823
9.915958662324552
10.15128339765728
10.40160813299001
10.66693286832274
10.94725760365547
11.24258233898819
8.196677047916515
8.222531143749546
8.263385239582572
8.319239335415599
8.390093431248632
8.47594752708166
8.576801622914688
8.692655718747718
8.823509814580749
8.969363910413776
9.130218006246803
9.306072102079835
9.496926197912863
9.702780293745892
9.923634389578922
10.15948848541195
10.41034258124498
10.67619667707801
10.95705077291104
11.25290486874407
8.196955298613279
8.223365895839841
8.264776493066398
8.321187090292955
8.392597687519514
8.479008284746072
8.58041888197263
8.69682947919919
8.828240076425748
8.97465067365231
9.136061270878869
9.312471868105426
9.503882465331984
9.710293062558545
9.931703659785104
10.16811425701166
10.41952485423822
10.68593545146478
10.96734604869134
11.2637566459179
8.197247815528335
8.224243446585003
8.266239077641673
8.323234708698344
8.395230339755013
8.482225970811683
8.584221601868352
8.701217232925021
8.833212863981693
8.980208495038362
9.142204126095031
9.319199757151702
9.511195388208371
9.718191019265042
9.94018665032171
10.17718228137838
10.42917791243505
10.69617354349172
10.97816917454839
11.27516480560506
8.197555330106333
8.225165990319001
8.267776650531667
8.325387310744336
8.397997970957004
8.48560863116967
8.588219291382337
8.705829951595007
8.838440611807673
8.986051272020342
9.148661932233008
9.326272592445674
9.518883252658343
9.726493912871009
9.94910457308368
10.18671523329635
10.43932589350901
10.70693655372168
10.98954721393435
11.28715787414702
8.197878611293895
8.226135833881695
8.269393056469491
8.327650279057288
8.400907501645085
8.489164724232882
8.592421946820679
8.710679169408472
8.843936391996273
8.992193614584064
9.155450837171861
9.333708059759658
9.526965282347454
9.735222504935249
9.958479727523047
10.19673695011084
10.44999417269864
10.71825139528644
11.00150861787423
11.29976584046203
8.198218467462386
8.227155402387162
8.271092337311934
8.330029272236708
8.403966207161481
8.492903142086254
8.596840077011031
8.715777011935803
8.849713946860577
8.99865088178535
9.162587816710124
9.341524751634896
9.535461686559671
9.744398621484448
9.968335556409219
10.20727249133399
10.46120942625877
10.73014636118354
11.01408329610831
11.31302023103309
8.198575748429244
8.228227245287732
8.27287874214622
8.33253023900471
8.407181735863198
8.496833232721686
8.601484729580173
8.721136226438663
8.855787723297151
9.005439220155639
9.170090717014126
9.349742213872617
9.5443937107311
9.754045207589591
9.97869670444808
10.21834820130657
10.47299969816505
10.74265119502354
11.02730269188203
11.32695418874052
8.198951347582984
8.229354042748959
8.274756737914931
8.335159433080904
8.41056212824688
8.500964823412851
8.606367518578823
8.726770213744796
8.862172908910766
9.012575604076742
9.177978299242715
9.358380994408684
9.553783689574662
9.764186384740633
9.989589079906606
10.22999177507258
10.48539447023855
10.75579716540453
11.0411998605705
11.34160255573647
8.199346204117138
8.230538612351417
8.276731020585697
8.337923428819972
8.414115837054251
8.505308245288528
8.611500653522803
8.732693061757084
8.868885469991358
9.020077878225639
9.186270286459916
9.367462694694195
9.563655102928475
9.774847511162749
10.00103991939703
10.24223232763131
10.49842473586558
10.76961714409986
11.05580955233414
11.35700196056842
8.19976130537871
8.231783916136125
8.278806526893543
8.34082913765096
8.417851748408378
8.509874359165794
8.616896969923214
8.738919580680632
8.875942191438048
9.027964802195466
9.194987412952884
9.377010023710302
9.574032634467718
9.786055245225132
10.01307785598256
10.25510046673997
10.51212307749739
10.78414568825481
11.07116829901222
11.37319090976964
8.200197689337067
8.233093068011199
8.280988446685329
8.343883825359462
8.421779204033594
8.514674582707729
8.62256996138186
8.745465340055993
8.883360718730128
9.036256097404257
9.20415147607839
9.387046854752523
9.584942233426656
9.797837612100789
10.02573299077492
10.26862836944906
10.52652374812319
10.79941912679732
11.08731450547145
11.39020988414558
8.684966767311902
8.707400301935703
8.744833836559508
8.797267371183308
8.86470090580711
8.947134440430913
9.044567975054715
9.157001509678516
9.28443504430232
9.426868578926118
9.584302113549921
9.756735648173724
9.944169182797525
10.14660271742133
10.36403625204513
10.59646978666893
10.84390332129274
11.10633685591654
11.38377039054034
11.67620392516414
8.685157330046959
8.707971990140869
8.745786650234784
8.798601310328698
8.866415970422612
8.949230630516524
9.047045290610441
9.159859950704352
9.287674610798263
9.430489270892178
9.588303930986093
9.761118591080008
9.948933251173919
10.15174791126783
10.36956257136175
10.60237723145566
10.85019189154957
11.11300655164349
11.3908212117374
11.68363587183131
8.685357663142369
8.708572989427102
8.746788315711836
8.80000364199657
8.868218968281306
8.95143429456604
9.049649620850774
9.162864947135509
9.291080273420242
9.434295599704976
9.592510925989714
9.765726252274447
9.95394157855918
10.15715690484391
10.37537223112865
10.60858755741338
10.85680288369812
11.12001820998285
11.39823353626759
11.69144886255232
8.685568267535221
8.70920480260566
8.7478413376761
8.801477872746538
8.870114407816978
8.953750942887419
9.052387477957858
9.166024013028299
9.294660548098733
9.438297083169175
9.596933618239616
9.770570153310057
9.959206688380492
10.16284322345093
10.38147975852137
10.61511629359181
10.86375282866226
11.12738936373269
11.40602589880313
11.69966243387357
8.685789669846194
8.709869009538586
8.748948349230979
8.80302768892337
8.87210702861576
8.956186368308151
9.05526570800054
9.169345047692932
9.298424387385325
9.442503727077717
9.601583066770107
9.775662406462498
9.964741746154886
10.16882108584728
10.38790042553967
10.62197976523206
10.87105910492445
11.13513844461684
11.41421778430924
11.70829712400162
8.686022423696395
8.710567271089184
8.750112118481974
8.804656965874766
8.874201813267558
8.958746660660346
9.058291508053136
9.172836355445927
9.302381202838717
9.446926050231507
9.606470897624298
9.781015745017086
9.970560592409878
10.17510543980267
10.39465028719546
10.62919513458825
10.87873998198104
11.14328482937383
11.42282967676662
11.71737452415941
8.686267111091681
8.71130133327504
8.7513355554584
8.806369777641763
8.876403999825122
8.961438222008484
9.061472444191843
9.176506666375204
9.306540888558562
9.451575110741926
9.611609332925283
9.786643555108645
9.976677777292004
10.18171199947537
10.40174622165873
10.63678044384209
10.88681466602545
11.15184888820881
11.43188311039217
11.72691733257553
8.686524343877991
8.712073031633974
8.752621719389955
8.808170407145937
8.878719094901918
8.964267782657899
9.064816470413884
9.180365158169865
9.310913845925846
9.45646253368183
9.61701122143781
9.792559909193791
9.983108596949773
10.18865728470576
10.40920597246174
10.64475466021772
10.8953033479737
11.16085203572968
11.44140072348567
11.73694941124165
8.68679476527128
8.71288429581384
8.753973826356397
8.810063356898958
8.881152887441518
8.967242417984078
9.068331948526636
9.184421479069197
9.315511009611757
9.461600540154315
9.622690070696876
9.798779601239433
9.989869131781994
10.19595866232455
10.41704819286711
10.65313772340967
10.90422725395223
11.17031678449479
11.45140631503735
11.74749584557991
8.687079051465886
8.713737154397657
8.755395257329429
8.812053360261203
8.883711463192974
8.970369566124745
9.072027669056517
9.18868577198829
9.320343874920059
9.467001977851835
9.628660080783607
9.805318183715377
9.996976286647149
10.20363438957892
10.42529249251069
10.66195059544246
10.91360869837423
11.18026680130601
11.46192490423778
11.75858300716955
8.687377913325376
8.714633739976122
8.756889566626873
8.81414539327762
8.88640121992837
8.973657046579117
9.075912873229864
9.193168699880612
9.325424526531359
9.47268035318211
9.634936179832859
9.812192006483603
10.00444783313435
10.2117036597851
10.43395948643585
10.6712153130866
10.92347113973735
11.19072696638809
11.47298279303885
11.7702386196896
8.687692098160063
8.71557629448019
8.758460490800317
8.816344687120443
8.88922888344057
8.977113079760697
9.079997276080823
9.197881472400951
9.330765668721074
9.478649865041202
9.64153406136133
9.819418257681457
10.01230245400158
10.22018665032171
10.44307084664184
10.68095504296197
10.93383923928209
11.20172343560222
11.48460763192234
11.78249182824247
8.688022391595691
8.716567174787077
8.760111957978459
8.818656741169843
8.892201524361225
8.980746307552609
9.084291090743996
9.202835873935374
9.33638065712676
9.484925440318147
9.648470223509527
9.827015006700913
10.0205597898923
10.22910457308368
10.45264935627506
10.69119413946645
10.94473892265783
11.21328370584921
11.4968284890406
11.79537327223198
8.688369619537891
8.717608858613671
8.761848097689452
8.821087336765236
8.895326575841016
8.984565814916799
9.08880505399258
9.20804429306836
9.34228353214414
9.491522771219923
9.655762010295707
9.835001249371484
10.02924048844727
10.23847972752304
10.46271896659883
10.70195820567461
10.95619744475039
11.22543668382617
11.50967592290196
11.80891516197774
8.688734650237379
8.718703950712136
8.763673251186891
8.823642551661651
8.898611852136407
8.988581152611161
9.093550453085921
9.213519753560677
9.348489054035435
9.498458354510191
9.663427654984948
9.843396955459706
10.03836625593446
10.24833555640922
10.47330485688398
10.71327415735873
10.96824345783349
11.23821275830825
11.52318205878301
11.82315135925776
8.689118396461037
8.719855189383118
8.765591982305201
8.82632877522728
8.902065568149359
8.992802361071439
9.098539153993521
9.219275946915602
9.355012739837679
9.50574953275976
9.671486325681839
9.85222311860392
10.047959911526
10.25869670444808
10.48443349737016
10.72517029029224
10.98090708321432
11.2516438761364
11.53738066905848
11.83811746198056
8.689521817774317
8.721065453322955
8.767609088871595
8.829152724420233
8.905696359968868
8.997239995517507
9.103783631066143
9.22532726661478
9.361870902163417
9.513414537712055
9.679958173260694
9.861501808809329
10.05804544435797
10.26958907990661
10.49613271545524
10.73767635100388
10.99421998655252
11.26576362210116
11.55230725764979
11.85385089319843
8.689945922940632
8.722337768821891
8.769729614703152
8.832121460584414
8.909513306465676
9.001905152346936
9.109296998228201
9.23168884410946
9.369080689990723
9.521472535871983
9.688864381753245
9.871256227634507
10.06864807351577
10.28103991939703
10.50843176527829
10.75082361115955
11.00821545704081
11.28060730292207
11.56799914880334
11.8703909946846
8.6903917724438
8.723675317331393
8.771958862218991
8.835242407106588
8.913525951994183
9.006809496881779
9.115093041769377
9.238376586656974
9.376660131544572
9.529943676432168
9.698227221319764
9.881510766207359
10.07979431109496
10.29307785598255
10.52136140087015
10.76464494575775
11.02292849064534
11.29621203553294
11.58449558042054
11.88777912530813
8.690860481139811
8.725081443419434
8.774302405699059
8.838523367978684
8.917744330258307
9.01196529253793
9.121186254817555
9.245407217097178
9.384628179376804
9.538849141656428
9.708070103936052
9.892291066215671
10.0915120284953
10.30573299077492
10.53495395305455
10.77917491533417
11.03839587761379
11.31261683989342
11.60183780217304
11.90605876445267
9.210223096092033
9.233169288276095
9.271115480460161
9.324061672644225
9.39200786482829
9.474954057012354
9.572900249196419
9.685846441380482
9.81379263356455
9.95673882574861
10.11468501793268
10.28763121011674
10.4755774023008
10.67852359448487
10.89646978666893
11.129415978853
11.37736217103706
11.64030836322112
11.91825455540519
12.21120074758925
9.210426801084679
9.233780403254034
9.272134005423389
9.325487607592745
9.393841209762101
9.477194811931456
9.575548414100812
9.68890201627017
9.817255618439525
9.96060922060888
10.11896282277824
10.29231642494759
10.48067002711695
10.68402362928631
10.90237723145566
11.13573083362502
11.38408443579437
11.64743803796373
11.92579164013308
12.21914524230244
9.210640950255634
9.234422850766901
9.273204751278172
9.326986651789436
9.395768552300703
9.479550452811974
9.578332353323244
9.692114253834509
9.820896154345775
9.964678054857043
10.12345995536831
10.29724185587958
10.48602375639085
10.68980565690212
10.90858755741339
11.14236945792465
11.39115135843592
11.65493325894719
11.93371515945846
12.22749705996972
9.210866079089373
9.235098237268121
9.274330395446867
9.328562553625609
9.397794711804355
9.482026869983104
9.581259028161847
9.695491186340595
9.824723344519338
9.968955502698083
10.12818766087683
10.30241981905558
10.49165197723432
10.69588413541307
10.91511629359182
11.14934845177056
11.3985806099493
11.66281276812805
11.9420449263068
12.23627708448554
9.211102750525242
9.23580825157573
9.275513752626217
9.330219253676704
9.399924754727191
9.484630255777677
9.584335756828164
9.699041257878651
9.828746758929139
9.973452259979627
10.13315776103011
10.3078632620806
10.49756876313109
10.70227426418157
10.92197976523206
11.15668526628255
11.40639076733304
11.67109626838353
11.95080176943401
12.2455072704845
9.211351556365113
9.236554669095334
9.276757781825559
9.331960894555785
9.402164007286007
9.487367120016234
9.587570232746458
9.702773345476681
9.832976458206907
9.978179570937129
10.13838268366735
10.31358579639758
10.5037889091278
10.70899202185803
10.92919513458825
11.16439824731847
11.41460136004869
11.67980447277892
11.96000758550915
12.25521069823937
9.211613118753174
9.237339356259525
9.278065593765877
9.333791831272226
9.404518068778579
9.490244306284929
9.590970543791279
9.706696781297634
9.837423018803982
9.983149256310334
10.14387549381668
10.31960173132303
10.51032796882938
10.71605420633573
10.93678044384209
11.17250668134844
11.42323291885479
11.68895915636114
11.96968539386749
12.26541163137384
9.211888091731645
9.238164275194935
9.279440458658225
9.335716642121518
9.406992825584808
9.493269009048099
9.594545192511392
9.710821375974682
9.842097559437976
9.988373742901265
10.14964992636455
10.32592610982785
10.51720229329114
10.72347847675443
10.94475466021772
11.18103084368101
11.4323070271443
11.69858321060759
11.97985939407089
12.27613557753417
9.212177162876195
9.239031488628587
9.28088581438098
9.33774014013337
9.409594465885757
9.496448791638151
9.598303117390541
9.715157443142935
9.847011768895324
9.993866094647714
10.15572042040011
10.3325747461525
10.52442907190489
10.73128339765728
10.95313772340967
11.18999204916206
11.44184637491445
11.70870070066684
11.99055502641924
12.28740935217163
9.212481055015255
9.239943165045771
9.282405275076286
9.3398673851068
9.412329495137318
9.499791605167831
9.602253715198344
9.719715825228864
9.852177935259375
9.99964004528989
10.16210215532041
10.33956426535092
10.53202637538143
10.73948848541195
10.96195059544246
11.19941270547298
11.45187481550349
11.71933692553401
12.00179903556452
12.29926114559504
9.212800528037468
9.240901584112407
9.284002640187346
9.342103696262285
9.415204752337219
9.503305808412158
9.606406864487095
9.724507920562035
9.857608976636971
10.00571003271191
10.16881108878685
10.34691214486179
10.54001320093672
10.74811425701166
10.9712153130866
11.20931636916154
11.46241742523647
11.73051848131141
12.01361953738635
12.31172059346129
9.21313638079179
9.241909142375373
9.28568190395896
9.344454665542543
9.41822742712613
9.507000188709712
9.610772950293292
9.729545711876881
9.86331847346046
10.01209123504405
10.17586399662763
10.35463675821121
10.5484095197948
10.75718228137838
10.98095504296197
11.21972780454555
11.47350056612913
11.74227332771271
12.0260460892963
12.32481885087989
9.21348945308505
9.242968359255151
9.28744726542525
9.346926171595346
9.421405077765449
9.510883983935546
9.615362890105647
9.734841796275745
9.869320702445847
10.01879960861595
10.18327851478605
10.36275742095615
10.55723632712625
10.76671523329635
10.99119413946645
11.23067304563654
11.48515195180665
11.75463085797674
12.03910976414685
12.33858867031694
9.213860627781884
9.24408188334565
9.289303138909414
9.349524394473182
9.424745650036948
9.514966905600716
9.620188161164481
9.740409416728248
9.875630672292013
10.02585192785578
10.19107318341955
10.37129443898331
10.56651569454708
10.77673695011084
11.00195820567461
11.24217946123838
11.49740071680214
11.76762197236591
12.05284322792968
12.35306448349344
9.21425083301237
9.245252499037109
9.291254165061849
9.352255831086591
9.428257497111332
9.51925916313607
9.625260829160812
9.746262495185551
9.882264161210291
10.03326582723503
10.19926749325977
10.38026915928451
10.57627082530925
10.78727249133399
11.01327415735873
11.25427582338347
11.51027748940821
11.78127915543296
12.0672808214577
12.36828248748244
9.214661044492839
9.24648313347851
9.293305222464179
9.355127311449849
9.431949400435522
9.523771489421193
9.630593578406867
9.75241566739254
9.889237756378209
10.04105984536388
10.20788193434955
10.38970402333523
10.58652611232089
10.79834820130657
11.02517029029224
11.26699237927791
11.52381446826358
11.79563655724925
12.08245864623493
12.3842807352206
9.21509228796565
9.247776863896952
9.295461439828255
9.358146015759557
9.435830591690857
9.52851516762216
9.636199743553462
9.758884319484766
9.896568895416067
10.04925347134737
10.21693804727867
10.39962262320997
10.59730719914128
10.80999177507258
11.03767635100388
11.28036092693518
11.53804550286648
11.81073007879779
12.09841465472909
12.40109923066039
9.215545641764123
9.249136925292369
9.297728208820612
9.361319492348859
9.439910775877104
9.533502059405347
9.642093342933595
9.765684626461837
9.904275909990083
10.05786719351833
10.22645847704657
10.41004976057482
10.60864104410306
10.82223232763131
11.05082361115955
11.2944148946878
11.55300617821604
11.82659746174429
12.11518874527254
12.41878002880078
9.216022239508888
9.250566718526663
9.300111197544439
9.364655676562215
9.44420015557999
9.538744634597766
9.648289113615544
9.772833592633317
9.912378071651094
10.06692255066887
10.23646702968664
10.42101150870442
10.6205559877222
10.83510046673997
11.06464494575775
11.30918942477552
11.5687339037933
11.84327838281108
12.13282286182885
12.43736734084662
9.216523272942556
9.252069818827673
9.302616364712787
9.368162910597903
9.448709456483018
9.544256002368133
9.654802548253247
9.780349094138366
9.920895640023479
10.0764421859086
10.24698873179371
10.43253527767883
10.63308182356394
10.84862836944905
11.07917491533417
11.32472146121929
11.5852680071044
11.86081455298952
12.15136109887463
12.45690764475975
9.770479424872164
9.79393827461649
9.832397124360821
9.885855974105141
9.954314823849469
10.0377736735938
10.13623252333812
10.24969137308245
10.37815022282678
10.5216090725711
10.68006792231543
10.85352677205976
11.04198562180408
11.2454444715484
11.46390332129273
11.69736217103706
11.94582102078139
12.20927987052571
12.48773872027004
12.78119757001437
9.7706962721224
9.794588816367197
9.833481360611994
9.887373904856796
9.956266449101594
10.04015899334639
10.13905153759119
10.25294408183599
10.38183662608078
10.52572917032558
10.68462171457038
10.85851425881518
11.04740680305998
11.25129934730477
11.47019189154957
11.70408443579437
11.95297698003917
12.21686952428397
12.49576206852877
12.78965461277357
9.770924237368899
9.795272712106701
9.834621186844505
9.888969661582301
9.958318136320106
10.04266661105791
10.14201508579571
10.25636356053351
10.38571203527131
10.53006051000911
10.68940898474691
10.86375745948471
11.05310593422252
11.25745440896032
11.47680288369812
11.71115135843592
11.96049983317372
12.22484830791152
12.50419678264933
12.79854525738713
9.77116389064353
9.795991671930576
9.835819453217631
9.890647234504684
9.960475015791737
10.04530279707879
10.14513057836584
10.25995835965289
10.38978614093994
10.534613922227
10.69444170351404
10.8692694848011
11.05909726608815
11.2639250473752
11.48375282866225
11.7185806099493
11.96840839123636
12.23323617252341
12.51306395381046
12.80789173509751
9.77141583120429
9.796747493612873
9.837079156021456
9.89241081843004
9.962742480838623
10.04807414324721
10.14840580565579
10.26373746806437
10.39406913047296
10.53940079288154
10.69973245529012
10.8750641176987
11.06539578010729
11.27072744251587
11.49105910492445
11.72639076733303
11.97672242974162
12.24205409215021
12.52238575455878
12.81771741696737
9.771680689033829
9.797542067101485
9.838403445169146
9.894264823236803
9.965126201304461
10.05098757937212
10.15184895743978
10.26771033550743
10.39857171357509
10.54443309164275
10.70529446971041
10.88115584777806
11.07201722584572
11.27787860391338
11.49873998198104
11.7346013600487
11.98546273811635
12.25132411618401
12.53218549425167
12.82804687231933
9.771959126414668
9.798377379244013
9.839795632073351
9.896213884902693
9.967632137732037
10.05405039056138
10.15546864339072
10.27188689622006
10.4033051490494
10.54972340187874
10.71114165470808
10.88755990753742
11.07897816036676
11.2853964131961
11.50681466602544
11.74323291885479
11.99465117168413
12.26106942451347
12.54248767734281
12.83890593017215
9.7722518395853
9.799255518755897
9.841259197926501
9.8982628770971
9.970266556267699
10.0572702354383
10.1592739146089
10.2762775937795
10.4082812729501
10.5552849521207
10.7172886312913
10.89429231046191
11.0862959896325
11.2932996688031
11.5153033479737
11.7523070271443
12.0043107063149
12.2713143854855
12.5533180646561
12.8503217438267
9.77255956048111
9.800178681443334
9.842797802405554
9.90041692336778
9.973036044330005
10.06065516529222
10.16327428625445
10.28089340721667
10.4135125281789
10.56113164914112
10.72375077010334
10.90136989106556
11.09398901202779
11.30160813299001
11.52422725395223
11.76184637491446
12.01446549587668
12.2820846168389
12.56470373780112
12.86232285876335
9.772883058564629
9.801149175693883
9.844415292823143
9.902681409952402
9.975947527081658
10.06421364421092
10.16747976134018
10.28574587846943
10.41901199559869
10.56727811272795
10.73054422985721
10.90881034698646
11.10207646411572
11.31034258124498
11.53360869837424
11.77187481550349
12.02514093263275
12.29340704976201
12.57667316689126
12.87493928402052
9.773223142749563
9.802169428248691
9.846115713747823
9.905061999246946
9.979008284746074
10.0679545702452
10.17190085574433
10.29084714124346
10.42479342674258
10.57373971224171
10.73768599774084
10.91663228323997
11.11057856873909
11.31952485423822
11.54347113973735
11.78241742523647
12.0363637107356
12.30530999623473
12.58925628173386
12.88820256723299
9.77358066342352
9.803241990270561
9.847903317117604
9.907564643964644
9.982225970811687
10.07188729765872
10.17654862450576
10.29620995135281
10.43087127819985
10.58053260504689
10.74519393189393
10.92485525874097
11.11951658558801
11.32917791243505
11.55383923928209
11.79350056612913
12.04816189297617
12.31782321982321
12.60248454667025
12.9021458735173
9.773956514574408
9.804369543723222
9.849782572872041
9.910195602020856
9.98560863116967
10.07602166031849
10.1814346894673
10.30184771861612
10.43726074776493
10.58767377691375
10.75308680606257
10.93349983521138
11.1289128643602
11.33932589350901
11.56473892265783
11.80515195180664
12.06056498095545
12.33097801010428
12.61639103925309
12.91680406840191
9.774351636025875
9.805554908077625
9.85175818012938
9.912961452181129
9.989164724232879
10.08036799628463
10.18657126833638
10.30777454038813
10.44397781243989
10.59518108449164
10.76138435654338
10.94258762859514
11.13879090064689
11.34999417269864
11.57619744475039
11.81740071680214
12.07360398885389
12.34480726090565
12.6310105329574
12.93221380500915
9.774767015787361
9.806801047362088
9.853835078936809
9.915869110511533
9.992903142086256
10.08493717366098
10.1919712052357
10.31400523681043
10.45103926838515
10.60307329995987
10.7701073315346
10.95214136310932
11.14917539468404
11.36120942625877
11.58824345783349
11.83027748940821
12.08731152098293
12.35934555255766
12.64637958413238
12.94841361570711
9.775203692524634
9.808111077573894
9.856018462623162
9.918925847672421
9.996833232721686
10.08974061777095
10.19764800282021
10.32055538786948
10.45846277291874
10.611370157968
10.77927754301727
10.96218492806653
11.16009231311579
11.37299969816506
11.60090708321432
11.84381446826358
12.10172185331285
12.37462923836211
12.66253662341137
12.96544400846064
9.775662758156983
9.809488274470949
9.858313790784916
9.922139307098885
10.00096482341285
10.09479033972682
10.20361585604078
10.32744137235475
10.46626688866872
10.62009240498268
10.78891792129665
10.97274343761061
11.17156895392458
11.38539447023855
11.61421998655252
11.85804550286649
12.11687101918045
12.39069653549442
12.67952205180839
12.98334756812235
9.776145360587613
9.810936081762843
9.860726802938071
9.9255175241133
10.00530824528853
10.10009896646376
10.20988968763899
10.33468040881421
10.47447112998944
10.62926185116467
10.7990525723399
10.98384329351513
11.18363401469035
11.39842473586559
11.62821545704081
11.87300617821604
12.13279689939127
12.4075876205665
12.69737834174173
13.00216906291696
9.776652706573977
9.812458119721931
9.863263532869883
9.929068946017843
10.0098743591658
10.10567977231375
10.21648518546171
10.34229059860966
10.48309601175762
10.63890142490557
10.80970683805353
10.99551225120148
11.19631766434943
11.41212307749739
11.64292849064534
11.8887339037933
12.14953931694125
12.42534473008921
12.71615014323716
13.02195555638512
9.777186064745305
9.81405819423591
9.865930323726516
9.932802453217121
10.01467458270773
10.11154671219833
10.22341884168894
10.35029097117955
10.49216310067015
10.64903523016076
10.82090735965137
11.00777948914197
11.20965161863258
11.42652374812319
11.65839587761379
11.9052680071044
12.16714013659501
12.44401226608561
12.73588439557622
13.04275652506683
10.36573575365229
10.38970726095688
10.42867876826147
10.48265027556606
10.55162178287065
10.63559329017524
10.73456479747983
10.84853630478442
10.97750781208901
11.12147931939359
11.28045082669818
11.45442233400277
11.64339384130736
11.84736534861195
12.06633685591654
12.30030836322113
12.54927987052571
12.8132513778303
13.09222288513489
13.38619439243948
10.36596574316012
10.39039722948036
10.4298287158006
10.48426020212084
10.55369168844108
10.63812317476132
10.73755466108156
10.8519861474018
10.98141763372204
11.12584912004229
11.28528060636253
11.45971209268276
11.64914357900301
11.85357506532324
12.07300655164349
12.30743803796373
12.55686952428397
12.82130101060421
13.10073249692444
13.39516398324469
10.36620752448217
10.3911225734465
10.43103762241084
10.48595267137517
10.55586772033951
10.64078276930384
10.74069781826818
10.85561286723251
10.98552791619685
11.13044296516118
11.29035801412551
11.46527306308985
11.65518811205418
11.86010316101852
12.08001820998285
12.31493325894719
12.56484830791152
12.82976335687585
13.10967840584019
13.40459345480452
10.36646170219768
10.39188510659304
10.4323085109884
10.48773191538376
10.55815531977911
10.64357872417447
10.74400212856983
10.85942553296519
10.98984893736055
11.1352723417559
11.29569574615126
11.47111915054662
11.66154255494197
11.86696595933734
12.08738936373269
12.32281276812805
12.57323617252341
12.83865957691877
13.11908298131412
13.41450638570948
10.36672891188334
10.39268673565002
10.4336445594167
10.48960238318338
10.56056020695006
10.64651803071673
10.74747585448342
10.86343367825009
10.99439150201677
11.14034932578345
11.30130714955012
11.47726497331681
11.66822279708348
11.87418062085016
12.09513844461684
12.33109626838352
12.5820540921502
12.84801191591688
13.12896973968356
13.42492756345024
10.36700982170254
10.39352946510764
10.43504910851273
10.49156875191782
10.56308839532291
10.649608038728
10.7511276821331
10.86764732553819
10.99916696894328
11.14568661234837
11.30720625575346
11.48372589915855
11.67524554256364
11.88176518596874
12.10328482937383
12.33980447277892
12.59132411618401
12.85784375958911
13.1393634029942
13.43588304639929
10.36730513407617
10.3944154022285
10.43652567038083
10.49363593853316
10.56574620668549
10.65285647483782
10.75496674299016
10.87207701114248
11.00418727929482
11.15129754744715
11.31340781559948
11.49051808375181
11.68262835190414
11.88973862005647
12.1118488882088
12.34895915636114
12.60106942451347
12.8681796926658
13.15028996081814
13.44740022897047
10.36761558743896
10.39534676231686
10.43807793719477
10.49580911207268
10.56854028695059
10.6562714618285
10.75900263670641
10.87673381158432
11.00946498646223
11.15719616134014
11.31992733621805
11.49765851109596
11.69038968597387
11.89812086085178
12.12085203572968
12.35858321060759
12.6113143854855
12.87904556036341
13.16177673524132
13.45950791011923
10.36794195808603
10.39632587425809
10.43970979043014
10.49809370660219
10.57147762277424
10.6598615389463
10.76324545511835
10.88162937129041
11.01501328746246
11.16339720363452
11.32678111980658
11.50516503597862
11.69854895215068
11.90693286832274
12.13031678449479
12.36870070066685
12.6220846168389
12.89046853301096
13.17385244918301
13.47223636535506
10.368285062114
10.397355186342
10.44142531057
10.500495434798
10.574565559026
10.663635683254
10.76770580748201
10.88677593171001
11.02084605593801
11.16991618016601
11.33398630439401
11.513056428622
11.70712655285001
11.91619667707801
12.14026680130601
12.37933692553401
12.63340704976201
12.90247717399001
13.18654729821801
13.48561742244601
10.36864575746166
10.39843727238497
10.44322878730829
10.50302030223161
10.57781181715492
10.66760333207824
10.77239484700156
10.89218636192488
11.02697787684819
11.17676939177151
11.34156090669483
11.52135242161815
11.71614393654146
11.92593545146478
12.1507269663881
12.39051848131141
12.64530999623473
12.91510151115805
13.19989302608137
13.49968454100468
10.36902494605525
10.39957483816575
10.44512473027624
10.50567462238674
10.58122451449724
10.67177440660774
10.77732429871824
10.89787419082874
11.03342408293923
11.18397397504972
11.34952386716022
11.53007375927072
11.72562365138123
11.93617354349172
12.16172343560222
12.40227332771271
12.65782321982321
12.92837311193371
13.21392300404421
13.51447289615471
10.36942357606377
10.4007707281913
10.44711788031883
10.50846503244636
10.58481218457389
10.67615933670142
10.78250648882896
10.90385364095649
11.04020079308402
11.19154794521156
11.35789509733909
11.53924224946662
11.73558940159415
11.94693655372168
12.17328370584921
12.41463085797675
12.67097801010428
12.94232516223181
13.22867231435934
13.53001946648687
10.36984264426987
10.4020279328096
10.44921322134934
10.51139850988908
10.58858379842881
10.68076908696855
10.78795437550828
10.91013966404802
11.04732495258776
11.19951024112749
11.36669552966723
11.54888081820697
11.7460661067467
11.95825139528644
12.18543668382617
12.42762197236591
12.68480726090565
12.95699254944538
13.24417783798512
13.54636312652486
10.37028319856235
10.40334959568706
10.45141599281177
10.51448238993647
10.59254878706118
10.68561518418589
10.7936815813106
10.9167479784353
11.05481437556001
11.20788077268471
11.37594716980942
11.55901356693412
11.75707996405884
11.97014636118354
12.19821275830825
12.44127915543296
12.69934555255766
12.97241194968237
13.26047834680708
13.56354474393178
10.37074634055643
10.40473902166928
10.45373170278214
10.51772438389499
10.59671706500785
10.6907097461207
10.79970242723356
10.92369510834641
11.06268778945927
11.21668047057213
11.38567315168498
11.56966583279783
11.76865851391069
11.98265119502355
12.2116438761364
12.45563655724925
12.71462923836211
12.98862191947496
13.27761460058782
13.58160728170067
10.37123322834831
10.40619968504495
10.45616614174158
10.52113259843821
10.60109905513484
10.69606551183147
10.80603196852811
10.93099842522474
11.07096488192137
11.225931338618
11.39589779531462
11.58086425201126
11.78083070870789
11.99579716540453
12.22576362210115
12.47073007879779
12.73069653549442
13.00566299219104
13.29562944888768
13.60059590558431
10.37174507941111
10.40773523823331
10.45872539705553
10.52471555587774
10.60570571469995
10.70169587352217
10.81268603234438
10.93867619116659
11.07966634998881
11.23565650881101
11.40664666763323
11.59263682645544
11.79362698527765
12.00961714409986
12.24060730292208
12.48659746174429
12.7475876205665
13.02357777938871
13.31456793821092
13.62055809703313
10.37228317363907
10.4093495209172
10.46141586819533
10.52848221547347
10.6105485627516
10.70761491002974
10.81968125730787
10.946747604586
11.08881395186414
11.24588029914227
11.41794664642041
11.60501299369854
11.80707934097667
12.02414568825481
12.25621203553294
12.50327838281107
12.76534473008921
13.04241107736734
13.33447742464548
13.64154377192361
10.37284885654805
10.41104656964415
10.46424428274024
10.53244199583634
10.61563970893244
10.71383742202854
10.82703513512464
10.95523284822073
11.09843056131683
11.25662827441293
11.42982598750903
11.61802370060512
11.82122141370122
12.03941912679732
12.27261683989342
12.52081455298951
12.78401226608561
13.06220997918171
13.35540769227781
13.66360540537391
10.99599208243242
11.02047624729728
11.05996041216213
11.11444457702698
11.18392874189183
11.26841290675668
11.36789707162153
11.48238123648638
11.61186540135123
11.75634956621608
11.91583373108093
12.09031789594578
12.27980206081063
12.48428622567549
12.70377039054033
12.93825455540519
13.18773872027004
13.45222288513489
13.73170704999974
14.02619121486459
10.99623521419784
11.02120564259352
11.06117607098921
11.11614649938489
11.18611692778057
11.27108735617626
11.37105778457194
11.48602821296762
11.6159986413633
11.76096906975899
11.92093949815467
12.09590992655035
12.28588035494603
12.49085078334172
12.7108212117374
12.94579164013308
13.19576206852877
13.46073249692445
13.74070292532013
14.03567335371581
10.99649081159544
11.0219724347863
11.06245405797717
11.11793568116804
11.1884173043589
11.27389892754977
11.37438055074064
11.48986217393151
11.62034379712238
11.76582542031325
11.92630704350411
12.10178866669498
12.29227028988585
12.49775191307672
12.71823353626759
12.95371515945845
13.20419678264933
13.4696784058402
13.75016002903106
14.04564165222193
10.99675951375183
11.02277854125549
11.06379756875916
11.11981659626283
11.19083562376649
11.27685465127015
11.37787367877382
11.49389270627748
11.62491173378115
11.77093076128481
11.93194978878848
12.10796881629214
12.29898784379581
12.50500687129947
12.72602589880313
12.9620449263068
13.21306395381046
13.47908298131413
13.76010200881779
14.05612103632145
10.99704199256238
11.02362597768716
11.06520996281194
11.12179394793671
11.19337793306149
11.27996191818626
11.38154590331104
11.49812988843581
11.62971387356058
11.77629785868536
11.93788184381013
12.11446582893491
12.30604981405968
12.51263379918446
12.73421778430924
12.97080176943401
13.22238575455878
13.48896973968356
13.77055372480833
14.0671377099331
10.99733895437126
11.02451686311379
11.06669477185631
11.12387268059884
11.19605058934136
11.28322849808389
11.38540640682642
11.50258431556894
11.63476222431147
11.781940133054
11.94411804179652
12.12129595053904
12.31347385928157
12.52065176802409
12.74282967676662
12.98000758550914
13.23218549425167
13.4993634029942
13.78154131173672
14.07871922047924
10.99765114173766
11.02545342521298
11.06825570868831
11.12605799216363
11.19886027563895
11.28666255911427
11.38946484258959
11.50726712606491
11.64006940954024
11.78787169301556
11.95067397649088
12.1284762599662
12.32127854344152
12.52908082691684
12.75188311039217
12.98968539386749
13.24248767734282
13.51028996081813
13.79309224429345
14.09089452776877
10.99797933529261
11.02643800587783
11.06989667646305
11.12835534704826
11.20181401763348
11.2902726882187
11.39373135880392
11.51219002938914
11.64564869997436
11.79410737055958
11.9575660411448
12.13602471173001
12.32948338231523
12.53794205290044
12.76140072348566
12.99985939407088
13.2533180646561
13.52177673524132
13.80523540582654
14.10369407641176
10.99832435569094
11.02747306707283
11.07162177845472
11.1307704898366
11.20491920121849
11.29406791260037
11.39821662398226
11.51736533536414
11.65151404674604
11.80066275812792
11.96481146950981
12.14396018089169
12.33810889227358
12.54725760365546
12.77140631503735
13.01055502641924
13.26470373780112
13.53385244918301
13.8180011605649
14.11714987194678
10.99868706566337
11.02856119699011
11.07343532831686
11.1333094596436
11.20818359097034
11.29805772229709
11.40293185362383
11.52280598495058
11.65768011627732
11.80755424760406
11.97242837893081
12.15230251025755
12.34717664158429
12.55705077291104
12.78192490423778
13.02179903556452
13.27667316689126
13.54654729821801
13.83142142954475
14.13129556087149
10.99906837217375
11.02970511652126
11.07534186086876
11.13597860521628
11.21161534956378
11.30225209391129
11.40788883825879
11.5285255826063
11.66416232695381
11.81479907130131
11.98043581564882
12.16107255999632
12.35670930434383
12.56734604869134
12.79298279303885
13.03361953738635
13.28925628173386
13.55989302608136
13.84552977042887
14.14616651477637
10.99946922868698
11.03090768606093
11.07734614343489
11.13878460080884
11.2152230581828
11.30666151555675
11.4130999729307
11.53453843030466
11.67097688767862
11.82241534505257
11.98885380242653
12.17029225980048
12.36673071717443
12.57816917454839
12.80460763192234
13.0460460892963
13.30248454667026
13.57392300404421
13.86036146141816
14.16179991879212
10.99989063755313
11.03217191265937
11.07945318776562
11.14173446287187
11.21901573797811
11.31129701308436
11.41857828819061
11.54085956329686
11.67814083840311
11.83042211350935
11.9977033886156
12.17998466372185
12.3772659388281
12.58954721393435
12.81682848904059
13.05910976414684
13.31639103925309
13.58867231435934
13.87595358946559
14.17823486457184
11.00033365251386
11.03350095754158
11.0816682625693
11.14483556759702
11.22300287262474
11.31617017765247
11.42433748268019
11.54750478770791
11.68567209273563
11.83883939776335
12.00700670279107
12.19017400781879
12.38834131284652
12.60150861787423
12.82967592290195
13.07284322792967
13.3310105329574
13.60417783798511
13.89234514301284
14.19551244804056
11.00079938133734
11.03489814401203
11.08399690668672
11.14809566936141
11.2271944320361
11.32129319471079
11.43039195738548
11.55449072006017
11.69358948273486
11.84768824540955
12.01678700808424
12.20088577075893
12.39998453343362
12.61408329610831
12.843182058783
13.08728082145769
13.34637958413238
13.62047834680707
13.90957710948176
14.21367587215645
11.00128898858822
11.03636696576467
11.08644494294111
11.15152292011757
11.23160089729401
11.32667887447046
11.4367568516469
11.56183482882335
11.7019128059998
11.85699078317624
12.02706876035269
12.21214673752914
12.41222471470558
12.62730269188203
12.85738066905848
13.10245864623493
13.36253662341137
13.63761460058782
13.92769257776427
14.23277055494071
11.00180369853965
11.03791109561894
11.08901849269824
11.15512588977753
11.23623328685683
11.33234068393613
11.44344808101542
11.56955547809472
11.71066287517402
11.86677027225331
12.03787766933261
12.2239850664119
12.4250924634912
12.6411998605705
12.87230725764979
13.11841465472909
13.37952205180839
13.65562944888768
13.94673684596697
14.25284424304627
11.0023447982346
11.03953439470379
11.09172399117299
11.15891358764219
11.24110318411138
11.33829278058058
11.45048237704977
11.57767197351897
11.71986156998816
11.87705116645735
12.04924076292655
12.23643035939575
12.43861995586495
12.65580955233414
12.88799914880334
13.13518874527253
13.39737834174173
13.67456793821092
13.96675753468012
14.27394713114932
11.00291364070416
11.04124092211246
11.09456820352078
11.16289548492909
11.24622276633741
11.34455004774572
11.45787732915403
11.58620461056234
11.72953189197066
11.88785917337897
12.06118645478728
12.2495137361956
12.45284101760391
12.67116829901222
12.90449558042053
13.15282286182885
13.41615014323716
13.69447742464548
13.98780470605379
14.2961319874621
11.00351164835079
11.04303494505239
11.09755824175397
11.16708153845556
11.25160483515715
11.35112813185874
11.46565142856033
11.59517472526192
11.7396980219635
11.8992213186651
12.07374461536669
12.26326791206827
12.46779120876987
12.68731450547145
12.92183780217304
13.17136109887463
13.43588439557622
13.71540769227781
14.0099309889794
14.31945428568099
11.66124841121256
11.68624523363767
11.72624205606278
11.7812388784879
11.851235700913
11.93623252333812
12.03622934576324
12.15122616818835
12.28122299061346
12.42621981303857
12.58621663546369
12.7612134578888
12.95121028031392
13.15620710273903
13.37620392516414
13.61120074758925
13.86119757001437
14.12619439243948
14.4061912148646
14.7011880372897
11.66150468523556
11.68701405570669
11.72752342617781
11.78303279664894
11.85354216712006
11.93905153759119
12.03956090806231
12.15507027853344
12.28557964900456
12.43108901947569
12.59159838994681
12.76710776041794
12.95761713088906
13.16312650136019
13.38363587183131
13.61914524230244
13.86965461277357
14.13516398324469
14.41567335371581
14.71118272418694
11.6617740987087
11.6878222961261
11.7288704935435
11.7849186909609
11.8559668883783
11.94201508579571
12.0430632832131
12.15911148063051
12.29015967804791
12.43620787546532
12.59725607288271
12.77330427030012
12.96435246771751
13.17040066513492
13.39144886255232
13.62749705996972
13.87854525738713
14.14459345480453
14.42564165222192
14.72168984963933
11.66205732530599
11.68867197591796
11.73028662652993
11.7869012771419
11.85851592775387
11.94513057836584
12.04674522897781
12.16335987958978
12.29497453020175
12.44158918081372
12.60320383142569
12.77981848203766
12.97143313264963
13.1780477832616
13.39966243387357
13.63627708448554
13.88789173509752
14.15450638570949
14.43612103632146
14.73273568693343
11.66235507324143
11.68956521972431
11.73177536620718
11.78898551269005
11.86119565917292
11.94840580565579
12.05061595213866
12.16782609862153
12.3000362451044
12.44724639158727
12.60945653807014
12.78666668455302
12.97887683103588
13.18608697751875
13.40829712400162
13.6455072704845
13.89771741696737
14.16492756345023
14.44713770993311
14.74434785641597
11.66266808703998
11.69050426111994
11.7333404351999
11.79117660927985
11.86401278335981
11.95184895743978
12.05468513151973
12.17252130559969
12.30535747967965
12.45319365375961
12.61602982783957
12.79386600191953
12.98670217599949
13.19453835007945
13.41737452415941
13.65521069823937
13.90804687231933
14.17588304639929
14.45871922047925
14.7565553945592
11.66299714939916
11.69149144819747
11.73498574699578
11.79348004579409
11.8669743445924
11.95546864339072
12.05896294218903
12.17745724098734
12.31095153978565
12.45944583858396
12.62294013738228
12.80143443618059
12.9949287349789
13.20342303377722
13.42691733257553
13.66541163137384
13.91890593017216
14.18740022897046
14.47089452776877
14.76938882656709
11.66334308314626
11.69252924943879
11.73671541573132
11.79590158202384
11.87008774831637
11.9592739146089
12.06346008090143
12.18264624719396
12.31683241348648
12.46601857977901
12.63020474607153
12.80939091236407
13.00357707865659
13.21276324494912
13.43694941124165
13.67613557753418
13.9303217438267
14.19950791011923
14.48369407641176
14.78288024270429
11.66370675329586
11.69362025988757
11.73853376647929
11.79844727307101
11.87336077966273
11.96327428625445
12.06818779284617
12.18810129943788
12.3230148060296
12.47292831262132
12.63784181921304
12.81775532580476
13.01266883239648
13.22258233898819
13.44749584557991
13.68740935217163
13.94232285876334
14.21223636535506
14.49714987194678
14.7970633785385
11.66408906921274
11.69476720763823
11.74044534606371
11.8011234844892
11.87680162291469
11.96747976134017
12.07315789976566
12.19383603819115
12.32951417661663
12.48019231504212
12.64587045346761
12.82654859189309
13.02222673031858
13.23290486874406
13.45858300716955
13.69926114559504
13.95493928402052
14.22561742244601
14.5112955608715
14.81197369929698
11.66449098688585
11.69597296065754
11.74245493442924
11.80393690820094
11.88041888197263
11.97190085574432
12.07838282951602
12.19986480328772
12.33634677705941
12.48782875083111
12.65431072460281
12.8357926983745
13.0322746721462
13.24375664591789
13.47023861968959
13.71172059346129
13.96820256723298
14.23968454100469
14.52616651477638
14.82764848854807
11.66491351131871
11.69724053395611
11.74456755659353
11.80689457923094
11.88422160186835
11.97654862450577
12.08387564714318
12.20620266978059
12.343529692418
12.49585671505542
12.66318373769282
12.84551076033024
13.04283778296765
13.25516480560506
13.48249182824247
13.72481885087988
13.9821458735173
14.25447289615471
14.54179991879212
14.84412694142953
11.66535769904248
11.69857309712745
11.74678849521241
11.81000389329738
11.88821929138233
11.9814346894673
12.08965008755226
12.21286548563723
12.35108088372219
12.50429628180716
12.67251167989212
12.85572707797709
13.05394247606205
13.26715787414701
13.49537327223198
13.73858867031694
13.99680406840191
14.27001946648688
14.55823486457183
14.8614502626568
11.66582466075785
11.69997398227356
11.74912330378926
11.81327262530497
11.89242194682068
11.98657126833638
12.09572058985209
12.21986991136779
12.3590192328835
12.51316855439921
12.68231787591491
12.86646719743062
13.06561651894633
13.27976584046203
13.50891516197774
13.75306448349344
14.01221380500915
14.28636312652485
14.57551244804056
14.87966176955626
11.66631556411234
11.70144669233701
11.75157782056168
11.81670894878635
11.89684007701103
11.99197120523571
12.10210233346038
12.22723346168505
12.36736458990972
12.52249571813439
12.69262684635907
12.87775797458374
13.07788910280842
13.29302023103309
13.52315135925776
13.76828248748244
14.02841361570711
14.30354474393178
14.59367587215645
14.89880700038113
11.66683163662002
11.70299490986006
11.7541581831001
11.82032145634014
11.90148472958017
11.99764800282021
12.10881127606025
12.23497454930029
12.37613782254033
12.53230109578037
12.70346436902041
12.88962764226044
13.09079091550048
13.30695418874052
13.53811746198056
13.7842807352206
14.04544400846064
14.32160728170068
14.61277055494072
14.91893382818075
11.66737416873098
11.70462250619294
11.75687084365491
11.82411918111686
11.90636751857882
12.00361585604078
12.11586419350274
12.2431125309647
12.38536086842666
12.54260920588863
12.71485754335059
12.90210588081255
13.10435421827451
13.32160255573647
13.55385089319843
13.80109923066039
14.06334756812235
14.34059590558432
14.63284424304628
14.94009258050824
11.66794451705809
11.70633355117427
11.75972258529045
11.82811161940663
11.9115006535228
12.00988968763898
12.12327872175516
12.25166775587134
12.39505678998753
12.5534458241037
12.72683485821988
12.91522389233606
13.11861292645224
13.33700196056842
13.5703909946846
13.81878002880078
14.08216906291695
14.36055809703313
14.65394713114932
14.96233616526549
11.66854410776925
11.70813232330774
11.76272053884623
11.83230875438472
11.91689696992321
12.01648518546171
12.1310734010002
12.26066161653869
12.40524983207718
12.56483804761567
12.73942626315417
12.92901447869266
13.13360269423115
13.35319090976964
13.58777912530813
13.83736734084662
14.10195555638512
14.38154377192361
14.6761319874621
14.98572020300059
11.66917444015354
11.71002332046062
11.7658722007677
11.83672108107478
11.92256996138186
12.02341884168894
12.13926772199602
12.2701166023031
12.41596548261018
12.57681436291727
12.75266324322434
12.94351212353142
13.1493610038385
13.37020988414558
13.60605876445267
13.85690764475975
14.12275652506682
14.40360540537391
14.69945428568099
15.01030316598807
)
;

boundaryField
{
    hotSide
    {
        type            fixedGradient;
        gradient        uniform 0;
    }
    coldSide
    {
        type            mixed;
        refValue        uniform 0;
        refGradient     uniform 0;
        valueFraction   uniform 0;
        value           uniform 0;
    }
    gammaEx1
    {
        type            fixedGradient;
        gradient        uniform 0;
    }
    gammaEx2
    {
        type            fixedGradient;
        gradient        uniform 0;
    }
    gammaEx3
    {
        type            fixedGradient;
        gradient        uniform 0;
    }
    gammaEx4
    {
        type            fixedGradient;
        gradient        uniform 0;
    }
}

